solid CATIA STL
  facet normal  -0.000000e+000  0.000000e+000 -1.000000e+000
    outer loop
      vertex -4.000000e+000  3.400000e+001  3.600000e+001
      vertex  0.000000e+000  3.400000e+001  3.600000e+001
      vertex -4.000000e+000  2.600000e+001  3.600000e+001
    endloop
  endfacet
  facet normal  0.000000e+000  0.000000e+000 -1.000000e+000
    outer loop
      vertex -4.000000e+000  2.600000e+001  3.600000e+001
      vertex  0.000000e+000  3.400000e+001  3.600000e+001
      vertex  0.000000e+000  2.600000e+001  3.600000e+001
    endloop
  endfacet
  facet normal  0.000000e+000  1.000000e+000  -0.000000e+000
    outer loop
      vertex  0.000000e+000  2.000000e+001  3.000000e+001
      vertex  0.000000e+000  2.000000e+001  2.800000e+001
      vertex -4.000000e+000  2.000000e+001  3.000000e+001
    endloop
  endfacet
  facet normal  0.000000e+000  1.000000e+000  0.000000e+000
    outer loop
      vertex -4.000000e+000  2.000000e+001  3.000000e+001
      vertex  0.000000e+000  2.000000e+001  2.800000e+001
      vertex -4.000000e+000  2.000000e+001  2.800000e+001
    endloop
  endfacet
  facet normal  1.000000e+000  0.000000e+000  0.000000e+000
    outer loop
      vertex  0.000000e+000  6.000000e+000  2.498024e+001
      vertex  0.000000e+000  2.143895e+000  4.021337e+001
      vertex  0.000000e+000  8.188950e-001  3.925070e+001
    endloop
  endfacet
  facet normal  1.000000e+000  -0.000000e+000  0.000000e+000
    outer loop
      vertex  0.000000e+000 -2.316800e+001  4.027100e+001
      vertex  0.000000e+000 -2.370390e+001  3.554328e+001
      vertex  0.000000e+000 -2.175736e+001  3.424264e+001
    endloop
  endfacet
  facet normal  1.000000e+000  0.000000e+000  0.000000e+000
    outer loop
      vertex  0.000000e+000  2.650000e+000  4.177100e+001
      vertex  0.000000e+000  8.947702e+000  4.562506e+001
      vertex  0.000000e+000  2.143895e+000  4.332863e+001
    endloop
  endfacet
  facet normal  9.999999e-001  0.000000e+000  0.000000e+000
    outer loop
      vertex  0.000000e+000  1.095631e+001  5.180693e+001
      vertex  0.000000e+000  2.316800e+001  5.227100e+001
      vertex  0.000000e+000  2.210734e+001  5.271034e+001
    endloop
  endfacet
  facet normal  9.999999e-001  0.000000e+000  0.000000e+000
    outer loop
      vertex  0.000000e+000  2.166800e+001  5.377100e+001
      vertex  0.000000e+000  1.095631e+001  5.180693e+001
      vertex  0.000000e+000  2.210734e+001  5.271034e+001
    endloop
  endfacet
  facet normal  1.000000e+000  -0.000000e+000  0.000000e+000
    outer loop
      vertex  0.000000e+000  2.650000e+000  6.577100e+001
      vertex  0.000000e+000  2.143895e+000  6.421337e+001
      vertex  0.000000e+000  8.947702e+000  6.321693e+001
    endloop
  endfacet
  facet normal  9.999999e-001  0.000000e+000  0.000000e+000
    outer loop
      vertex  0.000000e+000  8.947702e+000  6.321693e+001
      vertex  0.000000e+000  2.143895e+000  6.421337e+001
      vertex  0.000000e+000  8.188950e-001  6.325070e+001
    endloop
  endfacet
  facet normal  1.000000e+000  0.000000e+000  0.000000e+000
    outer loop
      vertex  0.000000e+000 -8.188950e-001  4.429130e+001
      vertex  0.000000e+000 -7.322702e+000  4.680570e+001
      vertex  0.000000e+000 -8.947702e+000  4.562506e+001
    endloop
  endfacet
  facet normal  1.000000e+000  0.000000e+000  0.000000e+000
    outer loop
      vertex  0.000000e+000  6.702007e+000  4.871600e+001
      vertex  0.000000e+000  7.322702e+000  5.062630e+001
      vertex  0.000000e+000  8.188950e-001  5.125070e+001
    endloop
  endfacet
  facet normal  1.000000e+000  0.000000e+000  0.000000e+000
    outer loop
      vertex  0.000000e+000 -6.702007e+000  6.012600e+001
      vertex  0.000000e+000 -8.188950e-001  6.325070e+001
      vertex  0.000000e+000 -7.322702e+000  6.203630e+001
    endloop
  endfacet
  facet normal  1.000000e+000  0.000000e+000  0.000000e+000
    outer loop
      vertex  0.000000e+000 -8.188950e-001  5.629130e+001
      vertex  0.000000e+000 -7.322702e+000  5.821570e+001
      vertex  0.000000e+000 -8.947702e+000  5.703506e+001
    endloop
  endfacet
  facet normal  1.000000e+000  0.000000e+000  0.000000e+000
    outer loop
      vertex  0.000000e+000  6.702007e+000  6.012600e+001
      vertex  0.000000e+000  7.322702e+000  6.203630e+001
      vertex  0.000000e+000  8.188950e-001  6.325070e+001
    endloop
  endfacet
  facet normal  1.000000e+000  0.000000e+000  0.000000e+000
    outer loop
      vertex  0.000000e+000  7.322702e+000  6.203630e+001
      vertex  0.000000e+000  8.947702e+000  6.321693e+001
      vertex  0.000000e+000  8.188950e-001  6.325070e+001
    endloop
  endfacet
  facet normal  1.000000e+000  -0.000000e+000  0.000000e+000
    outer loop
      vertex  0.000000e+000 -8.188950e-001  6.325070e+001
      vertex  0.000000e+000 -8.947702e+000  6.321693e+001
      vertex  0.000000e+000 -7.322702e+000  6.203630e+001
    endloop
  endfacet
  facet normal  1.000000e+000  -0.000000e+000  -0.000000e+000
    outer loop
      vertex  0.000000e+000 -2.166800e+001  4.177100e+001
      vertex  0.000000e+000 -2.045672e+001  3.229610e+001
      vertex  0.000000e+000 -2.000000e+001  3.000000e+001
    endloop
  endfacet
  facet normal  1.000000e+000  0.000000e+000  0.000000e+000
    outer loop
      vertex  0.000000e+000 -2.650000e+000  4.177100e+001
      vertex  0.000000e+000 -2.143895e+000  4.332863e+001
      vertex  0.000000e+000 -8.947702e+000  4.562506e+001
    endloop
  endfacet
  facet normal  1.000000e+000  0.000000e+000  0.000000e+000
    outer loop
      vertex  0.000000e+000 -2.143895e+000  4.332863e+001
      vertex  0.000000e+000 -8.188950e-001  4.429130e+001
      vertex  0.000000e+000 -8.947702e+000  4.562506e+001
    endloop
  endfacet
  facet normal  1.000000e+000  0.000000e+000  0.000000e+000
    outer loop
      vertex  0.000000e+000 -2.650000e+000  5.377100e+001
      vertex  0.000000e+000 -8.947702e+000  5.180693e+001
      vertex  0.000000e+000 -2.143895e+000  5.221337e+001
    endloop
  endfacet
  facet normal  1.000000e+000  0.000000e+000  0.000000e+000
    outer loop
      vertex  0.000000e+000 -2.143895e+000  5.532863e+001
      vertex  0.000000e+000 -8.188950e-001  5.629130e+001
      vertex  0.000000e+000 -8.947702e+000  5.703506e+001
    endloop
  endfacet
  facet normal  1.000000e+000  -0.000000e+000  0.000000e+000
    outer loop
      vertex  0.000000e+000 -1.095631e+001  5.703506e+001
      vertex  0.000000e+000 -2.316800e+001  5.527100e+001
      vertex  0.000000e+000 -2.210734e+001  5.483166e+001
    endloop
  endfacet
  facet normal  9.999999e-001  -0.000000e+000  0.000000e+000
    outer loop
      vertex  0.000000e+000 -2.166800e+001  5.377100e+001
      vertex  0.000000e+000 -2.210734e+001  5.271034e+001
      vertex  0.000000e+000 -1.095631e+001  5.180693e+001
    endloop
  endfacet
  facet normal  9.999999e-001  0.000000e+000  0.000000e+000
    outer loop
      vertex  0.000000e+000 -1.095631e+001  5.180693e+001
      vertex  0.000000e+000 -2.210734e+001  5.271034e+001
      vertex  0.000000e+000 -2.316800e+001  5.227100e+001
    endloop
  endfacet
  facet normal  1.000000e+000  0.000000e+000  0.000000e+000
    outer loop
      vertex  0.000000e+000 -8.947702e+000  6.321693e+001
      vertex  0.000000e+000 -8.188950e-001  6.325070e+001
      vertex  0.000000e+000 -2.143895e+000  6.421337e+001
    endloop
  endfacet
  facet normal  1.000000e+000  0.000000e+000  0.000000e+000
    outer loop
      vertex  0.000000e+000 -2.650000e+000  6.577100e+001
      vertex  0.000000e+000 -8.947702e+000  6.321693e+001
      vertex  0.000000e+000 -2.143895e+000  6.421337e+001
    endloop
  endfacet
  facet normal  1.000000e+000  0.000000e+000  -0.000000e+000
    outer loop
      vertex  0.000000e+000 -8.000000e+000  7.200000e+001
      vertex  0.000000e+000 -2.143895e+000  6.732863e+001
      vertex  0.000000e+000 -8.188950e-001  6.829130e+001
    endloop
  endfacet
  facet normal  1.000000e+000  0.000000e+000  0.000000e+000
    outer loop
      vertex  0.000000e+000 -3.643500e+001  5.552100e+001
      vertex  0.000000e+000 -3.824264e+001  5.751364e+001
      vertex  0.000000e+000 -3.954328e+001  5.556710e+001
    endloop
  endfacet
  facet normal  1.000000e+000  0.000000e+000  0.000000e+000
    outer loop
      vertex  0.000000e+000 -3.643500e+001  5.202100e+001
      vertex  0.000000e+000 -3.767244e+001  4.300844e+001
      vertex  0.000000e+000 -3.643500e+001  4.352100e+001
    endloop
  endfacet
  facet normal  1.000000e+000  0.000000e+000  0.000000e+000
    outer loop
      vertex  0.000000e+000 -3.818500e+001  4.177100e+001
      vertex  0.000000e+000 -3.767244e+001  4.300844e+001
      vertex  0.000000e+000 -4.000000e+001  4.200000e+001
    endloop
  endfacet
  facet normal  1.000000e+000  0.000000e+000  0.000000e+000
    outer loop
      vertex  0.000000e+000  3.400000e+001  5.927100e+001
      vertex  0.000000e+000  2.316800e+001  5.527100e+001
      vertex  0.000000e+000  3.629610e+001  5.881428e+001
    endloop
  endfacet
  facet normal  9.999999e-001  0.000000e+000  0.000000e+000
    outer loop
      vertex  0.000000e+000 -1.320201e+001  6.012600e+001
      vertex  0.000000e+000 -1.258131e+001  6.203630e+001
      vertex  0.000000e+000 -1.860559e+001  6.106485e+001
    endloop
  endfacet
  facet normal  1.000000e+000  0.000000e+000  0.000000e+000
    outer loop
      vertex  0.000000e+000 -1.320201e+001  6.012600e+001
      vertex  0.000000e+000 -1.860559e+001  6.106485e+001
      vertex  0.000000e+000 -2.004806e+001  5.974789e+001
    endloop
  endfacet
  facet normal  1.000000e+000  -0.000000e+000  0.000000e+000
    outer loop
      vertex  0.000000e+000 -1.320201e+001  6.012600e+001
      vertex  0.000000e+000 -2.004806e+001  5.974789e+001
      vertex  0.000000e+000 -2.194219e+001  5.927100e+001
    endloop
  endfacet
  facet normal  1.000000e+000  -0.000000e+000  0.000000e+000
    outer loop
      vertex  0.000000e+000 -1.320201e+001  6.012600e+001
      vertex  0.000000e+000 -2.194219e+001  5.927100e+001
      vertex  0.000000e+000 -1.258131e+001  5.821570e+001
    endloop
  endfacet
  facet normal  1.000000e+000  2.498002e-016 -1.152924e-016
    outer loop
      vertex  0.000000e+000 -2.000000e+001  2.800000e+001
      vertex  0.000000e+000 -2.600000e+001  1.500000e+001
      vertex -3.996803e-015 -1.000000e+001  1.500000e+001
    endloop
  endfacet
  facet normal  1.000000e+000 -1.209330e-016 -4.004718e-016
    outer loop
      vertex  0.000000e+000 -2.000000e+001  2.800000e+001
      vertex -3.996803e-015 -1.000000e+001  1.500000e+001
      vertex  0.000000e+000 -1.000000e+001  2.498024e+001
    endloop
  endfacet
  facet normal  9.999999e-001  0.000000e+000  -0.000000e+000
    outer loop
      vertex  0.000000e+000 -2.000000e+001  2.800000e+001
      vertex  0.000000e+000 -1.000000e+001  2.498024e+001
      vertex  0.000000e+000 -8.947702e+000  4.562506e+001
    endloop
  endfacet
  facet normal  1.000000e+000  0.000000e+000  0.000000e+000
    outer loop
      vertex  0.000000e+000 -2.000000e+001  2.800000e+001
      vertex  0.000000e+000 -8.947702e+000  4.562506e+001
      vertex  0.000000e+000 -1.095631e+001  4.562506e+001
    endloop
  endfacet
  facet normal  9.999999e-001  0.000000e+000  -0.000000e+000
    outer loop
      vertex  0.000000e+000  2.600000e+001  3.600000e+001
      vertex  0.000000e+000  3.400000e+001  3.600000e+001
      vertex  0.000000e+000  3.629610e+001  3.645672e+001
    endloop
  endfacet
  facet normal  1.000000e+000  0.000000e+000  -0.000000e+000
    outer loop
      vertex  0.000000e+000  2.600000e+001  3.600000e+001
      vertex  0.000000e+000  3.629610e+001  3.645672e+001
      vertex  0.000000e+000  3.643500e+001  4.002100e+001
    endloop
  endfacet
  facet normal  1.000000e+000  0.000000e+000  0.000000e+000
    outer loop
      vertex  0.000000e+000  2.600000e+001  3.600000e+001
      vertex  0.000000e+000  3.643500e+001  4.002100e+001
      vertex  0.000000e+000  2.370390e+001  3.554328e+001
    endloop
  endfacet
  facet normal  9.999999e-001  0.000000e+000  -0.000000e+000
    outer loop
      vertex  0.000000e+000  1.095631e+001  4.562506e+001
      vertex  0.000000e+000  2.000000e+001  2.800000e+001
      vertex  0.000000e+000  2.000000e+001  3.000000e+001
    endloop
  endfacet
  facet normal  9.999999e-001  0.000000e+000  -0.000000e+000
    outer loop
      vertex  0.000000e+000  1.095631e+001  4.562506e+001
      vertex  0.000000e+000  2.000000e+001  3.000000e+001
      vertex  0.000000e+000  2.045672e+001  3.229610e+001
    endloop
  endfacet
  facet normal  1.000000e+000  0.000000e+000  -0.000000e+000
    outer loop
      vertex  0.000000e+000  1.095631e+001  4.562506e+001
      vertex  0.000000e+000  2.045672e+001  3.229610e+001
      vertex  0.000000e+000  2.166800e+001  4.177100e+001
    endloop
  endfacet
  facet normal  1.000000e+000  0.000000e+000  -0.000000e+000
    outer loop
      vertex  0.000000e+000  1.095631e+001  4.562506e+001
      vertex  0.000000e+000  2.166800e+001  4.177100e+001
      vertex  0.000000e+000  2.210734e+001  4.283166e+001
    endloop
  endfacet
  facet normal  1.000000e+000  0.000000e+000  -0.000000e+000
    outer loop
      vertex  0.000000e+000  1.095631e+001  4.562506e+001
      vertex  0.000000e+000  2.210734e+001  4.283166e+001
      vertex  0.000000e+000  2.316800e+001  4.327100e+001
    endloop
  endfacet
  facet normal  1.000000e+000  0.000000e+000  -0.000000e+000
    outer loop
      vertex  0.000000e+000  8.188950e-001  4.429130e+001
      vertex  0.000000e+000  2.143895e+000  4.332863e+001
      vertex  0.000000e+000  8.947702e+000  4.562506e+001
    endloop
  endfacet
  facet normal  1.000000e+000  0.000000e+000  0.000000e+000
    outer loop
      vertex  0.000000e+000  8.188950e-001  4.429130e+001
      vertex  0.000000e+000  8.947702e+000  4.562506e+001
      vertex  0.000000e+000  7.322702e+000  4.680570e+001
    endloop
  endfacet
  facet normal  9.999999e-001  0.000000e+000  0.000000e+000
    outer loop
      vertex  0.000000e+000  8.188950e-001  4.429130e+001
      vertex  0.000000e+000  7.322702e+000  4.680570e+001
      vertex  0.000000e+000  6.702007e+000  4.871600e+001
    endloop
  endfacet
  facet normal  1.000000e+000  0.000000e+000  0.000000e+000
    outer loop
      vertex  0.000000e+000  8.188950e-001  4.429130e+001
      vertex  0.000000e+000  6.702007e+000  4.871600e+001
      vertex  0.000000e+000  8.188950e-001  5.125070e+001
    endloop
  endfacet
  facet normal  1.000000e+000  0.000000e+000  -0.000000e+000
    outer loop
      vertex  0.000000e+000  8.188950e-001  5.629130e+001
      vertex  0.000000e+000  2.143895e+000  5.532863e+001
      vertex  0.000000e+000  8.947702e+000  5.703506e+001
    endloop
  endfacet
  facet normal  1.000000e+000  0.000000e+000  0.000000e+000
    outer loop
      vertex  0.000000e+000  8.188950e-001  5.629130e+001
      vertex  0.000000e+000  8.947702e+000  5.703506e+001
      vertex  0.000000e+000  7.322702e+000  5.821570e+001
    endloop
  endfacet
  facet normal  1.000000e+000  0.000000e+000  0.000000e+000
    outer loop
      vertex  0.000000e+000  8.188950e-001  5.629130e+001
      vertex  0.000000e+000  7.322702e+000  5.821570e+001
      vertex  0.000000e+000  6.702007e+000  6.012600e+001
    endloop
  endfacet
  facet normal  1.000000e+000  0.000000e+000  0.000000e+000
    outer loop
      vertex  0.000000e+000  8.188950e-001  5.629130e+001
      vertex  0.000000e+000  6.702007e+000  6.012600e+001
      vertex  0.000000e+000  8.188950e-001  6.325070e+001
    endloop
  endfacet
  facet normal  1.000000e+000  -0.000000e+000  0.000000e+000
    outer loop
      vertex  0.000000e+000 -1.095631e+001  4.562506e+001
      vertex  0.000000e+000 -2.316800e+001  4.327100e+001
      vertex  0.000000e+000 -2.210734e+001  4.283166e+001
    endloop
  endfacet
  facet normal  1.000000e+000  -0.000000e+000  0.000000e+000
    outer loop
      vertex  0.000000e+000 -1.095631e+001  4.562506e+001
      vertex  0.000000e+000 -2.210734e+001  4.283166e+001
      vertex  0.000000e+000 -2.166800e+001  4.177100e+001
    endloop
  endfacet
  facet normal  1.000000e+000  -0.000000e+000  0.000000e+000
    outer loop
      vertex  0.000000e+000 -1.095631e+001  4.562506e+001
      vertex  0.000000e+000 -2.166800e+001  4.177100e+001
      vertex  0.000000e+000 -2.000000e+001  3.000000e+001
    endloop
  endfacet
  facet normal  9.999999e-001  -0.000000e+000  0.000000e+000
    outer loop
      vertex  0.000000e+000 -1.095631e+001  4.562506e+001
      vertex  0.000000e+000 -2.000000e+001  3.000000e+001
      vertex  0.000000e+000 -2.000000e+001  2.800000e+001
    endloop
  endfacet
  facet normal  1.000000e+000  0.000000e+000  -0.000000e+000
    outer loop
      vertex  0.000000e+000 -3.954328e+001  3.970390e+001
      vertex  0.000000e+000 -3.824264e+001  3.775736e+001
      vertex  0.000000e+000 -3.643500e+001  4.002100e+001
    endloop
  endfacet
  facet normal  1.000000e+000  0.000000e+000  0.000000e+000
    outer loop
      vertex  0.000000e+000 -3.954328e+001  3.970390e+001
      vertex  0.000000e+000 -3.643500e+001  4.002100e+001
      vertex  0.000000e+000 -3.767244e+001  4.053356e+001
    endloop
  endfacet
  facet normal  1.000000e+000  0.000000e+000  0.000000e+000
    outer loop
      vertex  0.000000e+000 -3.954328e+001  3.970390e+001
      vertex  0.000000e+000 -3.767244e+001  4.053356e+001
      vertex  0.000000e+000 -3.818500e+001  4.177100e+001
    endloop
  endfacet
  facet normal  1.000000e+000  0.000000e+000  0.000000e+000
    outer loop
      vertex  0.000000e+000 -3.954328e+001  3.970390e+001
      vertex  0.000000e+000 -3.818500e+001  4.177100e+001
      vertex  0.000000e+000 -4.000000e+001  4.200000e+001
    endloop
  endfacet
  facet normal  1.000000e+000  0.000000e+000  0.000000e+000
    outer loop
      vertex  0.000000e+000 -2.600000e+001  3.600000e+001
      vertex  0.000000e+000 -2.370390e+001  3.554328e+001
      vertex  0.000000e+000 -3.643500e+001  4.002100e+001
    endloop
  endfacet
  facet normal  9.999999e-001  0.000000e+000  0.000000e+000
    outer loop
      vertex  0.000000e+000 -2.600000e+001  3.600000e+001
      vertex  0.000000e+000 -3.643500e+001  4.002100e+001
      vertex  0.000000e+000 -3.824264e+001  3.775736e+001
    endloop
  endfacet
  facet normal  1.000000e+000  0.000000e+000  0.000000e+000
    outer loop
      vertex  0.000000e+000 -2.600000e+001  3.600000e+001
      vertex  0.000000e+000 -3.824264e+001  3.775736e+001
      vertex  0.000000e+000 -3.629610e+001  3.645672e+001
    endloop
  endfacet
  facet normal  9.999999e-001  0.000000e+000  0.000000e+000
    outer loop
      vertex  0.000000e+000 -2.600000e+001  3.600000e+001
      vertex  0.000000e+000 -3.629610e+001  3.645672e+001
      vertex  0.000000e+000 -3.400000e+001  3.600000e+001
    endloop
  endfacet
  facet normal  1.000000e+000  0.000000e+000  0.000000e+000
    outer loop
      vertex  0.000000e+000 -2.316800e+001  4.327100e+001
      vertex  0.000000e+000 -1.095631e+001  4.562506e+001
      vertex  0.000000e+000 -1.258131e+001  4.680570e+001
    endloop
  endfacet
  facet normal  1.000000e+000  0.000000e+000  0.000000e+000
    outer loop
      vertex  0.000000e+000 -2.316800e+001  4.327100e+001
      vertex  0.000000e+000 -1.258131e+001  4.680570e+001
      vertex  0.000000e+000 -1.320201e+001  4.871600e+001
    endloop
  endfacet
  facet normal  1.000000e+000  0.000000e+000  -0.000000e+000
    outer loop
      vertex  0.000000e+000 -2.316800e+001  4.327100e+001
      vertex  0.000000e+000 -1.320201e+001  4.871600e+001
      vertex  0.000000e+000 -1.258131e+001  5.062630e+001
    endloop
  endfacet
  facet normal  1.000000e+000  0.000000e+000  -0.000000e+000
    outer loop
      vertex  0.000000e+000 -2.316800e+001  4.327100e+001
      vertex  0.000000e+000 -1.258131e+001  5.062630e+001
      vertex  0.000000e+000 -1.095631e+001  5.180693e+001
    endloop
  endfacet
  facet normal  1.000000e+000  0.000000e+000  0.000000e+000
    outer loop
      vertex  0.000000e+000 -2.316800e+001  4.327100e+001
      vertex  0.000000e+000 -1.095631e+001  5.180693e+001
      vertex  0.000000e+000 -2.316800e+001  5.227100e+001
    endloop
  endfacet
  facet normal  1.000000e+000  0.000000e+000  0.000000e+000
    outer loop
      vertex  0.000000e+000 -2.316800e+001  4.327100e+001
      vertex  0.000000e+000 -2.316800e+001  5.227100e+001
      vertex  0.000000e+000 -3.643500e+001  5.202100e+001
    endloop
  endfacet
  facet normal  1.000000e+000  0.000000e+000  0.000000e+000
    outer loop
      vertex  0.000000e+000 -2.316800e+001  4.327100e+001
      vertex  0.000000e+000 -3.643500e+001  5.202100e+001
      vertex  0.000000e+000 -3.643500e+001  4.352100e+001
    endloop
  endfacet
  facet normal  1.000000e+000  0.000000e+000  0.000000e+000
    outer loop
      vertex  0.000000e+000 -2.316800e+001  4.327100e+001
      vertex  0.000000e+000 -3.643500e+001  4.352100e+001
      vertex  0.000000e+000 -3.519756e+001  4.300844e+001
    endloop
  endfacet
  facet normal  1.000000e+000  -0.000000e+000  0.000000e+000
    outer loop
      vertex  0.000000e+000 -2.316800e+001  4.327100e+001
      vertex  0.000000e+000 -3.519756e+001  4.300844e+001
      vertex  0.000000e+000 -2.422866e+001  4.283166e+001
    endloop
  endfacet
  facet normal  1.000000e+000  0.000000e+000  -0.000000e+000
    outer loop
      vertex  0.000000e+000  2.316800e+001  4.327100e+001
      vertex  0.000000e+000  2.422866e+001  4.283166e+001
      vertex  0.000000e+000  3.519756e+001  4.300844e+001
    endloop
  endfacet
  facet normal  1.000000e+000  0.000000e+000  -0.000000e+000
    outer loop
      vertex  0.000000e+000  2.316800e+001  4.327100e+001
      vertex  0.000000e+000  3.519756e+001  4.300844e+001
      vertex  0.000000e+000  3.643500e+001  4.352100e+001
    endloop
  endfacet
  facet normal  1.000000e+000  0.000000e+000  -0.000000e+000
    outer loop
      vertex  0.000000e+000  2.316800e+001  4.327100e+001
      vertex  0.000000e+000  3.643500e+001  4.352100e+001
      vertex  0.000000e+000  3.643500e+001  5.202100e+001
    endloop
  endfacet
  facet normal  1.000000e+000  0.000000e+000  0.000000e+000
    outer loop
      vertex  0.000000e+000  2.316800e+001  4.327100e+001
      vertex  0.000000e+000  3.643500e+001  5.202100e+001
      vertex  0.000000e+000  2.316800e+001  5.227100e+001
    endloop
  endfacet
  facet normal  1.000000e+000  0.000000e+000  0.000000e+000
    outer loop
      vertex  0.000000e+000  2.316800e+001  4.327100e+001
      vertex  0.000000e+000  2.316800e+001  5.227100e+001
      vertex  0.000000e+000  1.095631e+001  5.180693e+001
    endloop
  endfacet
  facet normal  1.000000e+000  0.000000e+000  0.000000e+000
    outer loop
      vertex  0.000000e+000  2.316800e+001  4.327100e+001
      vertex  0.000000e+000  1.095631e+001  5.180693e+001
      vertex  0.000000e+000  1.258131e+001  5.062630e+001
    endloop
  endfacet
  facet normal  1.000000e+000  0.000000e+000  0.000000e+000
    outer loop
      vertex  0.000000e+000  2.316800e+001  4.327100e+001
      vertex  0.000000e+000  1.258131e+001  5.062630e+001
      vertex  0.000000e+000  1.320201e+001  4.871600e+001
    endloop
  endfacet
  facet normal  1.000000e+000  0.000000e+000  0.000000e+000
    outer loop
      vertex  0.000000e+000  2.316800e+001  4.327100e+001
      vertex  0.000000e+000  1.320201e+001  4.871600e+001
      vertex  0.000000e+000  1.258131e+001  4.680570e+001
    endloop
  endfacet
  facet normal  1.000000e+000  0.000000e+000  0.000000e+000
    outer loop
      vertex  0.000000e+000  2.316800e+001  4.327100e+001
      vertex  0.000000e+000  1.258131e+001  4.680570e+001
      vertex  0.000000e+000  1.095631e+001  4.562506e+001
    endloop
  endfacet
  facet normal  1.000000e+000  0.000000e+000  0.000000e+000
    outer loop
      vertex  0.000000e+000  1.258131e+001  5.821570e+001
      vertex  0.000000e+000  1.095631e+001  5.703506e+001
      vertex  0.000000e+000  2.194219e+001  5.927100e+001
    endloop
  endfacet
  facet normal  1.000000e+000  0.000000e+000  0.000000e+000
    outer loop
      vertex  0.000000e+000  1.258131e+001  5.821570e+001
      vertex  0.000000e+000  2.194219e+001  5.927100e+001
      vertex  0.000000e+000  2.004806e+001  5.974789e+001
    endloop
  endfacet
  facet normal  1.000000e+000  0.000000e+000  0.000000e+000
    outer loop
      vertex  0.000000e+000  1.258131e+001  5.821570e+001
      vertex  0.000000e+000  2.004806e+001  5.974789e+001
      vertex  0.000000e+000  1.320201e+001  6.012600e+001
    endloop
  endfacet
  facet normal  1.000000e+000  0.000000e+000  0.000000e+000
    outer loop
      vertex  0.000000e+000  1.000000e+001  2.498024e+001
      vertex  0.000000e+000  1.000000e+001  1.500000e+001
      vertex  0.000000e+000  2.000000e+001  2.800000e+001
    endloop
  endfacet
  facet normal  1.000000e+000  0.000000e+000  0.000000e+000
    outer loop
      vertex  0.000000e+000  2.000000e+001  2.800000e+001
      vertex  0.000000e+000  1.000000e+001  1.500000e+001
      vertex  0.000000e+000  2.600000e+001  1.500000e+001
    endloop
  endfacet
  facet normal  1.000000e+000  0.000000e+000  0.000000e+000
    outer loop
      vertex  0.000000e+000 -3.643500e+001  5.202100e+001
      vertex  0.000000e+000 -2.316800e+001  5.227100e+001
      vertex  0.000000e+000 -3.519756e+001  5.253356e+001
    endloop
  endfacet
  facet normal  1.000000e+000  -0.000000e+000  0.000000e+000
    outer loop
      vertex  0.000000e+000 -3.519756e+001  5.253356e+001
      vertex  0.000000e+000 -2.316800e+001  5.227100e+001
      vertex  0.000000e+000 -2.422866e+001  5.271034e+001
    endloop
  endfacet
  facet normal  1.000000e+000  0.000000e+000  0.000000e+000
    outer loop
      vertex  0.000000e+000 -3.519756e+001  5.253356e+001
      vertex  0.000000e+000 -2.422866e+001  5.271034e+001
      vertex  0.000000e+000 -3.468500e+001  5.377100e+001
    endloop
  endfacet
  facet normal  9.999999e-001  -0.000000e+000  0.000000e+000
    outer loop
      vertex  0.000000e+000 -3.468500e+001  5.377100e+001
      vertex  0.000000e+000 -2.422866e+001  5.271034e+001
      vertex  0.000000e+000 -2.466800e+001  5.377100e+001
    endloop
  endfacet
  facet normal  1.000000e+000  0.000000e+000  0.000000e+000
    outer loop
      vertex  0.000000e+000 -3.468500e+001  5.377100e+001
      vertex  0.000000e+000 -2.466800e+001  5.377100e+001
      vertex  0.000000e+000 -3.519756e+001  5.500844e+001
    endloop
  endfacet
  facet normal  1.000000e+000  0.000000e+000  0.000000e+000
    outer loop
      vertex  0.000000e+000 -3.519756e+001  5.500844e+001
      vertex  0.000000e+000 -2.466800e+001  5.377100e+001
      vertex  0.000000e+000 -2.422866e+001  5.483166e+001
    endloop
  endfacet
  facet normal  1.000000e+000  0.000000e+000  0.000000e+000
    outer loop
      vertex  0.000000e+000 -3.519756e+001  5.500844e+001
      vertex  0.000000e+000 -2.422866e+001  5.483166e+001
      vertex  0.000000e+000 -3.643500e+001  5.552100e+001
    endloop
  endfacet
  facet normal  1.000000e+000  0.000000e+000  0.000000e+000
    outer loop
      vertex  0.000000e+000 -3.643500e+001  5.552100e+001
      vertex  0.000000e+000 -2.422866e+001  5.483166e+001
      vertex  0.000000e+000 -2.316800e+001  5.527100e+001
    endloop
  endfacet
  facet normal  1.000000e+000  0.000000e+000  0.000000e+000
    outer loop
      vertex  0.000000e+000 -3.643500e+001  5.552100e+001
      vertex  0.000000e+000 -2.316800e+001  5.527100e+001
      vertex  0.000000e+000 -3.824264e+001  5.751364e+001
    endloop
  endfacet
  facet normal  1.000000e+000  -0.000000e+000  0.000000e+000
    outer loop
      vertex  0.000000e+000 -3.824264e+001  5.751364e+001
      vertex  0.000000e+000 -2.316800e+001  5.527100e+001
      vertex  0.000000e+000 -3.629610e+001  5.881428e+001
    endloop
  endfacet
  facet normal  1.000000e+000  0.000000e+000  0.000000e+000
    outer loop
      vertex  0.000000e+000 -1.095631e+001  5.703506e+001
      vertex  0.000000e+000 -1.258131e+001  5.821570e+001
      vertex  0.000000e+000 -2.316800e+001  5.527100e+001
    endloop
  endfacet
  facet normal  1.000000e+000  0.000000e+000  0.000000e+000
    outer loop
      vertex  0.000000e+000 -2.316800e+001  5.527100e+001
      vertex  0.000000e+000 -1.258131e+001  5.821570e+001
      vertex  0.000000e+000 -2.194219e+001  5.927100e+001
    endloop
  endfacet
  facet normal  1.000000e+000  0.000000e+000  0.000000e+000
    outer loop
      vertex  0.000000e+000 -2.316800e+001  5.527100e+001
      vertex  0.000000e+000 -2.194219e+001  5.927100e+001
      vertex  0.000000e+000 -3.629610e+001  5.881428e+001
    endloop
  endfacet
  facet normal  1.000000e+000  0.000000e+000  0.000000e+000
    outer loop
      vertex  0.000000e+000 -3.629610e+001  5.881428e+001
      vertex  0.000000e+000 -2.194219e+001  5.927100e+001
      vertex  0.000000e+000 -3.400000e+001  5.927100e+001
    endloop
  endfacet
  facet normal  1.000000e+000  0.000000e+000  0.000000e+000
    outer loop
      vertex  0.000000e+000  3.629610e+001  3.645672e+001
      vertex  0.000000e+000  3.824264e+001  3.775736e+001
      vertex  0.000000e+000  3.643500e+001  4.002100e+001
    endloop
  endfacet
  facet normal  1.000000e+000  0.000000e+000  0.000000e+000
    outer loop
      vertex  0.000000e+000  3.643500e+001  4.002100e+001
      vertex  0.000000e+000  3.824264e+001  3.775736e+001
      vertex  0.000000e+000  3.954328e+001  3.970390e+001
    endloop
  endfacet
  facet normal  1.000000e+000  0.000000e+000  0.000000e+000
    outer loop
      vertex  0.000000e+000  3.643500e+001  4.002100e+001
      vertex  0.000000e+000  3.954328e+001  3.970390e+001
      vertex  0.000000e+000  3.767244e+001  4.053356e+001
    endloop
  endfacet
  facet normal  9.999999e-001  0.000000e+000  0.000000e+000
    outer loop
      vertex  0.000000e+000  3.824264e+001  5.751364e+001
      vertex  0.000000e+000  3.629610e+001  5.881428e+001
      vertex  0.000000e+000  3.643500e+001  5.552100e+001
    endloop
  endfacet
  facet normal  1.000000e+000  0.000000e+000  0.000000e+000
    outer loop
      vertex  0.000000e+000  3.643500e+001  5.552100e+001
      vertex  0.000000e+000  3.629610e+001  5.881428e+001
      vertex  0.000000e+000  2.316800e+001  5.527100e+001
    endloop
  endfacet
  facet normal  1.000000e+000  -0.000000e+000  0.000000e+000
    outer loop
      vertex  0.000000e+000  3.643500e+001  5.552100e+001
      vertex  0.000000e+000  2.316800e+001  5.527100e+001
      vertex  0.000000e+000  3.519756e+001  5.500844e+001
    endloop
  endfacet
  facet normal  1.000000e+000  0.000000e+000  0.000000e+000
    outer loop
      vertex  0.000000e+000  3.519756e+001  5.500844e+001
      vertex  0.000000e+000  2.316800e+001  5.527100e+001
      vertex  0.000000e+000  2.422866e+001  5.483166e+001
    endloop
  endfacet
  facet normal  1.000000e+000  -0.000000e+000  0.000000e+000
    outer loop
      vertex  0.000000e+000  3.519756e+001  5.500844e+001
      vertex  0.000000e+000  2.422866e+001  5.483166e+001
      vertex  0.000000e+000  3.468500e+001  5.377100e+001
    endloop
  endfacet
  facet normal  9.999999e-001  0.000000e+000  0.000000e+000
    outer loop
      vertex  0.000000e+000  3.468500e+001  5.377100e+001
      vertex  0.000000e+000  2.422866e+001  5.483166e+001
      vertex  0.000000e+000  2.466800e+001  5.377100e+001
    endloop
  endfacet
  facet normal  1.000000e+000  -0.000000e+000  0.000000e+000
    outer loop
      vertex  0.000000e+000  3.468500e+001  5.377100e+001
      vertex  0.000000e+000  2.466800e+001  5.377100e+001
      vertex  0.000000e+000  3.519756e+001  5.253356e+001
    endloop
  endfacet
  facet normal  1.000000e+000  0.000000e+000  0.000000e+000
    outer loop
      vertex  0.000000e+000  3.519756e+001  5.253356e+001
      vertex  0.000000e+000  2.466800e+001  5.377100e+001
      vertex  0.000000e+000  2.422866e+001  5.271034e+001
    endloop
  endfacet
  facet normal  1.000000e+000  0.000000e+000  0.000000e+000
    outer loop
      vertex  0.000000e+000  3.519756e+001  5.253356e+001
      vertex  0.000000e+000  2.422866e+001  5.271034e+001
      vertex  0.000000e+000  3.643500e+001  5.202100e+001
    endloop
  endfacet
  facet normal  1.000000e+000  0.000000e+000  0.000000e+000
    outer loop
      vertex  0.000000e+000  3.643500e+001  5.202100e+001
      vertex  0.000000e+000  2.422866e+001  5.271034e+001
      vertex  0.000000e+000  2.316800e+001  5.227100e+001
    endloop
  endfacet
  facet normal  1.000000e+000  0.000000e+000  0.000000e+000
    outer loop
      vertex  0.000000e+000  2.166800e+001  4.177100e+001
      vertex  0.000000e+000  2.045672e+001  3.229610e+001
      vertex  0.000000e+000  2.210734e+001  4.071034e+001
    endloop
  endfacet
  facet normal  1.000000e+000  0.000000e+000  0.000000e+000
    outer loop
      vertex  0.000000e+000  2.210734e+001  4.071034e+001
      vertex  0.000000e+000  2.045672e+001  3.229610e+001
      vertex  0.000000e+000  2.175736e+001  3.424264e+001
    endloop
  endfacet
  facet normal  1.000000e+000  0.000000e+000  0.000000e+000
    outer loop
      vertex  0.000000e+000  2.210734e+001  4.071034e+001
      vertex  0.000000e+000  2.175736e+001  3.424264e+001
      vertex  0.000000e+000  2.316800e+001  4.027100e+001
    endloop
  endfacet
  facet normal  1.000000e+000  0.000000e+000  0.000000e+000
    outer loop
      vertex  0.000000e+000  2.316800e+001  4.027100e+001
      vertex  0.000000e+000  2.175736e+001  3.424264e+001
      vertex  0.000000e+000  2.370390e+001  3.554328e+001
    endloop
  endfacet
  facet normal  9.999999e-001  0.000000e+000  -0.000000e+000
    outer loop
      vertex  0.000000e+000  2.316800e+001  4.027100e+001
      vertex  0.000000e+000  2.370390e+001  3.554328e+001
      vertex  0.000000e+000  3.643500e+001  4.002100e+001
    endloop
  endfacet
  facet normal  1.000000e+000  0.000000e+000  0.000000e+000
    outer loop
      vertex  0.000000e+000  2.000000e+001  2.800000e+001
      vertex  0.000000e+000  1.095631e+001  4.562506e+001
      vertex  0.000000e+000  1.000000e+001  2.498024e+001
    endloop
  endfacet
  facet normal  1.000000e+000  0.000000e+000  -0.000000e+000
    outer loop
      vertex  0.000000e+000  1.000000e+001  2.498024e+001
      vertex  0.000000e+000  1.095631e+001  4.562506e+001
      vertex  0.000000e+000  8.947702e+000  4.562506e+001
    endloop
  endfacet
  facet normal  1.000000e+000  0.000000e+000  0.000000e+000
    outer loop
      vertex  0.000000e+000  1.000000e+001  2.498024e+001
      vertex  0.000000e+000  8.947702e+000  4.562506e+001
      vertex  0.000000e+000  6.000000e+000  2.498024e+001
    endloop
  endfacet
  facet normal  9.999999e-001  0.000000e+000  -0.000000e+000
    outer loop
      vertex  0.000000e+000  6.000000e+000  2.498024e+001
      vertex  0.000000e+000  8.947702e+000  4.562506e+001
      vertex  0.000000e+000  2.650000e+000  4.177100e+001
    endloop
  endfacet
  facet normal  9.999999e-001  0.000000e+000  0.000000e+000
    outer loop
      vertex  0.000000e+000  6.000000e+000  2.498024e+001
      vertex  0.000000e+000  2.650000e+000  4.177100e+001
      vertex  0.000000e+000  2.143895e+000  4.021337e+001
    endloop
  endfacet
  facet normal  1.000000e+000  0.000000e+000  0.000000e+000
    outer loop
      vertex  0.000000e+000  2.166800e+001  5.377100e+001
      vertex  0.000000e+000  2.210734e+001  5.483166e+001
      vertex  0.000000e+000  1.095631e+001  5.180693e+001
    endloop
  endfacet
  facet normal  1.000000e+000  0.000000e+000  0.000000e+000
    outer loop
      vertex  0.000000e+000  1.095631e+001  5.180693e+001
      vertex  0.000000e+000  2.210734e+001  5.483166e+001
      vertex  0.000000e+000  1.095631e+001  5.703506e+001
    endloop
  endfacet
  facet normal  1.000000e+000  0.000000e+000  0.000000e+000
    outer loop
      vertex  0.000000e+000  1.095631e+001  5.180693e+001
      vertex  0.000000e+000  1.095631e+001  5.703506e+001
      vertex  0.000000e+000  8.947702e+000  5.180693e+001
    endloop
  endfacet
  facet normal  1.000000e+000  0.000000e+000  0.000000e+000
    outer loop
      vertex  0.000000e+000  8.947702e+000  5.180693e+001
      vertex  0.000000e+000  1.095631e+001  5.703506e+001
      vertex  0.000000e+000  8.947702e+000  5.703506e+001
    endloop
  endfacet
  facet normal  1.000000e+000  0.000000e+000  0.000000e+000
    outer loop
      vertex  0.000000e+000  8.947702e+000  5.180693e+001
      vertex  0.000000e+000  8.947702e+000  5.703506e+001
      vertex  0.000000e+000  2.650000e+000  5.377100e+001
    endloop
  endfacet
  facet normal  1.000000e+000  0.000000e+000  -0.000000e+000
    outer loop
      vertex  0.000000e+000  2.650000e+000  5.377100e+001
      vertex  0.000000e+000  8.947702e+000  5.703506e+001
      vertex  0.000000e+000  2.143895e+000  5.532863e+001
    endloop
  endfacet
  facet normal  1.000000e+000  0.000000e+000  0.000000e+000
    outer loop
      vertex  0.000000e+000  1.695660e+001  6.644739e+001
      vertex  0.000000e+000  1.474246e+001  6.938507e+001
      vertex  0.000000e+000  1.095631e+001  6.321693e+001
    endloop
  endfacet
  facet normal  1.000000e+000  0.000000e+000  0.000000e+000
    outer loop
      vertex  0.000000e+000  1.095631e+001  6.321693e+001
      vertex  0.000000e+000  1.474246e+001  6.938507e+001
      vertex  0.000000e+000  1.161589e+001  7.132338e+001
    endloop
  endfacet
  facet normal  1.000000e+000  0.000000e+000  0.000000e+000
    outer loop
      vertex  0.000000e+000  1.095631e+001  6.321693e+001
      vertex  0.000000e+000  1.161589e+001  7.132338e+001
      vertex  0.000000e+000  8.947702e+000  6.321693e+001
    endloop
  endfacet
  facet normal  9.999999e-001  0.000000e+000  -0.000000e+000
    outer loop
      vertex  0.000000e+000  8.947702e+000  6.321693e+001
      vertex  0.000000e+000  1.161589e+001  7.132338e+001
      vertex  0.000000e+000  8.000000e+000  7.200000e+001
    endloop
  endfacet
  facet normal  1.000000e+000  0.000000e+000  0.000000e+000
    outer loop
      vertex  0.000000e+000  8.947702e+000  6.321693e+001
      vertex  0.000000e+000  8.000000e+000  7.200000e+001
      vertex  0.000000e+000  2.650000e+000  6.577100e+001
    endloop
  endfacet
  facet normal  1.000000e+000  0.000000e+000  -0.000000e+000
    outer loop
      vertex  0.000000e+000  2.650000e+000  6.577100e+001
      vertex  0.000000e+000  8.000000e+000  7.200000e+001
      vertex  0.000000e+000  2.143895e+000  6.732863e+001
    endloop
  endfacet
  facet normal  1.000000e+000  -0.000000e+000  0.000000e+000
    outer loop
      vertex  0.000000e+000  3.400000e+001  5.927100e+001
      vertex  0.000000e+000  2.194219e+001  5.927100e+001
      vertex  0.000000e+000  2.316800e+001  5.527100e+001
    endloop
  endfacet
  facet normal  1.000000e+000  0.000000e+000  0.000000e+000
    outer loop
      vertex  0.000000e+000  2.316800e+001  5.527100e+001
      vertex  0.000000e+000  2.194219e+001  5.927100e+001
      vertex  0.000000e+000  1.095631e+001  5.703506e+001
    endloop
  endfacet
  facet normal  1.000000e+000  0.000000e+000  0.000000e+000
    outer loop
      vertex  0.000000e+000  2.316800e+001  5.527100e+001
      vertex  0.000000e+000  1.095631e+001  5.703506e+001
      vertex  0.000000e+000  2.210734e+001  5.483166e+001
    endloop
  endfacet
  facet normal  1.000000e+000  1.480297e-016 -4.449686e-017
    outer loop
      vertex -4.440892e-016  6.000000e+000  1.500000e+001
      vertex  0.000000e+000  6.000000e+000  2.498024e+001
      vertex  1.332268e-015 -6.000000e+000  1.500000e+001
    endloop
  endfacet
  facet normal  1.000000e+000  8.527346e-017  3.095980e-017
    outer loop
      vertex  1.332268e-015 -6.000000e+000  1.500000e+001
      vertex  0.000000e+000  6.000000e+000  2.498024e+001
      vertex  0.000000e+000  8.188950e-001  3.925070e+001
    endloop
  endfacet
  facet normal  1.000000e+000 -4.376154e-016  1.779874e-016
    outer loop
      vertex  1.332268e-015 -6.000000e+000  1.500000e+001
      vertex  0.000000e+000  8.188950e-001  3.925070e+001
      vertex -4.440892e-016 -6.000000e+000  2.498024e+001
    endloop
  endfacet
  facet normal  1.000000e+000  0.000000e+000 -3.111946e-017
    outer loop
      vertex -4.440892e-016 -6.000000e+000  2.498024e+001
      vertex  0.000000e+000  8.188950e-001  3.925070e+001
      vertex  0.000000e+000 -8.188950e-001  3.925070e+001
    endloop
  endfacet
  facet normal  1.000000e+000 -1.789039e-017 -2.462409e-017
    outer loop
      vertex -4.440892e-016 -6.000000e+000  2.498024e+001
      vertex  0.000000e+000 -8.188950e-001  3.925070e+001
      vertex  0.000000e+000 -2.143895e+000  4.021337e+001
    endloop
  endfacet
  facet normal  1.000000e+000  0.000000e+000  0.000000e+000
    outer loop
      vertex  0.000000e+000  8.188950e-001  4.429130e+001
      vertex  0.000000e+000  8.188950e-001  5.125070e+001
      vertex  0.000000e+000 -8.188950e-001  4.429130e+001
    endloop
  endfacet
  facet normal  1.000000e+000  0.000000e+000  0.000000e+000
    outer loop
      vertex  0.000000e+000 -8.188950e-001  4.429130e+001
      vertex  0.000000e+000  8.188950e-001  5.125070e+001
      vertex  0.000000e+000 -8.188950e-001  5.125070e+001
    endloop
  endfacet
  facet normal  1.000000e+000  0.000000e+000  0.000000e+000
    outer loop
      vertex  0.000000e+000 -8.188950e-001  4.429130e+001
      vertex  0.000000e+000 -8.188950e-001  5.125070e+001
      vertex  0.000000e+000 -7.322702e+000  4.680570e+001
    endloop
  endfacet
  facet normal  1.000000e+000  0.000000e+000  0.000000e+000
    outer loop
      vertex  0.000000e+000 -7.322702e+000  4.680570e+001
      vertex  0.000000e+000 -8.188950e-001  5.125070e+001
      vertex  0.000000e+000 -6.702007e+000  4.871600e+001
    endloop
  endfacet
  facet normal  1.000000e+000  0.000000e+000  0.000000e+000
    outer loop
      vertex  0.000000e+000  8.188950e-001  5.629130e+001
      vertex  0.000000e+000  8.188950e-001  6.325070e+001
      vertex  0.000000e+000 -8.188950e-001  5.629130e+001
    endloop
  endfacet
  facet normal  1.000000e+000  0.000000e+000  0.000000e+000
    outer loop
      vertex  0.000000e+000 -8.188950e-001  5.629130e+001
      vertex  0.000000e+000  8.188950e-001  6.325070e+001
      vertex  0.000000e+000 -8.188950e-001  6.325070e+001
    endloop
  endfacet
  facet normal  1.000000e+000  0.000000e+000  0.000000e+000
    outer loop
      vertex  0.000000e+000 -8.188950e-001  5.629130e+001
      vertex  0.000000e+000 -8.188950e-001  6.325070e+001
      vertex  0.000000e+000 -7.322702e+000  5.821570e+001
    endloop
  endfacet
  facet normal  1.000000e+000  0.000000e+000  0.000000e+000
    outer loop
      vertex  0.000000e+000 -7.322702e+000  5.821570e+001
      vertex  0.000000e+000 -8.188950e-001  6.325070e+001
      vertex  0.000000e+000 -6.702007e+000  6.012600e+001
    endloop
  endfacet
  facet normal  9.999999e-001  0.000000e+000  -0.000000e+000
    outer loop
      vertex  0.000000e+000 -8.000000e+000  7.200000e+001
      vertex  0.000000e+000 -8.188950e-001  6.829130e+001
      vertex  0.000000e+000  8.000000e+000  7.200000e+001
    endloop
  endfacet
  facet normal  1.000000e+000  0.000000e+000  0.000000e+000
    outer loop
      vertex  0.000000e+000  8.000000e+000  7.200000e+001
      vertex  0.000000e+000 -8.188950e-001  6.829130e+001
      vertex  0.000000e+000  8.188950e-001  6.829130e+001
    endloop
  endfacet
  facet normal  1.000000e+000  -0.000000e+000  0.000000e+000
    outer loop
      vertex  0.000000e+000  8.000000e+000  7.200000e+001
      vertex  0.000000e+000  8.188950e-001  6.829130e+001
      vertex  0.000000e+000  2.143895e+000  6.732863e+001
    endloop
  endfacet
  facet normal  9.999999e-001 -5.043233e-017 -1.638644e-017
    outer loop
      vertex  0.000000e+000 -2.143895e+000  4.021337e+001
      vertex  0.000000e+000 -2.650000e+000  4.177100e+001
      vertex -4.440892e-016 -6.000000e+000  2.498024e+001
    endloop
  endfacet
  facet normal  9.999999e-001 -1.442466e-017 -2.357049e-017
    outer loop
      vertex -4.440892e-016 -6.000000e+000  2.498024e+001
      vertex  0.000000e+000 -2.650000e+000  4.177100e+001
      vertex  0.000000e+000 -8.947702e+000  4.562506e+001
    endloop
  endfacet
  facet normal  1.000000e+000  1.110223e-016 -5.658972e-018
    outer loop
      vertex -4.440892e-016 -6.000000e+000  2.498024e+001
      vertex  0.000000e+000 -8.947702e+000  4.562506e+001
      vertex  0.000000e+000 -1.000000e+001  2.498024e+001
    endloop
  endfacet
  facet normal  1.000000e+000  0.000000e+000  0.000000e+000
    outer loop
      vertex  0.000000e+000 -2.045672e+001  3.229610e+001
      vertex  0.000000e+000 -2.166800e+001  4.177100e+001
      vertex  0.000000e+000 -2.175736e+001  3.424264e+001
    endloop
  endfacet
  facet normal  1.000000e+000  0.000000e+000  -0.000000e+000
    outer loop
      vertex  0.000000e+000 -2.175736e+001  3.424264e+001
      vertex  0.000000e+000 -2.166800e+001  4.177100e+001
      vertex  0.000000e+000 -2.210734e+001  4.071034e+001
    endloop
  endfacet
  facet normal  1.000000e+000  0.000000e+000  0.000000e+000
    outer loop
      vertex  0.000000e+000 -2.175736e+001  3.424264e+001
      vertex  0.000000e+000 -2.210734e+001  4.071034e+001
      vertex  0.000000e+000 -2.316800e+001  4.027100e+001
    endloop
  endfacet
  facet normal  1.000000e+000  0.000000e+000  0.000000e+000
    outer loop
      vertex  0.000000e+000 -2.650000e+000  5.377100e+001
      vertex  0.000000e+000 -2.143895e+000  5.532863e+001
      vertex  0.000000e+000 -8.947702e+000  5.180693e+001
    endloop
  endfacet
  facet normal  1.000000e+000  0.000000e+000  0.000000e+000
    outer loop
      vertex  0.000000e+000 -8.947702e+000  5.180693e+001
      vertex  0.000000e+000 -2.143895e+000  5.532863e+001
      vertex  0.000000e+000 -8.947702e+000  5.703506e+001
    endloop
  endfacet
  facet normal  1.000000e+000  0.000000e+000  0.000000e+000
    outer loop
      vertex  0.000000e+000 -8.947702e+000  5.180693e+001
      vertex  0.000000e+000 -8.947702e+000  5.703506e+001
      vertex  0.000000e+000 -1.095631e+001  5.180693e+001
    endloop
  endfacet
  facet normal  1.000000e+000  0.000000e+000  0.000000e+000
    outer loop
      vertex  0.000000e+000 -1.095631e+001  5.180693e+001
      vertex  0.000000e+000 -8.947702e+000  5.703506e+001
      vertex  0.000000e+000 -1.095631e+001  5.703506e+001
    endloop
  endfacet
  facet normal  9.999999e-001  0.000000e+000  0.000000e+000
    outer loop
      vertex  0.000000e+000 -1.095631e+001  5.180693e+001
      vertex  0.000000e+000 -1.095631e+001  5.703506e+001
      vertex  0.000000e+000 -2.166800e+001  5.377100e+001
    endloop
  endfacet
  facet normal  1.000000e+000  0.000000e+000  -0.000000e+000
    outer loop
      vertex  0.000000e+000 -2.166800e+001  5.377100e+001
      vertex  0.000000e+000 -1.095631e+001  5.703506e+001
      vertex  0.000000e+000 -2.210734e+001  5.483166e+001
    endloop
  endfacet
  facet normal  1.000000e+000  0.000000e+000  0.000000e+000
    outer loop
      vertex  0.000000e+000 -2.650000e+000  6.577100e+001
      vertex  0.000000e+000 -2.143895e+000  6.732863e+001
      vertex  0.000000e+000 -8.947702e+000  6.321693e+001
    endloop
  endfacet
  facet normal  9.999999e-001  0.000000e+000  0.000000e+000
    outer loop
      vertex  0.000000e+000 -8.947702e+000  6.321693e+001
      vertex  0.000000e+000 -2.143895e+000  6.732863e+001
      vertex  0.000000e+000 -8.000000e+000  7.200000e+001
    endloop
  endfacet
  facet normal  1.000000e+000  0.000000e+000  0.000000e+000
    outer loop
      vertex  0.000000e+000 -8.947702e+000  6.321693e+001
      vertex  0.000000e+000 -8.000000e+000  7.200000e+001
      vertex  0.000000e+000 -1.095631e+001  6.321693e+001
    endloop
  endfacet
  facet normal  1.000000e+000  0.000000e+000  -0.000000e+000
    outer loop
      vertex  0.000000e+000 -1.095631e+001  6.321693e+001
      vertex  0.000000e+000 -8.000000e+000  7.200000e+001
      vertex  0.000000e+000 -1.161589e+001  7.132338e+001
    endloop
  endfacet
  facet normal  9.999999e-001  0.000000e+000  0.000000e+000
    outer loop
      vertex  0.000000e+000 -1.095631e+001  6.321693e+001
      vertex  0.000000e+000 -1.161589e+001  7.132338e+001
      vertex  0.000000e+000 -1.695660e+001  6.644739e+001
    endloop
  endfacet
  facet normal  1.000000e+000  0.000000e+000  0.000000e+000
    outer loop
      vertex  0.000000e+000 -1.695660e+001  6.644739e+001
      vertex  0.000000e+000 -1.161589e+001  7.132338e+001
      vertex  0.000000e+000 -1.474246e+001  6.938507e+001
    endloop
  endfacet
  facet normal  1.000000e+000  0.000000e+000  0.000000e+000
    outer loop
      vertex  0.000000e+000 -3.767244e+001  4.300844e+001
      vertex  0.000000e+000 -3.643500e+001  5.202100e+001
      vertex  0.000000e+000 -4.000000e+001  4.200000e+001
    endloop
  endfacet
  facet normal  1.000000e+000  0.000000e+000  0.000000e+000
    outer loop
      vertex  0.000000e+000 -4.000000e+001  4.200000e+001
      vertex  0.000000e+000 -3.643500e+001  5.202100e+001
      vertex  0.000000e+000 -3.767244e+001  5.253356e+001
    endloop
  endfacet
  facet normal  1.000000e+000  0.000000e+000  0.000000e+000
    outer loop
      vertex  0.000000e+000 -4.000000e+001  4.200000e+001
      vertex  0.000000e+000 -3.767244e+001  5.253356e+001
      vertex  0.000000e+000 -4.000000e+001  5.327100e+001
    endloop
  endfacet
  facet normal  1.000000e+000  -0.000000e+000  0.000000e+000
    outer loop
      vertex  0.000000e+000 -4.000000e+001  5.327100e+001
      vertex  0.000000e+000 -3.767244e+001  5.253356e+001
      vertex  0.000000e+000 -3.818500e+001  5.377100e+001
    endloop
  endfacet
  facet normal  9.999999e-001  0.000000e+000  0.000000e+000
    outer loop
      vertex  0.000000e+000 -4.000000e+001  5.327100e+001
      vertex  0.000000e+000 -3.818500e+001  5.377100e+001
      vertex  0.000000e+000 -3.954328e+001  5.556710e+001
    endloop
  endfacet
  facet normal  1.000000e+000  0.000000e+000  0.000000e+000
    outer loop
      vertex  0.000000e+000 -3.954328e+001  5.556710e+001
      vertex  0.000000e+000 -3.818500e+001  5.377100e+001
      vertex  0.000000e+000 -3.767244e+001  5.500844e+001
    endloop
  endfacet
  facet normal  9.999999e-001  0.000000e+000  -0.000000e+000
    outer loop
      vertex  0.000000e+000 -3.954328e+001  5.556710e+001
      vertex  0.000000e+000 -3.767244e+001  5.500844e+001
      vertex  0.000000e+000 -3.643500e+001  5.552100e+001
    endloop
  endfacet
  facet normal  1.000000e+000  0.000000e+000  0.000000e+000
    outer loop
      vertex  0.000000e+000 -2.422866e+001  4.283166e+001
      vertex  0.000000e+000 -3.519756e+001  4.300844e+001
      vertex  0.000000e+000 -2.466800e+001  4.177100e+001
    endloop
  endfacet
  facet normal  1.000000e+000  0.000000e+000  0.000000e+000
    outer loop
      vertex  0.000000e+000 -2.466800e+001  4.177100e+001
      vertex  0.000000e+000 -3.519756e+001  4.300844e+001
      vertex  0.000000e+000 -3.468500e+001  4.177100e+001
    endloop
  endfacet
  facet normal  9.999999e-001  -0.000000e+000  0.000000e+000
    outer loop
      vertex  0.000000e+000 -2.466800e+001  4.177100e+001
      vertex  0.000000e+000 -3.468500e+001  4.177100e+001
      vertex  0.000000e+000 -2.422866e+001  4.071034e+001
    endloop
  endfacet
  facet normal  1.000000e+000  0.000000e+000  0.000000e+000
    outer loop
      vertex  0.000000e+000 -2.422866e+001  4.071034e+001
      vertex  0.000000e+000 -3.468500e+001  4.177100e+001
      vertex  0.000000e+000 -3.519756e+001  4.053356e+001
    endloop
  endfacet
  facet normal  1.000000e+000  -0.000000e+000  0.000000e+000
    outer loop
      vertex  0.000000e+000 -2.422866e+001  4.071034e+001
      vertex  0.000000e+000 -3.519756e+001  4.053356e+001
      vertex  0.000000e+000 -2.316800e+001  4.027100e+001
    endloop
  endfacet
  facet normal  1.000000e+000  0.000000e+000  0.000000e+000
    outer loop
      vertex  0.000000e+000 -2.316800e+001  4.027100e+001
      vertex  0.000000e+000 -3.519756e+001  4.053356e+001
      vertex  0.000000e+000 -3.643500e+001  4.002100e+001
    endloop
  endfacet
  facet normal  9.999999e-001  -0.000000e+000  0.000000e+000
    outer loop
      vertex  0.000000e+000 -2.316800e+001  4.027100e+001
      vertex  0.000000e+000 -3.643500e+001  4.002100e+001
      vertex  0.000000e+000 -2.370390e+001  3.554328e+001
    endloop
  endfacet
  facet normal  1.000000e+000  0.000000e+000  0.000000e+000
    outer loop
      vertex  0.000000e+000 -1.860559e+001  6.106485e+001
      vertex  0.000000e+000 -1.258131e+001  6.203630e+001
      vertex  0.000000e+000 -1.795870e+001  6.290786e+001
    endloop
  endfacet
  facet normal  1.000000e+000  -0.000000e+000  0.000000e+000
    outer loop
      vertex  0.000000e+000 -1.795870e+001  6.290786e+001
      vertex  0.000000e+000 -1.258131e+001  6.203630e+001
      vertex  0.000000e+000 -1.095631e+001  6.321693e+001
    endloop
  endfacet
  facet normal  1.000000e+000  0.000000e+000  0.000000e+000
    outer loop
      vertex  0.000000e+000 -1.795870e+001  6.290786e+001
      vertex  0.000000e+000 -1.095631e+001  6.321693e+001
      vertex  0.000000e+000 -1.695660e+001  6.644739e+001
    endloop
  endfacet
  facet normal  1.000000e+000  -0.000000e+000  0.000000e+000
    outer loop
      vertex  0.000000e+000 -2.143895e+000  5.221337e+001
      vertex  0.000000e+000 -8.947702e+000  5.180693e+001
      vertex  0.000000e+000 -8.188950e-001  5.125070e+001
    endloop
  endfacet
  facet normal  1.000000e+000  0.000000e+000  0.000000e+000
    outer loop
      vertex  0.000000e+000 -8.188950e-001  5.125070e+001
      vertex  0.000000e+000 -8.947702e+000  5.180693e+001
      vertex  0.000000e+000 -7.322702e+000  5.062630e+001
    endloop
  endfacet
  facet normal  1.000000e+000  -0.000000e+000  0.000000e+000
    outer loop
      vertex  0.000000e+000 -8.188950e-001  5.125070e+001
      vertex  0.000000e+000 -7.322702e+000  5.062630e+001
      vertex  0.000000e+000 -6.702007e+000  4.871600e+001
    endloop
  endfacet
  facet normal  1.000000e+000  0.000000e+000  0.000000e+000
    outer loop
      vertex  0.000000e+000  8.188950e-001  5.125070e+001
      vertex  0.000000e+000  7.322702e+000  5.062630e+001
      vertex  0.000000e+000  2.143895e+000  5.221337e+001
    endloop
  endfacet
  facet normal  1.000000e+000  0.000000e+000  0.000000e+000
    outer loop
      vertex  0.000000e+000  2.143895e+000  5.221337e+001
      vertex  0.000000e+000  7.322702e+000  5.062630e+001
      vertex  0.000000e+000  8.947702e+000  5.180693e+001
    endloop
  endfacet
  facet normal  1.000000e+000  0.000000e+000  0.000000e+000
    outer loop
      vertex  0.000000e+000  2.143895e+000  5.221337e+001
      vertex  0.000000e+000  8.947702e+000  5.180693e+001
      vertex  0.000000e+000  2.650000e+000  5.377100e+001
    endloop
  endfacet
  facet normal  1.000000e+000  0.000000e+000  0.000000e+000
    outer loop
      vertex  0.000000e+000  1.320201e+001  6.012600e+001
      vertex  0.000000e+000  2.004806e+001  5.974789e+001
      vertex  0.000000e+000  1.258131e+001  6.203630e+001
    endloop
  endfacet
  facet normal  1.000000e+000  0.000000e+000  0.000000e+000
    outer loop
      vertex  0.000000e+000  1.258131e+001  6.203630e+001
      vertex  0.000000e+000  2.004806e+001  5.974789e+001
      vertex  0.000000e+000  1.860559e+001  6.106485e+001
    endloop
  endfacet
  facet normal  1.000000e+000  0.000000e+000  0.000000e+000
    outer loop
      vertex  0.000000e+000  1.258131e+001  6.203630e+001
      vertex  0.000000e+000  1.860559e+001  6.106485e+001
      vertex  0.000000e+000  1.095631e+001  6.321693e+001
    endloop
  endfacet
  facet normal  1.000000e+000  0.000000e+000  0.000000e+000
    outer loop
      vertex  0.000000e+000  1.095631e+001  6.321693e+001
      vertex  0.000000e+000  1.860559e+001  6.106485e+001
      vertex  0.000000e+000  1.795870e+001  6.290786e+001
    endloop
  endfacet
  facet normal  1.000000e+000  0.000000e+000  0.000000e+000
    outer loop
      vertex  0.000000e+000  1.095631e+001  6.321693e+001
      vertex  0.000000e+000  1.795870e+001  6.290786e+001
      vertex  0.000000e+000  1.695660e+001  6.644739e+001
    endloop
  endfacet
  facet normal  1.000000e+000  -0.000000e+000  0.000000e+000
    outer loop
      vertex  0.000000e+000  3.519756e+001  4.300844e+001
      vertex  0.000000e+000  2.422866e+001  4.283166e+001
      vertex  0.000000e+000  3.468500e+001  4.177100e+001
    endloop
  endfacet
  facet normal  9.999999e-001  0.000000e+000  0.000000e+000
    outer loop
      vertex  0.000000e+000  3.468500e+001  4.177100e+001
      vertex  0.000000e+000  2.422866e+001  4.283166e+001
      vertex  0.000000e+000  2.466800e+001  4.177100e+001
    endloop
  endfacet
  facet normal  1.000000e+000  -0.000000e+000  0.000000e+000
    outer loop
      vertex  0.000000e+000  3.468500e+001  4.177100e+001
      vertex  0.000000e+000  2.466800e+001  4.177100e+001
      vertex  0.000000e+000  3.519756e+001  4.053356e+001
    endloop
  endfacet
  facet normal  1.000000e+000  0.000000e+000  0.000000e+000
    outer loop
      vertex  0.000000e+000  3.519756e+001  4.053356e+001
      vertex  0.000000e+000  2.466800e+001  4.177100e+001
      vertex  0.000000e+000  2.422866e+001  4.071034e+001
    endloop
  endfacet
  facet normal  1.000000e+000  0.000000e+000  0.000000e+000
    outer loop
      vertex  0.000000e+000  3.519756e+001  4.053356e+001
      vertex  0.000000e+000  2.422866e+001  4.071034e+001
      vertex  0.000000e+000  3.643500e+001  4.002100e+001
    endloop
  endfacet
  facet normal  1.000000e+000  0.000000e+000  0.000000e+000
    outer loop
      vertex  0.000000e+000  3.643500e+001  4.002100e+001
      vertex  0.000000e+000  2.422866e+001  4.071034e+001
      vertex  0.000000e+000  2.316800e+001  4.027100e+001
    endloop
  endfacet
  facet normal  1.000000e+000  0.000000e+000  0.000000e+000
    outer loop
      vertex  0.000000e+000  3.824264e+001  5.751364e+001
      vertex  0.000000e+000  3.643500e+001  5.552100e+001
      vertex  0.000000e+000  3.954328e+001  5.556710e+001
    endloop
  endfacet
  facet normal  9.999999e-001  0.000000e+000  0.000000e+000
    outer loop
      vertex  0.000000e+000  3.954328e+001  5.556710e+001
      vertex  0.000000e+000  3.643500e+001  5.552100e+001
      vertex  0.000000e+000  3.767244e+001  5.500844e+001
    endloop
  endfacet
  facet normal  1.000000e+000  -0.000000e+000  0.000000e+000
    outer loop
      vertex  0.000000e+000  3.954328e+001  5.556710e+001
      vertex  0.000000e+000  3.767244e+001  5.500844e+001
      vertex  0.000000e+000  4.000000e+001  5.327100e+001
    endloop
  endfacet
  facet normal  1.000000e+000  0.000000e+000  0.000000e+000
    outer loop
      vertex  0.000000e+000  4.000000e+001  5.327100e+001
      vertex  0.000000e+000  3.767244e+001  5.500844e+001
      vertex  0.000000e+000  3.818500e+001  5.377100e+001
    endloop
  endfacet
  facet normal  1.000000e+000  0.000000e+000  0.000000e+000
    outer loop
      vertex  0.000000e+000  4.000000e+001  5.327100e+001
      vertex  0.000000e+000  3.818500e+001  5.377100e+001
      vertex  0.000000e+000  4.000000e+001  4.200000e+001
    endloop
  endfacet
  facet normal  1.000000e+000  0.000000e+000  0.000000e+000
    outer loop
      vertex  0.000000e+000  4.000000e+001  4.200000e+001
      vertex  0.000000e+000  3.818500e+001  5.377100e+001
      vertex  0.000000e+000  3.767244e+001  5.253356e+001
    endloop
  endfacet
  facet normal  1.000000e+000  0.000000e+000  0.000000e+000
    outer loop
      vertex  0.000000e+000  4.000000e+001  4.200000e+001
      vertex  0.000000e+000  3.767244e+001  5.253356e+001
      vertex  0.000000e+000  3.767244e+001  4.300844e+001
    endloop
  endfacet
  facet normal  9.999999e-001  0.000000e+000  -0.000000e+000
    outer loop
      vertex  0.000000e+000  3.767244e+001  4.300844e+001
      vertex  0.000000e+000  3.767244e+001  5.253356e+001
      vertex  0.000000e+000  3.643500e+001  5.202100e+001
    endloop
  endfacet
  facet normal  1.000000e+000  0.000000e+000  0.000000e+000
    outer loop
      vertex  0.000000e+000  3.767244e+001  4.300844e+001
      vertex  0.000000e+000  3.643500e+001  5.202100e+001
      vertex  0.000000e+000  3.643500e+001  4.352100e+001
    endloop
  endfacet
  facet normal  1.000000e+000  0.000000e+000  0.000000e+000
    outer loop
      vertex  0.000000e+000  3.767244e+001  4.053356e+001
      vertex  0.000000e+000  3.954328e+001  3.970390e+001
      vertex  0.000000e+000  3.818500e+001  4.177100e+001
    endloop
  endfacet
  facet normal  1.000000e+000  -0.000000e+000  0.000000e+000
    outer loop
      vertex  0.000000e+000  3.818500e+001  4.177100e+001
      vertex  0.000000e+000  3.954328e+001  3.970390e+001
      vertex  0.000000e+000  4.000000e+001  4.200000e+001
    endloop
  endfacet
  facet normal  1.000000e+000  0.000000e+000  0.000000e+000
    outer loop
      vertex  0.000000e+000  3.818500e+001  4.177100e+001
      vertex  0.000000e+000  4.000000e+001  4.200000e+001
      vertex  0.000000e+000  3.767244e+001  4.300844e+001
    endloop
  endfacet
  facet normal -1.000000e+000  0.000000e+000  0.000000e+000
    outer loop
      vertex -4.000000e+000 -1.320201e+001  6.012600e+001
      vertex -4.000000e+000 -1.474246e+001  6.938507e+001
      vertex -4.000000e+000 -1.258131e+001  6.203630e+001
    endloop
  endfacet
  facet normal -1.000000e+000  0.000000e+000  0.000000e+000
    outer loop
      vertex -4.000000e+000  1.236068e+000 -3.042261e-001
      vertex -4.000000e+000  3.236068e+000 -5.148859e+000
      vertex -4.000000e+000  1.236068e+000 -3.695774e+000
    endloop
  endfacet
  facet normal -1.000000e+000  0.000000e+000  0.000000e+000
    outer loop
      vertex -4.000000e+000 -1.236068e+000  7.304226e+000
      vertex -4.000000e+000 -3.236068e+000  5.851141e+000
      vertex -4.000000e+000 -8.188950e-001  3.925070e+001
    endloop
  endfacet
  facet normal -1.000000e+000  0.000000e+000  0.000000e+000
    outer loop
      vertex -4.000000e+000 -6.702007e+000  4.871600e+001
      vertex -4.000000e+000 -7.322702e+000  5.062630e+001
      vertex -4.000000e+000 -8.188950e-001  5.125070e+001
    endloop
  endfacet
  facet normal -1.000000e+000  0.000000e+000  0.000000e+000
    outer loop
      vertex -4.000000e+000  6.702007e+000  6.012600e+001
      vertex -4.000000e+000  8.188950e-001  6.325070e+001
      vertex -4.000000e+000  7.322702e+000  6.203630e+001
    endloop
  endfacet
  facet normal -1.000000e+000  0.000000e+000  0.000000e+000
    outer loop
      vertex -4.000000e+000 -8.188950e-001  5.629130e+001
      vertex -4.000000e+000 -8.947702e+000  5.703506e+001
      vertex -4.000000e+000 -7.322702e+000  5.821570e+001
    endloop
  endfacet
  facet normal -1.000000e+000  0.000000e+000  -0.000000e+000
    outer loop
      vertex -4.000000e+000  8.188950e-001  5.629130e+001
      vertex -4.000000e+000  7.322702e+000  5.821570e+001
      vertex -4.000000e+000  8.947702e+000  5.703506e+001
    endloop
  endfacet
  facet normal -1.000000e+000  0.000000e+000  0.000000e+000
    outer loop
      vertex -4.000000e+000 -6.702007e+000  6.012600e+001
      vertex -4.000000e+000 -7.322702e+000  6.203630e+001
      vertex -4.000000e+000 -8.188950e-001  6.325070e+001
    endloop
  endfacet
  facet normal -1.000000e+000  0.000000e+000  0.000000e+000
    outer loop
      vertex -4.000000e+000 -7.322702e+000  6.203630e+001
      vertex -4.000000e+000 -8.947702e+000  6.321693e+001
      vertex -4.000000e+000 -8.188950e-001  6.325070e+001
    endloop
  endfacet
  facet normal -1.000000e+000  -0.000000e+000  0.000000e+000
    outer loop
      vertex -4.000000e+000  8.188950e-001  6.325070e+001
      vertex -4.000000e+000  8.947702e+000  6.321693e+001
      vertex -4.000000e+000  7.322702e+000  6.203630e+001
    endloop
  endfacet
  facet normal -1.000000e+000  0.000000e+000  0.000000e+000
    outer loop
      vertex -4.000000e+000 -1.376393e+001 -3.042261e-001
      vertex -4.000000e+000 -1.176393e+001 -5.148859e+000
      vertex -4.000000e+000 -1.376393e+001 -3.695774e+000
    endloop
  endfacet
  facet normal -1.000000e+000  -0.000000e+000  0.000000e+000
    outer loop
      vertex -4.000000e+000 -1.474246e+001  6.938507e+001
      vertex -4.000000e+000 -1.095631e+001  6.321693e+001
      vertex -4.000000e+000 -1.258131e+001  6.203630e+001
    endloop
  endfacet
  facet normal -1.000000e+000  0.000000e+000  0.000000e+000
    outer loop
      vertex -4.000000e+000 -2.175736e+001  3.424264e+001
      vertex -4.000000e+000 -2.370390e+001  3.554328e+001
      vertex -4.000000e+000 -2.316800e+001  4.027100e+001
    endloop
  endfacet
  facet normal -1.000000e+000  -0.000000e+000  0.000000e+000
    outer loop
      vertex -4.000000e+000 -8.947702e+000  5.703506e+001
      vertex -4.000000e+000 -8.188950e-001  5.629130e+001
      vertex -4.000000e+000 -2.143895e+000  5.532863e+001
    endloop
  endfacet
  facet normal -9.999999e-001  0.000000e+000  -0.000000e+000
    outer loop
      vertex -4.000000e+000 -8.947702e+000  6.321693e+001
      vertex -4.000000e+000 -2.143895e+000  6.421337e+001
      vertex -4.000000e+000 -8.188950e-001  6.325070e+001
    endloop
  endfacet
  facet normal -1.000000e+000  -0.000000e+000  0.000000e+000
    outer loop
      vertex -4.000000e+000  2.316800e+001  4.027100e+001
      vertex -4.000000e+000  2.370390e+001  3.554328e+001
      vertex -4.000000e+000  2.175736e+001  3.424264e+001
    endloop
  endfacet
  facet normal -1.000000e+000  -0.000000e+000  0.000000e+000
    outer loop
      vertex -4.000000e+000  3.400000e+001  5.927100e+001
      vertex -4.000000e+000  3.629610e+001  5.881428e+001
      vertex -4.000000e+000  2.316800e+001  5.527100e+001
    endloop
  endfacet
  facet normal -1.000000e+000  0.000000e+000  0.000000e+000
    outer loop
      vertex -4.000000e+000  2.650000e+000  5.377100e+001
      vertex -4.000000e+000  8.947702e+000  5.180693e+001
      vertex -4.000000e+000  2.143895e+000  5.221337e+001
    endloop
  endfacet
  facet normal -1.000000e+000  0.000000e+000  0.000000e+000
    outer loop
      vertex -4.000000e+000  2.143895e+000  5.532863e+001
      vertex -4.000000e+000  8.188950e-001  5.629130e+001
      vertex -4.000000e+000  8.947702e+000  5.703506e+001
    endloop
  endfacet
  facet normal -1.000000e+000  0.000000e+000  0.000000e+000
    outer loop
      vertex -4.000000e+000  8.947702e+000  6.321693e+001
      vertex -4.000000e+000  8.188950e-001  6.325070e+001
      vertex -4.000000e+000  2.143895e+000  6.421337e+001
    endloop
  endfacet
  facet normal -1.000000e+000  0.000000e+000  0.000000e+000
    outer loop
      vertex -4.000000e+000  2.650000e+000  6.577100e+001
      vertex -4.000000e+000  8.947702e+000  6.321693e+001
      vertex -4.000000e+000  2.143895e+000  6.421337e+001
    endloop
  endfacet
  facet normal -1.000000e+000  0.000000e+000  0.000000e+000
    outer loop
      vertex -4.000000e+000  8.000000e+000  7.200000e+001
      vertex -4.000000e+000  2.143895e+000  6.732863e+001
      vertex -4.000000e+000  8.188950e-001  6.829130e+001
    endloop
  endfacet
  facet normal -1.000000e+000  0.000000e+000  0.000000e+000
    outer loop
      vertex -4.000000e+000  1.623607e+001 -3.042261e-001
      vertex -4.000000e+000  1.823607e+001 -5.148859e+000
      vertex -4.000000e+000  1.623607e+001 -3.695774e+000
    endloop
  endfacet
  facet normal -1.000000e+000  0.000000e+000  0.000000e+000
    outer loop
      vertex -4.000000e+000  1.258131e+001  6.203630e+001
      vertex -4.000000e+000  1.095631e+001  6.321693e+001
      vertex -4.000000e+000  1.474246e+001  6.938507e+001
    endloop
  endfacet
  facet normal -1.000000e+000  0.000000e+000  0.000000e+000
    outer loop
      vertex -4.000000e+000  1.320201e+001  6.012600e+001
      vertex -4.000000e+000  1.258131e+001  6.203630e+001
      vertex -4.000000e+000  1.474246e+001  6.938507e+001
    endloop
  endfacet
  facet normal -1.000000e+000  0.000000e+000  -0.000000e+000
    outer loop
      vertex -4.000000e+000  3.643500e+001  5.552100e+001
      vertex -4.000000e+000  3.824264e+001  5.751364e+001
      vertex -4.000000e+000  3.954328e+001  5.556710e+001
    endloop
  endfacet
  facet normal -1.000000e+000  0.000000e+000  0.000000e+000
    outer loop
      vertex -4.000000e+000  3.643500e+001  5.202100e+001
      vertex -4.000000e+000  3.767244e+001  4.300844e+001
      vertex -4.000000e+000  3.643500e+001  4.352100e+001
    endloop
  endfacet
  facet normal -1.000000e+000  0.000000e+000  0.000000e+000
    outer loop
      vertex -4.000000e+000  3.818500e+001  4.177100e+001
      vertex -4.000000e+000  3.767244e+001  4.300844e+001
      vertex -4.000000e+000  4.000000e+001  4.200000e+001
    endloop
  endfacet
  facet normal -1.000000e+000  0.000000e+000  -0.000000e+000
    outer loop
      vertex -4.000000e+000  2.210734e+001  4.283166e+001
      vertex -4.000000e+000  2.316800e+001  5.227100e+001
      vertex -4.000000e+000  2.316800e+001  4.327100e+001
    endloop
  endfacet
  facet normal -9.999999e-001  0.000000e+000  0.000000e+000
    outer loop
      vertex -4.000000e+000 -1.176393e+001 -5.148859e+000
      vertex -4.000000e+000 -1.376393e+001 -3.042261e-001
      vertex -4.000000e+000 -1.176393e+001  1.148859e+000
    endloop
  endfacet
  facet normal -1.000000e+000  0.000000e+000  0.000000e+000
    outer loop
      vertex -4.000000e+000 -2.210734e+001  4.283166e+001
      vertex -4.000000e+000 -2.316800e+001  4.327100e+001
      vertex -4.000000e+000 -2.316800e+001  5.227100e+001
    endloop
  endfacet
  facet normal -9.999999e-001  0.000000e+000  0.000000e+000
    outer loop
      vertex -4.000000e+000 -2.166800e+001  4.177100e+001
      vertex -4.000000e+000 -2.210734e+001  4.283166e+001
      vertex -4.000000e+000 -2.316800e+001  5.227100e+001
    endloop
  endfacet
  facet normal -1.000000e+000  0.000000e+000  0.000000e+000
    outer loop
      vertex -4.000000e+000 -2.166800e+001  4.177100e+001
      vertex -4.000000e+000 -2.316800e+001  5.227100e+001
      vertex -4.000000e+000 -2.210734e+001  5.271034e+001
    endloop
  endfacet
  facet normal -1.000000e+000  0.000000e+000  0.000000e+000
    outer loop
      vertex -4.000000e+000 -2.166800e+001  4.177100e+001
      vertex -4.000000e+000 -2.210734e+001  5.271034e+001
      vertex -4.000000e+000 -2.166800e+001  5.377100e+001
    endloop
  endfacet
  facet normal -1.000000e+000  0.000000e+000  0.000000e+000
    outer loop
      vertex -4.000000e+000  2.166800e+001  4.177100e+001
      vertex -4.000000e+000  2.166800e+001  5.377100e+001
      vertex -4.000000e+000  2.210734e+001  5.271034e+001
    endloop
  endfacet
  facet normal -1.000000e+000  0.000000e+000  -0.000000e+000
    outer loop
      vertex -4.000000e+000  2.166800e+001  4.177100e+001
      vertex -4.000000e+000  2.210734e+001  5.271034e+001
      vertex -4.000000e+000  2.316800e+001  5.227100e+001
    endloop
  endfacet
  facet normal -9.999999e-001  0.000000e+000  0.000000e+000
    outer loop
      vertex -4.000000e+000  2.166800e+001  4.177100e+001
      vertex -4.000000e+000  2.316800e+001  5.227100e+001
      vertex -4.000000e+000  2.210734e+001  4.283166e+001
    endloop
  endfacet
  facet normal -1.000000e+000  0.000000e+000  0.000000e+000
    outer loop
      vertex -4.000000e+000 -1.100000e+001 -7.500000e+000
      vertex -4.000000e+000 -1.176393e+001 -5.148859e+000
      vertex -4.000000e+000 -1.176393e+001  1.148859e+000
    endloop
  endfacet
  facet normal -1.000000e+000  0.000000e+000  0.000000e+000
    outer loop
      vertex -4.000000e+000 -1.100000e+001 -7.500000e+000
      vertex -4.000000e+000 -1.176393e+001  1.148859e+000
      vertex -4.000000e+000 -1.100000e+001  3.500000e+000
    endloop
  endfacet
  facet normal -1.000000e+000  0.000000e+000  0.000000e+000
    outer loop
      vertex -4.000000e+000 -1.100000e+001 -7.500000e+000
      vertex -4.000000e+000 -1.100000e+001  3.500000e+000
      vertex -4.000000e+000 -4.000000e+000 -7.500000e+000
    endloop
  endfacet
  facet normal -1.000000e+000  -0.000000e+000  -0.000000e+000
    outer loop
      vertex -4.000000e+000 -1.100000e+001 -7.500000e+000
      vertex -4.000000e+000 -4.000000e+000 -7.500000e+000
      vertex -4.000000e+000 -3.236068e+000 -9.851141e+000
    endloop
  endfacet
  facet normal -1.000000e+000  0.000000e+000  0.000000e+000
    outer loop
      vertex -4.000000e+000  4.000000e+000  3.500000e+000
      vertex -4.000000e+000  3.236068e+000  5.851141e+000
      vertex -4.000000e+000  8.188950e-001  3.925070e+001
    endloop
  endfacet
  facet normal -1.000000e+000  0.000000e+000  0.000000e+000
    outer loop
      vertex -4.000000e+000  4.000000e+000  3.500000e+000
      vertex -4.000000e+000  8.188950e-001  3.925070e+001
      vertex -4.000000e+000  2.143895e+000  4.021337e+001
    endloop
  endfacet
  facet normal -1.000000e+000  0.000000e+000  0.000000e+000
    outer loop
      vertex -4.000000e+000  4.000000e+000  3.500000e+000
      vertex -4.000000e+000  2.143895e+000  4.021337e+001
      vertex -4.000000e+000  2.650000e+000  4.177100e+001
    endloop
  endfacet
  facet normal -1.000000e+000  0.000000e+000  -0.000000e+000
    outer loop
      vertex -4.000000e+000 -4.000000e+000  3.500000e+000
      vertex -4.000000e+000 -2.650000e+000  4.177100e+001
      vertex -4.000000e+000 -2.143895e+000  4.021337e+001
    endloop
  endfacet
  facet normal -1.000000e+000  0.000000e+000  -0.000000e+000
    outer loop
      vertex -4.000000e+000 -4.000000e+000  3.500000e+000
      vertex -4.000000e+000 -2.143895e+000  4.021337e+001
      vertex -4.000000e+000 -8.188950e-001  3.925070e+001
    endloop
  endfacet
  facet normal -9.999999e-001  0.000000e+000  0.000000e+000
    outer loop
      vertex -4.000000e+000 -4.000000e+000  3.500000e+000
      vertex -4.000000e+000 -8.188950e-001  3.925070e+001
      vertex -4.000000e+000 -3.236068e+000  5.851141e+000
    endloop
  endfacet
  facet normal -1.000000e+000  0.000000e+000  -0.000000e+000
    outer loop
      vertex -4.000000e+000  4.000000e+000 -7.500000e+000
      vertex -4.000000e+000  8.947702e+000  4.562506e+001
      vertex -4.000000e+000  1.095631e+001  4.562506e+001
    endloop
  endfacet
  facet normal -1.000000e+000  0.000000e+000  -0.000000e+000
    outer loop
      vertex -4.000000e+000  4.000000e+000 -7.500000e+000
      vertex -4.000000e+000  1.095631e+001  4.562506e+001
      vertex -4.000000e+000  1.100000e+001 -7.500000e+000
    endloop
  endfacet
  facet normal -1.000000e+000  -0.000000e+000  -0.000000e+000
    outer loop
      vertex -4.000000e+000  4.000000e+000 -7.500000e+000
      vertex -4.000000e+000  1.100000e+001 -7.500000e+000
      vertex -4.000000e+000  1.176393e+001 -9.851141e+000
    endloop
  endfacet
  facet normal -1.000000e+000  -0.000000e+000  -0.000000e+000
    outer loop
      vertex -4.000000e+000  4.000000e+000 -7.500000e+000
      vertex -4.000000e+000  1.176393e+001 -9.851141e+000
      vertex -4.000000e+000  1.376393e+001 -1.130423e+001
    endloop
  endfacet
  facet normal -1.000000e+000  0.000000e+000  0.000000e+000
    outer loop
      vertex -4.000000e+000  4.000000e+000 -7.500000e+000
      vertex -4.000000e+000  1.376393e+001 -1.130423e+001
      vertex -4.000000e+000  3.236068e+000 -9.851141e+000
    endloop
  endfacet
  facet normal -9.999999e-001  -0.000000e+000  0.000000e+000
    outer loop
      vertex -4.000000e+000 -8.000000e+000  7.200000e+001
      vertex -4.000000e+000  8.000000e+000  7.200000e+001
      vertex -4.000000e+000  8.188950e-001  6.829130e+001
    endloop
  endfacet
  facet normal -1.000000e+000  0.000000e+000  0.000000e+000
    outer loop
      vertex -4.000000e+000 -8.000000e+000  7.200000e+001
      vertex -4.000000e+000  8.188950e-001  6.829130e+001
      vertex -4.000000e+000 -8.188950e-001  6.829130e+001
    endloop
  endfacet
  facet normal -1.000000e+000  -0.000000e+000  0.000000e+000
    outer loop
      vertex -4.000000e+000 -8.000000e+000  7.200000e+001
      vertex -4.000000e+000 -8.188950e-001  6.829130e+001
      vertex -4.000000e+000 -2.143895e+000  6.732863e+001
    endloop
  endfacet
  facet normal -1.000000e+000  -0.000000e+000  0.000000e+000
    outer loop
      vertex -4.000000e+000 -8.000000e+000  7.200000e+001
      vertex -4.000000e+000 -2.143895e+000  6.732863e+001
      vertex -4.000000e+000 -2.650000e+000  6.577100e+001
    endloop
  endfacet
  facet normal -1.000000e+000  0.000000e+000  0.000000e+000
    outer loop
      vertex -4.000000e+000 -2.194219e+001  5.927100e+001
      vertex -4.000000e+000 -2.004806e+001  5.974789e+001
      vertex -4.000000e+000 -2.166800e+001  5.377100e+001
    endloop
  endfacet
  facet normal -1.000000e+000  0.000000e+000  0.000000e+000
    outer loop
      vertex -4.000000e+000 -2.194219e+001  5.927100e+001
      vertex -4.000000e+000 -2.166800e+001  5.377100e+001
      vertex -4.000000e+000 -2.210734e+001  5.483166e+001
    endloop
  endfacet
  facet normal -1.000000e+000  0.000000e+000  0.000000e+000
    outer loop
      vertex -4.000000e+000 -2.194219e+001  5.927100e+001
      vertex -4.000000e+000 -2.210734e+001  5.483166e+001
      vertex -4.000000e+000 -2.316800e+001  5.527100e+001
    endloop
  endfacet
  facet normal -9.999999e-001  0.000000e+000  0.000000e+000
    outer loop
      vertex -4.000000e+000 -2.600000e+001  3.600000e+001
      vertex -4.000000e+000 -3.400000e+001  3.600000e+001
      vertex -4.000000e+000 -3.629610e+001  3.645672e+001
    endloop
  endfacet
  facet normal -1.000000e+000  0.000000e+000  0.000000e+000
    outer loop
      vertex -4.000000e+000 -2.600000e+001  3.600000e+001
      vertex -4.000000e+000 -3.629610e+001  3.645672e+001
      vertex -4.000000e+000 -3.643500e+001  4.002100e+001
    endloop
  endfacet
  facet normal -1.000000e+000  0.000000e+000  0.000000e+000
    outer loop
      vertex -4.000000e+000 -2.600000e+001  3.600000e+001
      vertex -4.000000e+000 -3.643500e+001  4.002100e+001
      vertex -4.000000e+000 -2.370390e+001  3.554328e+001
    endloop
  endfacet
  facet normal -1.000000e+000  0.000000e+000  0.000000e+000
    outer loop
      vertex -4.000000e+000 -2.600000e+001 -1.500000e+001
      vertex -4.000000e+000 -2.600000e+001  1.500000e+001
      vertex -4.000000e+000 -2.000000e+001  2.800000e+001
    endloop
  endfacet
  facet normal -1.000000e+000  0.000000e+000  -0.000000e+000
    outer loop
      vertex -4.000000e+000 -2.600000e+001 -1.500000e+001
      vertex -4.000000e+000 -2.000000e+001  2.800000e+001
      vertex -4.000000e+000 -1.900000e+001 -7.500000e+000
    endloop
  endfacet
  facet normal -1.000000e+000  0.000000e+000  -0.000000e+000
    outer loop
      vertex -4.000000e+000 -2.600000e+001 -1.500000e+001
      vertex -4.000000e+000 -1.900000e+001 -7.500000e+000
      vertex -4.000000e+000 -1.823607e+001 -9.851141e+000
    endloop
  endfacet
  facet normal -1.000000e+000  0.000000e+000  -0.000000e+000
    outer loop
      vertex -4.000000e+000 -2.600000e+001 -1.500000e+001
      vertex -4.000000e+000 -1.823607e+001 -9.851141e+000
      vertex -4.000000e+000 -1.623607e+001 -1.130423e+001
    endloop
  endfacet
  facet normal -1.000000e+000  0.000000e+000  0.000000e+000
    outer loop
      vertex -4.000000e+000  2.600000e+001 -1.500000e+001
      vertex -4.000000e+000 -2.600000e+001 -1.500000e+001
      vertex -4.000000e+000 -1.623607e+001 -1.130423e+001
    endloop
  endfacet
  facet normal -1.000000e+000  0.000000e+000  0.000000e+000
    outer loop
      vertex -4.000000e+000  2.600000e+001 -1.500000e+001
      vertex -4.000000e+000 -1.623607e+001 -1.130423e+001
      vertex -4.000000e+000 -1.376393e+001 -1.130423e+001
    endloop
  endfacet
  facet normal -1.000000e+000  0.000000e+000  0.000000e+000
    outer loop
      vertex -4.000000e+000  2.600000e+001 -1.500000e+001
      vertex -4.000000e+000 -1.376393e+001 -1.130423e+001
      vertex -4.000000e+000 -1.236068e+000 -1.130423e+001
    endloop
  endfacet
  facet normal -1.000000e+000  0.000000e+000  0.000000e+000
    outer loop
      vertex -4.000000e+000  2.600000e+001 -1.500000e+001
      vertex -4.000000e+000 -1.236068e+000 -1.130423e+001
      vertex -4.000000e+000  1.236068e+000 -1.130423e+001
    endloop
  endfacet
  facet normal -9.999999e-001  0.000000e+000  0.000000e+000
    outer loop
      vertex -4.000000e+000  2.600000e+001 -1.500000e+001
      vertex -4.000000e+000  1.236068e+000 -1.130423e+001
      vertex -4.000000e+000  3.236068e+000 -9.851141e+000
    endloop
  endfacet
  facet normal -1.000000e+000  0.000000e+000  0.000000e+000
    outer loop
      vertex -4.000000e+000  2.600000e+001 -1.500000e+001
      vertex -4.000000e+000  3.236068e+000 -9.851141e+000
      vertex -4.000000e+000  1.376393e+001 -1.130423e+001
    endloop
  endfacet
  facet normal -1.000000e+000  0.000000e+000  0.000000e+000
    outer loop
      vertex -4.000000e+000  2.600000e+001 -1.500000e+001
      vertex -4.000000e+000  1.376393e+001 -1.130423e+001
      vertex -4.000000e+000  1.623607e+001 -1.130423e+001
    endloop
  endfacet
  facet normal -1.000000e+000  0.000000e+000  0.000000e+000
    outer loop
      vertex -4.000000e+000  2.600000e+001 -1.500000e+001
      vertex -4.000000e+000  1.623607e+001 -1.130423e+001
      vertex -4.000000e+000  1.823607e+001 -9.851141e+000
    endloop
  endfacet
  facet normal -1.000000e+000  0.000000e+000  0.000000e+000
    outer loop
      vertex -4.000000e+000  2.600000e+001 -1.500000e+001
      vertex -4.000000e+000  1.823607e+001 -9.851141e+000
      vertex -4.000000e+000  1.900000e+001 -7.500000e+000
    endloop
  endfacet
  facet normal -1.000000e+000  0.000000e+000  0.000000e+000
    outer loop
      vertex -4.000000e+000  2.600000e+001 -1.500000e+001
      vertex -4.000000e+000  1.900000e+001 -7.500000e+000
      vertex -4.000000e+000  2.000000e+001  2.800000e+001
    endloop
  endfacet
  facet normal -1.000000e+000  0.000000e+000  0.000000e+000
    outer loop
      vertex -4.000000e+000  2.600000e+001 -1.500000e+001
      vertex -4.000000e+000  2.000000e+001  2.800000e+001
      vertex -4.000000e+000  2.600000e+001  1.500000e+001
    endloop
  endfacet
  facet normal -1.000000e+000  0.000000e+000  0.000000e+000
    outer loop
      vertex -4.000000e+000 -1.376393e+001  7.304226e+000
      vertex -4.000000e+000 -1.623607e+001  7.304226e+000
      vertex -4.000000e+000 -1.474246e+001  6.938507e+001
    endloop
  endfacet
  facet normal -1.000000e+000  0.000000e+000  0.000000e+000
    outer loop
      vertex -4.000000e+000 -1.376393e+001  7.304226e+000
      vertex -4.000000e+000 -1.474246e+001  6.938507e+001
      vertex -4.000000e+000 -1.320201e+001  6.012600e+001
    endloop
  endfacet
  facet normal -1.000000e+000  0.000000e+000  -0.000000e+000
    outer loop
      vertex -4.000000e+000 -1.376393e+001  7.304226e+000
      vertex -4.000000e+000 -1.320201e+001  6.012600e+001
      vertex -4.000000e+000 -1.320201e+001  4.871600e+001
    endloop
  endfacet
  facet normal -1.000000e+000  0.000000e+000  -0.000000e+000
    outer loop
      vertex -4.000000e+000 -1.376393e+001  7.304226e+000
      vertex -4.000000e+000 -1.320201e+001  4.871600e+001
      vertex -4.000000e+000 -1.258131e+001  4.680570e+001
    endloop
  endfacet
  facet normal -1.000000e+000  0.000000e+000  -0.000000e+000
    outer loop
      vertex -4.000000e+000 -1.376393e+001  7.304226e+000
      vertex -4.000000e+000 -1.258131e+001  4.680570e+001
      vertex -4.000000e+000 -1.095631e+001  4.562506e+001
    endloop
  endfacet
  facet normal -1.000000e+000  0.000000e+000  0.000000e+000
    outer loop
      vertex -4.000000e+000 -1.376393e+001  7.304226e+000
      vertex -4.000000e+000 -1.095631e+001  4.562506e+001
      vertex -4.000000e+000 -1.176393e+001  5.851141e+000
    endloop
  endfacet
  facet normal -1.000000e+000  -0.000000e+000  0.000000e+000
    outer loop
      vertex -4.000000e+000 -2.000000e+001  2.800000e+001
      vertex -4.000000e+000 -1.623607e+001  7.304226e+000
      vertex -4.000000e+000 -1.823607e+001  5.851141e+000
    endloop
  endfacet
  facet normal -1.000000e+000  -0.000000e+000  0.000000e+000
    outer loop
      vertex -4.000000e+000 -2.000000e+001  2.800000e+001
      vertex -4.000000e+000 -1.823607e+001  5.851141e+000
      vertex -4.000000e+000 -1.900000e+001  3.500000e+000
    endloop
  endfacet
  facet normal -1.000000e+000  -0.000000e+000  -0.000000e+000
    outer loop
      vertex -4.000000e+000 -2.000000e+001  2.800000e+001
      vertex -4.000000e+000 -1.900000e+001  3.500000e+000
      vertex -4.000000e+000 -1.900000e+001 -7.500000e+000
    endloop
  endfacet
  facet normal -1.000000e+000  0.000000e+000  -0.000000e+000
    outer loop
      vertex -4.000000e+000 -8.947702e+000  4.562506e+001
      vertex -4.000000e+000 -7.322702e+000  4.680570e+001
      vertex -4.000000e+000 -8.188950e-001  4.429130e+001
    endloop
  endfacet
  facet normal -1.000000e+000  -0.000000e+000  0.000000e+000
    outer loop
      vertex -4.000000e+000 -8.947702e+000  4.562506e+001
      vertex -4.000000e+000 -8.188950e-001  4.429130e+001
      vertex -4.000000e+000 -2.143895e+000  4.332863e+001
    endloop
  endfacet
  facet normal -1.000000e+000  -0.000000e+000  0.000000e+000
    outer loop
      vertex -4.000000e+000 -8.947702e+000  4.562506e+001
      vertex -4.000000e+000 -2.143895e+000  4.332863e+001
      vertex -4.000000e+000 -2.650000e+000  4.177100e+001
    endloop
  endfacet
  facet normal -1.000000e+000  -0.000000e+000  0.000000e+000
    outer loop
      vertex -4.000000e+000 -8.947702e+000  4.562506e+001
      vertex -4.000000e+000 -2.650000e+000  4.177100e+001
      vertex -4.000000e+000 -4.000000e+000  3.500000e+000
    endloop
  endfacet
  facet normal -1.000000e+000  -0.000000e+000  -0.000000e+000
    outer loop
      vertex -4.000000e+000 -8.947702e+000  4.562506e+001
      vertex -4.000000e+000 -4.000000e+000  3.500000e+000
      vertex -4.000000e+000 -4.000000e+000 -7.500000e+000
    endloop
  endfacet
  facet normal -1.000000e+000  0.000000e+000  0.000000e+000
    outer loop
      vertex -4.000000e+000 -8.947702e+000  4.562506e+001
      vertex -4.000000e+000 -4.000000e+000 -7.500000e+000
      vertex -4.000000e+000 -1.095631e+001  4.562506e+001
    endloop
  endfacet
  facet normal -1.000000e+000  0.000000e+000  0.000000e+000
    outer loop
      vertex -4.000000e+000  2.000000e+001  2.800000e+001
      vertex -4.000000e+000  1.900000e+001 -7.500000e+000
      vertex -4.000000e+000  1.900000e+001  3.500000e+000
    endloop
  endfacet
  facet normal -1.000000e+000  0.000000e+000  0.000000e+000
    outer loop
      vertex -4.000000e+000  2.000000e+001  2.800000e+001
      vertex -4.000000e+000  1.900000e+001  3.500000e+000
      vertex -4.000000e+000  1.823607e+001  5.851141e+000
    endloop
  endfacet
  facet normal -1.000000e+000  0.000000e+000  0.000000e+000
    outer loop
      vertex -4.000000e+000  2.000000e+001  2.800000e+001
      vertex -4.000000e+000  1.823607e+001  5.851141e+000
      vertex -4.000000e+000  1.623607e+001  7.304226e+000
    endloop
  endfacet
  facet normal -1.000000e+000  0.000000e+000  0.000000e+000
    outer loop
      vertex -4.000000e+000  2.000000e+001  2.800000e+001
      vertex -4.000000e+000  1.623607e+001  7.304226e+000
      vertex -4.000000e+000  2.000000e+001  3.000000e+001
    endloop
  endfacet
  facet normal -1.000000e+000  -0.000000e+000  0.000000e+000
    outer loop
      vertex -4.000000e+000  2.194219e+001  5.927100e+001
      vertex -4.000000e+000  3.400000e+001  5.927100e+001
      vertex -4.000000e+000  2.316800e+001  5.527100e+001
    endloop
  endfacet
  facet normal -1.000000e+000  -0.000000e+000  0.000000e+000
    outer loop
      vertex -4.000000e+000  2.194219e+001  5.927100e+001
      vertex -4.000000e+000  2.316800e+001  5.527100e+001
      vertex -4.000000e+000  2.210734e+001  5.483166e+001
    endloop
  endfacet
  facet normal -1.000000e+000  -0.000000e+000  0.000000e+000
    outer loop
      vertex -4.000000e+000  2.194219e+001  5.927100e+001
      vertex -4.000000e+000  2.210734e+001  5.483166e+001
      vertex -4.000000e+000  2.166800e+001  5.377100e+001
    endloop
  endfacet
  facet normal -1.000000e+000  0.000000e+000  0.000000e+000
    outer loop
      vertex -4.000000e+000  2.194219e+001  5.927100e+001
      vertex -4.000000e+000  2.166800e+001  5.377100e+001
      vertex -4.000000e+000  2.004806e+001  5.974789e+001
    endloop
  endfacet
  facet normal -1.000000e+000  -0.000000e+000  0.000000e+000
    outer loop
      vertex -4.000000e+000  1.095631e+001  4.562506e+001
      vertex -4.000000e+000  1.376393e+001  7.304226e+000
      vertex -4.000000e+000  1.176393e+001  5.851141e+000
    endloop
  endfacet
  facet normal -1.000000e+000  -0.000000e+000  0.000000e+000
    outer loop
      vertex -4.000000e+000  1.095631e+001  4.562506e+001
      vertex -4.000000e+000  1.176393e+001  5.851141e+000
      vertex -4.000000e+000  1.100000e+001  3.500000e+000
    endloop
  endfacet
  facet normal -9.999999e-001  -0.000000e+000  -0.000000e+000
    outer loop
      vertex -4.000000e+000  1.095631e+001  4.562506e+001
      vertex -4.000000e+000  1.100000e+001  3.500000e+000
      vertex -4.000000e+000  1.100000e+001 -7.500000e+000
    endloop
  endfacet
  facet normal -1.000000e+000  0.000000e+000  0.000000e+000
    outer loop
      vertex -4.000000e+000  8.947702e+000  4.562506e+001
      vertex -4.000000e+000  4.000000e+000 -7.500000e+000
      vertex -4.000000e+000  4.000000e+000  3.500000e+000
    endloop
  endfacet
  facet normal -1.000000e+000  0.000000e+000  0.000000e+000
    outer loop
      vertex -4.000000e+000  8.947702e+000  4.562506e+001
      vertex -4.000000e+000  4.000000e+000  3.500000e+000
      vertex -4.000000e+000  2.650000e+000  4.177100e+001
    endloop
  endfacet
  facet normal -1.000000e+000  0.000000e+000  0.000000e+000
    outer loop
      vertex -4.000000e+000  8.947702e+000  4.562506e+001
      vertex -4.000000e+000  2.650000e+000  4.177100e+001
      vertex -4.000000e+000  2.143895e+000  4.332863e+001
    endloop
  endfacet
  facet normal -1.000000e+000  0.000000e+000  0.000000e+000
    outer loop
      vertex -4.000000e+000  8.947702e+000  4.562506e+001
      vertex -4.000000e+000  2.143895e+000  4.332863e+001
      vertex -4.000000e+000  8.188950e-001  4.429130e+001
    endloop
  endfacet
  facet normal -1.000000e+000  0.000000e+000  0.000000e+000
    outer loop
      vertex -4.000000e+000  8.947702e+000  4.562506e+001
      vertex -4.000000e+000  8.188950e-001  4.429130e+001
      vertex -4.000000e+000  7.322702e+000  4.680570e+001
    endloop
  endfacet
  facet normal -1.000000e+000  0.000000e+000  0.000000e+000
    outer loop
      vertex -4.000000e+000 -1.236068e+000 -1.130423e+001
      vertex -4.000000e+000 -1.376393e+001 -1.130423e+001
      vertex -4.000000e+000 -1.176393e+001 -9.851141e+000
    endloop
  endfacet
  facet normal -1.000000e+000  0.000000e+000  0.000000e+000
    outer loop
      vertex -4.000000e+000 -1.236068e+000 -1.130423e+001
      vertex -4.000000e+000 -1.176393e+001 -9.851141e+000
      vertex -4.000000e+000 -1.100000e+001 -7.500000e+000
    endloop
  endfacet
  facet normal -1.000000e+000  0.000000e+000  0.000000e+000
    outer loop
      vertex -4.000000e+000 -1.236068e+000 -1.130423e+001
      vertex -4.000000e+000 -1.100000e+001 -7.500000e+000
      vertex -4.000000e+000 -3.236068e+000 -9.851141e+000
    endloop
  endfacet
  facet normal -1.000000e+000  0.000000e+000  0.000000e+000
    outer loop
      vertex -4.000000e+000  1.376393e+001  7.304226e+000
      vertex -4.000000e+000  1.095631e+001  4.562506e+001
      vertex -4.000000e+000  1.258131e+001  4.680570e+001
    endloop
  endfacet
  facet normal -1.000000e+000  0.000000e+000  0.000000e+000
    outer loop
      vertex -4.000000e+000  1.376393e+001  7.304226e+000
      vertex -4.000000e+000  1.258131e+001  4.680570e+001
      vertex -4.000000e+000  1.320201e+001  4.871600e+001
    endloop
  endfacet
  facet normal -1.000000e+000  0.000000e+000  0.000000e+000
    outer loop
      vertex -4.000000e+000  1.376393e+001  7.304226e+000
      vertex -4.000000e+000  1.320201e+001  4.871600e+001
      vertex -4.000000e+000  1.320201e+001  6.012600e+001
    endloop
  endfacet
  facet normal -1.000000e+000  0.000000e+000  0.000000e+000
    outer loop
      vertex -4.000000e+000  3.954328e+001  3.970390e+001
      vertex -4.000000e+000  3.824264e+001  3.775736e+001
      vertex -4.000000e+000  3.643500e+001  4.002100e+001
    endloop
  endfacet
  facet normal -1.000000e+000  0.000000e+000  0.000000e+000
    outer loop
      vertex -4.000000e+000  3.954328e+001  3.970390e+001
      vertex -4.000000e+000  3.643500e+001  4.002100e+001
      vertex -4.000000e+000  3.767244e+001  4.053356e+001
    endloop
  endfacet
  facet normal -1.000000e+000  0.000000e+000  0.000000e+000
    outer loop
      vertex -4.000000e+000  3.954328e+001  3.970390e+001
      vertex -4.000000e+000  3.767244e+001  4.053356e+001
      vertex -4.000000e+000  3.818500e+001  4.177100e+001
    endloop
  endfacet
  facet normal -1.000000e+000  0.000000e+000  0.000000e+000
    outer loop
      vertex -4.000000e+000  3.954328e+001  3.970390e+001
      vertex -4.000000e+000  3.818500e+001  4.177100e+001
      vertex -4.000000e+000  4.000000e+001  4.200000e+001
    endloop
  endfacet
  facet normal -1.000000e+000  0.000000e+000  0.000000e+000
    outer loop
      vertex -4.000000e+000  2.600000e+001  3.600000e+001
      vertex -4.000000e+000  2.370390e+001  3.554328e+001
      vertex -4.000000e+000  3.643500e+001  4.002100e+001
    endloop
  endfacet
  facet normal -9.999999e-001  0.000000e+000  -0.000000e+000
    outer loop
      vertex -4.000000e+000  2.600000e+001  3.600000e+001
      vertex -4.000000e+000  3.643500e+001  4.002100e+001
      vertex -4.000000e+000  3.824264e+001  3.775736e+001
    endloop
  endfacet
  facet normal -1.000000e+000  0.000000e+000  0.000000e+000
    outer loop
      vertex -4.000000e+000  2.600000e+001  3.600000e+001
      vertex -4.000000e+000  3.824264e+001  3.775736e+001
      vertex -4.000000e+000  3.629610e+001  3.645672e+001
    endloop
  endfacet
  facet normal -9.999999e-001  0.000000e+000  0.000000e+000
    outer loop
      vertex -4.000000e+000  2.600000e+001  3.600000e+001
      vertex -4.000000e+000  3.629610e+001  3.645672e+001
      vertex -4.000000e+000  3.400000e+001  3.600000e+001
    endloop
  endfacet
  facet normal -9.999999e-001  0.000000e+000  0.000000e+000
    outer loop
      vertex -4.000000e+000  1.320201e+001  4.871600e+001
      vertex -4.000000e+000  1.258131e+001  5.062630e+001
      vertex -4.000000e+000  1.095631e+001  5.703506e+001
    endloop
  endfacet
  facet normal -1.000000e+000  0.000000e+000  0.000000e+000
    outer loop
      vertex -4.000000e+000  1.320201e+001  4.871600e+001
      vertex -4.000000e+000  1.095631e+001  5.703506e+001
      vertex -4.000000e+000  1.258131e+001  5.821570e+001
    endloop
  endfacet
  facet normal -9.999999e-001  0.000000e+000  0.000000e+000
    outer loop
      vertex -4.000000e+000  1.320201e+001  4.871600e+001
      vertex -4.000000e+000  1.258131e+001  5.821570e+001
      vertex -4.000000e+000  1.320201e+001  6.012600e+001
    endloop
  endfacet
  facet normal -9.999999e-001  0.000000e+000  0.000000e+000
    outer loop
      vertex -4.000000e+000 -1.320201e+001  4.871600e+001
      vertex -4.000000e+000 -1.320201e+001  6.012600e+001
      vertex -4.000000e+000 -1.258131e+001  5.821570e+001
    endloop
  endfacet
  facet normal -1.000000e+000  0.000000e+000  -0.000000e+000
    outer loop
      vertex -4.000000e+000 -1.320201e+001  4.871600e+001
      vertex -4.000000e+000 -1.258131e+001  5.821570e+001
      vertex -4.000000e+000 -1.095631e+001  5.703506e+001
    endloop
  endfacet
  facet normal -9.999999e-001  0.000000e+000  0.000000e+000
    outer loop
      vertex -4.000000e+000 -1.320201e+001  4.871600e+001
      vertex -4.000000e+000 -1.095631e+001  5.703506e+001
      vertex -4.000000e+000 -1.258131e+001  5.062630e+001
    endloop
  endfacet
  facet normal -9.999999e-001  0.000000e+000  0.000000e+000
    outer loop
      vertex -4.000000e+000 -3.767244e+001  5.500844e+001
      vertex -4.000000e+000 -3.954328e+001  5.556710e+001
      vertex -4.000000e+000 -3.643500e+001  5.552100e+001
    endloop
  endfacet
  facet normal -1.000000e+000  0.000000e+000  0.000000e+000
    outer loop
      vertex -4.000000e+000 -3.643500e+001  5.552100e+001
      vertex -4.000000e+000 -3.954328e+001  5.556710e+001
      vertex -4.000000e+000 -3.824264e+001  5.751364e+001
    endloop
  endfacet
  facet normal -1.000000e+000  0.000000e+000  0.000000e+000
    outer loop
      vertex -4.000000e+000 -3.643500e+001  5.552100e+001
      vertex -4.000000e+000 -3.824264e+001  5.751364e+001
      vertex -4.000000e+000 -2.316800e+001  5.527100e+001
    endloop
  endfacet
  facet normal -1.000000e+000  0.000000e+000  0.000000e+000
    outer loop
      vertex -4.000000e+000 -2.316800e+001  5.527100e+001
      vertex -4.000000e+000 -3.824264e+001  5.751364e+001
      vertex -4.000000e+000 -3.629610e+001  5.881428e+001
    endloop
  endfacet
  facet normal -1.000000e+000  0.000000e+000  0.000000e+000
    outer loop
      vertex -4.000000e+000 -2.316800e+001  5.527100e+001
      vertex -4.000000e+000 -3.629610e+001  5.881428e+001
      vertex -4.000000e+000 -2.194219e+001  5.927100e+001
    endloop
  endfacet
  facet normal -1.000000e+000  -0.000000e+000  0.000000e+000
    outer loop
      vertex -4.000000e+000 -2.194219e+001  5.927100e+001
      vertex -4.000000e+000 -3.629610e+001  5.881428e+001
      vertex -4.000000e+000 -3.400000e+001  5.927100e+001
    endloop
  endfacet
  facet normal -1.000000e+000  0.000000e+000  0.000000e+000
    outer loop
      vertex -4.000000e+000  1.100000e+001 -7.500000e+000
      vertex -4.000000e+000  1.100000e+001  3.500000e+000
      vertex -4.000000e+000  1.176393e+001 -5.148859e+000
    endloop
  endfacet
  facet normal -1.000000e+000  0.000000e+000  0.000000e+000
    outer loop
      vertex -4.000000e+000  1.176393e+001 -5.148859e+000
      vertex -4.000000e+000  1.100000e+001  3.500000e+000
      vertex -4.000000e+000  1.176393e+001  1.148859e+000
    endloop
  endfacet
  facet normal -9.999999e-001  0.000000e+000  0.000000e+000
    outer loop
      vertex -4.000000e+000  1.176393e+001 -5.148859e+000
      vertex -4.000000e+000  1.176393e+001  1.148859e+000
      vertex -4.000000e+000  1.376393e+001 -3.042261e-001
    endloop
  endfacet
  facet normal -1.000000e+000  0.000000e+000  0.000000e+000
    outer loop
      vertex -4.000000e+000 -3.629610e+001  3.645672e+001
      vertex -4.000000e+000 -3.824264e+001  3.775736e+001
      vertex -4.000000e+000 -3.643500e+001  4.002100e+001
    endloop
  endfacet
  facet normal -1.000000e+000  0.000000e+000  0.000000e+000
    outer loop
      vertex -4.000000e+000 -3.643500e+001  4.002100e+001
      vertex -4.000000e+000 -3.824264e+001  3.775736e+001
      vertex -4.000000e+000 -3.954328e+001  3.970390e+001
    endloop
  endfacet
  facet normal -1.000000e+000  0.000000e+000  0.000000e+000
    outer loop
      vertex -4.000000e+000 -3.643500e+001  4.002100e+001
      vertex -4.000000e+000 -3.954328e+001  3.970390e+001
      vertex -4.000000e+000 -3.767244e+001  4.053356e+001
    endloop
  endfacet
  facet normal -1.000000e+000  0.000000e+000  0.000000e+000
    outer loop
      vertex -4.000000e+000  1.236068e+000 -3.042261e-001
      vertex -4.000000e+000  1.236068e+000 -3.695774e+000
      vertex -4.000000e+000 -1.236068e+000 -3.042261e-001
    endloop
  endfacet
  facet normal -1.000000e+000  0.000000e+000  0.000000e+000
    outer loop
      vertex -4.000000e+000 -1.236068e+000 -3.042261e-001
      vertex -4.000000e+000  1.236068e+000 -3.695774e+000
      vertex -4.000000e+000 -1.236068e+000 -3.695774e+000
    endloop
  endfacet
  facet normal -1.000000e+000  -0.000000e+000  0.000000e+000
    outer loop
      vertex -4.000000e+000 -1.236068e+000 -3.042261e-001
      vertex -4.000000e+000 -1.236068e+000 -3.695774e+000
      vertex -4.000000e+000 -3.236068e+000 -5.148859e+000
    endloop
  endfacet
  facet normal -1.000000e+000  0.000000e+000  -0.000000e+000
    outer loop
      vertex -4.000000e+000 -1.236068e+000  7.304226e+000
      vertex -4.000000e+000 -8.188950e-001  3.925070e+001
      vertex -4.000000e+000  1.236068e+000  7.304226e+000
    endloop
  endfacet
  facet normal -1.000000e+000  0.000000e+000  0.000000e+000
    outer loop
      vertex -4.000000e+000  1.236068e+000  7.304226e+000
      vertex -4.000000e+000 -8.188950e-001  3.925070e+001
      vertex -4.000000e+000  8.188950e-001  3.925070e+001
    endloop
  endfacet
  facet normal -1.000000e+000  0.000000e+000  0.000000e+000
    outer loop
      vertex -4.000000e+000  1.236068e+000  7.304226e+000
      vertex -4.000000e+000  8.188950e-001  3.925070e+001
      vertex -4.000000e+000  3.236068e+000  5.851141e+000
    endloop
  endfacet
  facet normal -9.999999e-001  0.000000e+000  -0.000000e+000
    outer loop
      vertex -4.000000e+000 -7.322702e+000  4.680570e+001
      vertex -4.000000e+000 -6.702007e+000  4.871600e+001
      vertex -4.000000e+000 -8.188950e-001  4.429130e+001
    endloop
  endfacet
  facet normal -1.000000e+000  0.000000e+000  0.000000e+000
    outer loop
      vertex -4.000000e+000 -8.188950e-001  4.429130e+001
      vertex -4.000000e+000 -6.702007e+000  4.871600e+001
      vertex -4.000000e+000 -8.188950e-001  5.125070e+001
    endloop
  endfacet
  facet normal -1.000000e+000  0.000000e+000  0.000000e+000
    outer loop
      vertex -4.000000e+000 -8.188950e-001  4.429130e+001
      vertex -4.000000e+000 -8.188950e-001  5.125070e+001
      vertex -4.000000e+000  8.188950e-001  4.429130e+001
    endloop
  endfacet
  facet normal -1.000000e+000  0.000000e+000  0.000000e+000
    outer loop
      vertex -4.000000e+000  8.188950e-001  4.429130e+001
      vertex -4.000000e+000 -8.188950e-001  5.125070e+001
      vertex -4.000000e+000  8.188950e-001  5.125070e+001
    endloop
  endfacet
  facet normal -1.000000e+000  0.000000e+000  0.000000e+000
    outer loop
      vertex -4.000000e+000  8.188950e-001  4.429130e+001
      vertex -4.000000e+000  8.188950e-001  5.125070e+001
      vertex -4.000000e+000  7.322702e+000  4.680570e+001
    endloop
  endfacet
  facet normal -1.000000e+000  0.000000e+000  0.000000e+000
    outer loop
      vertex -4.000000e+000  7.322702e+000  4.680570e+001
      vertex -4.000000e+000  8.188950e-001  5.125070e+001
      vertex -4.000000e+000  6.702007e+000  4.871600e+001
    endloop
  endfacet
  facet normal -1.000000e+000  0.000000e+000  -0.000000e+000
    outer loop
      vertex -4.000000e+000 -7.322702e+000  5.821570e+001
      vertex -4.000000e+000 -6.702007e+000  6.012600e+001
      vertex -4.000000e+000 -8.188950e-001  5.629130e+001
    endloop
  endfacet
  facet normal -1.000000e+000  0.000000e+000  0.000000e+000
    outer loop
      vertex -4.000000e+000 -8.188950e-001  5.629130e+001
      vertex -4.000000e+000 -6.702007e+000  6.012600e+001
      vertex -4.000000e+000 -8.188950e-001  6.325070e+001
    endloop
  endfacet
  facet normal -1.000000e+000  0.000000e+000  0.000000e+000
    outer loop
      vertex -4.000000e+000 -8.188950e-001  5.629130e+001
      vertex -4.000000e+000 -8.188950e-001  6.325070e+001
      vertex -4.000000e+000  8.188950e-001  5.629130e+001
    endloop
  endfacet
  facet normal -1.000000e+000  0.000000e+000  0.000000e+000
    outer loop
      vertex -4.000000e+000  8.188950e-001  5.629130e+001
      vertex -4.000000e+000 -8.188950e-001  6.325070e+001
      vertex -4.000000e+000  8.188950e-001  6.325070e+001
    endloop
  endfacet
  facet normal -1.000000e+000  0.000000e+000  0.000000e+000
    outer loop
      vertex -4.000000e+000  8.188950e-001  5.629130e+001
      vertex -4.000000e+000  8.188950e-001  6.325070e+001
      vertex -4.000000e+000  7.322702e+000  5.821570e+001
    endloop
  endfacet
  facet normal -1.000000e+000  0.000000e+000  0.000000e+000
    outer loop
      vertex -4.000000e+000  7.322702e+000  5.821570e+001
      vertex -4.000000e+000  8.188950e-001  6.325070e+001
      vertex -4.000000e+000  6.702007e+000  6.012600e+001
    endloop
  endfacet
  facet normal -1.000000e+000  0.000000e+000  0.000000e+000
    outer loop
      vertex -4.000000e+000 -1.376393e+001 -3.042261e-001
      vertex -4.000000e+000 -1.376393e+001 -3.695774e+000
      vertex -4.000000e+000 -1.623607e+001 -3.042261e-001
    endloop
  endfacet
  facet normal -1.000000e+000  0.000000e+000  0.000000e+000
    outer loop
      vertex -4.000000e+000 -1.623607e+001 -3.042261e-001
      vertex -4.000000e+000 -1.376393e+001 -3.695774e+000
      vertex -4.000000e+000 -1.623607e+001 -3.695774e+000
    endloop
  endfacet
  facet normal -1.000000e+000  -0.000000e+000  0.000000e+000
    outer loop
      vertex -4.000000e+000 -1.623607e+001 -3.042261e-001
      vertex -4.000000e+000 -1.623607e+001 -3.695774e+000
      vertex -4.000000e+000 -1.823607e+001 -5.148859e+000
    endloop
  endfacet
  facet normal -1.000000e+000  0.000000e+000  0.000000e+000
    outer loop
      vertex -4.000000e+000 -1.695660e+001  6.644739e+001
      vertex -4.000000e+000 -1.474246e+001  6.938507e+001
      vertex -4.000000e+000 -1.795870e+001  6.290786e+001
    endloop
  endfacet
  facet normal -1.000000e+000  0.000000e+000  0.000000e+000
    outer loop
      vertex -4.000000e+000 -1.795870e+001  6.290786e+001
      vertex -4.000000e+000 -1.474246e+001  6.938507e+001
      vertex -4.000000e+000 -1.623607e+001  7.304226e+000
    endloop
  endfacet
  facet normal -1.000000e+000  0.000000e+000  0.000000e+000
    outer loop
      vertex -4.000000e+000 -1.795870e+001  6.290786e+001
      vertex -4.000000e+000 -1.623607e+001  7.304226e+000
      vertex -4.000000e+000 -1.860559e+001  6.106485e+001
    endloop
  endfacet
  facet normal -1.000000e+000  0.000000e+000  0.000000e+000
    outer loop
      vertex -4.000000e+000 -2.166800e+001  4.177100e+001
      vertex -4.000000e+000 -2.166800e+001  5.377100e+001
      vertex -4.000000e+000 -2.045672e+001  3.229610e+001
    endloop
  endfacet
  facet normal -1.000000e+000  0.000000e+000  0.000000e+000
    outer loop
      vertex -4.000000e+000 -2.045672e+001  3.229610e+001
      vertex -4.000000e+000 -2.166800e+001  5.377100e+001
      vertex -4.000000e+000 -2.004806e+001  5.974789e+001
    endloop
  endfacet
  facet normal -1.000000e+000  0.000000e+000  -0.000000e+000
    outer loop
      vertex -4.000000e+000 -2.045672e+001  3.229610e+001
      vertex -4.000000e+000 -2.004806e+001  5.974789e+001
      vertex -4.000000e+000 -2.000000e+001  3.000000e+001
    endloop
  endfacet
  facet normal -1.000000e+000  0.000000e+000  0.000000e+000
    outer loop
      vertex -4.000000e+000 -2.000000e+001  3.000000e+001
      vertex -4.000000e+000 -2.004806e+001  5.974789e+001
      vertex -4.000000e+000 -1.860559e+001  6.106485e+001
    endloop
  endfacet
  facet normal -1.000000e+000  0.000000e+000  0.000000e+000
    outer loop
      vertex -4.000000e+000 -2.000000e+001  3.000000e+001
      vertex -4.000000e+000 -1.860559e+001  6.106485e+001
      vertex -4.000000e+000 -2.000000e+001  2.800000e+001
    endloop
  endfacet
  facet normal -1.000000e+000  0.000000e+000  0.000000e+000
    outer loop
      vertex -4.000000e+000 -2.000000e+001  2.800000e+001
      vertex -4.000000e+000 -1.860559e+001  6.106485e+001
      vertex -4.000000e+000 -1.623607e+001  7.304226e+000
    endloop
  endfacet
  facet normal -1.000000e+000  0.000000e+000  0.000000e+000
    outer loop
      vertex -4.000000e+000 -1.095631e+001  4.562506e+001
      vertex -4.000000e+000 -4.000000e+000 -7.500000e+000
      vertex -4.000000e+000 -1.176393e+001  5.851141e+000
    endloop
  endfacet
  facet normal -1.000000e+000  0.000000e+000  0.000000e+000
    outer loop
      vertex -4.000000e+000 -1.176393e+001  5.851141e+000
      vertex -4.000000e+000 -4.000000e+000 -7.500000e+000
      vertex -4.000000e+000 -1.100000e+001  3.500000e+000
    endloop
  endfacet
  facet normal -1.000000e+000  0.000000e+000  0.000000e+000
    outer loop
      vertex -4.000000e+000 -2.143895e+000  5.532863e+001
      vertex -4.000000e+000 -2.650000e+000  5.377100e+001
      vertex -4.000000e+000 -8.947702e+000  5.703506e+001
    endloop
  endfacet
  facet normal -1.000000e+000  0.000000e+000  0.000000e+000
    outer loop
      vertex -4.000000e+000 -8.947702e+000  5.703506e+001
      vertex -4.000000e+000 -2.650000e+000  5.377100e+001
      vertex -4.000000e+000 -8.947702e+000  5.180693e+001
    endloop
  endfacet
  facet normal -1.000000e+000  0.000000e+000  0.000000e+000
    outer loop
      vertex -4.000000e+000 -8.947702e+000  5.703506e+001
      vertex -4.000000e+000 -8.947702e+000  5.180693e+001
      vertex -4.000000e+000 -1.095631e+001  5.703506e+001
    endloop
  endfacet
  facet normal -1.000000e+000  0.000000e+000  0.000000e+000
    outer loop
      vertex -4.000000e+000 -1.095631e+001  5.703506e+001
      vertex -4.000000e+000 -8.947702e+000  5.180693e+001
      vertex -4.000000e+000 -1.095631e+001  5.180693e+001
    endloop
  endfacet
  facet normal -1.000000e+000  -0.000000e+000  0.000000e+000
    outer loop
      vertex -4.000000e+000 -1.095631e+001  5.703506e+001
      vertex -4.000000e+000 -1.095631e+001  5.180693e+001
      vertex -4.000000e+000 -1.258131e+001  5.062630e+001
    endloop
  endfacet
  facet normal -1.000000e+000  0.000000e+000  -0.000000e+000
    outer loop
      vertex -4.000000e+000 -1.474246e+001  6.938507e+001
      vertex -4.000000e+000 -1.161589e+001  7.132338e+001
      vertex -4.000000e+000 -1.095631e+001  6.321693e+001
    endloop
  endfacet
  facet normal -1.000000e+000  0.000000e+000  0.000000e+000
    outer loop
      vertex -4.000000e+000 -1.095631e+001  6.321693e+001
      vertex -4.000000e+000 -1.161589e+001  7.132338e+001
      vertex -4.000000e+000 -8.000000e+000  7.200000e+001
    endloop
  endfacet
  facet normal -1.000000e+000  0.000000e+000  0.000000e+000
    outer loop
      vertex -4.000000e+000 -1.095631e+001  6.321693e+001
      vertex -4.000000e+000 -8.000000e+000  7.200000e+001
      vertex -4.000000e+000 -8.947702e+000  6.321693e+001
    endloop
  endfacet
  facet normal -1.000000e+000  0.000000e+000  0.000000e+000
    outer loop
      vertex -4.000000e+000 -8.947702e+000  6.321693e+001
      vertex -4.000000e+000 -8.000000e+000  7.200000e+001
      vertex -4.000000e+000 -2.650000e+000  6.577100e+001
    endloop
  endfacet
  facet normal -1.000000e+000  0.000000e+000  -0.000000e+000
    outer loop
      vertex -4.000000e+000 -8.947702e+000  6.321693e+001
      vertex -4.000000e+000 -2.650000e+000  6.577100e+001
      vertex -4.000000e+000 -2.143895e+000  6.421337e+001
    endloop
  endfacet
  facet normal -1.000000e+000  -0.000000e+000  0.000000e+000
    outer loop
      vertex -4.000000e+000  3.629610e+001  5.881428e+001
      vertex -4.000000e+000  3.824264e+001  5.751364e+001
      vertex -4.000000e+000  2.316800e+001  5.527100e+001
    endloop
  endfacet
  facet normal -1.000000e+000  0.000000e+000  0.000000e+000
    outer loop
      vertex -4.000000e+000  2.316800e+001  5.527100e+001
      vertex -4.000000e+000  3.824264e+001  5.751364e+001
      vertex -4.000000e+000  3.643500e+001  5.552100e+001
    endloop
  endfacet
  facet normal -1.000000e+000  0.000000e+000  0.000000e+000
    outer loop
      vertex -4.000000e+000  2.316800e+001  5.527100e+001
      vertex -4.000000e+000  3.643500e+001  5.552100e+001
      vertex -4.000000e+000  2.422866e+001  5.483166e+001
    endloop
  endfacet
  facet normal -1.000000e+000  0.000000e+000  0.000000e+000
    outer loop
      vertex -4.000000e+000  2.422866e+001  5.483166e+001
      vertex -4.000000e+000  3.643500e+001  5.552100e+001
      vertex -4.000000e+000  3.519756e+001  5.500844e+001
    endloop
  endfacet
  facet normal -1.000000e+000  0.000000e+000  0.000000e+000
    outer loop
      vertex -4.000000e+000  2.422866e+001  5.483166e+001
      vertex -4.000000e+000  3.519756e+001  5.500844e+001
      vertex -4.000000e+000  2.466800e+001  5.377100e+001
    endloop
  endfacet
  facet normal -1.000000e+000  0.000000e+000  0.000000e+000
    outer loop
      vertex -4.000000e+000  2.466800e+001  5.377100e+001
      vertex -4.000000e+000  3.519756e+001  5.500844e+001
      vertex -4.000000e+000  3.468500e+001  5.377100e+001
    endloop
  endfacet
  facet normal -9.999999e-001  -0.000000e+000  0.000000e+000
    outer loop
      vertex -4.000000e+000  2.466800e+001  5.377100e+001
      vertex -4.000000e+000  3.468500e+001  5.377100e+001
      vertex -4.000000e+000  2.422866e+001  5.271034e+001
    endloop
  endfacet
  facet normal -1.000000e+000  0.000000e+000  0.000000e+000
    outer loop
      vertex -4.000000e+000  2.422866e+001  5.271034e+001
      vertex -4.000000e+000  3.468500e+001  5.377100e+001
      vertex -4.000000e+000  3.519756e+001  5.253356e+001
    endloop
  endfacet
  facet normal -1.000000e+000  -0.000000e+000  0.000000e+000
    outer loop
      vertex -4.000000e+000  2.422866e+001  5.271034e+001
      vertex -4.000000e+000  3.519756e+001  5.253356e+001
      vertex -4.000000e+000  2.316800e+001  5.227100e+001
    endloop
  endfacet
  facet normal -1.000000e+000  0.000000e+000  0.000000e+000
    outer loop
      vertex -4.000000e+000  2.316800e+001  5.227100e+001
      vertex -4.000000e+000  3.519756e+001  5.253356e+001
      vertex -4.000000e+000  3.643500e+001  5.202100e+001
    endloop
  endfacet
  facet normal -1.000000e+000  -0.000000e+000  0.000000e+000
    outer loop
      vertex -4.000000e+000  2.316800e+001  5.227100e+001
      vertex -4.000000e+000  3.643500e+001  5.202100e+001
      vertex -4.000000e+000  2.316800e+001  4.327100e+001
    endloop
  endfacet
  facet normal -1.000000e+000  0.000000e+000  0.000000e+000
    outer loop
      vertex -4.000000e+000  2.316800e+001  4.327100e+001
      vertex -4.000000e+000  3.643500e+001  5.202100e+001
      vertex -4.000000e+000  3.643500e+001  4.352100e+001
    endloop
  endfacet
  facet normal -1.000000e+000  0.000000e+000  0.000000e+000
    outer loop
      vertex -4.000000e+000  2.316800e+001  4.327100e+001
      vertex -4.000000e+000  3.643500e+001  4.352100e+001
      vertex -4.000000e+000  2.422866e+001  4.283166e+001
    endloop
  endfacet
  facet normal -1.000000e+000  0.000000e+000  0.000000e+000
    outer loop
      vertex -4.000000e+000  2.422866e+001  4.283166e+001
      vertex -4.000000e+000  3.643500e+001  4.352100e+001
      vertex -4.000000e+000  3.519756e+001  4.300844e+001
    endloop
  endfacet
  facet normal -1.000000e+000  0.000000e+000  0.000000e+000
    outer loop
      vertex -4.000000e+000  2.422866e+001  4.283166e+001
      vertex -4.000000e+000  3.519756e+001  4.300844e+001
      vertex -4.000000e+000  2.466800e+001  4.177100e+001
    endloop
  endfacet
  facet normal -1.000000e+000  0.000000e+000  0.000000e+000
    outer loop
      vertex -4.000000e+000  2.466800e+001  4.177100e+001
      vertex -4.000000e+000  3.519756e+001  4.300844e+001
      vertex -4.000000e+000  3.468500e+001  4.177100e+001
    endloop
  endfacet
  facet normal -9.999999e-001  -0.000000e+000  0.000000e+000
    outer loop
      vertex -4.000000e+000  2.466800e+001  4.177100e+001
      vertex -4.000000e+000  3.468500e+001  4.177100e+001
      vertex -4.000000e+000  2.422866e+001  4.071034e+001
    endloop
  endfacet
  facet normal -1.000000e+000  0.000000e+000  0.000000e+000
    outer loop
      vertex -4.000000e+000  2.422866e+001  4.071034e+001
      vertex -4.000000e+000  3.468500e+001  4.177100e+001
      vertex -4.000000e+000  3.519756e+001  4.053356e+001
    endloop
  endfacet
  facet normal -1.000000e+000  -0.000000e+000  0.000000e+000
    outer loop
      vertex -4.000000e+000  2.422866e+001  4.071034e+001
      vertex -4.000000e+000  3.519756e+001  4.053356e+001
      vertex -4.000000e+000  2.316800e+001  4.027100e+001
    endloop
  endfacet
  facet normal -1.000000e+000  0.000000e+000  0.000000e+000
    outer loop
      vertex -4.000000e+000  2.316800e+001  4.027100e+001
      vertex -4.000000e+000  3.519756e+001  4.053356e+001
      vertex -4.000000e+000  3.643500e+001  4.002100e+001
    endloop
  endfacet
  facet normal -9.999999e-001  -0.000000e+000  0.000000e+000
    outer loop
      vertex -4.000000e+000  2.316800e+001  4.027100e+001
      vertex -4.000000e+000  3.643500e+001  4.002100e+001
      vertex -4.000000e+000  2.370390e+001  3.554328e+001
    endloop
  endfacet
  facet normal -1.000000e+000  0.000000e+000  0.000000e+000
    outer loop
      vertex -4.000000e+000  2.650000e+000  5.377100e+001
      vertex -4.000000e+000  2.143895e+000  5.532863e+001
      vertex -4.000000e+000  8.947702e+000  5.180693e+001
    endloop
  endfacet
  facet normal -1.000000e+000  0.000000e+000  0.000000e+000
    outer loop
      vertex -4.000000e+000  8.947702e+000  5.180693e+001
      vertex -4.000000e+000  2.143895e+000  5.532863e+001
      vertex -4.000000e+000  8.947702e+000  5.703506e+001
    endloop
  endfacet
  facet normal -1.000000e+000  0.000000e+000  0.000000e+000
    outer loop
      vertex -4.000000e+000  8.947702e+000  5.180693e+001
      vertex -4.000000e+000  8.947702e+000  5.703506e+001
      vertex -4.000000e+000  1.095631e+001  5.180693e+001
    endloop
  endfacet
  facet normal -1.000000e+000  0.000000e+000  0.000000e+000
    outer loop
      vertex -4.000000e+000  1.095631e+001  5.180693e+001
      vertex -4.000000e+000  8.947702e+000  5.703506e+001
      vertex -4.000000e+000  1.095631e+001  5.703506e+001
    endloop
  endfacet
  facet normal -1.000000e+000  0.000000e+000  0.000000e+000
    outer loop
      vertex -4.000000e+000  1.095631e+001  5.180693e+001
      vertex -4.000000e+000  1.095631e+001  5.703506e+001
      vertex -4.000000e+000  1.258131e+001  5.062630e+001
    endloop
  endfacet
  facet normal -1.000000e+000  0.000000e+000  0.000000e+000
    outer loop
      vertex -4.000000e+000  2.650000e+000  6.577100e+001
      vertex -4.000000e+000  2.143895e+000  6.732863e+001
      vertex -4.000000e+000  8.947702e+000  6.321693e+001
    endloop
  endfacet
  facet normal -9.999999e-001  0.000000e+000  0.000000e+000
    outer loop
      vertex -4.000000e+000  8.947702e+000  6.321693e+001
      vertex -4.000000e+000  2.143895e+000  6.732863e+001
      vertex -4.000000e+000  8.000000e+000  7.200000e+001
    endloop
  endfacet
  facet normal -1.000000e+000  0.000000e+000  0.000000e+000
    outer loop
      vertex -4.000000e+000  8.947702e+000  6.321693e+001
      vertex -4.000000e+000  8.000000e+000  7.200000e+001
      vertex -4.000000e+000  1.095631e+001  6.321693e+001
    endloop
  endfacet
  facet normal -1.000000e+000  0.000000e+000  0.000000e+000
    outer loop
      vertex -4.000000e+000  1.095631e+001  6.321693e+001
      vertex -4.000000e+000  8.000000e+000  7.200000e+001
      vertex -4.000000e+000  1.161589e+001  7.132338e+001
    endloop
  endfacet
  facet normal -1.000000e+000  0.000000e+000  -0.000000e+000
    outer loop
      vertex -4.000000e+000  1.095631e+001  6.321693e+001
      vertex -4.000000e+000  1.161589e+001  7.132338e+001
      vertex -4.000000e+000  1.474246e+001  6.938507e+001
    endloop
  endfacet
  facet normal -1.000000e+000  0.000000e+000  0.000000e+000
    outer loop
      vertex -4.000000e+000  4.000000e+000  3.500000e+000
      vertex -4.000000e+000  4.000000e+000 -7.500000e+000
      vertex -4.000000e+000  3.236068e+000  1.148859e+000
    endloop
  endfacet
  facet normal -1.000000e+000  0.000000e+000  0.000000e+000
    outer loop
      vertex -4.000000e+000  3.236068e+000  1.148859e+000
      vertex -4.000000e+000  4.000000e+000 -7.500000e+000
      vertex -4.000000e+000  3.236068e+000 -5.148859e+000
    endloop
  endfacet
  facet normal -9.999999e-001  0.000000e+000  0.000000e+000
    outer loop
      vertex -4.000000e+000  3.236068e+000  1.148859e+000
      vertex -4.000000e+000  3.236068e+000 -5.148859e+000
      vertex -4.000000e+000  1.236068e+000 -3.042261e-001
    endloop
  endfacet
  facet normal -1.000000e+000  0.000000e+000  0.000000e+000
    outer loop
      vertex -4.000000e+000 -4.000000e+000 -7.500000e+000
      vertex -4.000000e+000 -4.000000e+000  3.500000e+000
      vertex -4.000000e+000 -3.236068e+000 -5.148859e+000
    endloop
  endfacet
  facet normal -1.000000e+000  0.000000e+000  0.000000e+000
    outer loop
      vertex -4.000000e+000 -3.236068e+000 -5.148859e+000
      vertex -4.000000e+000 -4.000000e+000  3.500000e+000
      vertex -4.000000e+000 -3.236068e+000  1.148859e+000
    endloop
  endfacet
  facet normal -9.999999e-001  0.000000e+000  0.000000e+000
    outer loop
      vertex -4.000000e+000 -3.236068e+000 -5.148859e+000
      vertex -4.000000e+000 -3.236068e+000  1.148859e+000
      vertex -4.000000e+000 -1.236068e+000 -3.042261e-001
    endloop
  endfacet
  facet normal -1.000000e+000  0.000000e+000  0.000000e+000
    outer loop
      vertex -4.000000e+000 -1.900000e+001 -7.500000e+000
      vertex -4.000000e+000 -1.900000e+001  3.500000e+000
      vertex -4.000000e+000 -1.823607e+001 -5.148859e+000
    endloop
  endfacet
  facet normal -1.000000e+000  0.000000e+000  0.000000e+000
    outer loop
      vertex -4.000000e+000 -1.823607e+001 -5.148859e+000
      vertex -4.000000e+000 -1.900000e+001  3.500000e+000
      vertex -4.000000e+000 -1.823607e+001  1.148859e+000
    endloop
  endfacet
  facet normal -9.999999e-001  0.000000e+000  0.000000e+000
    outer loop
      vertex -4.000000e+000 -1.823607e+001 -5.148859e+000
      vertex -4.000000e+000 -1.823607e+001  1.148859e+000
      vertex -4.000000e+000 -1.623607e+001 -3.042261e-001
    endloop
  endfacet
  facet normal -1.000000e+000  0.000000e+000  0.000000e+000
    outer loop
      vertex -4.000000e+000  1.900000e+001  3.500000e+000
      vertex -4.000000e+000  1.900000e+001 -7.500000e+000
      vertex -4.000000e+000  1.823607e+001  1.148859e+000
    endloop
  endfacet
  facet normal -1.000000e+000  0.000000e+000  0.000000e+000
    outer loop
      vertex -4.000000e+000  1.823607e+001  1.148859e+000
      vertex -4.000000e+000  1.900000e+001 -7.500000e+000
      vertex -4.000000e+000  1.823607e+001 -5.148859e+000
    endloop
  endfacet
  facet normal -9.999999e-001  0.000000e+000  0.000000e+000
    outer loop
      vertex -4.000000e+000  1.823607e+001  1.148859e+000
      vertex -4.000000e+000  1.823607e+001 -5.148859e+000
      vertex -4.000000e+000  1.623607e+001 -3.042261e-001
    endloop
  endfacet
  facet normal -1.000000e+000  0.000000e+000  0.000000e+000
    outer loop
      vertex -4.000000e+000  1.623607e+001 -3.042261e-001
      vertex -4.000000e+000  1.623607e+001 -3.695774e+000
      vertex -4.000000e+000  1.376393e+001 -3.042261e-001
    endloop
  endfacet
  facet normal -1.000000e+000  0.000000e+000  0.000000e+000
    outer loop
      vertex -4.000000e+000  1.376393e+001 -3.042261e-001
      vertex -4.000000e+000  1.623607e+001 -3.695774e+000
      vertex -4.000000e+000  1.376393e+001 -3.695774e+000
    endloop
  endfacet
  facet normal -1.000000e+000  -0.000000e+000  0.000000e+000
    outer loop
      vertex -4.000000e+000  1.376393e+001 -3.042261e-001
      vertex -4.000000e+000  1.376393e+001 -3.695774e+000
      vertex -4.000000e+000  1.176393e+001 -5.148859e+000
    endloop
  endfacet
  facet normal -1.000000e+000  0.000000e+000  0.000000e+000
    outer loop
      vertex -4.000000e+000  2.166800e+001  5.377100e+001
      vertex -4.000000e+000  2.166800e+001  4.177100e+001
      vertex -4.000000e+000  2.004806e+001  5.974789e+001
    endloop
  endfacet
  facet normal -1.000000e+000  0.000000e+000  0.000000e+000
    outer loop
      vertex -4.000000e+000  2.004806e+001  5.974789e+001
      vertex -4.000000e+000  2.166800e+001  4.177100e+001
      vertex -4.000000e+000  2.045672e+001  3.229610e+001
    endloop
  endfacet
  facet normal -1.000000e+000  0.000000e+000  0.000000e+000
    outer loop
      vertex -4.000000e+000  2.004806e+001  5.974789e+001
      vertex -4.000000e+000  2.045672e+001  3.229610e+001
      vertex -4.000000e+000  1.860559e+001  6.106485e+001
    endloop
  endfacet
  facet normal -1.000000e+000  0.000000e+000  0.000000e+000
    outer loop
      vertex -4.000000e+000  1.860559e+001  6.106485e+001
      vertex -4.000000e+000  2.045672e+001  3.229610e+001
      vertex -4.000000e+000  2.000000e+001  3.000000e+001
    endloop
  endfacet
  facet normal -1.000000e+000  0.000000e+000  0.000000e+000
    outer loop
      vertex -4.000000e+000  1.860559e+001  6.106485e+001
      vertex -4.000000e+000  2.000000e+001  3.000000e+001
      vertex -4.000000e+000  1.795870e+001  6.290786e+001
    endloop
  endfacet
  facet normal -1.000000e+000  0.000000e+000  0.000000e+000
    outer loop
      vertex -4.000000e+000  1.376393e+001  7.304226e+000
      vertex -4.000000e+000  1.320201e+001  6.012600e+001
      vertex -4.000000e+000  1.623607e+001  7.304226e+000
    endloop
  endfacet
  facet normal -9.999999e-001  0.000000e+000  0.000000e+000
    outer loop
      vertex -4.000000e+000  1.623607e+001  7.304226e+000
      vertex -4.000000e+000  1.320201e+001  6.012600e+001
      vertex -4.000000e+000  1.474246e+001  6.938507e+001
    endloop
  endfacet
  facet normal -1.000000e+000  0.000000e+000  0.000000e+000
    outer loop
      vertex -4.000000e+000  1.623607e+001  7.304226e+000
      vertex -4.000000e+000  1.474246e+001  6.938507e+001
      vertex -4.000000e+000  2.000000e+001  3.000000e+001
    endloop
  endfacet
  facet normal -1.000000e+000  0.000000e+000  0.000000e+000
    outer loop
      vertex -4.000000e+000  2.000000e+001  3.000000e+001
      vertex -4.000000e+000  1.474246e+001  6.938507e+001
      vertex -4.000000e+000  1.695660e+001  6.644739e+001
    endloop
  endfacet
  facet normal -1.000000e+000  0.000000e+000  0.000000e+000
    outer loop
      vertex -4.000000e+000  2.000000e+001  3.000000e+001
      vertex -4.000000e+000  1.695660e+001  6.644739e+001
      vertex -4.000000e+000  1.795870e+001  6.290786e+001
    endloop
  endfacet
  facet normal -1.000000e+000  0.000000e+000  0.000000e+000
    outer loop
      vertex -4.000000e+000  3.767244e+001  4.300844e+001
      vertex -4.000000e+000  3.643500e+001  5.202100e+001
      vertex -4.000000e+000  4.000000e+001  4.200000e+001
    endloop
  endfacet
  facet normal -1.000000e+000  0.000000e+000  0.000000e+000
    outer loop
      vertex -4.000000e+000  4.000000e+001  4.200000e+001
      vertex -4.000000e+000  3.643500e+001  5.202100e+001
      vertex -4.000000e+000  3.767244e+001  5.253356e+001
    endloop
  endfacet
  facet normal -1.000000e+000  0.000000e+000  0.000000e+000
    outer loop
      vertex -4.000000e+000  4.000000e+001  4.200000e+001
      vertex -4.000000e+000  3.767244e+001  5.253356e+001
      vertex -4.000000e+000  4.000000e+001  5.327100e+001
    endloop
  endfacet
  facet normal -1.000000e+000  -0.000000e+000  0.000000e+000
    outer loop
      vertex -4.000000e+000  4.000000e+001  5.327100e+001
      vertex -4.000000e+000  3.767244e+001  5.253356e+001
      vertex -4.000000e+000  3.818500e+001  5.377100e+001
    endloop
  endfacet
  facet normal -9.999999e-001  0.000000e+000  0.000000e+000
    outer loop
      vertex -4.000000e+000  4.000000e+001  5.327100e+001
      vertex -4.000000e+000  3.818500e+001  5.377100e+001
      vertex -4.000000e+000  3.954328e+001  5.556710e+001
    endloop
  endfacet
  facet normal -1.000000e+000  0.000000e+000  0.000000e+000
    outer loop
      vertex -4.000000e+000  3.954328e+001  5.556710e+001
      vertex -4.000000e+000  3.818500e+001  5.377100e+001
      vertex -4.000000e+000  3.767244e+001  5.500844e+001
    endloop
  endfacet
  facet normal -9.999999e-001  0.000000e+000  0.000000e+000
    outer loop
      vertex -4.000000e+000  3.954328e+001  5.556710e+001
      vertex -4.000000e+000  3.767244e+001  5.500844e+001
      vertex -4.000000e+000  3.643500e+001  5.552100e+001
    endloop
  endfacet
  facet normal -1.000000e+000  0.000000e+000  0.000000e+000
    outer loop
      vertex -4.000000e+000  2.316800e+001  4.027100e+001
      vertex -4.000000e+000  2.175736e+001  3.424264e+001
      vertex -4.000000e+000  2.210734e+001  4.071034e+001
    endloop
  endfacet
  facet normal -1.000000e+000  0.000000e+000  0.000000e+000
    outer loop
      vertex -4.000000e+000  2.210734e+001  4.071034e+001
      vertex -4.000000e+000  2.175736e+001  3.424264e+001
      vertex -4.000000e+000  2.045672e+001  3.229610e+001
    endloop
  endfacet
  facet normal -1.000000e+000  0.000000e+000  0.000000e+000
    outer loop
      vertex -4.000000e+000  2.210734e+001  4.071034e+001
      vertex -4.000000e+000  2.045672e+001  3.229610e+001
      vertex -4.000000e+000  2.166800e+001  4.177100e+001
    endloop
  endfacet
  facet normal -1.000000e+000  -0.000000e+000  0.000000e+000
    outer loop
      vertex -4.000000e+000  2.143895e+000  5.221337e+001
      vertex -4.000000e+000  8.947702e+000  5.180693e+001
      vertex -4.000000e+000  8.188950e-001  5.125070e+001
    endloop
  endfacet
  facet normal -1.000000e+000  0.000000e+000  0.000000e+000
    outer loop
      vertex -4.000000e+000  8.188950e-001  5.125070e+001
      vertex -4.000000e+000  8.947702e+000  5.180693e+001
      vertex -4.000000e+000  7.322702e+000  5.062630e+001
    endloop
  endfacet
  facet normal -1.000000e+000  -0.000000e+000  0.000000e+000
    outer loop
      vertex -4.000000e+000  8.188950e-001  5.125070e+001
      vertex -4.000000e+000  7.322702e+000  5.062630e+001
      vertex -4.000000e+000  6.702007e+000  4.871600e+001
    endloop
  endfacet
  facet normal -1.000000e+000  0.000000e+000  0.000000e+000
    outer loop
      vertex -4.000000e+000 -8.188950e-001  5.125070e+001
      vertex -4.000000e+000 -7.322702e+000  5.062630e+001
      vertex -4.000000e+000 -2.143895e+000  5.221337e+001
    endloop
  endfacet
  facet normal -1.000000e+000  0.000000e+000  0.000000e+000
    outer loop
      vertex -4.000000e+000 -2.143895e+000  5.221337e+001
      vertex -4.000000e+000 -7.322702e+000  5.062630e+001
      vertex -4.000000e+000 -8.947702e+000  5.180693e+001
    endloop
  endfacet
  facet normal -1.000000e+000  0.000000e+000  0.000000e+000
    outer loop
      vertex -4.000000e+000 -2.143895e+000  5.221337e+001
      vertex -4.000000e+000 -8.947702e+000  5.180693e+001
      vertex -4.000000e+000 -2.650000e+000  5.377100e+001
    endloop
  endfacet
  facet normal -1.000000e+000  0.000000e+000  0.000000e+000
    outer loop
      vertex -4.000000e+000 -2.175736e+001  3.424264e+001
      vertex -4.000000e+000 -2.316800e+001  4.027100e+001
      vertex -4.000000e+000 -2.045672e+001  3.229610e+001
    endloop
  endfacet
  facet normal -9.999999e-001  0.000000e+000  0.000000e+000
    outer loop
      vertex -4.000000e+000 -2.045672e+001  3.229610e+001
      vertex -4.000000e+000 -2.316800e+001  4.027100e+001
      vertex -4.000000e+000 -2.210734e+001  4.071034e+001
    endloop
  endfacet
  facet normal -1.000000e+000  0.000000e+000  0.000000e+000
    outer loop
      vertex -4.000000e+000 -2.045672e+001  3.229610e+001
      vertex -4.000000e+000 -2.210734e+001  4.071034e+001
      vertex -4.000000e+000 -2.166800e+001  4.177100e+001
    endloop
  endfacet
  facet normal -1.000000e+000  -0.000000e+000  0.000000e+000
    outer loop
      vertex -4.000000e+000 -3.643500e+001  5.552100e+001
      vertex -4.000000e+000 -2.316800e+001  5.527100e+001
      vertex -4.000000e+000 -3.519756e+001  5.500844e+001
    endloop
  endfacet
  facet normal -1.000000e+000  0.000000e+000  0.000000e+000
    outer loop
      vertex -4.000000e+000 -3.519756e+001  5.500844e+001
      vertex -4.000000e+000 -2.316800e+001  5.527100e+001
      vertex -4.000000e+000 -2.422866e+001  5.483166e+001
    endloop
  endfacet
  facet normal -1.000000e+000  -0.000000e+000  0.000000e+000
    outer loop
      vertex -4.000000e+000 -3.519756e+001  5.500844e+001
      vertex -4.000000e+000 -2.422866e+001  5.483166e+001
      vertex -4.000000e+000 -3.468500e+001  5.377100e+001
    endloop
  endfacet
  facet normal -9.999999e-001  0.000000e+000  0.000000e+000
    outer loop
      vertex -4.000000e+000 -3.468500e+001  5.377100e+001
      vertex -4.000000e+000 -2.422866e+001  5.483166e+001
      vertex -4.000000e+000 -2.466800e+001  5.377100e+001
    endloop
  endfacet
  facet normal -1.000000e+000  -0.000000e+000  0.000000e+000
    outer loop
      vertex -4.000000e+000 -3.468500e+001  5.377100e+001
      vertex -4.000000e+000 -2.466800e+001  5.377100e+001
      vertex -4.000000e+000 -3.519756e+001  5.253356e+001
    endloop
  endfacet
  facet normal -1.000000e+000  0.000000e+000  0.000000e+000
    outer loop
      vertex -4.000000e+000 -3.519756e+001  5.253356e+001
      vertex -4.000000e+000 -2.466800e+001  5.377100e+001
      vertex -4.000000e+000 -2.422866e+001  5.271034e+001
    endloop
  endfacet
  facet normal -1.000000e+000  0.000000e+000  0.000000e+000
    outer loop
      vertex -4.000000e+000 -3.519756e+001  5.253356e+001
      vertex -4.000000e+000 -2.422866e+001  5.271034e+001
      vertex -4.000000e+000 -3.643500e+001  5.202100e+001
    endloop
  endfacet
  facet normal -1.000000e+000  0.000000e+000  0.000000e+000
    outer loop
      vertex -4.000000e+000 -3.643500e+001  5.202100e+001
      vertex -4.000000e+000 -2.422866e+001  5.271034e+001
      vertex -4.000000e+000 -2.316800e+001  5.227100e+001
    endloop
  endfacet
  facet normal -1.000000e+000  0.000000e+000  0.000000e+000
    outer loop
      vertex -4.000000e+000 -3.643500e+001  5.202100e+001
      vertex -4.000000e+000 -2.316800e+001  5.227100e+001
      vertex -4.000000e+000 -3.643500e+001  4.352100e+001
    endloop
  endfacet
  facet normal -1.000000e+000  0.000000e+000  0.000000e+000
    outer loop
      vertex -4.000000e+000 -3.643500e+001  4.352100e+001
      vertex -4.000000e+000 -2.316800e+001  5.227100e+001
      vertex -4.000000e+000 -2.316800e+001  4.327100e+001
    endloop
  endfacet
  facet normal -1.000000e+000  -0.000000e+000  0.000000e+000
    outer loop
      vertex -4.000000e+000 -3.643500e+001  4.352100e+001
      vertex -4.000000e+000 -2.316800e+001  4.327100e+001
      vertex -4.000000e+000 -3.519756e+001  4.300844e+001
    endloop
  endfacet
  facet normal -1.000000e+000  0.000000e+000  0.000000e+000
    outer loop
      vertex -4.000000e+000 -3.519756e+001  4.300844e+001
      vertex -4.000000e+000 -2.316800e+001  4.327100e+001
      vertex -4.000000e+000 -2.422866e+001  4.283166e+001
    endloop
  endfacet
  facet normal -1.000000e+000  -0.000000e+000  0.000000e+000
    outer loop
      vertex -4.000000e+000 -3.519756e+001  4.300844e+001
      vertex -4.000000e+000 -2.422866e+001  4.283166e+001
      vertex -4.000000e+000 -3.468500e+001  4.177100e+001
    endloop
  endfacet
  facet normal -9.999999e-001  0.000000e+000  0.000000e+000
    outer loop
      vertex -4.000000e+000 -3.468500e+001  4.177100e+001
      vertex -4.000000e+000 -2.422866e+001  4.283166e+001
      vertex -4.000000e+000 -2.466800e+001  4.177100e+001
    endloop
  endfacet
  facet normal -1.000000e+000  -0.000000e+000  0.000000e+000
    outer loop
      vertex -4.000000e+000 -3.468500e+001  4.177100e+001
      vertex -4.000000e+000 -2.466800e+001  4.177100e+001
      vertex -4.000000e+000 -3.519756e+001  4.053356e+001
    endloop
  endfacet
  facet normal -1.000000e+000  0.000000e+000  0.000000e+000
    outer loop
      vertex -4.000000e+000 -3.519756e+001  4.053356e+001
      vertex -4.000000e+000 -2.466800e+001  4.177100e+001
      vertex -4.000000e+000 -2.422866e+001  4.071034e+001
    endloop
  endfacet
  facet normal -1.000000e+000  0.000000e+000  0.000000e+000
    outer loop
      vertex -4.000000e+000 -3.519756e+001  4.053356e+001
      vertex -4.000000e+000 -2.422866e+001  4.071034e+001
      vertex -4.000000e+000 -3.643500e+001  4.002100e+001
    endloop
  endfacet
  facet normal -1.000000e+000  0.000000e+000  0.000000e+000
    outer loop
      vertex -4.000000e+000 -3.643500e+001  4.002100e+001
      vertex -4.000000e+000 -2.422866e+001  4.071034e+001
      vertex -4.000000e+000 -2.316800e+001  4.027100e+001
    endloop
  endfacet
  facet normal -9.999999e-001  0.000000e+000  0.000000e+000
    outer loop
      vertex -4.000000e+000 -3.643500e+001  4.002100e+001
      vertex -4.000000e+000 -2.316800e+001  4.027100e+001
      vertex -4.000000e+000 -2.370390e+001  3.554328e+001
    endloop
  endfacet
  facet normal -1.000000e+000  -0.000000e+000  0.000000e+000
    outer loop
      vertex -4.000000e+000 -3.954328e+001  5.556710e+001
      vertex -4.000000e+000 -3.767244e+001  5.500844e+001
      vertex -4.000000e+000 -4.000000e+001  5.327100e+001
    endloop
  endfacet
  facet normal -1.000000e+000  0.000000e+000  0.000000e+000
    outer loop
      vertex -4.000000e+000 -4.000000e+001  5.327100e+001
      vertex -4.000000e+000 -3.767244e+001  5.500844e+001
      vertex -4.000000e+000 -3.818500e+001  5.377100e+001
    endloop
  endfacet
  facet normal -1.000000e+000  0.000000e+000  0.000000e+000
    outer loop
      vertex -4.000000e+000 -4.000000e+001  5.327100e+001
      vertex -4.000000e+000 -3.818500e+001  5.377100e+001
      vertex -4.000000e+000 -4.000000e+001  4.200000e+001
    endloop
  endfacet
  facet normal -1.000000e+000  0.000000e+000  0.000000e+000
    outer loop
      vertex -4.000000e+000 -4.000000e+001  4.200000e+001
      vertex -4.000000e+000 -3.818500e+001  5.377100e+001
      vertex -4.000000e+000 -3.767244e+001  5.253356e+001
    endloop
  endfacet
  facet normal -1.000000e+000  0.000000e+000  -0.000000e+000
    outer loop
      vertex -4.000000e+000 -4.000000e+001  4.200000e+001
      vertex -4.000000e+000 -3.767244e+001  5.253356e+001
      vertex -4.000000e+000 -3.767244e+001  4.300844e+001
    endloop
  endfacet
  facet normal -9.999999e-001  0.000000e+000  0.000000e+000
    outer loop
      vertex -4.000000e+000 -3.767244e+001  4.300844e+001
      vertex -4.000000e+000 -3.767244e+001  5.253356e+001
      vertex -4.000000e+000 -3.643500e+001  5.202100e+001
    endloop
  endfacet
  facet normal -1.000000e+000  0.000000e+000  -0.000000e+000
    outer loop
      vertex -4.000000e+000 -3.767244e+001  4.300844e+001
      vertex -4.000000e+000 -3.643500e+001  5.202100e+001
      vertex -4.000000e+000 -3.643500e+001  4.352100e+001
    endloop
  endfacet
  facet normal -1.000000e+000  0.000000e+000  0.000000e+000
    outer loop
      vertex -4.000000e+000 -3.767244e+001  4.053356e+001
      vertex -4.000000e+000 -3.954328e+001  3.970390e+001
      vertex -4.000000e+000 -3.818500e+001  4.177100e+001
    endloop
  endfacet
  facet normal -1.000000e+000  -0.000000e+000  0.000000e+000
    outer loop
      vertex -4.000000e+000 -3.818500e+001  4.177100e+001
      vertex -4.000000e+000 -3.954328e+001  3.970390e+001
      vertex -4.000000e+000 -4.000000e+001  4.200000e+001
    endloop
  endfacet
  facet normal -1.000000e+000  0.000000e+000  0.000000e+000
    outer loop
      vertex -4.000000e+000 -3.818500e+001  4.177100e+001
      vertex -4.000000e+000 -4.000000e+001  4.200000e+001
      vertex -4.000000e+000 -3.767244e+001  4.300844e+001
    endloop
  endfacet
  facet normal  0.000000e+000  5.555700e-001 -8.314697e-001
    outer loop
      vertex  0.000000e+000  2.175736e+001  3.424264e+001
      vertex -4.000000e+000  2.370390e+001  3.554328e+001
      vertex  0.000000e+000  2.370390e+001  3.554328e+001
    endloop
  endfacet
  facet normal  0.000000e+000  1.950901e-001 -9.807854e-001
    outer loop
      vertex  0.000000e+000  2.370390e+001  3.554328e+001
      vertex -4.000000e+000  2.370390e+001  3.554328e+001
      vertex -4.000000e+000  2.600000e+001  3.600000e+001
    endloop
  endfacet
  facet normal  0.000000e+000  1.950901e-001 -9.807854e-001
    outer loop
      vertex  0.000000e+000  2.370390e+001  3.554328e+001
      vertex -4.000000e+000  2.600000e+001  3.600000e+001
      vertex  0.000000e+000  2.600000e+001  3.600000e+001
    endloop
  endfacet
  facet normal  0.000000e+000  5.555700e-001 -8.314697e-001
    outer loop
      vertex -4.000000e+000  2.370390e+001  3.554328e+001
      vertex  0.000000e+000  2.175736e+001  3.424264e+001
      vertex -4.000000e+000  2.175736e+001  3.424264e+001
    endloop
  endfacet
  facet normal  0.000000e+000  8.314697e-001 -5.555700e-001
    outer loop
      vertex -4.000000e+000  2.175736e+001  3.424264e+001
      vertex  0.000000e+000  2.175736e+001  3.424264e+001
      vertex  0.000000e+000  2.045672e+001  3.229610e+001
    endloop
  endfacet
  facet normal  0.000000e+000  8.314697e-001 -5.555700e-001
    outer loop
      vertex -4.000000e+000  2.175736e+001  3.424264e+001
      vertex  0.000000e+000  2.045672e+001  3.229610e+001
      vertex -4.000000e+000  2.045672e+001  3.229610e+001
    endloop
  endfacet
  facet normal  0.000000e+000  9.807854e-001 -1.950901e-001
    outer loop
      vertex -4.000000e+000  2.045672e+001  3.229610e+001
      vertex  0.000000e+000  2.045672e+001  3.229610e+001
      vertex  0.000000e+000  2.000000e+001  3.000000e+001
    endloop
  endfacet
  facet normal  0.000000e+000  9.807854e-001 -1.950901e-001
    outer loop
      vertex -4.000000e+000  2.045672e+001  3.229610e+001
      vertex  0.000000e+000  2.000000e+001  3.000000e+001
      vertex -4.000000e+000  2.000000e+001  3.000000e+001
    endloop
  endfacet
  facet normal  0.000000e+000  1.000000e+000  0.000000e+000
    outer loop
      vertex -4.000000e+000  4.000000e+001  4.200000e+001
      vertex -4.000000e+000  4.000000e+001  5.327100e+001
      vertex  0.000000e+000  4.000000e+001  4.200000e+001
    endloop
  endfacet
  facet normal  0.000000e+000  1.000000e+000  -0.000000e+000
    outer loop
      vertex  0.000000e+000  4.000000e+001  4.200000e+001
      vertex -4.000000e+000  4.000000e+001  5.327100e+001
      vertex  0.000000e+000  4.000000e+001  5.327100e+001
    endloop
  endfacet
  facet normal  0.000000e+000  1.950901e-001 -9.807854e-001
    outer loop
      vertex  0.000000e+000  3.400000e+001  3.600000e+001
      vertex -4.000000e+000  3.400000e+001  3.600000e+001
      vertex  0.000000e+000  3.629610e+001  3.645672e+001
    endloop
  endfacet
  facet normal  0.000000e+000  1.950901e-001 -9.807854e-001
    outer loop
      vertex  0.000000e+000  3.629610e+001  3.645672e+001
      vertex -4.000000e+000  3.400000e+001  3.600000e+001
      vertex -4.000000e+000  3.629610e+001  3.645672e+001
    endloop
  endfacet
  facet normal  0.000000e+000  5.555700e-001 -8.314697e-001
    outer loop
      vertex  0.000000e+000  3.629610e+001  3.645672e+001
      vertex -4.000000e+000  3.629610e+001  3.645672e+001
      vertex  0.000000e+000  3.824264e+001  3.775736e+001
    endloop
  endfacet
  facet normal  0.000000e+000  5.555700e-001 -8.314697e-001
    outer loop
      vertex  0.000000e+000  3.824264e+001  3.775736e+001
      vertex -4.000000e+000  3.629610e+001  3.645672e+001
      vertex -4.000000e+000  3.824264e+001  3.775736e+001
    endloop
  endfacet
  facet normal  0.000000e+000  8.314697e-001 -5.555700e-001
    outer loop
      vertex  0.000000e+000  3.824264e+001  3.775736e+001
      vertex -4.000000e+000  3.824264e+001  3.775736e+001
      vertex  0.000000e+000  3.954328e+001  3.970390e+001
    endloop
  endfacet
  facet normal  0.000000e+000  8.314697e-001 -5.555700e-001
    outer loop
      vertex  0.000000e+000  3.954328e+001  3.970390e+001
      vertex -4.000000e+000  3.824264e+001  3.775736e+001
      vertex -4.000000e+000  3.954328e+001  3.970390e+001
    endloop
  endfacet
  facet normal  0.000000e+000  9.807854e-001 -1.950901e-001
    outer loop
      vertex  0.000000e+000  3.954328e+001  3.970390e+001
      vertex -4.000000e+000  3.954328e+001  3.970390e+001
      vertex  0.000000e+000  4.000000e+001  4.200000e+001
    endloop
  endfacet
  facet normal  0.000000e+000  9.807854e-001 -1.950901e-001
    outer loop
      vertex  0.000000e+000  4.000000e+001  4.200000e+001
      vertex -4.000000e+000  3.954328e+001  3.970390e+001
      vertex -4.000000e+000  4.000000e+001  4.200000e+001
    endloop
  endfacet
  facet normal  0.000000e+000  0.000000e+000  1.000000e+000
    outer loop
      vertex  0.000000e+000  2.194219e+001  5.927100e+001
      vertex  0.000000e+000  3.400000e+001  5.927100e+001
      vertex -4.000000e+000  2.194219e+001  5.927100e+001
    endloop
  endfacet
  facet normal  0.000000e+000  0.000000e+000  1.000000e+000
    outer loop
      vertex -4.000000e+000  2.194219e+001  5.927100e+001
      vertex  0.000000e+000  3.400000e+001  5.927100e+001
      vertex -4.000000e+000  3.400000e+001  5.927100e+001
    endloop
  endfacet
  facet normal  0.000000e+000  1.950901e-001  9.807854e-001
    outer loop
      vertex -4.000000e+000  3.400000e+001  5.927100e+001
      vertex  0.000000e+000  3.400000e+001  5.927100e+001
      vertex -4.000000e+000  3.629610e+001  5.881428e+001
    endloop
  endfacet
  facet normal  -0.000000e+000  1.950901e-001  9.807854e-001
    outer loop
      vertex -4.000000e+000  3.629610e+001  5.881428e+001
      vertex  0.000000e+000  3.400000e+001  5.927100e+001
      vertex  0.000000e+000  3.629610e+001  5.881428e+001
    endloop
  endfacet
  facet normal  0.000000e+000  5.555700e-001  8.314697e-001
    outer loop
      vertex -4.000000e+000  3.629610e+001  5.881428e+001
      vertex  0.000000e+000  3.629610e+001  5.881428e+001
      vertex -4.000000e+000  3.824264e+001  5.751364e+001
    endloop
  endfacet
  facet normal  -0.000000e+000  5.555700e-001  8.314697e-001
    outer loop
      vertex -4.000000e+000  3.824264e+001  5.751364e+001
      vertex  0.000000e+000  3.629610e+001  5.881428e+001
      vertex  0.000000e+000  3.824264e+001  5.751364e+001
    endloop
  endfacet
  facet normal  0.000000e+000  8.314697e-001  5.555700e-001
    outer loop
      vertex -4.000000e+000  3.824264e+001  5.751364e+001
      vertex  0.000000e+000  3.824264e+001  5.751364e+001
      vertex -4.000000e+000  3.954328e+001  5.556710e+001
    endloop
  endfacet
  facet normal  -0.000000e+000  8.314697e-001  5.555700e-001
    outer loop
      vertex -4.000000e+000  3.954328e+001  5.556710e+001
      vertex  0.000000e+000  3.824264e+001  5.751364e+001
      vertex  0.000000e+000  3.954328e+001  5.556710e+001
    endloop
  endfacet
  facet normal  0.000000e+000  9.807854e-001  1.950901e-001
    outer loop
      vertex -4.000000e+000  3.954328e+001  5.556710e+001
      vertex  0.000000e+000  3.954328e+001  5.556710e+001
      vertex -4.000000e+000  4.000000e+001  5.327100e+001
    endloop
  endfacet
  facet normal  -0.000000e+000  9.807854e-001  1.950901e-001
    outer loop
      vertex -4.000000e+000  4.000000e+001  5.327100e+001
      vertex  0.000000e+000  3.954328e+001  5.556710e+001
      vertex  0.000000e+000  4.000000e+001  5.327100e+001
    endloop
  endfacet
  facet normal  -0.000000e+000  0.000000e+000 -1.000000e+000
    outer loop
      vertex -4.000000e+000 -2.600000e+001  3.600000e+001
      vertex  0.000000e+000 -2.600000e+001  3.600000e+001
      vertex -4.000000e+000 -3.400000e+001  3.600000e+001
    endloop
  endfacet
  facet normal  0.000000e+000  0.000000e+000 -1.000000e+000
    outer loop
      vertex -4.000000e+000 -3.400000e+001  3.600000e+001
      vertex  0.000000e+000 -2.600000e+001  3.600000e+001
      vertex  0.000000e+000 -3.400000e+001  3.600000e+001
    endloop
  endfacet
  facet normal  0.000000e+000 -1.000000e+000  -0.000000e+000
    outer loop
      vertex  0.000000e+000 -2.000000e+001  2.800000e+001
      vertex  0.000000e+000 -2.000000e+001  3.000000e+001
      vertex -4.000000e+000 -2.000000e+001  2.800000e+001
    endloop
  endfacet
  facet normal  0.000000e+000 -1.000000e+000  0.000000e+000
    outer loop
      vertex -4.000000e+000 -2.000000e+001  2.800000e+001
      vertex  0.000000e+000 -2.000000e+001  3.000000e+001
      vertex -4.000000e+000 -2.000000e+001  3.000000e+001
    endloop
  endfacet
  facet normal  0.000000e+000 -8.314697e-001 -5.555700e-001
    outer loop
      vertex  0.000000e+000 -2.175736e+001  3.424264e+001
      vertex -4.000000e+000 -2.045672e+001  3.229610e+001
      vertex  0.000000e+000 -2.045672e+001  3.229610e+001
    endloop
  endfacet
  facet normal  -0.000000e+000 -9.807854e-001 -1.950901e-001
    outer loop
      vertex  0.000000e+000 -2.045672e+001  3.229610e+001
      vertex -4.000000e+000 -2.045672e+001  3.229610e+001
      vertex -4.000000e+000 -2.000000e+001  3.000000e+001
    endloop
  endfacet
  facet normal  0.000000e+000 -9.807854e-001 -1.950901e-001
    outer loop
      vertex  0.000000e+000 -2.045672e+001  3.229610e+001
      vertex -4.000000e+000 -2.000000e+001  3.000000e+001
      vertex  0.000000e+000 -2.000000e+001  3.000000e+001
    endloop
  endfacet
  facet normal  -0.000000e+000 -8.314697e-001 -5.555700e-001
    outer loop
      vertex -4.000000e+000 -2.045672e+001  3.229610e+001
      vertex  0.000000e+000 -2.175736e+001  3.424264e+001
      vertex -4.000000e+000 -2.175736e+001  3.424264e+001
    endloop
  endfacet
  facet normal  0.000000e+000 -5.555700e-001 -8.314697e-001
    outer loop
      vertex -4.000000e+000 -2.175736e+001  3.424264e+001
      vertex  0.000000e+000 -2.175736e+001  3.424264e+001
      vertex  0.000000e+000 -2.370390e+001  3.554328e+001
    endloop
  endfacet
  facet normal  -0.000000e+000 -5.555700e-001 -8.314697e-001
    outer loop
      vertex -4.000000e+000 -2.175736e+001  3.424264e+001
      vertex  0.000000e+000 -2.370390e+001  3.554328e+001
      vertex -4.000000e+000 -2.370390e+001  3.554328e+001
    endloop
  endfacet
  facet normal  0.000000e+000 -1.950901e-001 -9.807854e-001
    outer loop
      vertex -4.000000e+000 -2.370390e+001  3.554328e+001
      vertex  0.000000e+000 -2.370390e+001  3.554328e+001
      vertex  0.000000e+000 -2.600000e+001  3.600000e+001
    endloop
  endfacet
  facet normal  -0.000000e+000 -1.950901e-001 -9.807854e-001
    outer loop
      vertex -4.000000e+000 -2.370390e+001  3.554328e+001
      vertex  0.000000e+000 -2.600000e+001  3.600000e+001
      vertex -4.000000e+000 -2.600000e+001  3.600000e+001
    endloop
  endfacet
  facet normal  0.000000e+000 -1.000000e+000  0.000000e+000
    outer loop
      vertex -4.000000e+000 -4.000000e+001  4.200000e+001
      vertex  0.000000e+000 -4.000000e+001  4.200000e+001
      vertex -4.000000e+000 -4.000000e+001  5.327100e+001
    endloop
  endfacet
  facet normal  0.000000e+000 -1.000000e+000  0.000000e+000
    outer loop
      vertex -4.000000e+000 -4.000000e+001  5.327100e+001
      vertex  0.000000e+000 -4.000000e+001  4.200000e+001
      vertex  0.000000e+000 -4.000000e+001  5.327100e+001
    endloop
  endfacet
  facet normal  0.000000e+000 -9.807854e-001 -1.950901e-001
    outer loop
      vertex  0.000000e+000 -4.000000e+001  4.200000e+001
      vertex -4.000000e+000 -4.000000e+001  4.200000e+001
      vertex  0.000000e+000 -3.954328e+001  3.970390e+001
    endloop
  endfacet
  facet normal  -0.000000e+000 -9.807854e-001 -1.950901e-001
    outer loop
      vertex  0.000000e+000 -3.954328e+001  3.970390e+001
      vertex -4.000000e+000 -4.000000e+001  4.200000e+001
      vertex -4.000000e+000 -3.954328e+001  3.970390e+001
    endloop
  endfacet
  facet normal  0.000000e+000 -8.314697e-001 -5.555700e-001
    outer loop
      vertex  0.000000e+000 -3.954328e+001  3.970390e+001
      vertex -4.000000e+000 -3.954328e+001  3.970390e+001
      vertex  0.000000e+000 -3.824264e+001  3.775736e+001
    endloop
  endfacet
  facet normal  -0.000000e+000 -8.314697e-001 -5.555700e-001
    outer loop
      vertex  0.000000e+000 -3.824264e+001  3.775736e+001
      vertex -4.000000e+000 -3.954328e+001  3.970390e+001
      vertex -4.000000e+000 -3.824264e+001  3.775736e+001
    endloop
  endfacet
  facet normal  0.000000e+000 -5.555700e-001 -8.314697e-001
    outer loop
      vertex  0.000000e+000 -3.824264e+001  3.775736e+001
      vertex -4.000000e+000 -3.824264e+001  3.775736e+001
      vertex  0.000000e+000 -3.629610e+001  3.645672e+001
    endloop
  endfacet
  facet normal  -0.000000e+000 -5.555700e-001 -8.314697e-001
    outer loop
      vertex  0.000000e+000 -3.629610e+001  3.645672e+001
      vertex -4.000000e+000 -3.824264e+001  3.775736e+001
      vertex -4.000000e+000 -3.629610e+001  3.645672e+001
    endloop
  endfacet
  facet normal  0.000000e+000 -1.950901e-001 -9.807854e-001
    outer loop
      vertex  0.000000e+000 -3.629610e+001  3.645672e+001
      vertex -4.000000e+000 -3.629610e+001  3.645672e+001
      vertex  0.000000e+000 -3.400000e+001  3.600000e+001
    endloop
  endfacet
  facet normal  -0.000000e+000 -1.950901e-001 -9.807854e-001
    outer loop
      vertex  0.000000e+000 -3.400000e+001  3.600000e+001
      vertex -4.000000e+000 -3.629610e+001  3.645672e+001
      vertex -4.000000e+000 -3.400000e+001  3.600000e+001
    endloop
  endfacet
  facet normal  0.000000e+000  0.000000e+000  1.000000e+000
    outer loop
      vertex  0.000000e+000 -3.400000e+001  5.927100e+001
      vertex  0.000000e+000 -2.194219e+001  5.927100e+001
      vertex -4.000000e+000 -3.400000e+001  5.927100e+001
    endloop
  endfacet
  facet normal  0.000000e+000  0.000000e+000  1.000000e+000
    outer loop
      vertex -4.000000e+000 -3.400000e+001  5.927100e+001
      vertex  0.000000e+000 -2.194219e+001  5.927100e+001
      vertex -4.000000e+000 -2.194219e+001  5.927100e+001
    endloop
  endfacet
  facet normal  0.000000e+000 -9.807854e-001  1.950901e-001
    outer loop
      vertex -4.000000e+000 -4.000000e+001  5.327100e+001
      vertex  0.000000e+000 -4.000000e+001  5.327100e+001
      vertex -4.000000e+000 -3.954328e+001  5.556710e+001
    endloop
  endfacet
  facet normal  0.000000e+000 -9.807854e-001  1.950901e-001
    outer loop
      vertex -4.000000e+000 -3.954328e+001  5.556710e+001
      vertex  0.000000e+000 -4.000000e+001  5.327100e+001
      vertex  0.000000e+000 -3.954328e+001  5.556710e+001
    endloop
  endfacet
  facet normal  0.000000e+000 -8.314697e-001  5.555700e-001
    outer loop
      vertex -4.000000e+000 -3.954328e+001  5.556710e+001
      vertex  0.000000e+000 -3.954328e+001  5.556710e+001
      vertex -4.000000e+000 -3.824264e+001  5.751364e+001
    endloop
  endfacet
  facet normal  0.000000e+000 -8.314697e-001  5.555700e-001
    outer loop
      vertex -4.000000e+000 -3.824264e+001  5.751364e+001
      vertex  0.000000e+000 -3.954328e+001  5.556710e+001
      vertex  0.000000e+000 -3.824264e+001  5.751364e+001
    endloop
  endfacet
  facet normal  0.000000e+000 -5.555700e-001  8.314697e-001
    outer loop
      vertex -4.000000e+000 -3.824264e+001  5.751364e+001
      vertex  0.000000e+000 -3.824264e+001  5.751364e+001
      vertex -4.000000e+000 -3.629610e+001  5.881428e+001
    endloop
  endfacet
  facet normal  0.000000e+000 -5.555700e-001  8.314697e-001
    outer loop
      vertex -4.000000e+000 -3.629610e+001  5.881428e+001
      vertex  0.000000e+000 -3.824264e+001  5.751364e+001
      vertex  0.000000e+000 -3.629610e+001  5.881428e+001
    endloop
  endfacet
  facet normal  0.000000e+000 -1.950901e-001  9.807854e-001
    outer loop
      vertex -4.000000e+000 -3.629610e+001  5.881428e+001
      vertex  0.000000e+000 -3.629610e+001  5.881428e+001
      vertex -4.000000e+000 -3.400000e+001  5.927100e+001
    endloop
  endfacet
  facet normal  0.000000e+000 -1.950901e-001  9.807854e-001
    outer loop
      vertex -4.000000e+000 -3.400000e+001  5.927100e+001
      vertex  0.000000e+000 -3.629610e+001  5.881428e+001
      vertex  0.000000e+000 -3.400000e+001  5.927100e+001
    endloop
  endfacet
  facet normal  0.000000e+000  1.839318e-001  9.829391e-001
    outer loop
      vertex -4.000000e+000  8.000000e+000  7.200000e+001
      vertex  0.000000e+000  8.000000e+000  7.200000e+001
      vertex -4.000000e+000  1.161589e+001  7.132338e+001
    endloop
  endfacet
  facet normal  -0.000000e+000  1.839318e-001  9.829391e-001
    outer loop
      vertex -4.000000e+000  1.161589e+001  7.132338e+001
      vertex  0.000000e+000  8.000000e+000  7.200000e+001
      vertex  0.000000e+000  1.161589e+001  7.132338e+001
    endloop
  endfacet
  facet normal  0.000000e+000  5.269075e-001  8.499227e-001
    outer loop
      vertex -4.000000e+000  1.161589e+001  7.132338e+001
      vertex  0.000000e+000  1.161589e+001  7.132338e+001
      vertex -4.000000e+000  1.474246e+001  6.938507e+001
    endloop
  endfacet
  facet normal  -0.000000e+000  5.269075e-001  8.499227e-001
    outer loop
      vertex -4.000000e+000  1.474246e+001  6.938507e+001
      vertex  0.000000e+000  1.161589e+001  7.132338e+001
      vertex  0.000000e+000  1.474246e+001  6.938507e+001
    endloop
  endfacet
  facet normal  0.000000e+000  7.985774e-001  6.018921e-001
    outer loop
      vertex -4.000000e+000  1.474246e+001  6.938507e+001
      vertex  0.000000e+000  1.474246e+001  6.938507e+001
      vertex -4.000000e+000  1.695660e+001  6.644739e+001
    endloop
  endfacet
  facet normal  -0.000000e+000  7.985774e-001  6.018921e-001
    outer loop
      vertex -4.000000e+000  1.695660e+001  6.644739e+001
      vertex  0.000000e+000  1.474246e+001  6.938507e+001
      vertex  0.000000e+000  1.695660e+001  6.644739e+001
    endloop
  endfacet
  facet normal  0.000000e+000  9.621814e-001  2.724095e-001
    outer loop
      vertex -4.000000e+000  1.695660e+001  6.644739e+001
      vertex  0.000000e+000  1.695660e+001  6.644739e+001
      vertex -4.000000e+000  1.795870e+001  6.290786e+001
    endloop
  endfacet
  facet normal  -0.000000e+000  9.621814e-001  2.724095e-001
    outer loop
      vertex -4.000000e+000  1.795870e+001  6.290786e+001
      vertex  0.000000e+000  1.695660e+001  6.644739e+001
      vertex  0.000000e+000  1.795870e+001  6.290786e+001
    endloop
  endfacet
  facet normal  -0.000000e+000  9.435660e-001  3.311845e-001
    outer loop
      vertex  0.000000e+000  1.860559e+001  6.106485e+001
      vertex -4.000000e+000  1.795870e+001  6.290786e+001
      vertex  0.000000e+000  1.795870e+001  6.290786e+001
    endloop
  endfacet
  facet normal  0.000000e+000  9.435660e-001  3.311845e-001
    outer loop
      vertex -4.000000e+000  1.795870e+001  6.290786e+001
      vertex  0.000000e+000  1.860559e+001  6.106485e+001
      vertex -4.000000e+000  1.860559e+001  6.106485e+001
    endloop
  endfacet
  facet normal  -0.000000e+000  6.742454e-001  7.385074e-001
    outer loop
      vertex -4.000000e+000  1.860559e+001  6.106485e+001
      vertex  0.000000e+000  1.860559e+001  6.106485e+001
      vertex  0.000000e+000  2.004806e+001  5.974789e+001
    endloop
  endfacet
  facet normal  0.000000e+000  6.742454e-001  7.385074e-001
    outer loop
      vertex -4.000000e+000  1.860559e+001  6.106485e+001
      vertex  0.000000e+000  2.004806e+001  5.974789e+001
      vertex -4.000000e+000  2.004806e+001  5.974789e+001
    endloop
  endfacet
  facet normal  -0.000000e+000  2.441542e-001  9.697364e-001
    outer loop
      vertex -4.000000e+000  2.004806e+001  5.974789e+001
      vertex  0.000000e+000  2.004806e+001  5.974789e+001
      vertex  0.000000e+000  2.194219e+001  5.927100e+001
    endloop
  endfacet
  facet normal  0.000000e+000  2.441542e-001  9.697364e-001
    outer loop
      vertex -4.000000e+000  2.004806e+001  5.974789e+001
      vertex  0.000000e+000  2.194219e+001  5.927100e+001
      vertex -4.000000e+000  2.194219e+001  5.927100e+001
    endloop
  endfacet
  facet normal  0.000000e+000 -9.621814e-001  2.724095e-001
    outer loop
      vertex -4.000000e+000 -1.795870e+001  6.290786e+001
      vertex  0.000000e+000 -1.795870e+001  6.290786e+001
      vertex -4.000000e+000 -1.695660e+001  6.644739e+001
    endloop
  endfacet
  facet normal  0.000000e+000 -9.621814e-001  2.724095e-001
    outer loop
      vertex -4.000000e+000 -1.695660e+001  6.644739e+001
      vertex  0.000000e+000 -1.795870e+001  6.290786e+001
      vertex  0.000000e+000 -1.695660e+001  6.644739e+001
    endloop
  endfacet
  facet normal  0.000000e+000 -7.985774e-001  6.018921e-001
    outer loop
      vertex -4.000000e+000 -1.695660e+001  6.644739e+001
      vertex  0.000000e+000 -1.695660e+001  6.644739e+001
      vertex -4.000000e+000 -1.474246e+001  6.938507e+001
    endloop
  endfacet
  facet normal  0.000000e+000 -7.985774e-001  6.018921e-001
    outer loop
      vertex -4.000000e+000 -1.474246e+001  6.938507e+001
      vertex  0.000000e+000 -1.695660e+001  6.644739e+001
      vertex  0.000000e+000 -1.474246e+001  6.938507e+001
    endloop
  endfacet
  facet normal  0.000000e+000 -5.269075e-001  8.499227e-001
    outer loop
      vertex -4.000000e+000 -1.474246e+001  6.938507e+001
      vertex  0.000000e+000 -1.474246e+001  6.938507e+001
      vertex -4.000000e+000 -1.161589e+001  7.132338e+001
    endloop
  endfacet
  facet normal  0.000000e+000 -5.269075e-001  8.499227e-001
    outer loop
      vertex -4.000000e+000 -1.161589e+001  7.132338e+001
      vertex  0.000000e+000 -1.474246e+001  6.938507e+001
      vertex  0.000000e+000 -1.161589e+001  7.132338e+001
    endloop
  endfacet
  facet normal  0.000000e+000 -1.839318e-001  9.829391e-001
    outer loop
      vertex -4.000000e+000 -1.161589e+001  7.132338e+001
      vertex  0.000000e+000 -1.161589e+001  7.132338e+001
      vertex -4.000000e+000 -8.000000e+000  7.200000e+001
    endloop
  endfacet
  facet normal  0.000000e+000 -1.839318e-001  9.829391e-001
    outer loop
      vertex -4.000000e+000 -8.000000e+000  7.200000e+001
      vertex  0.000000e+000 -1.161589e+001  7.132338e+001
      vertex  0.000000e+000 -8.000000e+000  7.200000e+001
    endloop
  endfacet
  facet normal  0.000000e+000 -2.441542e-001  9.697364e-001
    outer loop
      vertex  0.000000e+000 -2.004806e+001  5.974789e+001
      vertex -4.000000e+000 -2.194219e+001  5.927100e+001
      vertex  0.000000e+000 -2.194219e+001  5.927100e+001
    endloop
  endfacet
  facet normal  0.000000e+000 -2.441542e-001  9.697364e-001
    outer loop
      vertex -4.000000e+000 -2.194219e+001  5.927100e+001
      vertex  0.000000e+000 -2.004806e+001  5.974789e+001
      vertex -4.000000e+000 -2.004806e+001  5.974789e+001
    endloop
  endfacet
  facet normal  0.000000e+000 -6.742454e-001  7.385074e-001
    outer loop
      vertex -4.000000e+000 -2.004806e+001  5.974789e+001
      vertex  0.000000e+000 -2.004806e+001  5.974789e+001
      vertex  0.000000e+000 -1.860559e+001  6.106485e+001
    endloop
  endfacet
  facet normal  0.000000e+000 -6.742454e-001  7.385074e-001
    outer loop
      vertex -4.000000e+000 -2.004806e+001  5.974789e+001
      vertex  0.000000e+000 -1.860559e+001  6.106485e+001
      vertex -4.000000e+000 -1.860559e+001  6.106485e+001
    endloop
  endfacet
  facet normal  0.000000e+000 -9.435660e-001  3.311845e-001
    outer loop
      vertex -4.000000e+000 -1.860559e+001  6.106485e+001
      vertex  0.000000e+000 -1.860559e+001  6.106485e+001
      vertex  0.000000e+000 -1.795870e+001  6.290786e+001
    endloop
  endfacet
  facet normal  0.000000e+000 -9.435660e-001  3.311845e-001
    outer loop
      vertex -4.000000e+000 -1.860559e+001  6.106485e+001
      vertex  0.000000e+000 -1.795870e+001  6.290786e+001
      vertex -4.000000e+000 -1.795870e+001  6.290786e+001
    endloop
  endfacet
  facet normal  -0.000000e+000  0.000000e+000  1.000000e+000
    outer loop
      vertex  0.000000e+000  8.000000e+000  7.200000e+001
      vertex -4.000000e+000  8.000000e+000  7.200000e+001
      vertex  0.000000e+000 -8.000000e+000  7.200000e+001
    endloop
  endfacet
  facet normal  0.000000e+000  0.000000e+000  1.000000e+000
    outer loop
      vertex  0.000000e+000 -8.000000e+000  7.200000e+001
      vertex -4.000000e+000  8.000000e+000  7.200000e+001
      vertex -4.000000e+000 -8.000000e+000  7.200000e+001
    endloop
  endfacet
  facet normal  0.000000e+000  3.826832e-001 -9.238796e-001
    outer loop
      vertex -4.000000e+000 -3.643500e+001  4.352100e+001
      vertex  0.000000e+000 -3.767244e+001  4.300844e+001
      vertex -4.000000e+000 -3.767244e+001  4.300844e+001
    endloop
  endfacet
  facet normal  0.000000e+000  9.238790e-001 -3.826846e-001
    outer loop
      vertex -4.000000e+000 -3.767244e+001  4.300844e+001
      vertex  0.000000e+000 -3.767244e+001  4.300844e+001
      vertex  0.000000e+000 -3.818500e+001  4.177100e+001
    endloop
  endfacet
  facet normal  0.000000e+000  9.238790e-001 -3.826846e-001
    outer loop
      vertex -4.000000e+000 -3.767244e+001  4.300844e+001
      vertex  0.000000e+000 -3.818500e+001  4.177100e+001
      vertex -4.000000e+000 -3.818500e+001  4.177100e+001
    endloop
  endfacet
  facet normal  0.000000e+000  3.826832e-001 -9.238796e-001
    outer loop
      vertex  0.000000e+000 -3.767244e+001  4.300844e+001
      vertex -4.000000e+000 -3.643500e+001  4.352100e+001
      vertex  0.000000e+000 -3.643500e+001  4.352100e+001
    endloop
  endfacet
  facet normal  -0.000000e+000 -3.826823e-001 -9.238801e-001
    outer loop
      vertex  0.000000e+000 -3.643500e+001  4.352100e+001
      vertex -4.000000e+000 -3.643500e+001  4.352100e+001
      vertex -4.000000e+000 -3.519756e+001  4.300844e+001
    endloop
  endfacet
  facet normal  0.000000e+000 -3.826823e-001 -9.238801e-001
    outer loop
      vertex  0.000000e+000 -3.643500e+001  4.352100e+001
      vertex -4.000000e+000 -3.519756e+001  4.300844e+001
      vertex  0.000000e+000 -3.519756e+001  4.300844e+001
    endloop
  endfacet
  facet normal  -0.000000e+000 -9.238801e-001 -3.826823e-001
    outer loop
      vertex  0.000000e+000 -3.519756e+001  4.300844e+001
      vertex -4.000000e+000 -3.519756e+001  4.300844e+001
      vertex -4.000000e+000 -3.468500e+001  4.177100e+001
    endloop
  endfacet
  facet normal  0.000000e+000 -9.238801e-001 -3.826823e-001
    outer loop
      vertex  0.000000e+000 -3.519756e+001  4.300844e+001
      vertex -4.000000e+000 -3.468500e+001  4.177100e+001
      vertex  0.000000e+000 -3.468500e+001  4.177100e+001
    endloop
  endfacet
  facet normal  0.000000e+000 -3.826823e-001  9.238801e-001
    outer loop
      vertex -4.000000e+000 -3.643500e+001  4.002100e+001
      vertex  0.000000e+000 -3.519756e+001  4.053356e+001
      vertex -4.000000e+000 -3.519756e+001  4.053356e+001
    endloop
  endfacet
  facet normal  0.000000e+000 -9.238801e-001  3.826823e-001
    outer loop
      vertex -4.000000e+000 -3.519756e+001  4.053356e+001
      vertex  0.000000e+000 -3.519756e+001  4.053356e+001
      vertex  0.000000e+000 -3.468500e+001  4.177100e+001
    endloop
  endfacet
  facet normal  0.000000e+000 -9.238801e-001  3.826823e-001
    outer loop
      vertex -4.000000e+000 -3.519756e+001  4.053356e+001
      vertex  0.000000e+000 -3.468500e+001  4.177100e+001
      vertex -4.000000e+000 -3.468500e+001  4.177100e+001
    endloop
  endfacet
  facet normal  0.000000e+000 -3.826823e-001  9.238801e-001
    outer loop
      vertex  0.000000e+000 -3.519756e+001  4.053356e+001
      vertex -4.000000e+000 -3.643500e+001  4.002100e+001
      vertex  0.000000e+000 -3.643500e+001  4.002100e+001
    endloop
  endfacet
  facet normal  0.000000e+000  3.826832e-001  9.238796e-001
    outer loop
      vertex  0.000000e+000 -3.643500e+001  4.002100e+001
      vertex -4.000000e+000 -3.643500e+001  4.002100e+001
      vertex -4.000000e+000 -3.767244e+001  4.053356e+001
    endloop
  endfacet
  facet normal  -0.000000e+000  3.826832e-001  9.238796e-001
    outer loop
      vertex  0.000000e+000 -3.643500e+001  4.002100e+001
      vertex -4.000000e+000 -3.767244e+001  4.053356e+001
      vertex  0.000000e+000 -3.767244e+001  4.053356e+001
    endloop
  endfacet
  facet normal  0.000000e+000  9.238790e-001  3.826846e-001
    outer loop
      vertex  0.000000e+000 -3.767244e+001  4.053356e+001
      vertex -4.000000e+000 -3.767244e+001  4.053356e+001
      vertex -4.000000e+000 -3.818500e+001  4.177100e+001
    endloop
  endfacet
  facet normal  -0.000000e+000  9.238790e-001  3.826846e-001
    outer loop
      vertex  0.000000e+000 -3.767244e+001  4.053356e+001
      vertex -4.000000e+000 -3.818500e+001  4.177100e+001
      vertex  0.000000e+000 -3.818500e+001  4.177100e+001
    endloop
  endfacet
  facet normal  0.000000e+000  3.826832e-001 -9.238796e-001
    outer loop
      vertex -4.000000e+000 -3.643500e+001  5.552100e+001
      vertex  0.000000e+000 -3.767244e+001  5.500844e+001
      vertex -4.000000e+000 -3.767244e+001  5.500844e+001
    endloop
  endfacet
  facet normal  0.000000e+000  9.238790e-001 -3.826846e-001
    outer loop
      vertex -4.000000e+000 -3.767244e+001  5.500844e+001
      vertex  0.000000e+000 -3.767244e+001  5.500844e+001
      vertex  0.000000e+000 -3.818500e+001  5.377100e+001
    endloop
  endfacet
  facet normal  0.000000e+000  9.238790e-001 -3.826846e-001
    outer loop
      vertex -4.000000e+000 -3.767244e+001  5.500844e+001
      vertex  0.000000e+000 -3.818500e+001  5.377100e+001
      vertex -4.000000e+000 -3.818500e+001  5.377100e+001
    endloop
  endfacet
  facet normal  0.000000e+000  3.826832e-001 -9.238796e-001
    outer loop
      vertex  0.000000e+000 -3.767244e+001  5.500844e+001
      vertex -4.000000e+000 -3.643500e+001  5.552100e+001
      vertex  0.000000e+000 -3.643500e+001  5.552100e+001
    endloop
  endfacet
  facet normal  -0.000000e+000 -3.826823e-001 -9.238801e-001
    outer loop
      vertex  0.000000e+000 -3.643500e+001  5.552100e+001
      vertex -4.000000e+000 -3.643500e+001  5.552100e+001
      vertex -4.000000e+000 -3.519756e+001  5.500844e+001
    endloop
  endfacet
  facet normal  0.000000e+000 -3.826823e-001 -9.238801e-001
    outer loop
      vertex  0.000000e+000 -3.643500e+001  5.552100e+001
      vertex -4.000000e+000 -3.519756e+001  5.500844e+001
      vertex  0.000000e+000 -3.519756e+001  5.500844e+001
    endloop
  endfacet
  facet normal  -0.000000e+000 -9.238801e-001 -3.826823e-001
    outer loop
      vertex  0.000000e+000 -3.519756e+001  5.500844e+001
      vertex -4.000000e+000 -3.519756e+001  5.500844e+001
      vertex -4.000000e+000 -3.468500e+001  5.377100e+001
    endloop
  endfacet
  facet normal  0.000000e+000 -9.238801e-001 -3.826823e-001
    outer loop
      vertex  0.000000e+000 -3.519756e+001  5.500844e+001
      vertex -4.000000e+000 -3.468500e+001  5.377100e+001
      vertex  0.000000e+000 -3.468500e+001  5.377100e+001
    endloop
  endfacet
  facet normal  0.000000e+000 -3.826823e-001  9.238801e-001
    outer loop
      vertex -4.000000e+000 -3.643500e+001  5.202100e+001
      vertex  0.000000e+000 -3.519756e+001  5.253356e+001
      vertex -4.000000e+000 -3.519756e+001  5.253356e+001
    endloop
  endfacet
  facet normal  0.000000e+000 -9.238801e-001  3.826823e-001
    outer loop
      vertex -4.000000e+000 -3.519756e+001  5.253356e+001
      vertex  0.000000e+000 -3.519756e+001  5.253356e+001
      vertex  0.000000e+000 -3.468500e+001  5.377100e+001
    endloop
  endfacet
  facet normal  0.000000e+000 -9.238801e-001  3.826823e-001
    outer loop
      vertex -4.000000e+000 -3.519756e+001  5.253356e+001
      vertex  0.000000e+000 -3.468500e+001  5.377100e+001
      vertex -4.000000e+000 -3.468500e+001  5.377100e+001
    endloop
  endfacet
  facet normal  0.000000e+000 -3.826823e-001  9.238801e-001
    outer loop
      vertex  0.000000e+000 -3.519756e+001  5.253356e+001
      vertex -4.000000e+000 -3.643500e+001  5.202100e+001
      vertex  0.000000e+000 -3.643500e+001  5.202100e+001
    endloop
  endfacet
  facet normal  0.000000e+000  3.826832e-001  9.238796e-001
    outer loop
      vertex  0.000000e+000 -3.643500e+001  5.202100e+001
      vertex -4.000000e+000 -3.643500e+001  5.202100e+001
      vertex -4.000000e+000 -3.767244e+001  5.253356e+001
    endloop
  endfacet
  facet normal  -0.000000e+000  3.826832e-001  9.238796e-001
    outer loop
      vertex  0.000000e+000 -3.643500e+001  5.202100e+001
      vertex -4.000000e+000 -3.767244e+001  5.253356e+001
      vertex  0.000000e+000 -3.767244e+001  5.253356e+001
    endloop
  endfacet
  facet normal  0.000000e+000  9.238790e-001  3.826846e-001
    outer loop
      vertex  0.000000e+000 -3.767244e+001  5.253356e+001
      vertex -4.000000e+000 -3.767244e+001  5.253356e+001
      vertex -4.000000e+000 -3.818500e+001  5.377100e+001
    endloop
  endfacet
  facet normal  -0.000000e+000  9.238790e-001  3.826846e-001
    outer loop
      vertex  0.000000e+000 -3.767244e+001  5.253356e+001
      vertex -4.000000e+000 -3.818500e+001  5.377100e+001
      vertex  0.000000e+000 -3.818500e+001  5.377100e+001
    endloop
  endfacet
  facet normal  0.000000e+000  3.826822e-001 -9.238800e-001
    outer loop
      vertex -4.000000e+000 -2.316800e+001  4.327100e+001
      vertex  0.000000e+000 -2.422866e+001  4.283166e+001
      vertex -4.000000e+000 -2.422866e+001  4.283166e+001
    endloop
  endfacet
  facet normal  0.000000e+000  9.238800e-001 -3.826822e-001
    outer loop
      vertex -4.000000e+000 -2.422866e+001  4.283166e+001
      vertex  0.000000e+000 -2.422866e+001  4.283166e+001
      vertex  0.000000e+000 -2.466800e+001  4.177100e+001
    endloop
  endfacet
  facet normal  0.000000e+000  9.238800e-001 -3.826822e-001
    outer loop
      vertex -4.000000e+000 -2.422866e+001  4.283166e+001
      vertex  0.000000e+000 -2.466800e+001  4.177100e+001
      vertex -4.000000e+000 -2.466800e+001  4.177100e+001
    endloop
  endfacet
  facet normal  0.000000e+000  3.826822e-001 -9.238800e-001
    outer loop
      vertex  0.000000e+000 -2.422866e+001  4.283166e+001
      vertex -4.000000e+000 -2.316800e+001  4.327100e+001
      vertex  0.000000e+000 -2.316800e+001  4.327100e+001
    endloop
  endfacet
  facet normal  -0.000000e+000 -3.826828e-001 -9.238798e-001
    outer loop
      vertex  0.000000e+000 -2.316800e+001  4.327100e+001
      vertex -4.000000e+000 -2.316800e+001  4.327100e+001
      vertex -4.000000e+000 -2.210734e+001  4.283166e+001
    endloop
  endfacet
  facet normal  0.000000e+000 -3.826828e-001 -9.238798e-001
    outer loop
      vertex  0.000000e+000 -2.316800e+001  4.327100e+001
      vertex -4.000000e+000 -2.210734e+001  4.283166e+001
      vertex  0.000000e+000 -2.210734e+001  4.283166e+001
    endloop
  endfacet
  facet normal  -0.000000e+000 -9.238795e-001 -3.826837e-001
    outer loop
      vertex  0.000000e+000 -2.210734e+001  4.283166e+001
      vertex -4.000000e+000 -2.210734e+001  4.283166e+001
      vertex -4.000000e+000 -2.166800e+001  4.177100e+001
    endloop
  endfacet
  facet normal  0.000000e+000 -9.238795e-001 -3.826837e-001
    outer loop
      vertex  0.000000e+000 -2.210734e+001  4.283166e+001
      vertex -4.000000e+000 -2.166800e+001  4.177100e+001
      vertex  0.000000e+000 -2.166800e+001  4.177100e+001
    endloop
  endfacet
  facet normal  0.000000e+000 -3.826828e-001  9.238798e-001
    outer loop
      vertex -4.000000e+000 -2.316800e+001  4.027100e+001
      vertex  0.000000e+000 -2.210734e+001  4.071034e+001
      vertex -4.000000e+000 -2.210734e+001  4.071034e+001
    endloop
  endfacet
  facet normal  0.000000e+000 -9.238795e-001  3.826837e-001
    outer loop
      vertex -4.000000e+000 -2.210734e+001  4.071034e+001
      vertex  0.000000e+000 -2.210734e+001  4.071034e+001
      vertex  0.000000e+000 -2.166800e+001  4.177100e+001
    endloop
  endfacet
  facet normal  0.000000e+000 -9.238795e-001  3.826837e-001
    outer loop
      vertex -4.000000e+000 -2.210734e+001  4.071034e+001
      vertex  0.000000e+000 -2.166800e+001  4.177100e+001
      vertex -4.000000e+000 -2.166800e+001  4.177100e+001
    endloop
  endfacet
  facet normal  0.000000e+000 -3.826828e-001  9.238798e-001
    outer loop
      vertex  0.000000e+000 -2.210734e+001  4.071034e+001
      vertex -4.000000e+000 -2.316800e+001  4.027100e+001
      vertex  0.000000e+000 -2.316800e+001  4.027100e+001
    endloop
  endfacet
  facet normal  0.000000e+000  3.826822e-001  9.238800e-001
    outer loop
      vertex  0.000000e+000 -2.316800e+001  4.027100e+001
      vertex -4.000000e+000 -2.316800e+001  4.027100e+001
      vertex -4.000000e+000 -2.422866e+001  4.071034e+001
    endloop
  endfacet
  facet normal  -0.000000e+000  3.826822e-001  9.238800e-001
    outer loop
      vertex  0.000000e+000 -2.316800e+001  4.027100e+001
      vertex -4.000000e+000 -2.422866e+001  4.071034e+001
      vertex  0.000000e+000 -2.422866e+001  4.071034e+001
    endloop
  endfacet
  facet normal  0.000000e+000  9.238800e-001  3.826822e-001
    outer loop
      vertex  0.000000e+000 -2.422866e+001  4.071034e+001
      vertex -4.000000e+000 -2.422866e+001  4.071034e+001
      vertex -4.000000e+000 -2.466800e+001  4.177100e+001
    endloop
  endfacet
  facet normal  -0.000000e+000  9.238800e-001  3.826822e-001
    outer loop
      vertex  0.000000e+000 -2.422866e+001  4.071034e+001
      vertex -4.000000e+000 -2.466800e+001  4.177100e+001
      vertex  0.000000e+000 -2.466800e+001  4.177100e+001
    endloop
  endfacet
  facet normal  0.000000e+000  3.826822e-001 -9.238800e-001
    outer loop
      vertex -4.000000e+000 -2.316800e+001  5.527100e+001
      vertex  0.000000e+000 -2.422866e+001  5.483166e+001
      vertex -4.000000e+000 -2.422866e+001  5.483166e+001
    endloop
  endfacet
  facet normal  0.000000e+000  9.238800e-001 -3.826822e-001
    outer loop
      vertex -4.000000e+000 -2.422866e+001  5.483166e+001
      vertex  0.000000e+000 -2.422866e+001  5.483166e+001
      vertex  0.000000e+000 -2.466800e+001  5.377100e+001
    endloop
  endfacet
  facet normal  0.000000e+000  9.238800e-001 -3.826822e-001
    outer loop
      vertex -4.000000e+000 -2.422866e+001  5.483166e+001
      vertex  0.000000e+000 -2.466800e+001  5.377100e+001
      vertex -4.000000e+000 -2.466800e+001  5.377100e+001
    endloop
  endfacet
  facet normal  0.000000e+000  3.826822e-001 -9.238800e-001
    outer loop
      vertex  0.000000e+000 -2.422866e+001  5.483166e+001
      vertex -4.000000e+000 -2.316800e+001  5.527100e+001
      vertex  0.000000e+000 -2.316800e+001  5.527100e+001
    endloop
  endfacet
  facet normal  -0.000000e+000 -3.826828e-001 -9.238798e-001
    outer loop
      vertex  0.000000e+000 -2.316800e+001  5.527100e+001
      vertex -4.000000e+000 -2.316800e+001  5.527100e+001
      vertex -4.000000e+000 -2.210734e+001  5.483166e+001
    endloop
  endfacet
  facet normal  0.000000e+000 -3.826828e-001 -9.238798e-001
    outer loop
      vertex  0.000000e+000 -2.316800e+001  5.527100e+001
      vertex -4.000000e+000 -2.210734e+001  5.483166e+001
      vertex  0.000000e+000 -2.210734e+001  5.483166e+001
    endloop
  endfacet
  facet normal  -0.000000e+000 -9.238795e-001 -3.826837e-001
    outer loop
      vertex  0.000000e+000 -2.210734e+001  5.483166e+001
      vertex -4.000000e+000 -2.210734e+001  5.483166e+001
      vertex -4.000000e+000 -2.166800e+001  5.377100e+001
    endloop
  endfacet
  facet normal  0.000000e+000 -9.238795e-001 -3.826837e-001
    outer loop
      vertex  0.000000e+000 -2.210734e+001  5.483166e+001
      vertex -4.000000e+000 -2.166800e+001  5.377100e+001
      vertex  0.000000e+000 -2.166800e+001  5.377100e+001
    endloop
  endfacet
  facet normal  0.000000e+000 -3.826828e-001  9.238798e-001
    outer loop
      vertex -4.000000e+000 -2.316800e+001  5.227100e+001
      vertex  0.000000e+000 -2.210734e+001  5.271034e+001
      vertex -4.000000e+000 -2.210734e+001  5.271034e+001
    endloop
  endfacet
  facet normal  0.000000e+000 -9.238795e-001  3.826837e-001
    outer loop
      vertex -4.000000e+000 -2.210734e+001  5.271034e+001
      vertex  0.000000e+000 -2.210734e+001  5.271034e+001
      vertex  0.000000e+000 -2.166800e+001  5.377100e+001
    endloop
  endfacet
  facet normal  0.000000e+000 -9.238795e-001  3.826837e-001
    outer loop
      vertex -4.000000e+000 -2.210734e+001  5.271034e+001
      vertex  0.000000e+000 -2.166800e+001  5.377100e+001
      vertex -4.000000e+000 -2.166800e+001  5.377100e+001
    endloop
  endfacet
  facet normal  0.000000e+000 -3.826828e-001  9.238798e-001
    outer loop
      vertex  0.000000e+000 -2.210734e+001  5.271034e+001
      vertex -4.000000e+000 -2.316800e+001  5.227100e+001
      vertex  0.000000e+000 -2.316800e+001  5.227100e+001
    endloop
  endfacet
  facet normal  0.000000e+000  3.826822e-001  9.238800e-001
    outer loop
      vertex  0.000000e+000 -2.316800e+001  5.227100e+001
      vertex -4.000000e+000 -2.316800e+001  5.227100e+001
      vertex -4.000000e+000 -2.422866e+001  5.271034e+001
    endloop
  endfacet
  facet normal  -0.000000e+000  3.826822e-001  9.238800e-001
    outer loop
      vertex  0.000000e+000 -2.316800e+001  5.227100e+001
      vertex -4.000000e+000 -2.422866e+001  5.271034e+001
      vertex  0.000000e+000 -2.422866e+001  5.271034e+001
    endloop
  endfacet
  facet normal  0.000000e+000  9.238800e-001  3.826822e-001
    outer loop
      vertex  0.000000e+000 -2.422866e+001  5.271034e+001
      vertex -4.000000e+000 -2.422866e+001  5.271034e+001
      vertex -4.000000e+000 -2.466800e+001  5.377100e+001
    endloop
  endfacet
  facet normal  -0.000000e+000  9.238800e-001  3.826822e-001
    outer loop
      vertex  0.000000e+000 -2.422866e+001  5.271034e+001
      vertex -4.000000e+000 -2.466800e+001  5.377100e+001
      vertex  0.000000e+000 -2.466800e+001  5.377100e+001
    endloop
  endfacet
  facet normal  0.000000e+000 -3.826832e-001  9.238796e-001
    outer loop
      vertex -4.000000e+000  3.643500e+001  4.002100e+001
      vertex  0.000000e+000  3.767244e+001  4.053356e+001
      vertex -4.000000e+000  3.767244e+001  4.053356e+001
    endloop
  endfacet
  facet normal  0.000000e+000 -9.238790e-001  3.826846e-001
    outer loop
      vertex -4.000000e+000  3.767244e+001  4.053356e+001
      vertex  0.000000e+000  3.767244e+001  4.053356e+001
      vertex  0.000000e+000  3.818500e+001  4.177100e+001
    endloop
  endfacet
  facet normal  0.000000e+000 -9.238790e-001  3.826846e-001
    outer loop
      vertex -4.000000e+000  3.767244e+001  4.053356e+001
      vertex  0.000000e+000  3.818500e+001  4.177100e+001
      vertex -4.000000e+000  3.818500e+001  4.177100e+001
    endloop
  endfacet
  facet normal  0.000000e+000 -3.826832e-001  9.238796e-001
    outer loop
      vertex  0.000000e+000  3.767244e+001  4.053356e+001
      vertex -4.000000e+000  3.643500e+001  4.002100e+001
      vertex  0.000000e+000  3.643500e+001  4.002100e+001
    endloop
  endfacet
  facet normal  0.000000e+000  3.826823e-001  9.238801e-001
    outer loop
      vertex  0.000000e+000  3.643500e+001  4.002100e+001
      vertex -4.000000e+000  3.643500e+001  4.002100e+001
      vertex -4.000000e+000  3.519756e+001  4.053356e+001
    endloop
  endfacet
  facet normal  -0.000000e+000  3.826823e-001  9.238801e-001
    outer loop
      vertex  0.000000e+000  3.643500e+001  4.002100e+001
      vertex -4.000000e+000  3.519756e+001  4.053356e+001
      vertex  0.000000e+000  3.519756e+001  4.053356e+001
    endloop
  endfacet
  facet normal  0.000000e+000  9.238801e-001  3.826823e-001
    outer loop
      vertex  0.000000e+000  3.519756e+001  4.053356e+001
      vertex -4.000000e+000  3.519756e+001  4.053356e+001
      vertex -4.000000e+000  3.468500e+001  4.177100e+001
    endloop
  endfacet
  facet normal  -0.000000e+000  9.238801e-001  3.826823e-001
    outer loop
      vertex  0.000000e+000  3.519756e+001  4.053356e+001
      vertex -4.000000e+000  3.468500e+001  4.177100e+001
      vertex  0.000000e+000  3.468500e+001  4.177100e+001
    endloop
  endfacet
  facet normal  0.000000e+000  3.826823e-001 -9.238801e-001
    outer loop
      vertex -4.000000e+000  3.643500e+001  4.352100e+001
      vertex  0.000000e+000  3.519756e+001  4.300844e+001
      vertex -4.000000e+000  3.519756e+001  4.300844e+001
    endloop
  endfacet
  facet normal  0.000000e+000  9.238801e-001 -3.826823e-001
    outer loop
      vertex -4.000000e+000  3.519756e+001  4.300844e+001
      vertex  0.000000e+000  3.519756e+001  4.300844e+001
      vertex  0.000000e+000  3.468500e+001  4.177100e+001
    endloop
  endfacet
  facet normal  0.000000e+000  9.238801e-001 -3.826823e-001
    outer loop
      vertex -4.000000e+000  3.519756e+001  4.300844e+001
      vertex  0.000000e+000  3.468500e+001  4.177100e+001
      vertex -4.000000e+000  3.468500e+001  4.177100e+001
    endloop
  endfacet
  facet normal  0.000000e+000  3.826823e-001 -9.238801e-001
    outer loop
      vertex  0.000000e+000  3.519756e+001  4.300844e+001
      vertex -4.000000e+000  3.643500e+001  4.352100e+001
      vertex  0.000000e+000  3.643500e+001  4.352100e+001
    endloop
  endfacet
  facet normal  -0.000000e+000 -3.826832e-001 -9.238796e-001
    outer loop
      vertex  0.000000e+000  3.643500e+001  4.352100e+001
      vertex -4.000000e+000  3.643500e+001  4.352100e+001
      vertex -4.000000e+000  3.767244e+001  4.300844e+001
    endloop
  endfacet
  facet normal  0.000000e+000 -3.826832e-001 -9.238796e-001
    outer loop
      vertex  0.000000e+000  3.643500e+001  4.352100e+001
      vertex -4.000000e+000  3.767244e+001  4.300844e+001
      vertex  0.000000e+000  3.767244e+001  4.300844e+001
    endloop
  endfacet
  facet normal  -0.000000e+000 -9.238790e-001 -3.826846e-001
    outer loop
      vertex  0.000000e+000  3.767244e+001  4.300844e+001
      vertex -4.000000e+000  3.767244e+001  4.300844e+001
      vertex -4.000000e+000  3.818500e+001  4.177100e+001
    endloop
  endfacet
  facet normal  0.000000e+000 -9.238790e-001 -3.826846e-001
    outer loop
      vertex  0.000000e+000  3.767244e+001  4.300844e+001
      vertex -4.000000e+000  3.818500e+001  4.177100e+001
      vertex  0.000000e+000  3.818500e+001  4.177100e+001
    endloop
  endfacet
  facet normal  0.000000e+000 -3.826832e-001  9.238796e-001
    outer loop
      vertex -4.000000e+000  3.643500e+001  5.202100e+001
      vertex  0.000000e+000  3.767244e+001  5.253356e+001
      vertex -4.000000e+000  3.767244e+001  5.253356e+001
    endloop
  endfacet
  facet normal  0.000000e+000 -9.238790e-001  3.826846e-001
    outer loop
      vertex -4.000000e+000  3.767244e+001  5.253356e+001
      vertex  0.000000e+000  3.767244e+001  5.253356e+001
      vertex  0.000000e+000  3.818500e+001  5.377100e+001
    endloop
  endfacet
  facet normal  0.000000e+000 -9.238790e-001  3.826846e-001
    outer loop
      vertex -4.000000e+000  3.767244e+001  5.253356e+001
      vertex  0.000000e+000  3.818500e+001  5.377100e+001
      vertex -4.000000e+000  3.818500e+001  5.377100e+001
    endloop
  endfacet
  facet normal  0.000000e+000 -3.826832e-001  9.238796e-001
    outer loop
      vertex  0.000000e+000  3.767244e+001  5.253356e+001
      vertex -4.000000e+000  3.643500e+001  5.202100e+001
      vertex  0.000000e+000  3.643500e+001  5.202100e+001
    endloop
  endfacet
  facet normal  0.000000e+000  3.826823e-001  9.238801e-001
    outer loop
      vertex  0.000000e+000  3.643500e+001  5.202100e+001
      vertex -4.000000e+000  3.643500e+001  5.202100e+001
      vertex -4.000000e+000  3.519756e+001  5.253356e+001
    endloop
  endfacet
  facet normal  -0.000000e+000  3.826823e-001  9.238801e-001
    outer loop
      vertex  0.000000e+000  3.643500e+001  5.202100e+001
      vertex -4.000000e+000  3.519756e+001  5.253356e+001
      vertex  0.000000e+000  3.519756e+001  5.253356e+001
    endloop
  endfacet
  facet normal  0.000000e+000  9.238801e-001  3.826823e-001
    outer loop
      vertex  0.000000e+000  3.519756e+001  5.253356e+001
      vertex -4.000000e+000  3.519756e+001  5.253356e+001
      vertex -4.000000e+000  3.468500e+001  5.377100e+001
    endloop
  endfacet
  facet normal  -0.000000e+000  9.238801e-001  3.826823e-001
    outer loop
      vertex  0.000000e+000  3.519756e+001  5.253356e+001
      vertex -4.000000e+000  3.468500e+001  5.377100e+001
      vertex  0.000000e+000  3.468500e+001  5.377100e+001
    endloop
  endfacet
  facet normal  0.000000e+000  3.826823e-001 -9.238801e-001
    outer loop
      vertex -4.000000e+000  3.643500e+001  5.552100e+001
      vertex  0.000000e+000  3.519756e+001  5.500844e+001
      vertex -4.000000e+000  3.519756e+001  5.500844e+001
    endloop
  endfacet
  facet normal  0.000000e+000  9.238801e-001 -3.826823e-001
    outer loop
      vertex -4.000000e+000  3.519756e+001  5.500844e+001
      vertex  0.000000e+000  3.519756e+001  5.500844e+001
      vertex  0.000000e+000  3.468500e+001  5.377100e+001
    endloop
  endfacet
  facet normal  0.000000e+000  9.238801e-001 -3.826823e-001
    outer loop
      vertex -4.000000e+000  3.519756e+001  5.500844e+001
      vertex  0.000000e+000  3.468500e+001  5.377100e+001
      vertex -4.000000e+000  3.468500e+001  5.377100e+001
    endloop
  endfacet
  facet normal  0.000000e+000  3.826823e-001 -9.238801e-001
    outer loop
      vertex  0.000000e+000  3.519756e+001  5.500844e+001
      vertex -4.000000e+000  3.643500e+001  5.552100e+001
      vertex  0.000000e+000  3.643500e+001  5.552100e+001
    endloop
  endfacet
  facet normal  -0.000000e+000 -3.826832e-001 -9.238796e-001
    outer loop
      vertex  0.000000e+000  3.643500e+001  5.552100e+001
      vertex -4.000000e+000  3.643500e+001  5.552100e+001
      vertex -4.000000e+000  3.767244e+001  5.500844e+001
    endloop
  endfacet
  facet normal  0.000000e+000 -3.826832e-001 -9.238796e-001
    outer loop
      vertex  0.000000e+000  3.643500e+001  5.552100e+001
      vertex -4.000000e+000  3.767244e+001  5.500844e+001
      vertex  0.000000e+000  3.767244e+001  5.500844e+001
    endloop
  endfacet
  facet normal  -0.000000e+000 -9.238790e-001 -3.826846e-001
    outer loop
      vertex  0.000000e+000  3.767244e+001  5.500844e+001
      vertex -4.000000e+000  3.767244e+001  5.500844e+001
      vertex -4.000000e+000  3.818500e+001  5.377100e+001
    endloop
  endfacet
  facet normal  0.000000e+000 -9.238790e-001 -3.826846e-001
    outer loop
      vertex  0.000000e+000  3.767244e+001  5.500844e+001
      vertex -4.000000e+000  3.818500e+001  5.377100e+001
      vertex  0.000000e+000  3.818500e+001  5.377100e+001
    endloop
  endfacet
  facet normal  0.000000e+000 -3.826822e-001  9.238800e-001
    outer loop
      vertex -4.000000e+000  2.316800e+001  4.027100e+001
      vertex  0.000000e+000  2.422866e+001  4.071034e+001
      vertex -4.000000e+000  2.422866e+001  4.071034e+001
    endloop
  endfacet
  facet normal  0.000000e+000 -9.238800e-001  3.826822e-001
    outer loop
      vertex -4.000000e+000  2.422866e+001  4.071034e+001
      vertex  0.000000e+000  2.422866e+001  4.071034e+001
      vertex  0.000000e+000  2.466800e+001  4.177100e+001
    endloop
  endfacet
  facet normal  0.000000e+000 -9.238800e-001  3.826822e-001
    outer loop
      vertex -4.000000e+000  2.422866e+001  4.071034e+001
      vertex  0.000000e+000  2.466800e+001  4.177100e+001
      vertex -4.000000e+000  2.466800e+001  4.177100e+001
    endloop
  endfacet
  facet normal  0.000000e+000 -3.826822e-001  9.238800e-001
    outer loop
      vertex  0.000000e+000  2.422866e+001  4.071034e+001
      vertex -4.000000e+000  2.316800e+001  4.027100e+001
      vertex  0.000000e+000  2.316800e+001  4.027100e+001
    endloop
  endfacet
  facet normal  0.000000e+000  3.826828e-001  9.238798e-001
    outer loop
      vertex  0.000000e+000  2.316800e+001  4.027100e+001
      vertex -4.000000e+000  2.316800e+001  4.027100e+001
      vertex -4.000000e+000  2.210734e+001  4.071034e+001
    endloop
  endfacet
  facet normal  -0.000000e+000  3.826828e-001  9.238798e-001
    outer loop
      vertex  0.000000e+000  2.316800e+001  4.027100e+001
      vertex -4.000000e+000  2.210734e+001  4.071034e+001
      vertex  0.000000e+000  2.210734e+001  4.071034e+001
    endloop
  endfacet
  facet normal  0.000000e+000  9.238795e-001  3.826837e-001
    outer loop
      vertex  0.000000e+000  2.210734e+001  4.071034e+001
      vertex -4.000000e+000  2.210734e+001  4.071034e+001
      vertex -4.000000e+000  2.166800e+001  4.177100e+001
    endloop
  endfacet
  facet normal  -0.000000e+000  9.238795e-001  3.826837e-001
    outer loop
      vertex  0.000000e+000  2.210734e+001  4.071034e+001
      vertex -4.000000e+000  2.166800e+001  4.177100e+001
      vertex  0.000000e+000  2.166800e+001  4.177100e+001
    endloop
  endfacet
  facet normal  0.000000e+000  3.826828e-001 -9.238798e-001
    outer loop
      vertex -4.000000e+000  2.316800e+001  4.327100e+001
      vertex  0.000000e+000  2.210734e+001  4.283166e+001
      vertex -4.000000e+000  2.210734e+001  4.283166e+001
    endloop
  endfacet
  facet normal  0.000000e+000  9.238795e-001 -3.826837e-001
    outer loop
      vertex -4.000000e+000  2.210734e+001  4.283166e+001
      vertex  0.000000e+000  2.210734e+001  4.283166e+001
      vertex  0.000000e+000  2.166800e+001  4.177100e+001
    endloop
  endfacet
  facet normal  0.000000e+000  9.238795e-001 -3.826837e-001
    outer loop
      vertex -4.000000e+000  2.210734e+001  4.283166e+001
      vertex  0.000000e+000  2.166800e+001  4.177100e+001
      vertex -4.000000e+000  2.166800e+001  4.177100e+001
    endloop
  endfacet
  facet normal  0.000000e+000  3.826828e-001 -9.238798e-001
    outer loop
      vertex  0.000000e+000  2.210734e+001  4.283166e+001
      vertex -4.000000e+000  2.316800e+001  4.327100e+001
      vertex  0.000000e+000  2.316800e+001  4.327100e+001
    endloop
  endfacet
  facet normal  -0.000000e+000 -3.826822e-001 -9.238800e-001
    outer loop
      vertex  0.000000e+000  2.316800e+001  4.327100e+001
      vertex -4.000000e+000  2.316800e+001  4.327100e+001
      vertex -4.000000e+000  2.422866e+001  4.283166e+001
    endloop
  endfacet
  facet normal  0.000000e+000 -3.826822e-001 -9.238800e-001
    outer loop
      vertex  0.000000e+000  2.316800e+001  4.327100e+001
      vertex -4.000000e+000  2.422866e+001  4.283166e+001
      vertex  0.000000e+000  2.422866e+001  4.283166e+001
    endloop
  endfacet
  facet normal  -0.000000e+000 -9.238800e-001 -3.826822e-001
    outer loop
      vertex  0.000000e+000  2.422866e+001  4.283166e+001
      vertex -4.000000e+000  2.422866e+001  4.283166e+001
      vertex -4.000000e+000  2.466800e+001  4.177100e+001
    endloop
  endfacet
  facet normal  0.000000e+000 -9.238800e-001 -3.826822e-001
    outer loop
      vertex  0.000000e+000  2.422866e+001  4.283166e+001
      vertex -4.000000e+000  2.466800e+001  4.177100e+001
      vertex  0.000000e+000  2.466800e+001  4.177100e+001
    endloop
  endfacet
  facet normal  0.000000e+000 -3.826822e-001  9.238800e-001
    outer loop
      vertex -4.000000e+000  2.316800e+001  5.227100e+001
      vertex  0.000000e+000  2.422866e+001  5.271034e+001
      vertex -4.000000e+000  2.422866e+001  5.271034e+001
    endloop
  endfacet
  facet normal  0.000000e+000 -9.238800e-001  3.826822e-001
    outer loop
      vertex -4.000000e+000  2.422866e+001  5.271034e+001
      vertex  0.000000e+000  2.422866e+001  5.271034e+001
      vertex  0.000000e+000  2.466800e+001  5.377100e+001
    endloop
  endfacet
  facet normal  0.000000e+000 -9.238800e-001  3.826822e-001
    outer loop
      vertex -4.000000e+000  2.422866e+001  5.271034e+001
      vertex  0.000000e+000  2.466800e+001  5.377100e+001
      vertex -4.000000e+000  2.466800e+001  5.377100e+001
    endloop
  endfacet
  facet normal  0.000000e+000 -3.826822e-001  9.238800e-001
    outer loop
      vertex  0.000000e+000  2.422866e+001  5.271034e+001
      vertex -4.000000e+000  2.316800e+001  5.227100e+001
      vertex  0.000000e+000  2.316800e+001  5.227100e+001
    endloop
  endfacet
  facet normal  0.000000e+000  3.826828e-001  9.238798e-001
    outer loop
      vertex  0.000000e+000  2.316800e+001  5.227100e+001
      vertex -4.000000e+000  2.316800e+001  5.227100e+001
      vertex -4.000000e+000  2.210734e+001  5.271034e+001
    endloop
  endfacet
  facet normal  -0.000000e+000  3.826828e-001  9.238798e-001
    outer loop
      vertex  0.000000e+000  2.316800e+001  5.227100e+001
      vertex -4.000000e+000  2.210734e+001  5.271034e+001
      vertex  0.000000e+000  2.210734e+001  5.271034e+001
    endloop
  endfacet
  facet normal  0.000000e+000  9.238795e-001  3.826837e-001
    outer loop
      vertex  0.000000e+000  2.210734e+001  5.271034e+001
      vertex -4.000000e+000  2.210734e+001  5.271034e+001
      vertex -4.000000e+000  2.166800e+001  5.377100e+001
    endloop
  endfacet
  facet normal  -0.000000e+000  9.238795e-001  3.826837e-001
    outer loop
      vertex  0.000000e+000  2.210734e+001  5.271034e+001
      vertex -4.000000e+000  2.166800e+001  5.377100e+001
      vertex  0.000000e+000  2.166800e+001  5.377100e+001
    endloop
  endfacet
  facet normal  0.000000e+000  3.826828e-001 -9.238798e-001
    outer loop
      vertex -4.000000e+000  2.316800e+001  5.527100e+001
      vertex  0.000000e+000  2.210734e+001  5.483166e+001
      vertex -4.000000e+000  2.210734e+001  5.483166e+001
    endloop
  endfacet
  facet normal  0.000000e+000  9.238795e-001 -3.826837e-001
    outer loop
      vertex -4.000000e+000  2.210734e+001  5.483166e+001
      vertex  0.000000e+000  2.210734e+001  5.483166e+001
      vertex  0.000000e+000  2.166800e+001  5.377100e+001
    endloop
  endfacet
  facet normal  0.000000e+000  9.238795e-001 -3.826837e-001
    outer loop
      vertex -4.000000e+000  2.210734e+001  5.483166e+001
      vertex  0.000000e+000  2.166800e+001  5.377100e+001
      vertex -4.000000e+000  2.166800e+001  5.377100e+001
    endloop
  endfacet
  facet normal  0.000000e+000  3.826828e-001 -9.238798e-001
    outer loop
      vertex  0.000000e+000  2.210734e+001  5.483166e+001
      vertex -4.000000e+000  2.316800e+001  5.527100e+001
      vertex  0.000000e+000  2.316800e+001  5.527100e+001
    endloop
  endfacet
  facet normal  -0.000000e+000 -3.826822e-001 -9.238800e-001
    outer loop
      vertex  0.000000e+000  2.316800e+001  5.527100e+001
      vertex -4.000000e+000  2.316800e+001  5.527100e+001
      vertex -4.000000e+000  2.422866e+001  5.483166e+001
    endloop
  endfacet
  facet normal  0.000000e+000 -3.826822e-001 -9.238800e-001
    outer loop
      vertex  0.000000e+000  2.316800e+001  5.527100e+001
      vertex -4.000000e+000  2.422866e+001  5.483166e+001
      vertex  0.000000e+000  2.422866e+001  5.483166e+001
    endloop
  endfacet
  facet normal  -0.000000e+000 -9.238800e-001 -3.826822e-001
    outer loop
      vertex  0.000000e+000  2.422866e+001  5.483166e+001
      vertex -4.000000e+000  2.422866e+001  5.483166e+001
      vertex -4.000000e+000  2.466800e+001  5.377100e+001
    endloop
  endfacet
  facet normal  0.000000e+000 -9.238800e-001 -3.826822e-001
    outer loop
      vertex  0.000000e+000  2.422866e+001  5.483166e+001
      vertex -4.000000e+000  2.466800e+001  5.377100e+001
      vertex  0.000000e+000  2.466800e+001  5.377100e+001
    endloop
  endfacet
  facet normal  0.000000e+000 -5.877858e-001  8.090166e-001
    outer loop
      vertex -4.000000e+000 -8.947702e+000  5.703506e+001
      vertex  0.000000e+000 -7.322702e+000  5.821570e+001
      vertex -4.000000e+000 -7.322702e+000  5.821570e+001
    endloop
  endfacet
  facet normal  0.000000e+000 -9.510565e-001  3.090171e-001
    outer loop
      vertex -4.000000e+000 -7.322702e+000  5.821570e+001
      vertex  0.000000e+000 -7.322702e+000  5.821570e+001
      vertex  0.000000e+000 -6.702007e+000  6.012600e+001
    endloop
  endfacet
  facet normal  0.000000e+000 -9.510565e-001  3.090171e-001
    outer loop
      vertex -4.000000e+000 -7.322702e+000  5.821570e+001
      vertex  0.000000e+000 -6.702007e+000  6.012600e+001
      vertex -4.000000e+000 -6.702007e+000  6.012600e+001
    endloop
  endfacet
  facet normal  0.000000e+000 -5.877858e-001  8.090166e-001
    outer loop
      vertex  0.000000e+000 -7.322702e+000  5.821570e+001
      vertex -4.000000e+000 -8.947702e+000  5.703506e+001
      vertex  0.000000e+000 -8.947702e+000  5.703506e+001
    endloop
  endfacet
  facet normal  0.000000e+000  0.000000e+000  1.000000e+000
    outer loop
      vertex  0.000000e+000 -8.947702e+000  5.703506e+001
      vertex -4.000000e+000 -8.947702e+000  5.703506e+001
      vertex -4.000000e+000 -1.095631e+001  5.703506e+001
    endloop
  endfacet
  facet normal  0.000000e+000  0.000000e+000  1.000000e+000
    outer loop
      vertex  0.000000e+000 -8.947702e+000  5.703506e+001
      vertex -4.000000e+000 -1.095631e+001  5.703506e+001
      vertex  0.000000e+000 -1.095631e+001  5.703506e+001
    endloop
  endfacet
  facet normal  0.000000e+000  5.877859e-001  8.090165e-001
    outer loop
      vertex  0.000000e+000 -1.095631e+001  5.703506e+001
      vertex -4.000000e+000 -1.095631e+001  5.703506e+001
      vertex -4.000000e+000 -1.258131e+001  5.821570e+001
    endloop
  endfacet
  facet normal  -0.000000e+000  5.877859e-001  8.090165e-001
    outer loop
      vertex  0.000000e+000 -1.095631e+001  5.703506e+001
      vertex -4.000000e+000 -1.258131e+001  5.821570e+001
      vertex  0.000000e+000 -1.258131e+001  5.821570e+001
    endloop
  endfacet
  facet normal  0.000000e+000  9.510564e-001  3.090173e-001
    outer loop
      vertex  0.000000e+000 -1.258131e+001  5.821570e+001
      vertex -4.000000e+000 -1.258131e+001  5.821570e+001
      vertex -4.000000e+000 -1.320201e+001  6.012600e+001
    endloop
  endfacet
  facet normal  -0.000000e+000  9.510564e-001  3.090173e-001
    outer loop
      vertex  0.000000e+000 -1.258131e+001  5.821570e+001
      vertex -4.000000e+000 -1.320201e+001  6.012600e+001
      vertex  0.000000e+000 -1.320201e+001  6.012600e+001
    endloop
  endfacet
  facet normal  0.000000e+000  5.877859e-001 -8.090165e-001
    outer loop
      vertex -4.000000e+000 -1.095631e+001  6.321693e+001
      vertex  0.000000e+000 -1.258131e+001  6.203630e+001
      vertex -4.000000e+000 -1.258131e+001  6.203630e+001
    endloop
  endfacet
  facet normal  0.000000e+000  9.510564e-001 -3.090173e-001
    outer loop
      vertex -4.000000e+000 -1.258131e+001  6.203630e+001
      vertex  0.000000e+000 -1.258131e+001  6.203630e+001
      vertex  0.000000e+000 -1.320201e+001  6.012600e+001
    endloop
  endfacet
  facet normal  0.000000e+000  9.510564e-001 -3.090173e-001
    outer loop
      vertex -4.000000e+000 -1.258131e+001  6.203630e+001
      vertex  0.000000e+000 -1.320201e+001  6.012600e+001
      vertex -4.000000e+000 -1.320201e+001  6.012600e+001
    endloop
  endfacet
  facet normal  0.000000e+000  5.877859e-001 -8.090165e-001
    outer loop
      vertex  0.000000e+000 -1.258131e+001  6.203630e+001
      vertex -4.000000e+000 -1.095631e+001  6.321693e+001
      vertex  0.000000e+000 -1.095631e+001  6.321693e+001
    endloop
  endfacet
  facet normal  0.000000e+000  0.000000e+000 -1.000000e+000
    outer loop
      vertex  0.000000e+000 -1.095631e+001  6.321693e+001
      vertex -4.000000e+000 -1.095631e+001  6.321693e+001
      vertex -4.000000e+000 -8.947702e+000  6.321693e+001
    endloop
  endfacet
  facet normal  0.000000e+000  0.000000e+000 -1.000000e+000
    outer loop
      vertex  0.000000e+000 -1.095631e+001  6.321693e+001
      vertex -4.000000e+000 -8.947702e+000  6.321693e+001
      vertex  0.000000e+000 -8.947702e+000  6.321693e+001
    endloop
  endfacet
  facet normal  -0.000000e+000 -5.877858e-001 -8.090166e-001
    outer loop
      vertex  0.000000e+000 -8.947702e+000  6.321693e+001
      vertex -4.000000e+000 -8.947702e+000  6.321693e+001
      vertex -4.000000e+000 -7.322702e+000  6.203630e+001
    endloop
  endfacet
  facet normal  0.000000e+000 -5.877858e-001 -8.090166e-001
    outer loop
      vertex  0.000000e+000 -8.947702e+000  6.321693e+001
      vertex -4.000000e+000 -7.322702e+000  6.203630e+001
      vertex  0.000000e+000 -7.322702e+000  6.203630e+001
    endloop
  endfacet
  facet normal  -0.000000e+000 -9.510565e-001 -3.090171e-001
    outer loop
      vertex  0.000000e+000 -7.322702e+000  6.203630e+001
      vertex -4.000000e+000 -7.322702e+000  6.203630e+001
      vertex -4.000000e+000 -6.702007e+000  6.012600e+001
    endloop
  endfacet
  facet normal  0.000000e+000 -9.510565e-001 -3.090171e-001
    outer loop
      vertex  0.000000e+000 -7.322702e+000  6.203630e+001
      vertex -4.000000e+000 -6.702007e+000  6.012600e+001
      vertex  0.000000e+000 -6.702007e+000  6.012600e+001
    endloop
  endfacet
  facet normal  0.000000e+000 -5.877858e-001  8.090166e-001
    outer loop
      vertex -4.000000e+000 -8.947702e+000  4.562506e+001
      vertex  0.000000e+000 -7.322702e+000  4.680570e+001
      vertex -4.000000e+000 -7.322702e+000  4.680570e+001
    endloop
  endfacet
  facet normal  0.000000e+000 -9.510565e-001  3.090171e-001
    outer loop
      vertex -4.000000e+000 -7.322702e+000  4.680570e+001
      vertex  0.000000e+000 -7.322702e+000  4.680570e+001
      vertex  0.000000e+000 -6.702007e+000  4.871600e+001
    endloop
  endfacet
  facet normal  0.000000e+000 -9.510565e-001  3.090171e-001
    outer loop
      vertex -4.000000e+000 -7.322702e+000  4.680570e+001
      vertex  0.000000e+000 -6.702007e+000  4.871600e+001
      vertex -4.000000e+000 -6.702007e+000  4.871600e+001
    endloop
  endfacet
  facet normal  0.000000e+000 -5.877858e-001  8.090166e-001
    outer loop
      vertex  0.000000e+000 -7.322702e+000  4.680570e+001
      vertex -4.000000e+000 -8.947702e+000  4.562506e+001
      vertex  0.000000e+000 -8.947702e+000  4.562506e+001
    endloop
  endfacet
  facet normal  0.000000e+000  0.000000e+000  1.000000e+000
    outer loop
      vertex  0.000000e+000 -8.947702e+000  4.562506e+001
      vertex -4.000000e+000 -8.947702e+000  4.562506e+001
      vertex -4.000000e+000 -1.095631e+001  4.562506e+001
    endloop
  endfacet
  facet normal  0.000000e+000  0.000000e+000  1.000000e+000
    outer loop
      vertex  0.000000e+000 -8.947702e+000  4.562506e+001
      vertex -4.000000e+000 -1.095631e+001  4.562506e+001
      vertex  0.000000e+000 -1.095631e+001  4.562506e+001
    endloop
  endfacet
  facet normal  0.000000e+000  5.877859e-001  8.090165e-001
    outer loop
      vertex  0.000000e+000 -1.095631e+001  4.562506e+001
      vertex -4.000000e+000 -1.095631e+001  4.562506e+001
      vertex -4.000000e+000 -1.258131e+001  4.680570e+001
    endloop
  endfacet
  facet normal  -0.000000e+000  5.877859e-001  8.090165e-001
    outer loop
      vertex  0.000000e+000 -1.095631e+001  4.562506e+001
      vertex -4.000000e+000 -1.258131e+001  4.680570e+001
      vertex  0.000000e+000 -1.258131e+001  4.680570e+001
    endloop
  endfacet
  facet normal  0.000000e+000  9.510564e-001  3.090173e-001
    outer loop
      vertex  0.000000e+000 -1.258131e+001  4.680570e+001
      vertex -4.000000e+000 -1.258131e+001  4.680570e+001
      vertex -4.000000e+000 -1.320201e+001  4.871600e+001
    endloop
  endfacet
  facet normal  -0.000000e+000  9.510564e-001  3.090173e-001
    outer loop
      vertex  0.000000e+000 -1.258131e+001  4.680570e+001
      vertex -4.000000e+000 -1.320201e+001  4.871600e+001
      vertex  0.000000e+000 -1.320201e+001  4.871600e+001
    endloop
  endfacet
  facet normal  0.000000e+000  5.877859e-001 -8.090165e-001
    outer loop
      vertex -4.000000e+000 -1.095631e+001  5.180693e+001
      vertex  0.000000e+000 -1.258131e+001  5.062630e+001
      vertex -4.000000e+000 -1.258131e+001  5.062630e+001
    endloop
  endfacet
  facet normal  0.000000e+000  9.510564e-001 -3.090173e-001
    outer loop
      vertex -4.000000e+000 -1.258131e+001  5.062630e+001
      vertex  0.000000e+000 -1.258131e+001  5.062630e+001
      vertex  0.000000e+000 -1.320201e+001  4.871600e+001
    endloop
  endfacet
  facet normal  0.000000e+000  9.510564e-001 -3.090173e-001
    outer loop
      vertex -4.000000e+000 -1.258131e+001  5.062630e+001
      vertex  0.000000e+000 -1.320201e+001  4.871600e+001
      vertex -4.000000e+000 -1.320201e+001  4.871600e+001
    endloop
  endfacet
  facet normal  0.000000e+000  5.877859e-001 -8.090165e-001
    outer loop
      vertex  0.000000e+000 -1.258131e+001  5.062630e+001
      vertex -4.000000e+000 -1.095631e+001  5.180693e+001
      vertex  0.000000e+000 -1.095631e+001  5.180693e+001
    endloop
  endfacet
  facet normal  0.000000e+000  0.000000e+000 -1.000000e+000
    outer loop
      vertex  0.000000e+000 -1.095631e+001  5.180693e+001
      vertex -4.000000e+000 -1.095631e+001  5.180693e+001
      vertex -4.000000e+000 -8.947702e+000  5.180693e+001
    endloop
  endfacet
  facet normal  0.000000e+000  0.000000e+000 -1.000000e+000
    outer loop
      vertex  0.000000e+000 -1.095631e+001  5.180693e+001
      vertex -4.000000e+000 -8.947702e+000  5.180693e+001
      vertex  0.000000e+000 -8.947702e+000  5.180693e+001
    endloop
  endfacet
  facet normal  -0.000000e+000 -5.877858e-001 -8.090166e-001
    outer loop
      vertex  0.000000e+000 -8.947702e+000  5.180693e+001
      vertex -4.000000e+000 -8.947702e+000  5.180693e+001
      vertex -4.000000e+000 -7.322702e+000  5.062630e+001
    endloop
  endfacet
  facet normal  0.000000e+000 -5.877858e-001 -8.090166e-001
    outer loop
      vertex  0.000000e+000 -8.947702e+000  5.180693e+001
      vertex -4.000000e+000 -7.322702e+000  5.062630e+001
      vertex  0.000000e+000 -7.322702e+000  5.062630e+001
    endloop
  endfacet
  facet normal  -0.000000e+000 -9.510565e-001 -3.090171e-001
    outer loop
      vertex  0.000000e+000 -7.322702e+000  5.062630e+001
      vertex -4.000000e+000 -7.322702e+000  5.062630e+001
      vertex -4.000000e+000 -6.702007e+000  4.871600e+001
    endloop
  endfacet
  facet normal  0.000000e+000 -9.510565e-001 -3.090171e-001
    outer loop
      vertex  0.000000e+000 -7.322702e+000  5.062630e+001
      vertex -4.000000e+000 -6.702007e+000  4.871600e+001
      vertex  0.000000e+000 -6.702007e+000  4.871600e+001
    endloop
  endfacet
  facet normal  0.000000e+000  5.877858e-001 -8.090166e-001
    outer loop
      vertex -4.000000e+000  8.947702e+000  6.321693e+001
      vertex  0.000000e+000  7.322702e+000  6.203630e+001
      vertex -4.000000e+000  7.322702e+000  6.203630e+001
    endloop
  endfacet
  facet normal  0.000000e+000  9.510565e-001 -3.090171e-001
    outer loop
      vertex -4.000000e+000  7.322702e+000  6.203630e+001
      vertex  0.000000e+000  7.322702e+000  6.203630e+001
      vertex  0.000000e+000  6.702007e+000  6.012600e+001
    endloop
  endfacet
  facet normal  0.000000e+000  9.510565e-001 -3.090171e-001
    outer loop
      vertex -4.000000e+000  7.322702e+000  6.203630e+001
      vertex  0.000000e+000  6.702007e+000  6.012600e+001
      vertex -4.000000e+000  6.702007e+000  6.012600e+001
    endloop
  endfacet
  facet normal  0.000000e+000  5.877858e-001 -8.090166e-001
    outer loop
      vertex  0.000000e+000  7.322702e+000  6.203630e+001
      vertex -4.000000e+000  8.947702e+000  6.321693e+001
      vertex  0.000000e+000  8.947702e+000  6.321693e+001
    endloop
  endfacet
  facet normal  0.000000e+000  0.000000e+000 -1.000000e+000
    outer loop
      vertex  0.000000e+000  8.947702e+000  6.321693e+001
      vertex -4.000000e+000  8.947702e+000  6.321693e+001
      vertex -4.000000e+000  1.095631e+001  6.321693e+001
    endloop
  endfacet
  facet normal  0.000000e+000  0.000000e+000 -1.000000e+000
    outer loop
      vertex  0.000000e+000  8.947702e+000  6.321693e+001
      vertex -4.000000e+000  1.095631e+001  6.321693e+001
      vertex  0.000000e+000  1.095631e+001  6.321693e+001
    endloop
  endfacet
  facet normal  -0.000000e+000 -5.877859e-001 -8.090165e-001
    outer loop
      vertex  0.000000e+000  1.095631e+001  6.321693e+001
      vertex -4.000000e+000  1.095631e+001  6.321693e+001
      vertex -4.000000e+000  1.258131e+001  6.203630e+001
    endloop
  endfacet
  facet normal  0.000000e+000 -5.877859e-001 -8.090165e-001
    outer loop
      vertex  0.000000e+000  1.095631e+001  6.321693e+001
      vertex -4.000000e+000  1.258131e+001  6.203630e+001
      vertex  0.000000e+000  1.258131e+001  6.203630e+001
    endloop
  endfacet
  facet normal  -0.000000e+000 -9.510564e-001 -3.090173e-001
    outer loop
      vertex  0.000000e+000  1.258131e+001  6.203630e+001
      vertex -4.000000e+000  1.258131e+001  6.203630e+001
      vertex -4.000000e+000  1.320201e+001  6.012600e+001
    endloop
  endfacet
  facet normal  0.000000e+000 -9.510564e-001 -3.090173e-001
    outer loop
      vertex  0.000000e+000  1.258131e+001  6.203630e+001
      vertex -4.000000e+000  1.320201e+001  6.012600e+001
      vertex  0.000000e+000  1.320201e+001  6.012600e+001
    endloop
  endfacet
  facet normal  0.000000e+000 -5.877859e-001  8.090165e-001
    outer loop
      vertex -4.000000e+000  1.095631e+001  5.703506e+001
      vertex  0.000000e+000  1.258131e+001  5.821570e+001
      vertex -4.000000e+000  1.258131e+001  5.821570e+001
    endloop
  endfacet
  facet normal  0.000000e+000 -9.510564e-001  3.090173e-001
    outer loop
      vertex -4.000000e+000  1.258131e+001  5.821570e+001
      vertex  0.000000e+000  1.258131e+001  5.821570e+001
      vertex  0.000000e+000  1.320201e+001  6.012600e+001
    endloop
  endfacet
  facet normal  0.000000e+000 -9.510564e-001  3.090173e-001
    outer loop
      vertex -4.000000e+000  1.258131e+001  5.821570e+001
      vertex  0.000000e+000  1.320201e+001  6.012600e+001
      vertex -4.000000e+000  1.320201e+001  6.012600e+001
    endloop
  endfacet
  facet normal  0.000000e+000 -5.877859e-001  8.090165e-001
    outer loop
      vertex  0.000000e+000  1.258131e+001  5.821570e+001
      vertex -4.000000e+000  1.095631e+001  5.703506e+001
      vertex  0.000000e+000  1.095631e+001  5.703506e+001
    endloop
  endfacet
  facet normal  0.000000e+000  0.000000e+000  1.000000e+000
    outer loop
      vertex  0.000000e+000  1.095631e+001  5.703506e+001
      vertex -4.000000e+000  1.095631e+001  5.703506e+001
      vertex -4.000000e+000  8.947702e+000  5.703506e+001
    endloop
  endfacet
  facet normal  0.000000e+000  0.000000e+000  1.000000e+000
    outer loop
      vertex  0.000000e+000  1.095631e+001  5.703506e+001
      vertex -4.000000e+000  8.947702e+000  5.703506e+001
      vertex  0.000000e+000  8.947702e+000  5.703506e+001
    endloop
  endfacet
  facet normal  0.000000e+000  5.877858e-001  8.090166e-001
    outer loop
      vertex  0.000000e+000  8.947702e+000  5.703506e+001
      vertex -4.000000e+000  8.947702e+000  5.703506e+001
      vertex -4.000000e+000  7.322702e+000  5.821570e+001
    endloop
  endfacet
  facet normal  -0.000000e+000  5.877858e-001  8.090166e-001
    outer loop
      vertex  0.000000e+000  8.947702e+000  5.703506e+001
      vertex -4.000000e+000  7.322702e+000  5.821570e+001
      vertex  0.000000e+000  7.322702e+000  5.821570e+001
    endloop
  endfacet
  facet normal  0.000000e+000  9.510565e-001  3.090171e-001
    outer loop
      vertex  0.000000e+000  7.322702e+000  5.821570e+001
      vertex -4.000000e+000  7.322702e+000  5.821570e+001
      vertex -4.000000e+000  6.702007e+000  6.012600e+001
    endloop
  endfacet
  facet normal  -0.000000e+000  9.510565e-001  3.090171e-001
    outer loop
      vertex  0.000000e+000  7.322702e+000  5.821570e+001
      vertex -4.000000e+000  6.702007e+000  6.012600e+001
      vertex  0.000000e+000  6.702007e+000  6.012600e+001
    endloop
  endfacet
  facet normal  0.000000e+000  5.877858e-001 -8.090166e-001
    outer loop
      vertex -4.000000e+000  8.947702e+000  5.180693e+001
      vertex  0.000000e+000  7.322702e+000  5.062630e+001
      vertex -4.000000e+000  7.322702e+000  5.062630e+001
    endloop
  endfacet
  facet normal  0.000000e+000  9.510565e-001 -3.090171e-001
    outer loop
      vertex -4.000000e+000  7.322702e+000  5.062630e+001
      vertex  0.000000e+000  7.322702e+000  5.062630e+001
      vertex  0.000000e+000  6.702007e+000  4.871600e+001
    endloop
  endfacet
  facet normal  0.000000e+000  9.510565e-001 -3.090171e-001
    outer loop
      vertex -4.000000e+000  7.322702e+000  5.062630e+001
      vertex  0.000000e+000  6.702007e+000  4.871600e+001
      vertex -4.000000e+000  6.702007e+000  4.871600e+001
    endloop
  endfacet
  facet normal  0.000000e+000  5.877858e-001 -8.090166e-001
    outer loop
      vertex  0.000000e+000  7.322702e+000  5.062630e+001
      vertex -4.000000e+000  8.947702e+000  5.180693e+001
      vertex  0.000000e+000  8.947702e+000  5.180693e+001
    endloop
  endfacet
  facet normal  0.000000e+000  0.000000e+000 -1.000000e+000
    outer loop
      vertex  0.000000e+000  8.947702e+000  5.180693e+001
      vertex -4.000000e+000  8.947702e+000  5.180693e+001
      vertex -4.000000e+000  1.095631e+001  5.180693e+001
    endloop
  endfacet
  facet normal  0.000000e+000  0.000000e+000 -1.000000e+000
    outer loop
      vertex  0.000000e+000  8.947702e+000  5.180693e+001
      vertex -4.000000e+000  1.095631e+001  5.180693e+001
      vertex  0.000000e+000  1.095631e+001  5.180693e+001
    endloop
  endfacet
  facet normal  -0.000000e+000 -5.877859e-001 -8.090165e-001
    outer loop
      vertex  0.000000e+000  1.095631e+001  5.180693e+001
      vertex -4.000000e+000  1.095631e+001  5.180693e+001
      vertex -4.000000e+000  1.258131e+001  5.062630e+001
    endloop
  endfacet
  facet normal  0.000000e+000 -5.877859e-001 -8.090165e-001
    outer loop
      vertex  0.000000e+000  1.095631e+001  5.180693e+001
      vertex -4.000000e+000  1.258131e+001  5.062630e+001
      vertex  0.000000e+000  1.258131e+001  5.062630e+001
    endloop
  endfacet
  facet normal  -0.000000e+000 -9.510564e-001 -3.090173e-001
    outer loop
      vertex  0.000000e+000  1.258131e+001  5.062630e+001
      vertex -4.000000e+000  1.258131e+001  5.062630e+001
      vertex -4.000000e+000  1.320201e+001  4.871600e+001
    endloop
  endfacet
  facet normal  0.000000e+000 -9.510564e-001 -3.090173e-001
    outer loop
      vertex  0.000000e+000  1.258131e+001  5.062630e+001
      vertex -4.000000e+000  1.320201e+001  4.871600e+001
      vertex  0.000000e+000  1.320201e+001  4.871600e+001
    endloop
  endfacet
  facet normal  0.000000e+000 -5.877859e-001  8.090165e-001
    outer loop
      vertex -4.000000e+000  1.095631e+001  4.562506e+001
      vertex  0.000000e+000  1.258131e+001  4.680570e+001
      vertex -4.000000e+000  1.258131e+001  4.680570e+001
    endloop
  endfacet
  facet normal  0.000000e+000 -9.510564e-001  3.090173e-001
    outer loop
      vertex -4.000000e+000  1.258131e+001  4.680570e+001
      vertex  0.000000e+000  1.258131e+001  4.680570e+001
      vertex  0.000000e+000  1.320201e+001  4.871600e+001
    endloop
  endfacet
  facet normal  0.000000e+000 -9.510564e-001  3.090173e-001
    outer loop
      vertex -4.000000e+000  1.258131e+001  4.680570e+001
      vertex  0.000000e+000  1.320201e+001  4.871600e+001
      vertex -4.000000e+000  1.320201e+001  4.871600e+001
    endloop
  endfacet
  facet normal  0.000000e+000 -5.877859e-001  8.090165e-001
    outer loop
      vertex  0.000000e+000  1.258131e+001  4.680570e+001
      vertex -4.000000e+000  1.095631e+001  4.562506e+001
      vertex  0.000000e+000  1.095631e+001  4.562506e+001
    endloop
  endfacet
  facet normal  0.000000e+000  0.000000e+000  1.000000e+000
    outer loop
      vertex  0.000000e+000  1.095631e+001  4.562506e+001
      vertex -4.000000e+000  1.095631e+001  4.562506e+001
      vertex -4.000000e+000  8.947702e+000  4.562506e+001
    endloop
  endfacet
  facet normal  0.000000e+000  0.000000e+000  1.000000e+000
    outer loop
      vertex  0.000000e+000  1.095631e+001  4.562506e+001
      vertex -4.000000e+000  8.947702e+000  4.562506e+001
      vertex  0.000000e+000  8.947702e+000  4.562506e+001
    endloop
  endfacet
  facet normal  0.000000e+000  5.877858e-001  8.090166e-001
    outer loop
      vertex  0.000000e+000  8.947702e+000  4.562506e+001
      vertex -4.000000e+000  8.947702e+000  4.562506e+001
      vertex -4.000000e+000  7.322702e+000  4.680570e+001
    endloop
  endfacet
  facet normal  -0.000000e+000  5.877858e-001  8.090166e-001
    outer loop
      vertex  0.000000e+000  8.947702e+000  4.562506e+001
      vertex -4.000000e+000  7.322702e+000  4.680570e+001
      vertex  0.000000e+000  7.322702e+000  4.680570e+001
    endloop
  endfacet
  facet normal  0.000000e+000  9.510565e-001  3.090171e-001
    outer loop
      vertex  0.000000e+000  7.322702e+000  4.680570e+001
      vertex -4.000000e+000  7.322702e+000  4.680570e+001
      vertex -4.000000e+000  6.702007e+000  4.871600e+001
    endloop
  endfacet
  facet normal  -0.000000e+000  9.510565e-001  3.090171e-001
    outer loop
      vertex  0.000000e+000  7.322702e+000  4.680570e+001
      vertex -4.000000e+000  6.702007e+000  4.871600e+001
      vertex  0.000000e+000  6.702007e+000  4.871600e+001
    endloop
  endfacet
  facet normal  0.000000e+000  5.877854e-001 -8.090168e-001
    outer loop
      vertex -4.000000e+000 -8.188950e-001  6.829130e+001
      vertex  0.000000e+000 -2.143895e+000  6.732863e+001
      vertex -4.000000e+000 -2.143895e+000  6.732863e+001
    endloop
  endfacet
  facet normal  0.000000e+000  9.510562e-001 -3.090181e-001
    outer loop
      vertex -4.000000e+000 -2.143895e+000  6.732863e+001
      vertex  0.000000e+000 -2.143895e+000  6.732863e+001
      vertex  0.000000e+000 -2.650000e+000  6.577100e+001
    endloop
  endfacet
  facet normal  0.000000e+000  9.510562e-001 -3.090181e-001
    outer loop
      vertex -4.000000e+000 -2.143895e+000  6.732863e+001
      vertex  0.000000e+000 -2.650000e+000  6.577100e+001
      vertex -4.000000e+000 -2.650000e+000  6.577100e+001
    endloop
  endfacet
  facet normal  0.000000e+000  5.877854e-001 -8.090168e-001
    outer loop
      vertex  0.000000e+000 -2.143895e+000  6.732863e+001
      vertex -4.000000e+000 -8.188950e-001  6.829130e+001
      vertex  0.000000e+000 -8.188950e-001  6.829130e+001
    endloop
  endfacet
  facet normal  0.000000e+000  0.000000e+000 -9.999999e-001
    outer loop
      vertex  0.000000e+000 -8.188950e-001  6.829130e+001
      vertex -4.000000e+000 -8.188950e-001  6.829130e+001
      vertex -4.000000e+000  8.188950e-001  6.829130e+001
    endloop
  endfacet
  facet normal  0.000000e+000  0.000000e+000 -9.999999e-001
    outer loop
      vertex  0.000000e+000 -8.188950e-001  6.829130e+001
      vertex -4.000000e+000  8.188950e-001  6.829130e+001
      vertex  0.000000e+000  8.188950e-001  6.829130e+001
    endloop
  endfacet
  facet normal  -0.000000e+000 -5.877854e-001 -8.090168e-001
    outer loop
      vertex  0.000000e+000  8.188950e-001  6.829130e+001
      vertex -4.000000e+000  8.188950e-001  6.829130e+001
      vertex -4.000000e+000  2.143895e+000  6.732863e+001
    endloop
  endfacet
  facet normal  0.000000e+000 -5.877854e-001 -8.090168e-001
    outer loop
      vertex  0.000000e+000  8.188950e-001  6.829130e+001
      vertex -4.000000e+000  2.143895e+000  6.732863e+001
      vertex  0.000000e+000  2.143895e+000  6.732863e+001
    endloop
  endfacet
  facet normal  -0.000000e+000 -9.510562e-001 -3.090181e-001
    outer loop
      vertex  0.000000e+000  2.143895e+000  6.732863e+001
      vertex -4.000000e+000  2.143895e+000  6.732863e+001
      vertex -4.000000e+000  2.650000e+000  6.577100e+001
    endloop
  endfacet
  facet normal  0.000000e+000 -9.510562e-001 -3.090181e-001
    outer loop
      vertex  0.000000e+000  2.143895e+000  6.732863e+001
      vertex -4.000000e+000  2.650000e+000  6.577100e+001
      vertex  0.000000e+000  2.650000e+000  6.577100e+001
    endloop
  endfacet
  facet normal  0.000000e+000 -5.877854e-001  8.090168e-001
    outer loop
      vertex -4.000000e+000  8.188950e-001  6.325070e+001
      vertex  0.000000e+000  2.143895e+000  6.421337e+001
      vertex -4.000000e+000  2.143895e+000  6.421337e+001
    endloop
  endfacet
  facet normal  0.000000e+000 -9.510565e-001  3.090167e-001
    outer loop
      vertex -4.000000e+000  2.143895e+000  6.421337e+001
      vertex  0.000000e+000  2.143895e+000  6.421337e+001
      vertex  0.000000e+000  2.650000e+000  6.577100e+001
    endloop
  endfacet
  facet normal  0.000000e+000 -9.510565e-001  3.090167e-001
    outer loop
      vertex -4.000000e+000  2.143895e+000  6.421337e+001
      vertex  0.000000e+000  2.650000e+000  6.577100e+001
      vertex -4.000000e+000  2.650000e+000  6.577100e+001
    endloop
  endfacet
  facet normal  0.000000e+000 -5.877854e-001  8.090168e-001
    outer loop
      vertex  0.000000e+000  2.143895e+000  6.421337e+001
      vertex -4.000000e+000  8.188950e-001  6.325070e+001
      vertex  0.000000e+000  8.188950e-001  6.325070e+001
    endloop
  endfacet
  facet normal  0.000000e+000  0.000000e+000  9.999999e-001
    outer loop
      vertex  0.000000e+000  8.188950e-001  6.325070e+001
      vertex -4.000000e+000  8.188950e-001  6.325070e+001
      vertex -4.000000e+000 -8.188950e-001  6.325070e+001
    endloop
  endfacet
  facet normal  0.000000e+000  0.000000e+000  9.999999e-001
    outer loop
      vertex  0.000000e+000  8.188950e-001  6.325070e+001
      vertex -4.000000e+000 -8.188950e-001  6.325070e+001
      vertex  0.000000e+000 -8.188950e-001  6.325070e+001
    endloop
  endfacet
  facet normal  0.000000e+000  5.877854e-001  8.090168e-001
    outer loop
      vertex  0.000000e+000 -8.188950e-001  6.325070e+001
      vertex -4.000000e+000 -8.188950e-001  6.325070e+001
      vertex -4.000000e+000 -2.143895e+000  6.421337e+001
    endloop
  endfacet
  facet normal  -0.000000e+000  5.877854e-001  8.090168e-001
    outer loop
      vertex  0.000000e+000 -8.188950e-001  6.325070e+001
      vertex -4.000000e+000 -2.143895e+000  6.421337e+001
      vertex  0.000000e+000 -2.143895e+000  6.421337e+001
    endloop
  endfacet
  facet normal  0.000000e+000  9.510565e-001  3.090167e-001
    outer loop
      vertex  0.000000e+000 -2.143895e+000  6.421337e+001
      vertex -4.000000e+000 -2.143895e+000  6.421337e+001
      vertex -4.000000e+000 -2.650000e+000  6.577100e+001
    endloop
  endfacet
  facet normal  -0.000000e+000  9.510565e-001  3.090167e-001
    outer loop
      vertex  0.000000e+000 -2.143895e+000  6.421337e+001
      vertex -4.000000e+000 -2.650000e+000  6.577100e+001
      vertex  0.000000e+000 -2.650000e+000  6.577100e+001
    endloop
  endfacet
  facet normal  0.000000e+000  5.877839e-001 -8.090180e-001
    outer loop
      vertex -4.000000e+000 -8.188950e-001  5.629130e+001
      vertex  0.000000e+000 -2.143895e+000  5.532863e+001
      vertex -4.000000e+000 -2.143895e+000  5.532863e+001
    endloop
  endfacet
  facet normal  0.000000e+000  9.510565e-001 -3.090167e-001
    outer loop
      vertex -4.000000e+000 -2.143895e+000  5.532863e+001
      vertex  0.000000e+000 -2.143895e+000  5.532863e+001
      vertex  0.000000e+000 -2.650000e+000  5.377100e+001
    endloop
  endfacet
  facet normal  0.000000e+000  9.510565e-001 -3.090167e-001
    outer loop
      vertex -4.000000e+000 -2.143895e+000  5.532863e+001
      vertex  0.000000e+000 -2.650000e+000  5.377100e+001
      vertex -4.000000e+000 -2.650000e+000  5.377100e+001
    endloop
  endfacet
  facet normal  0.000000e+000  5.877839e-001 -8.090180e-001
    outer loop
      vertex  0.000000e+000 -2.143895e+000  5.532863e+001
      vertex -4.000000e+000 -8.188950e-001  5.629130e+001
      vertex  0.000000e+000 -8.188950e-001  5.629130e+001
    endloop
  endfacet
  facet normal  0.000000e+000  0.000000e+000 -9.999999e-001
    outer loop
      vertex  0.000000e+000 -8.188950e-001  5.629130e+001
      vertex -4.000000e+000 -8.188950e-001  5.629130e+001
      vertex -4.000000e+000  8.188950e-001  5.629130e+001
    endloop
  endfacet
  facet normal  0.000000e+000  0.000000e+000 -9.999999e-001
    outer loop
      vertex  0.000000e+000 -8.188950e-001  5.629130e+001
      vertex -4.000000e+000  8.188950e-001  5.629130e+001
      vertex  0.000000e+000  8.188950e-001  5.629130e+001
    endloop
  endfacet
  facet normal  -0.000000e+000 -5.877839e-001 -8.090180e-001
    outer loop
      vertex  0.000000e+000  8.188950e-001  5.629130e+001
      vertex -4.000000e+000  8.188950e-001  5.629130e+001
      vertex -4.000000e+000  2.143895e+000  5.532863e+001
    endloop
  endfacet
  facet normal  0.000000e+000 -5.877839e-001 -8.090180e-001
    outer loop
      vertex  0.000000e+000  8.188950e-001  5.629130e+001
      vertex -4.000000e+000  2.143895e+000  5.532863e+001
      vertex  0.000000e+000  2.143895e+000  5.532863e+001
    endloop
  endfacet
  facet normal  -0.000000e+000 -9.510565e-001 -3.090167e-001
    outer loop
      vertex  0.000000e+000  2.143895e+000  5.532863e+001
      vertex -4.000000e+000  2.143895e+000  5.532863e+001
      vertex -4.000000e+000  2.650000e+000  5.377100e+001
    endloop
  endfacet
  facet normal  0.000000e+000 -9.510565e-001 -3.090167e-001
    outer loop
      vertex  0.000000e+000  2.143895e+000  5.532863e+001
      vertex -4.000000e+000  2.650000e+000  5.377100e+001
      vertex  0.000000e+000  2.650000e+000  5.377100e+001
    endloop
  endfacet
  facet normal  0.000000e+000 -5.877839e-001  8.090180e-001
    outer loop
      vertex -4.000000e+000  8.188950e-001  5.125070e+001
      vertex  0.000000e+000  2.143895e+000  5.221337e+001
      vertex -4.000000e+000  2.143895e+000  5.221337e+001
    endloop
  endfacet
  facet normal  0.000000e+000 -9.510565e-001  3.090167e-001
    outer loop
      vertex -4.000000e+000  2.143895e+000  5.221337e+001
      vertex  0.000000e+000  2.143895e+000  5.221337e+001
      vertex  0.000000e+000  2.650000e+000  5.377100e+001
    endloop
  endfacet
  facet normal  0.000000e+000 -9.510565e-001  3.090167e-001
    outer loop
      vertex -4.000000e+000  2.143895e+000  5.221337e+001
      vertex  0.000000e+000  2.650000e+000  5.377100e+001
      vertex -4.000000e+000  2.650000e+000  5.377100e+001
    endloop
  endfacet
  facet normal  0.000000e+000 -5.877839e-001  8.090180e-001
    outer loop
      vertex  0.000000e+000  2.143895e+000  5.221337e+001
      vertex -4.000000e+000  8.188950e-001  5.125070e+001
      vertex  0.000000e+000  8.188950e-001  5.125070e+001
    endloop
  endfacet
  facet normal  0.000000e+000  0.000000e+000  9.999999e-001
    outer loop
      vertex  0.000000e+000  8.188950e-001  5.125070e+001
      vertex -4.000000e+000  8.188950e-001  5.125070e+001
      vertex -4.000000e+000 -8.188950e-001  5.125070e+001
    endloop
  endfacet
  facet normal  0.000000e+000  0.000000e+000  9.999999e-001
    outer loop
      vertex  0.000000e+000  8.188950e-001  5.125070e+001
      vertex -4.000000e+000 -8.188950e-001  5.125070e+001
      vertex  0.000000e+000 -8.188950e-001  5.125070e+001
    endloop
  endfacet
  facet normal  0.000000e+000  5.877839e-001  8.090180e-001
    outer loop
      vertex  0.000000e+000 -8.188950e-001  5.125070e+001
      vertex -4.000000e+000 -8.188950e-001  5.125070e+001
      vertex -4.000000e+000 -2.143895e+000  5.221337e+001
    endloop
  endfacet
  facet normal  -0.000000e+000  5.877839e-001  8.090180e-001
    outer loop
      vertex  0.000000e+000 -8.188950e-001  5.125070e+001
      vertex -4.000000e+000 -2.143895e+000  5.221337e+001
      vertex  0.000000e+000 -2.143895e+000  5.221337e+001
    endloop
  endfacet
  facet normal  0.000000e+000  9.510565e-001  3.090167e-001
    outer loop
      vertex  0.000000e+000 -2.143895e+000  5.221337e+001
      vertex -4.000000e+000 -2.143895e+000  5.221337e+001
      vertex -4.000000e+000 -2.650000e+000  5.377100e+001
    endloop
  endfacet
  facet normal  -0.000000e+000  9.510565e-001  3.090167e-001
    outer loop
      vertex  0.000000e+000 -2.143895e+000  5.221337e+001
      vertex -4.000000e+000 -2.650000e+000  5.377100e+001
      vertex  0.000000e+000 -2.650000e+000  5.377100e+001
    endloop
  endfacet
  facet normal  0.000000e+000  5.877839e-001 -8.090180e-001
    outer loop
      vertex -4.000000e+000 -8.188950e-001  4.429130e+001
      vertex  0.000000e+000 -2.143895e+000  4.332863e+001
      vertex -4.000000e+000 -2.143895e+000  4.332863e+001
    endloop
  endfacet
  facet normal  0.000000e+000  9.510565e-001 -3.090167e-001
    outer loop
      vertex -4.000000e+000 -2.143895e+000  4.332863e+001
      vertex  0.000000e+000 -2.143895e+000  4.332863e+001
      vertex  0.000000e+000 -2.650000e+000  4.177100e+001
    endloop
  endfacet
  facet normal  0.000000e+000  9.510565e-001 -3.090167e-001
    outer loop
      vertex -4.000000e+000 -2.143895e+000  4.332863e+001
      vertex  0.000000e+000 -2.650000e+000  4.177100e+001
      vertex -4.000000e+000 -2.650000e+000  4.177100e+001
    endloop
  endfacet
  facet normal  0.000000e+000  5.877839e-001 -8.090180e-001
    outer loop
      vertex  0.000000e+000 -2.143895e+000  4.332863e+001
      vertex -4.000000e+000 -8.188950e-001  4.429130e+001
      vertex  0.000000e+000 -8.188950e-001  4.429130e+001
    endloop
  endfacet
  facet normal  0.000000e+000  0.000000e+000 -9.999999e-001
    outer loop
      vertex  0.000000e+000 -8.188950e-001  4.429130e+001
      vertex -4.000000e+000 -8.188950e-001  4.429130e+001
      vertex -4.000000e+000  8.188950e-001  4.429130e+001
    endloop
  endfacet
  facet normal  0.000000e+000  0.000000e+000 -9.999999e-001
    outer loop
      vertex  0.000000e+000 -8.188950e-001  4.429130e+001
      vertex -4.000000e+000  8.188950e-001  4.429130e+001
      vertex  0.000000e+000  8.188950e-001  4.429130e+001
    endloop
  endfacet
  facet normal  -0.000000e+000 -5.877839e-001 -8.090180e-001
    outer loop
      vertex  0.000000e+000  8.188950e-001  4.429130e+001
      vertex -4.000000e+000  8.188950e-001  4.429130e+001
      vertex -4.000000e+000  2.143895e+000  4.332863e+001
    endloop
  endfacet
  facet normal  0.000000e+000 -5.877839e-001 -8.090180e-001
    outer loop
      vertex  0.000000e+000  8.188950e-001  4.429130e+001
      vertex -4.000000e+000  2.143895e+000  4.332863e+001
      vertex  0.000000e+000  2.143895e+000  4.332863e+001
    endloop
  endfacet
  facet normal  -0.000000e+000 -9.510565e-001 -3.090167e-001
    outer loop
      vertex  0.000000e+000  2.143895e+000  4.332863e+001
      vertex -4.000000e+000  2.143895e+000  4.332863e+001
      vertex -4.000000e+000  2.650000e+000  4.177100e+001
    endloop
  endfacet
  facet normal  0.000000e+000 -9.510565e-001 -3.090167e-001
    outer loop
      vertex  0.000000e+000  2.143895e+000  4.332863e+001
      vertex -4.000000e+000  2.650000e+000  4.177100e+001
      vertex  0.000000e+000  2.650000e+000  4.177100e+001
    endloop
  endfacet
  facet normal  0.000000e+000 -5.877839e-001  8.090180e-001
    outer loop
      vertex -4.000000e+000  8.188950e-001  3.925070e+001
      vertex  0.000000e+000  2.143895e+000  4.021337e+001
      vertex -4.000000e+000  2.143895e+000  4.021337e+001
    endloop
  endfacet
  facet normal  0.000000e+000 -9.510565e-001  3.090167e-001
    outer loop
      vertex -4.000000e+000  2.143895e+000  4.021337e+001
      vertex  0.000000e+000  2.143895e+000  4.021337e+001
      vertex  0.000000e+000  2.650000e+000  4.177100e+001
    endloop
  endfacet
  facet normal  0.000000e+000 -9.510565e-001  3.090167e-001
    outer loop
      vertex -4.000000e+000  2.143895e+000  4.021337e+001
      vertex  0.000000e+000  2.650000e+000  4.177100e+001
      vertex -4.000000e+000  2.650000e+000  4.177100e+001
    endloop
  endfacet
  facet normal  0.000000e+000 -5.877839e-001  8.090180e-001
    outer loop
      vertex  0.000000e+000  2.143895e+000  4.021337e+001
      vertex -4.000000e+000  8.188950e-001  3.925070e+001
      vertex  0.000000e+000  8.188950e-001  3.925070e+001
    endloop
  endfacet
  facet normal  0.000000e+000  0.000000e+000  9.999999e-001
    outer loop
      vertex  0.000000e+000  8.188950e-001  3.925070e+001
      vertex -4.000000e+000  8.188950e-001  3.925070e+001
      vertex -4.000000e+000 -8.188950e-001  3.925070e+001
    endloop
  endfacet
  facet normal  0.000000e+000  0.000000e+000  9.999999e-001
    outer loop
      vertex  0.000000e+000  8.188950e-001  3.925070e+001
      vertex -4.000000e+000 -8.188950e-001  3.925070e+001
      vertex  0.000000e+000 -8.188950e-001  3.925070e+001
    endloop
  endfacet
  facet normal  0.000000e+000  5.877839e-001  8.090180e-001
    outer loop
      vertex  0.000000e+000 -8.188950e-001  3.925070e+001
      vertex -4.000000e+000 -8.188950e-001  3.925070e+001
      vertex -4.000000e+000 -2.143895e+000  4.021337e+001
    endloop
  endfacet
  facet normal  -0.000000e+000  5.877839e-001  8.090180e-001
    outer loop
      vertex  0.000000e+000 -8.188950e-001  3.925070e+001
      vertex -4.000000e+000 -2.143895e+000  4.021337e+001
      vertex  0.000000e+000 -2.143895e+000  4.021337e+001
    endloop
  endfacet
  facet normal  0.000000e+000  9.510565e-001  3.090167e-001
    outer loop
      vertex  0.000000e+000 -2.143895e+000  4.021337e+001
      vertex -4.000000e+000 -2.143895e+000  4.021337e+001
      vertex -4.000000e+000 -2.650000e+000  4.177100e+001
    endloop
  endfacet
  facet normal  -0.000000e+000  9.510565e-001  3.090167e-001
    outer loop
      vertex  0.000000e+000 -2.143895e+000  4.021337e+001
      vertex -4.000000e+000 -2.650000e+000  4.177100e+001
      vertex  0.000000e+000 -2.650000e+000  4.177100e+001
    endloop
  endfacet
  facet normal  6.089528e-001  0.000000e+000  7.932063e-001
    outer loop
      vertex  1.300000e+001  6.000000e+000  1.500000e+001
      vertex  1.300000e+001  1.000000e+001  1.500000e+001
      vertex  0.000000e+000  6.000000e+000  2.498024e+001
    endloop
  endfacet
  facet normal  6.089528e-001  -0.000000e+000  7.932063e-001
    outer loop
      vertex  0.000000e+000  6.000000e+000  2.498024e+001
      vertex  1.300000e+001  1.000000e+001  1.500000e+001
      vertex  0.000000e+000  1.000000e+001  2.498024e+001
    endloop
  endfacet
  facet normal  6.089528e-001  0.000000e+000  7.932063e-001
    outer loop
      vertex  1.300000e+001 -1.000000e+001  1.500000e+001
      vertex  1.300000e+001 -6.000000e+000  1.500000e+001
      vertex  0.000000e+000 -1.000000e+001  2.498024e+001
    endloop
  endfacet
  facet normal  6.089528e-001  6.760734e-017  7.932063e-001
    outer loop
      vertex  0.000000e+000 -1.000000e+001  2.498024e+001
      vertex  1.300000e+001 -6.000000e+000  1.500000e+001
      vertex -4.440892e-016 -6.000000e+000  2.498024e+001
    endloop
  endfacet
  facet normal  0.000000e+000  1.000000e+000  -0.000000e+000
    outer loop
      vertex  1.300000e+001 -6.000000e+000  1.500000e+001
      vertex  1.332268e-015 -6.000000e+000  1.500000e+001
      vertex -4.440892e-016 -6.000000e+000  2.498024e+001
    endloop
  endfacet
  facet normal  0.000000e+000 -1.000000e+000  0.000000e+000
    outer loop
      vertex  0.000000e+000 -1.000000e+001  2.498024e+001
      vertex -3.996803e-015 -1.000000e+001  1.500000e+001
      vertex  1.300000e+001 -1.000000e+001  1.500000e+001
    endloop
  endfacet
  facet normal  0.000000e+000 -1.000000e+000  0.000000e+000
    outer loop
      vertex  0.000000e+000  6.000000e+000  2.498024e+001
      vertex -4.440892e-016  6.000000e+000  1.500000e+001
      vertex  1.300000e+001  6.000000e+000  1.500000e+001
    endloop
  endfacet
  facet normal  0.000000e+000  1.000000e+000  0.000000e+000
    outer loop
      vertex  1.300000e+001  1.000000e+001  1.500000e+001
      vertex  0.000000e+000  1.000000e+001  1.500000e+001
      vertex  0.000000e+000  1.000000e+001  2.498024e+001
    endloop
  endfacet
  facet normal  0.000000e+000  0.000000e+000  1.000000e+000
    outer loop
      vertex  1.300000e+001 -2.600000e+001  1.500000e+001
      vertex  1.300000e+001 -1.000000e+001  1.500000e+001
      vertex  0.000000e+000 -2.600000e+001  1.500000e+001
    endloop
  endfacet
  facet normal  0.000000e+000  -0.000000e+000  1.000000e+000
    outer loop
      vertex  0.000000e+000 -2.600000e+001  1.500000e+001
      vertex  1.300000e+001 -1.000000e+001  1.500000e+001
      vertex -3.996803e-015 -1.000000e+001  1.500000e+001
    endloop
  endfacet
  facet normal  0.000000e+000  0.000000e+000  1.000000e+000
    outer loop
      vertex  1.300000e+001  1.000000e+001  1.500000e+001
      vertex  1.300000e+001  2.600000e+001  1.500000e+001
      vertex  0.000000e+000  1.000000e+001  1.500000e+001
    endloop
  endfacet
  facet normal  0.000000e+000  0.000000e+000  1.000000e+000
    outer loop
      vertex  0.000000e+000  1.000000e+001  1.500000e+001
      vertex  1.300000e+001  2.600000e+001  1.500000e+001
      vertex  0.000000e+000  2.600000e+001  1.500000e+001
    endloop
  endfacet
  facet normal  0.000000e+000  0.000000e+000  1.000000e+000
    outer loop
      vertex  1.300000e+001 -6.000000e+000  1.500000e+001
      vertex  1.300000e+001  6.000000e+000  1.500000e+001
      vertex  1.332268e-015 -6.000000e+000  1.500000e+001
    endloop
  endfacet
  facet normal  0.000000e+000  -0.000000e+000  1.000000e+000
    outer loop
      vertex  1.332268e-015 -6.000000e+000  1.500000e+001
      vertex  1.300000e+001  6.000000e+000  1.500000e+001
      vertex -4.440892e-016  6.000000e+000  1.500000e+001
    endloop
  endfacet
  facet normal  0.000000e+000  1.000000e+000  -0.000000e+000
    outer loop
      vertex  1.300000e+001  2.600000e+001  1.500000e+001
      vertex  1.300000e+001  2.600000e+001  1.100000e+001
      vertex  0.000000e+000  2.600000e+001  1.500000e+001
    endloop
  endfacet
  facet normal  0.000000e+000  1.000000e+000  0.000000e+000
    outer loop
      vertex -4.000000e+000  2.600000e+001  1.500000e+001
      vertex  0.000000e+000  2.600000e+001  1.500000e+001
      vertex  1.300000e+001  2.600000e+001  1.100000e+001
    endloop
  endfacet
  facet normal  0.000000e+000  1.000000e+000  0.000000e+000
    outer loop
      vertex -4.000000e+000  2.600000e+001  1.500000e+001
      vertex  1.300000e+001  2.600000e+001  1.100000e+001
      vertex  6.000000e+000  2.600000e+001  1.100000e+001
    endloop
  endfacet
  facet normal  0.000000e+000  9.999999e-001  0.000000e+000
    outer loop
      vertex -4.000000e+000  2.600000e+001  1.500000e+001
      vertex  6.000000e+000  2.600000e+001  1.100000e+001
      vertex  6.000000e+000  2.600000e+001 -1.100000e+001
    endloop
  endfacet
  facet normal  0.000000e+000  1.000000e+000  0.000000e+000
    outer loop
      vertex -4.000000e+000  2.600000e+001  1.500000e+001
      vertex  6.000000e+000  2.600000e+001 -1.100000e+001
      vertex -4.000000e+000  2.600000e+001 -1.500000e+001
    endloop
  endfacet
  facet normal  0.000000e+000  1.000000e+000  -0.000000e+000
    outer loop
      vertex  1.300000e+001  2.600000e+001 -1.100000e+001
      vertex  1.300000e+001  2.600000e+001 -1.500000e+001
      vertex  6.000000e+000  2.600000e+001 -1.100000e+001
    endloop
  endfacet
  facet normal  0.000000e+000  1.000000e+000  0.000000e+000
    outer loop
      vertex  6.000000e+000  2.600000e+001 -1.100000e+001
      vertex  1.300000e+001  2.600000e+001 -1.500000e+001
      vertex -4.000000e+000  2.600000e+001 -1.500000e+001
    endloop
  endfacet
  facet normal  -0.000000e+000  9.079593e-001  4.190581e-001
    outer loop
      vertex  0.000000e+000  2.600000e+001  1.500000e+001
      vertex -4.000000e+000  2.600000e+001  1.500000e+001
      vertex  0.000000e+000  2.000000e+001  2.800000e+001
    endloop
  endfacet
  facet normal  0.000000e+000  9.079593e-001  4.190581e-001
    outer loop
      vertex  0.000000e+000  2.000000e+001  2.800000e+001
      vertex -4.000000e+000  2.600000e+001  1.500000e+001
      vertex -4.000000e+000  2.000000e+001  2.800000e+001
    endloop
  endfacet
  facet normal  1.000000e+000  0.000000e+000  -0.000000e+000
    outer loop
      vertex  1.300000e+001 -2.600000e+001  1.100000e+001
      vertex  1.300000e+001  2.600000e+001  1.100000e+001
      vertex  1.300000e+001  2.600000e+001  1.500000e+001
    endloop
  endfacet
  facet normal  1.000000e+000  0.000000e+000  0.000000e+000
    outer loop
      vertex  1.300000e+001 -2.600000e+001  1.100000e+001
      vertex  1.300000e+001  2.600000e+001  1.500000e+001
      vertex  1.300000e+001  1.000000e+001  1.500000e+001
    endloop
  endfacet
  facet normal  1.000000e+000  0.000000e+000  0.000000e+000
    outer loop
      vertex  1.300000e+001 -2.600000e+001  1.100000e+001
      vertex  1.300000e+001  1.000000e+001  1.500000e+001
      vertex  1.300000e+001  6.000000e+000  1.500000e+001
    endloop
  endfacet
  facet normal  1.000000e+000  0.000000e+000  0.000000e+000
    outer loop
      vertex  1.300000e+001 -2.600000e+001  1.100000e+001
      vertex  1.300000e+001  6.000000e+000  1.500000e+001
      vertex  1.300000e+001 -6.000000e+000  1.500000e+001
    endloop
  endfacet
  facet normal  1.000000e+000  0.000000e+000  0.000000e+000
    outer loop
      vertex  1.300000e+001 -2.600000e+001  1.100000e+001
      vertex  1.300000e+001 -6.000000e+000  1.500000e+001
      vertex  1.300000e+001 -1.000000e+001  1.500000e+001
    endloop
  endfacet
  facet normal  1.000000e+000  0.000000e+000  0.000000e+000
    outer loop
      vertex  1.300000e+001 -2.600000e+001  1.100000e+001
      vertex  1.300000e+001 -1.000000e+001  1.500000e+001
      vertex  1.300000e+001 -2.600000e+001  1.500000e+001
    endloop
  endfacet
  facet normal  0.000000e+000 -1.000000e+000  0.000000e+000
    outer loop
      vertex  1.300000e+001 -2.600000e+001  1.500000e+001
      vertex  0.000000e+000 -2.600000e+001  1.500000e+001
      vertex  1.300000e+001 -2.600000e+001  1.100000e+001
    endloop
  endfacet
  facet normal  0.000000e+000 -1.000000e+000  0.000000e+000
    outer loop
      vertex  1.300000e+001 -2.600000e+001  1.100000e+001
      vertex  0.000000e+000 -2.600000e+001  1.500000e+001
      vertex -4.000000e+000 -2.600000e+001  1.500000e+001
    endloop
  endfacet
  facet normal  0.000000e+000 -1.000000e+000  0.000000e+000
    outer loop
      vertex  1.300000e+001 -2.600000e+001  1.100000e+001
      vertex -4.000000e+000 -2.600000e+001  1.500000e+001
      vertex  6.000000e+000 -2.600000e+001  1.100000e+001
    endloop
  endfacet
  facet normal  -0.000000e+000 -1.000000e+000  0.000000e+000
    outer loop
      vertex  6.000000e+000 -2.600000e+001  1.100000e+001
      vertex -4.000000e+000 -2.600000e+001  1.500000e+001
      vertex -4.000000e+000 -2.600000e+001 -1.500000e+001
    endloop
  endfacet
  facet normal  0.000000e+000 -9.999999e-001  0.000000e+000
    outer loop
      vertex  6.000000e+000 -2.600000e+001  1.100000e+001
      vertex -4.000000e+000 -2.600000e+001 -1.500000e+001
      vertex  6.000000e+000 -2.600000e+001 -1.100000e+001
    endloop
  endfacet
  facet normal  0.000000e+000 -1.000000e+000  -0.000000e+000
    outer loop
      vertex  6.000000e+000 -2.600000e+001 -1.100000e+001
      vertex -4.000000e+000 -2.600000e+001 -1.500000e+001
      vertex  1.300000e+001 -2.600000e+001 -1.500000e+001
    endloop
  endfacet
  facet normal  0.000000e+000 -1.000000e+000  0.000000e+000
    outer loop
      vertex  6.000000e+000 -2.600000e+001 -1.100000e+001
      vertex  1.300000e+001 -2.600000e+001 -1.500000e+001
      vertex  1.300000e+001 -2.600000e+001 -1.100000e+001
    endloop
  endfacet
  facet normal -1.000000e+000  0.000000e+000  0.000000e+000
    outer loop
      vertex  2.000000e+000  1.623607e+001 -1.130423e+001
      vertex  2.000000e+000  1.376393e+001 -1.130423e+001
      vertex  2.000000e+000  1.500000e+001 -9.250000e+000
    endloop
  endfacet
  facet normal -1.000000e+000  0.000000e+000  0.000000e+000
    outer loop
      vertex  2.000000e+000  1.500000e+001 -9.250000e+000
      vertex  2.000000e+000  1.376393e+001 -1.130423e+001
      vertex  2.000000e+000  1.176393e+001 -9.851141e+000
    endloop
  endfacet
  facet normal -1.000000e+000  0.000000e+000  0.000000e+000
    outer loop
      vertex  2.000000e+000  1.500000e+001 -9.250000e+000
      vertex  2.000000e+000  1.176393e+001 -9.851141e+000
      vertex  2.000000e+000  1.376256e+001 -8.737437e+000
    endloop
  endfacet
  facet normal -1.000000e+000  -0.000000e+000  0.000000e+000
    outer loop
      vertex  2.000000e+000  1.376393e+001 -3.695774e+000
      vertex  2.000000e+000  1.623607e+001 -3.695774e+000
      vertex  2.000000e+000  1.500000e+001 -5.750000e+000
    endloop
  endfacet
  facet normal -1.000000e+000  0.000000e+000  0.000000e+000
    outer loop
      vertex  2.000000e+000  1.500000e+001 -5.750000e+000
      vertex  2.000000e+000  1.623607e+001 -3.695774e+000
      vertex  2.000000e+000  1.823607e+001 -5.148859e+000
    endloop
  endfacet
  facet normal -1.000000e+000  0.000000e+000  0.000000e+000
    outer loop
      vertex  2.000000e+000  1.500000e+001 -5.750000e+000
      vertex  2.000000e+000  1.823607e+001 -5.148859e+000
      vertex  2.000000e+000  1.623744e+001 -6.262563e+000
    endloop
  endfacet
  facet normal -1.000000e+000  0.000000e+000  0.000000e+000
    outer loop
      vertex  2.000000e+000  1.623607e+001 -1.130423e+001
      vertex  2.000000e+000  1.500000e+001 -9.250000e+000
      vertex  2.000000e+000  1.823607e+001 -9.851141e+000
    endloop
  endfacet
  facet normal -1.000000e+000  0.000000e+000  0.000000e+000
    outer loop
      vertex  2.000000e+000  1.823607e+001 -9.851141e+000
      vertex  2.000000e+000  1.500000e+001 -9.250000e+000
      vertex  2.000000e+000  1.623744e+001 -8.737437e+000
    endloop
  endfacet
  facet normal -1.000000e+000  0.000000e+000  0.000000e+000
    outer loop
      vertex  2.000000e+000  1.823607e+001 -9.851141e+000
      vertex  2.000000e+000  1.623744e+001 -8.737437e+000
      vertex  2.000000e+000  1.900000e+001 -7.500000e+000
    endloop
  endfacet
  facet normal -1.000000e+000  -0.000000e+000  0.000000e+000
    outer loop
      vertex  2.000000e+000  1.900000e+001 -7.500000e+000
      vertex  2.000000e+000  1.623744e+001 -8.737437e+000
      vertex  2.000000e+000  1.675000e+001 -7.500000e+000
    endloop
  endfacet
  facet normal -9.999999e-001  0.000000e+000  0.000000e+000
    outer loop
      vertex  2.000000e+000  1.900000e+001 -7.500000e+000
      vertex  2.000000e+000  1.675000e+001 -7.500000e+000
      vertex  2.000000e+000  1.823607e+001 -5.148859e+000
    endloop
  endfacet
  facet normal -1.000000e+000  0.000000e+000  0.000000e+000
    outer loop
      vertex  2.000000e+000  1.823607e+001 -5.148859e+000
      vertex  2.000000e+000  1.675000e+001 -7.500000e+000
      vertex  2.000000e+000  1.623744e+001 -6.262563e+000
    endloop
  endfacet
  facet normal -1.000000e+000  0.000000e+000  0.000000e+000
    outer loop
      vertex  2.000000e+000  1.376393e+001 -3.695774e+000
      vertex  2.000000e+000  1.500000e+001 -5.750000e+000
      vertex  2.000000e+000  1.176393e+001 -5.148859e+000
    endloop
  endfacet
  facet normal -1.000000e+000  0.000000e+000  0.000000e+000
    outer loop
      vertex  2.000000e+000  1.176393e+001 -5.148859e+000
      vertex  2.000000e+000  1.500000e+001 -5.750000e+000
      vertex  2.000000e+000  1.376256e+001 -6.262563e+000
    endloop
  endfacet
  facet normal -1.000000e+000  -0.000000e+000  0.000000e+000
    outer loop
      vertex  2.000000e+000  1.176393e+001 -5.148859e+000
      vertex  2.000000e+000  1.376256e+001 -6.262563e+000
      vertex  2.000000e+000  1.100000e+001 -7.500000e+000
    endloop
  endfacet
  facet normal -1.000000e+000  0.000000e+000  0.000000e+000
    outer loop
      vertex  2.000000e+000  1.100000e+001 -7.500000e+000
      vertex  2.000000e+000  1.376256e+001 -6.262563e+000
      vertex  2.000000e+000  1.325000e+001 -7.500000e+000
    endloop
  endfacet
  facet normal -9.999999e-001  -0.000000e+000  0.000000e+000
    outer loop
      vertex  2.000000e+000  1.100000e+001 -7.500000e+000
      vertex  2.000000e+000  1.325000e+001 -7.500000e+000
      vertex  2.000000e+000  1.176393e+001 -9.851141e+000
    endloop
  endfacet
  facet normal -9.999999e-001  0.000000e+000  0.000000e+000
    outer loop
      vertex  2.000000e+000  1.176393e+001 -9.851141e+000
      vertex  2.000000e+000  1.325000e+001 -7.500000e+000
      vertex  2.000000e+000  1.376256e+001 -8.737437e+000
    endloop
  endfacet
  facet normal -1.000000e+000  0.000000e+000  0.000000e+000
    outer loop
      vertex  2.000000e+000  3.236068e+000 -9.851141e+000
      vertex  2.000000e+000  1.236068e+000 -1.130423e+001
      vertex  2.000000e+000 -1.495471e-015 -9.150000e+000
    endloop
  endfacet
  facet normal -1.000000e+000  0.000000e+000  0.000000e+000
    outer loop
      vertex  2.000000e+000  3.236068e+000 -9.851141e+000
      vertex  2.000000e+000 -1.495471e-015 -9.150000e+000
      vertex  2.000000e+000  1.166726e+000 -8.666726e+000
    endloop
  endfacet
  facet normal -1.000000e+000  0.000000e+000  0.000000e+000
    outer loop
      vertex  2.000000e+000  3.236068e+000 -9.851141e+000
      vertex  2.000000e+000  1.166726e+000 -8.666726e+000
      vertex  2.000000e+000  1.650000e+000 -7.500000e+000
    endloop
  endfacet
  facet normal -1.000000e+000  0.000000e+000  0.000000e+000
    outer loop
      vertex  2.000000e+000  3.236068e+000 -9.851141e+000
      vertex  2.000000e+000  1.650000e+000 -7.500000e+000
      vertex  2.000000e+000  4.000000e+000 -7.500000e+000
    endloop
  endfacet
  facet normal -9.999999e-001  0.000000e+000  0.000000e+000
    outer loop
      vertex  2.000000e+000  1.236068e+000 -1.130423e+001
      vertex  2.000000e+000 -1.236068e+000 -1.130423e+001
      vertex  2.000000e+000 -1.495471e-015 -9.150000e+000
    endloop
  endfacet
  facet normal -1.000000e+000  0.000000e+000  0.000000e+000
    outer loop
      vertex  2.000000e+000 -1.495471e-015 -9.150000e+000
      vertex  2.000000e+000 -1.236068e+000 -1.130423e+001
      vertex  2.000000e+000 -3.236068e+000 -9.851141e+000
    endloop
  endfacet
  facet normal -1.000000e+000  0.000000e+000  0.000000e+000
    outer loop
      vertex  2.000000e+000 -1.495471e-015 -9.150000e+000
      vertex  2.000000e+000 -3.236068e+000 -9.851141e+000
      vertex  2.000000e+000 -1.166726e+000 -8.666726e+000
    endloop
  endfacet
  facet normal -1.000000e+000  -0.000000e+000  0.000000e+000
    outer loop
      vertex  2.000000e+000 -1.236068e+000 -3.695774e+000
      vertex  2.000000e+000  1.236068e+000 -3.695774e+000
      vertex  2.000000e+000 -2.831055e-016 -5.850000e+000
    endloop
  endfacet
  facet normal -1.000000e+000  0.000000e+000  0.000000e+000
    outer loop
      vertex  2.000000e+000 -2.831055e-016 -5.850000e+000
      vertex  2.000000e+000  1.236068e+000 -3.695774e+000
      vertex  2.000000e+000  3.236068e+000 -5.148859e+000
    endloop
  endfacet
  facet normal -1.000000e+000  0.000000e+000  0.000000e+000
    outer loop
      vertex  2.000000e+000 -2.831055e-016 -5.850000e+000
      vertex  2.000000e+000  3.236068e+000 -5.148859e+000
      vertex  2.000000e+000  1.166726e+000 -6.333274e+000
    endloop
  endfacet
  facet normal -9.999999e-001  0.000000e+000  0.000000e+000
    outer loop
      vertex  2.000000e+000  1.650000e+000 -7.500000e+000
      vertex  2.000000e+000  1.166726e+000 -6.333274e+000
      vertex  2.000000e+000  4.000000e+000 -7.500000e+000
    endloop
  endfacet
  facet normal -1.000000e+000  0.000000e+000  0.000000e+000
    outer loop
      vertex  2.000000e+000  4.000000e+000 -7.500000e+000
      vertex  2.000000e+000  1.166726e+000 -6.333274e+000
      vertex  2.000000e+000  3.236068e+000 -5.148859e+000
    endloop
  endfacet
  facet normal -1.000000e+000  0.000000e+000  0.000000e+000
    outer loop
      vertex  2.000000e+000 -1.236068e+000 -3.695774e+000
      vertex  2.000000e+000 -2.831055e-016 -5.850000e+000
      vertex  2.000000e+000 -3.236068e+000 -5.148859e+000
    endloop
  endfacet
  facet normal -1.000000e+000  0.000000e+000  0.000000e+000
    outer loop
      vertex  2.000000e+000 -3.236068e+000 -5.148859e+000
      vertex  2.000000e+000 -2.831055e-016 -5.850000e+000
      vertex  2.000000e+000 -1.166726e+000 -6.333274e+000
    endloop
  endfacet
  facet normal -1.000000e+000  -0.000000e+000  0.000000e+000
    outer loop
      vertex  2.000000e+000 -3.236068e+000 -5.148859e+000
      vertex  2.000000e+000 -1.166726e+000 -6.333274e+000
      vertex  2.000000e+000 -4.000000e+000 -7.500000e+000
    endloop
  endfacet
  facet normal -9.999999e-001  0.000000e+000  0.000000e+000
    outer loop
      vertex  2.000000e+000 -4.000000e+000 -7.500000e+000
      vertex  2.000000e+000 -1.166726e+000 -6.333274e+000
      vertex  2.000000e+000 -1.650000e+000 -7.500000e+000
    endloop
  endfacet
  facet normal -1.000000e+000  -0.000000e+000  0.000000e+000
    outer loop
      vertex  2.000000e+000 -4.000000e+000 -7.500000e+000
      vertex  2.000000e+000 -1.650000e+000 -7.500000e+000
      vertex  2.000000e+000 -3.236068e+000 -9.851141e+000
    endloop
  endfacet
  facet normal -9.999999e-001  0.000000e+000  0.000000e+000
    outer loop
      vertex  2.000000e+000 -3.236068e+000 -9.851141e+000
      vertex  2.000000e+000 -1.650000e+000 -7.500000e+000
      vertex  2.000000e+000 -1.166726e+000 -8.666726e+000
    endloop
  endfacet
  facet normal -1.000000e+000  0.000000e+000  0.000000e+000
    outer loop
      vertex  2.000000e+000  1.236068e+000 -3.042261e-001
      vertex  2.000000e+000 -1.236068e+000 -3.042261e-001
      vertex  2.000000e+000  1.990629e-015  1.850000e+000
    endloop
  endfacet
  facet normal -1.000000e+000  0.000000e+000  0.000000e+000
    outer loop
      vertex  2.000000e+000  1.990629e-015  1.850000e+000
      vertex  2.000000e+000 -1.236068e+000 -3.042261e-001
      vertex  2.000000e+000 -3.236068e+000  1.148859e+000
    endloop
  endfacet
  facet normal -1.000000e+000  0.000000e+000  0.000000e+000
    outer loop
      vertex  2.000000e+000  1.990629e-015  1.850000e+000
      vertex  2.000000e+000 -3.236068e+000  1.148859e+000
      vertex  2.000000e+000 -1.166726e+000  2.333274e+000
    endloop
  endfacet
  facet normal -1.000000e+000  -0.000000e+000  0.000000e+000
    outer loop
      vertex  2.000000e+000 -1.236068e+000  7.304226e+000
      vertex  2.000000e+000  1.236068e+000  7.304226e+000
      vertex  2.000000e+000 -1.720832e-016  5.150000e+000
    endloop
  endfacet
  facet normal -9.999999e-001  0.000000e+000  0.000000e+000
    outer loop
      vertex  2.000000e+000 -1.720832e-016  5.150000e+000
      vertex  2.000000e+000  1.236068e+000  7.304226e+000
      vertex  2.000000e+000  3.236068e+000  5.851141e+000
    endloop
  endfacet
  facet normal -1.000000e+000  0.000000e+000  0.000000e+000
    outer loop
      vertex  2.000000e+000 -1.720832e-016  5.150000e+000
      vertex  2.000000e+000  3.236068e+000  5.851141e+000
      vertex  2.000000e+000  1.166726e+000  4.666726e+000
    endloop
  endfacet
  facet normal -1.000000e+000  0.000000e+000  0.000000e+000
    outer loop
      vertex  2.000000e+000  1.236068e+000 -3.042261e-001
      vertex  2.000000e+000  1.990629e-015  1.850000e+000
      vertex  2.000000e+000  3.236068e+000  1.148859e+000
    endloop
  endfacet
  facet normal -1.000000e+000  0.000000e+000  0.000000e+000
    outer loop
      vertex  2.000000e+000  3.236068e+000  1.148859e+000
      vertex  2.000000e+000  1.990629e-015  1.850000e+000
      vertex  2.000000e+000  1.166726e+000  2.333274e+000
    endloop
  endfacet
  facet normal -1.000000e+000  0.000000e+000  0.000000e+000
    outer loop
      vertex  2.000000e+000  3.236068e+000  1.148859e+000
      vertex  2.000000e+000  1.166726e+000  2.333274e+000
      vertex  2.000000e+000  4.000000e+000  3.500000e+000
    endloop
  endfacet
  facet normal -9.999999e-001  -0.000000e+000  0.000000e+000
    outer loop
      vertex  2.000000e+000  4.000000e+000  3.500000e+000
      vertex  2.000000e+000  1.166726e+000  2.333274e+000
      vertex  2.000000e+000  1.650000e+000  3.500000e+000
    endloop
  endfacet
  facet normal -1.000000e+000  0.000000e+000  0.000000e+000
    outer loop
      vertex  2.000000e+000  4.000000e+000  3.500000e+000
      vertex  2.000000e+000  1.650000e+000  3.500000e+000
      vertex  2.000000e+000  3.236068e+000  5.851141e+000
    endloop
  endfacet
  facet normal -9.999999e-001  0.000000e+000  0.000000e+000
    outer loop
      vertex  2.000000e+000  3.236068e+000  5.851141e+000
      vertex  2.000000e+000  1.650000e+000  3.500000e+000
      vertex  2.000000e+000  1.166726e+000  4.666726e+000
    endloop
  endfacet
  facet normal -9.999999e-001  0.000000e+000  0.000000e+000
    outer loop
      vertex  2.000000e+000 -1.236068e+000  7.304226e+000
      vertex  2.000000e+000 -1.720832e-016  5.150000e+000
      vertex  2.000000e+000 -3.236068e+000  5.851141e+000
    endloop
  endfacet
  facet normal -1.000000e+000  0.000000e+000  0.000000e+000
    outer loop
      vertex  2.000000e+000 -3.236068e+000  5.851141e+000
      vertex  2.000000e+000 -1.720832e-016  5.150000e+000
      vertex  2.000000e+000 -1.166726e+000  4.666726e+000
    endloop
  endfacet
  facet normal -1.000000e+000  -0.000000e+000  0.000000e+000
    outer loop
      vertex  2.000000e+000 -3.236068e+000  5.851141e+000
      vertex  2.000000e+000 -1.166726e+000  4.666726e+000
      vertex  2.000000e+000 -4.000000e+000  3.500000e+000
    endloop
  endfacet
  facet normal -9.999999e-001  0.000000e+000  0.000000e+000
    outer loop
      vertex  2.000000e+000 -4.000000e+000  3.500000e+000
      vertex  2.000000e+000 -1.166726e+000  4.666726e+000
      vertex  2.000000e+000 -1.650000e+000  3.500000e+000
    endloop
  endfacet
  facet normal -1.000000e+000  -0.000000e+000  0.000000e+000
    outer loop
      vertex  2.000000e+000 -4.000000e+000  3.500000e+000
      vertex  2.000000e+000 -1.650000e+000  3.500000e+000
      vertex  2.000000e+000 -3.236068e+000  1.148859e+000
    endloop
  endfacet
  facet normal -9.999999e-001  0.000000e+000  0.000000e+000
    outer loop
      vertex  2.000000e+000 -3.236068e+000  1.148859e+000
      vertex  2.000000e+000 -1.650000e+000  3.500000e+000
      vertex  2.000000e+000 -1.166726e+000  2.333274e+000
    endloop
  endfacet
  facet normal -1.000000e+000  0.000000e+000  0.000000e+000
    outer loop
      vertex  2.000000e+000 -1.376393e+001 -3.042261e-001
      vertex  2.000000e+000 -1.623607e+001 -3.042261e-001
      vertex  2.000000e+000 -1.500000e+001  1.850000e+000
    endloop
  endfacet
  facet normal -1.000000e+000  0.000000e+000  0.000000e+000
    outer loop
      vertex  2.000000e+000 -1.500000e+001  1.850000e+000
      vertex  2.000000e+000 -1.623607e+001 -3.042261e-001
      vertex  2.000000e+000 -1.823607e+001  1.148859e+000
    endloop
  endfacet
  facet normal -1.000000e+000  0.000000e+000  0.000000e+000
    outer loop
      vertex  2.000000e+000 -1.500000e+001  1.850000e+000
      vertex  2.000000e+000 -1.823607e+001  1.148859e+000
      vertex  2.000000e+000 -1.616673e+001  2.333274e+000
    endloop
  endfacet
  facet normal -1.000000e+000  -0.000000e+000  0.000000e+000
    outer loop
      vertex  2.000000e+000 -1.623607e+001  7.304226e+000
      vertex  2.000000e+000 -1.376393e+001  7.304226e+000
      vertex  2.000000e+000 -1.500000e+001  5.150000e+000
    endloop
  endfacet
  facet normal -9.999999e-001  0.000000e+000  0.000000e+000
    outer loop
      vertex  2.000000e+000 -1.500000e+001  5.150000e+000
      vertex  2.000000e+000 -1.376393e+001  7.304226e+000
      vertex  2.000000e+000 -1.176393e+001  5.851141e+000
    endloop
  endfacet
  facet normal -1.000000e+000  0.000000e+000  0.000000e+000
    outer loop
      vertex  2.000000e+000 -1.500000e+001  5.150000e+000
      vertex  2.000000e+000 -1.176393e+001  5.851141e+000
      vertex  2.000000e+000 -1.383327e+001  4.666726e+000
    endloop
  endfacet
  facet normal -1.000000e+000  0.000000e+000  0.000000e+000
    outer loop
      vertex  2.000000e+000 -1.376393e+001 -3.042261e-001
      vertex  2.000000e+000 -1.500000e+001  1.850000e+000
      vertex  2.000000e+000 -1.176393e+001  1.148859e+000
    endloop
  endfacet
  facet normal -1.000000e+000  0.000000e+000  0.000000e+000
    outer loop
      vertex  2.000000e+000 -1.176393e+001  1.148859e+000
      vertex  2.000000e+000 -1.500000e+001  1.850000e+000
      vertex  2.000000e+000 -1.383327e+001  2.333274e+000
    endloop
  endfacet
  facet normal -1.000000e+000  0.000000e+000  0.000000e+000
    outer loop
      vertex  2.000000e+000 -1.176393e+001  1.148859e+000
      vertex  2.000000e+000 -1.383327e+001  2.333274e+000
      vertex  2.000000e+000 -1.100000e+001  3.500000e+000
    endloop
  endfacet
  facet normal -1.000000e+000  -0.000000e+000  0.000000e+000
    outer loop
      vertex  2.000000e+000 -1.100000e+001  3.500000e+000
      vertex  2.000000e+000 -1.383327e+001  2.333274e+000
      vertex  2.000000e+000 -1.335000e+001  3.500000e+000
    endloop
  endfacet
  facet normal -1.000000e+000  0.000000e+000  0.000000e+000
    outer loop
      vertex  2.000000e+000 -1.100000e+001  3.500000e+000
      vertex  2.000000e+000 -1.335000e+001  3.500000e+000
      vertex  2.000000e+000 -1.176393e+001  5.851141e+000
    endloop
  endfacet
  facet normal -9.999999e-001  0.000000e+000  0.000000e+000
    outer loop
      vertex  2.000000e+000 -1.176393e+001  5.851141e+000
      vertex  2.000000e+000 -1.335000e+001  3.500000e+000
      vertex  2.000000e+000 -1.383327e+001  4.666726e+000
    endloop
  endfacet
  facet normal -1.000000e+000  0.000000e+000  0.000000e+000
    outer loop
      vertex  2.000000e+000 -1.623607e+001  7.304226e+000
      vertex  2.000000e+000 -1.500000e+001  5.150000e+000
      vertex  2.000000e+000 -1.823607e+001  5.851141e+000
    endloop
  endfacet
  facet normal -1.000000e+000  0.000000e+000  0.000000e+000
    outer loop
      vertex  2.000000e+000 -1.823607e+001  5.851141e+000
      vertex  2.000000e+000 -1.500000e+001  5.150000e+000
      vertex  2.000000e+000 -1.616673e+001  4.666726e+000
    endloop
  endfacet
  facet normal -1.000000e+000  -0.000000e+000  0.000000e+000
    outer loop
      vertex  2.000000e+000 -1.823607e+001  5.851141e+000
      vertex  2.000000e+000 -1.616673e+001  4.666726e+000
      vertex  2.000000e+000 -1.900000e+001  3.500000e+000
    endloop
  endfacet
  facet normal -1.000000e+000  0.000000e+000  0.000000e+000
    outer loop
      vertex  2.000000e+000 -1.900000e+001  3.500000e+000
      vertex  2.000000e+000 -1.616673e+001  4.666726e+000
      vertex  2.000000e+000 -1.665000e+001  3.500000e+000
    endloop
  endfacet
  facet normal -1.000000e+000  -0.000000e+000  0.000000e+000
    outer loop
      vertex  2.000000e+000 -1.900000e+001  3.500000e+000
      vertex  2.000000e+000 -1.665000e+001  3.500000e+000
      vertex  2.000000e+000 -1.823607e+001  1.148859e+000
    endloop
  endfacet
  facet normal -1.000000e+000  0.000000e+000  0.000000e+000
    outer loop
      vertex  2.000000e+000 -1.823607e+001  1.148859e+000
      vertex  2.000000e+000 -1.665000e+001  3.500000e+000
      vertex  2.000000e+000 -1.616673e+001  2.333274e+000
    endloop
  endfacet
  facet normal -1.000000e+000  0.000000e+000  0.000000e+000
    outer loop
      vertex  2.000000e+000 -1.376393e+001 -1.130423e+001
      vertex  2.000000e+000 -1.623607e+001 -1.130423e+001
      vertex  2.000000e+000 -1.500000e+001 -9.250000e+000
    endloop
  endfacet
  facet normal -1.000000e+000  0.000000e+000  0.000000e+000
    outer loop
      vertex  2.000000e+000 -1.500000e+001 -9.250000e+000
      vertex  2.000000e+000 -1.623607e+001 -1.130423e+001
      vertex  2.000000e+000 -1.823607e+001 -9.851141e+000
    endloop
  endfacet
  facet normal -1.000000e+000  0.000000e+000  0.000000e+000
    outer loop
      vertex  2.000000e+000 -1.500000e+001 -9.250000e+000
      vertex  2.000000e+000 -1.823607e+001 -9.851141e+000
      vertex  2.000000e+000 -1.623744e+001 -8.737437e+000
    endloop
  endfacet
  facet normal -1.000000e+000  -0.000000e+000  0.000000e+000
    outer loop
      vertex  2.000000e+000 -1.623607e+001 -3.695774e+000
      vertex  2.000000e+000 -1.376393e+001 -3.695774e+000
      vertex  2.000000e+000 -1.500000e+001 -5.750000e+000
    endloop
  endfacet
  facet normal -1.000000e+000  0.000000e+000  0.000000e+000
    outer loop
      vertex  2.000000e+000 -1.500000e+001 -5.750000e+000
      vertex  2.000000e+000 -1.376393e+001 -3.695774e+000
      vertex  2.000000e+000 -1.176393e+001 -5.148859e+000
    endloop
  endfacet
  facet normal -1.000000e+000  0.000000e+000  0.000000e+000
    outer loop
      vertex  2.000000e+000 -1.500000e+001 -5.750000e+000
      vertex  2.000000e+000 -1.176393e+001 -5.148859e+000
      vertex  2.000000e+000 -1.376256e+001 -6.262563e+000
    endloop
  endfacet
  facet normal -1.000000e+000  0.000000e+000  0.000000e+000
    outer loop
      vertex  2.000000e+000 -1.376393e+001 -1.130423e+001
      vertex  2.000000e+000 -1.500000e+001 -9.250000e+000
      vertex  2.000000e+000 -1.176393e+001 -9.851141e+000
    endloop
  endfacet
  facet normal -1.000000e+000  0.000000e+000  0.000000e+000
    outer loop
      vertex  2.000000e+000 -1.176393e+001 -9.851141e+000
      vertex  2.000000e+000 -1.500000e+001 -9.250000e+000
      vertex  2.000000e+000 -1.376256e+001 -8.737437e+000
    endloop
  endfacet
  facet normal -1.000000e+000  0.000000e+000  0.000000e+000
    outer loop
      vertex  2.000000e+000 -1.176393e+001 -9.851141e+000
      vertex  2.000000e+000 -1.376256e+001 -8.737437e+000
      vertex  2.000000e+000 -1.100000e+001 -7.500000e+000
    endloop
  endfacet
  facet normal -1.000000e+000  -0.000000e+000  0.000000e+000
    outer loop
      vertex  2.000000e+000 -1.100000e+001 -7.500000e+000
      vertex  2.000000e+000 -1.376256e+001 -8.737437e+000
      vertex  2.000000e+000 -1.325000e+001 -7.500000e+000
    endloop
  endfacet
  facet normal -9.999999e-001  0.000000e+000  0.000000e+000
    outer loop
      vertex  2.000000e+000 -1.100000e+001 -7.500000e+000
      vertex  2.000000e+000 -1.325000e+001 -7.500000e+000
      vertex  2.000000e+000 -1.176393e+001 -5.148859e+000
    endloop
  endfacet
  facet normal -1.000000e+000  0.000000e+000  0.000000e+000
    outer loop
      vertex  2.000000e+000 -1.176393e+001 -5.148859e+000
      vertex  2.000000e+000 -1.325000e+001 -7.500000e+000
      vertex  2.000000e+000 -1.376256e+001 -6.262563e+000
    endloop
  endfacet
  facet normal -1.000000e+000  0.000000e+000  0.000000e+000
    outer loop
      vertex  2.000000e+000 -1.623607e+001 -3.695774e+000
      vertex  2.000000e+000 -1.500000e+001 -5.750000e+000
      vertex  2.000000e+000 -1.823607e+001 -5.148859e+000
    endloop
  endfacet
  facet normal -1.000000e+000  0.000000e+000  0.000000e+000
    outer loop
      vertex  2.000000e+000 -1.823607e+001 -5.148859e+000
      vertex  2.000000e+000 -1.500000e+001 -5.750000e+000
      vertex  2.000000e+000 -1.623744e+001 -6.262563e+000
    endloop
  endfacet
  facet normal -1.000000e+000  -0.000000e+000  0.000000e+000
    outer loop
      vertex  2.000000e+000 -1.823607e+001 -5.148859e+000
      vertex  2.000000e+000 -1.623744e+001 -6.262563e+000
      vertex  2.000000e+000 -1.900000e+001 -7.500000e+000
    endloop
  endfacet
  facet normal -1.000000e+000  0.000000e+000  0.000000e+000
    outer loop
      vertex  2.000000e+000 -1.900000e+001 -7.500000e+000
      vertex  2.000000e+000 -1.623744e+001 -6.262563e+000
      vertex  2.000000e+000 -1.675000e+001 -7.500000e+000
    endloop
  endfacet
  facet normal -9.999999e-001  -0.000000e+000  0.000000e+000
    outer loop
      vertex  2.000000e+000 -1.900000e+001 -7.500000e+000
      vertex  2.000000e+000 -1.675000e+001 -7.500000e+000
      vertex  2.000000e+000 -1.823607e+001 -9.851141e+000
    endloop
  endfacet
  facet normal -9.999999e-001  0.000000e+000  0.000000e+000
    outer loop
      vertex  2.000000e+000 -1.823607e+001 -9.851141e+000
      vertex  2.000000e+000 -1.675000e+001 -7.500000e+000
      vertex  2.000000e+000 -1.623744e+001 -8.737437e+000
    endloop
  endfacet
  facet normal -1.000000e+000  0.000000e+000  0.000000e+000
    outer loop
      vertex  2.000000e+000  1.823607e+001  1.148859e+000
      vertex  2.000000e+000  1.623607e+001 -3.042261e-001
      vertex  2.000000e+000  1.500000e+001  1.850000e+000
    endloop
  endfacet
  facet normal -1.000000e+000  0.000000e+000  0.000000e+000
    outer loop
      vertex  2.000000e+000  1.823607e+001  1.148859e+000
      vertex  2.000000e+000  1.500000e+001  1.850000e+000
      vertex  2.000000e+000  1.616673e+001  2.333274e+000
    endloop
  endfacet
  facet normal -1.000000e+000  0.000000e+000  0.000000e+000
    outer loop
      vertex  2.000000e+000  1.823607e+001  1.148859e+000
      vertex  2.000000e+000  1.616673e+001  2.333274e+000
      vertex  2.000000e+000  1.665000e+001  3.500000e+000
    endloop
  endfacet
  facet normal -1.000000e+000  0.000000e+000  0.000000e+000
    outer loop
      vertex  2.000000e+000  1.823607e+001  1.148859e+000
      vertex  2.000000e+000  1.665000e+001  3.500000e+000
      vertex  2.000000e+000  1.900000e+001  3.500000e+000
    endloop
  endfacet
  facet normal -1.000000e+000  0.000000e+000  0.000000e+000
    outer loop
      vertex  2.000000e+000  1.623607e+001 -3.042261e-001
      vertex  2.000000e+000  1.376393e+001 -3.042261e-001
      vertex  2.000000e+000  1.500000e+001  1.850000e+000
    endloop
  endfacet
  facet normal -1.000000e+000  0.000000e+000  0.000000e+000
    outer loop
      vertex  2.000000e+000  1.500000e+001  1.850000e+000
      vertex  2.000000e+000  1.376393e+001 -3.042261e-001
      vertex  2.000000e+000  1.176393e+001  1.148859e+000
    endloop
  endfacet
  facet normal -1.000000e+000  0.000000e+000  0.000000e+000
    outer loop
      vertex  2.000000e+000  1.500000e+001  1.850000e+000
      vertex  2.000000e+000  1.176393e+001  1.148859e+000
      vertex  2.000000e+000  1.383327e+001  2.333274e+000
    endloop
  endfacet
  facet normal -1.000000e+000  -0.000000e+000  0.000000e+000
    outer loop
      vertex  2.000000e+000  1.376393e+001  7.304226e+000
      vertex  2.000000e+000  1.623607e+001  7.304226e+000
      vertex  2.000000e+000  1.500000e+001  5.150000e+000
    endloop
  endfacet
  facet normal -1.000000e+000  0.000000e+000  0.000000e+000
    outer loop
      vertex  2.000000e+000  1.500000e+001  5.150000e+000
      vertex  2.000000e+000  1.623607e+001  7.304226e+000
      vertex  2.000000e+000  1.823607e+001  5.851141e+000
    endloop
  endfacet
  facet normal -1.000000e+000  0.000000e+000  0.000000e+000
    outer loop
      vertex  2.000000e+000  1.500000e+001  5.150000e+000
      vertex  2.000000e+000  1.823607e+001  5.851141e+000
      vertex  2.000000e+000  1.616673e+001  4.666726e+000
    endloop
  endfacet
  facet normal -1.000000e+000  0.000000e+000  0.000000e+000
    outer loop
      vertex  2.000000e+000  1.665000e+001  3.500000e+000
      vertex  2.000000e+000  1.616673e+001  4.666726e+000
      vertex  2.000000e+000  1.900000e+001  3.500000e+000
    endloop
  endfacet
  facet normal -1.000000e+000  0.000000e+000  0.000000e+000
    outer loop
      vertex  2.000000e+000  1.900000e+001  3.500000e+000
      vertex  2.000000e+000  1.616673e+001  4.666726e+000
      vertex  2.000000e+000  1.823607e+001  5.851141e+000
    endloop
  endfacet
  facet normal -9.999999e-001  0.000000e+000  0.000000e+000
    outer loop
      vertex  2.000000e+000  1.376393e+001  7.304226e+000
      vertex  2.000000e+000  1.500000e+001  5.150000e+000
      vertex  2.000000e+000  1.176393e+001  5.851141e+000
    endloop
  endfacet
  facet normal -1.000000e+000  0.000000e+000  0.000000e+000
    outer loop
      vertex  2.000000e+000  1.176393e+001  5.851141e+000
      vertex  2.000000e+000  1.500000e+001  5.150000e+000
      vertex  2.000000e+000  1.383327e+001  4.666726e+000
    endloop
  endfacet
  facet normal -1.000000e+000  -0.000000e+000  0.000000e+000
    outer loop
      vertex  2.000000e+000  1.176393e+001  5.851141e+000
      vertex  2.000000e+000  1.383327e+001  4.666726e+000
      vertex  2.000000e+000  1.100000e+001  3.500000e+000
    endloop
  endfacet
  facet normal -1.000000e+000  0.000000e+000  0.000000e+000
    outer loop
      vertex  2.000000e+000  1.100000e+001  3.500000e+000
      vertex  2.000000e+000  1.383327e+001  4.666726e+000
      vertex  2.000000e+000  1.335000e+001  3.500000e+000
    endloop
  endfacet
  facet normal -1.000000e+000  -0.000000e+000  0.000000e+000
    outer loop
      vertex  2.000000e+000  1.100000e+001  3.500000e+000
      vertex  2.000000e+000  1.335000e+001  3.500000e+000
      vertex  2.000000e+000  1.176393e+001  1.148859e+000
    endloop
  endfacet
  facet normal -9.999999e-001  0.000000e+000  0.000000e+000
    outer loop
      vertex  2.000000e+000  1.176393e+001  1.148859e+000
      vertex  2.000000e+000  1.335000e+001  3.500000e+000
      vertex  2.000000e+000  1.383327e+001  2.333274e+000
    endloop
  endfacet
  facet normal  0.000000e+000  3.826833e-001 -9.238796e-001
    outer loop
      vertex  2.000000e+000 -1.500000e+001  5.150000e+000
      vertex  6.000000e+000 -1.616673e+001  4.666726e+000
      vertex  2.000000e+000 -1.616673e+001  4.666726e+000
    endloop
  endfacet
  facet normal  0.000000e+000  9.238798e-001 -3.826826e-001
    outer loop
      vertex  2.000000e+000 -1.616673e+001  4.666726e+000
      vertex  6.000000e+000 -1.616673e+001  4.666726e+000
      vertex  6.000000e+000 -1.665000e+001  3.500000e+000
    endloop
  endfacet
  facet normal  0.000000e+000  9.238798e-001 -3.826826e-001
    outer loop
      vertex  2.000000e+000 -1.616673e+001  4.666726e+000
      vertex  6.000000e+000 -1.665000e+001  3.500000e+000
      vertex  2.000000e+000 -1.665000e+001  3.500000e+000
    endloop
  endfacet
  facet normal  0.000000e+000  3.826833e-001 -9.238796e-001
    outer loop
      vertex  6.000000e+000 -1.616673e+001  4.666726e+000
      vertex  2.000000e+000 -1.500000e+001  5.150000e+000
      vertex  6.000000e+000 -1.500000e+001  5.150000e+000
    endloop
  endfacet
  facet normal  -0.000000e+000 -3.826836e-001 -9.238795e-001
    outer loop
      vertex  6.000000e+000 -1.500000e+001  5.150000e+000
      vertex  2.000000e+000 -1.500000e+001  5.150000e+000
      vertex  2.000000e+000 -1.383327e+001  4.666726e+000
    endloop
  endfacet
  facet normal  0.000000e+000 -3.826836e-001 -9.238795e-001
    outer loop
      vertex  6.000000e+000 -1.500000e+001  5.150000e+000
      vertex  2.000000e+000 -1.383327e+001  4.666726e+000
      vertex  6.000000e+000 -1.383327e+001  4.666726e+000
    endloop
  endfacet
  facet normal  -0.000000e+000 -9.238796e-001 -3.826832e-001
    outer loop
      vertex  6.000000e+000 -1.383327e+001  4.666726e+000
      vertex  2.000000e+000 -1.383327e+001  4.666726e+000
      vertex  2.000000e+000 -1.335000e+001  3.500000e+000
    endloop
  endfacet
  facet normal  0.000000e+000 -9.238796e-001 -3.826832e-001
    outer loop
      vertex  6.000000e+000 -1.383327e+001  4.666726e+000
      vertex  2.000000e+000 -1.335000e+001  3.500000e+000
      vertex  6.000000e+000 -1.335000e+001  3.500000e+000
    endloop
  endfacet
  facet normal  0.000000e+000 -3.826835e-001  9.238795e-001
    outer loop
      vertex  2.000000e+000 -1.500000e+001  1.850000e+000
      vertex  6.000000e+000 -1.383327e+001  2.333274e+000
      vertex  2.000000e+000 -1.383327e+001  2.333274e+000
    endloop
  endfacet
  facet normal  0.000000e+000 -9.238796e-001  3.826832e-001
    outer loop
      vertex  2.000000e+000 -1.383327e+001  2.333274e+000
      vertex  6.000000e+000 -1.383327e+001  2.333274e+000
      vertex  6.000000e+000 -1.335000e+001  3.500000e+000
    endloop
  endfacet
  facet normal  0.000000e+000 -9.238796e-001  3.826832e-001
    outer loop
      vertex  2.000000e+000 -1.383327e+001  2.333274e+000
      vertex  6.000000e+000 -1.335000e+001  3.500000e+000
      vertex  2.000000e+000 -1.335000e+001  3.500000e+000
    endloop
  endfacet
  facet normal  0.000000e+000 -3.826835e-001  9.238795e-001
    outer loop
      vertex  6.000000e+000 -1.383327e+001  2.333274e+000
      vertex  2.000000e+000 -1.500000e+001  1.850000e+000
      vertex  6.000000e+000 -1.500000e+001  1.850000e+000
    endloop
  endfacet
  facet normal  0.000000e+000  3.826832e-001  9.238796e-001
    outer loop
      vertex  6.000000e+000 -1.500000e+001  1.850000e+000
      vertex  2.000000e+000 -1.500000e+001  1.850000e+000
      vertex  2.000000e+000 -1.616673e+001  2.333274e+000
    endloop
  endfacet
  facet normal  -0.000000e+000  3.826832e-001  9.238796e-001
    outer loop
      vertex  6.000000e+000 -1.500000e+001  1.850000e+000
      vertex  2.000000e+000 -1.616673e+001  2.333274e+000
      vertex  6.000000e+000 -1.616673e+001  2.333274e+000
    endloop
  endfacet
  facet normal  0.000000e+000  9.238798e-001  3.826826e-001
    outer loop
      vertex  6.000000e+000 -1.616673e+001  2.333274e+000
      vertex  2.000000e+000 -1.616673e+001  2.333274e+000
      vertex  2.000000e+000 -1.665000e+001  3.500000e+000
    endloop
  endfacet
  facet normal  -0.000000e+000  9.238798e-001  3.826826e-001
    outer loop
      vertex  6.000000e+000 -1.616673e+001  2.333274e+000
      vertex  2.000000e+000 -1.665000e+001  3.500000e+000
      vertex  6.000000e+000 -1.665000e+001  3.500000e+000
    endloop
  endfacet
  facet normal  0.000000e+000 -3.826832e-001  9.238796e-001
    outer loop
      vertex  2.000000e+000  1.500000e+001  1.850000e+000
      vertex  6.000000e+000  1.616673e+001  2.333274e+000
      vertex  2.000000e+000  1.616673e+001  2.333274e+000
    endloop
  endfacet
  facet normal  0.000000e+000 -9.238798e-001  3.826826e-001
    outer loop
      vertex  2.000000e+000  1.616673e+001  2.333274e+000
      vertex  6.000000e+000  1.616673e+001  2.333274e+000
      vertex  6.000000e+000  1.665000e+001  3.500000e+000
    endloop
  endfacet
  facet normal  0.000000e+000 -9.238798e-001  3.826826e-001
    outer loop
      vertex  2.000000e+000  1.616673e+001  2.333274e+000
      vertex  6.000000e+000  1.665000e+001  3.500000e+000
      vertex  2.000000e+000  1.665000e+001  3.500000e+000
    endloop
  endfacet
  facet normal  0.000000e+000 -3.826832e-001  9.238796e-001
    outer loop
      vertex  6.000000e+000  1.616673e+001  2.333274e+000
      vertex  2.000000e+000  1.500000e+001  1.850000e+000
      vertex  6.000000e+000  1.500000e+001  1.850000e+000
    endloop
  endfacet
  facet normal  0.000000e+000  3.826835e-001  9.238795e-001
    outer loop
      vertex  6.000000e+000  1.500000e+001  1.850000e+000
      vertex  2.000000e+000  1.500000e+001  1.850000e+000
      vertex  2.000000e+000  1.383327e+001  2.333274e+000
    endloop
  endfacet
  facet normal  -0.000000e+000  3.826835e-001  9.238795e-001
    outer loop
      vertex  6.000000e+000  1.500000e+001  1.850000e+000
      vertex  2.000000e+000  1.383327e+001  2.333274e+000
      vertex  6.000000e+000  1.383327e+001  2.333274e+000
    endloop
  endfacet
  facet normal  0.000000e+000  9.238796e-001  3.826832e-001
    outer loop
      vertex  6.000000e+000  1.383327e+001  2.333274e+000
      vertex  2.000000e+000  1.383327e+001  2.333274e+000
      vertex  2.000000e+000  1.335000e+001  3.500000e+000
    endloop
  endfacet
  facet normal  -0.000000e+000  9.238796e-001  3.826832e-001
    outer loop
      vertex  6.000000e+000  1.383327e+001  2.333274e+000
      vertex  2.000000e+000  1.335000e+001  3.500000e+000
      vertex  6.000000e+000  1.335000e+001  3.500000e+000
    endloop
  endfacet
  facet normal  0.000000e+000  3.826836e-001 -9.238795e-001
    outer loop
      vertex  2.000000e+000  1.500000e+001  5.150000e+000
      vertex  6.000000e+000  1.383327e+001  4.666726e+000
      vertex  2.000000e+000  1.383327e+001  4.666726e+000
    endloop
  endfacet
  facet normal  0.000000e+000  9.238796e-001 -3.826832e-001
    outer loop
      vertex  2.000000e+000  1.383327e+001  4.666726e+000
      vertex  6.000000e+000  1.383327e+001  4.666726e+000
      vertex  6.000000e+000  1.335000e+001  3.500000e+000
    endloop
  endfacet
  facet normal  0.000000e+000  9.238796e-001 -3.826832e-001
    outer loop
      vertex  2.000000e+000  1.383327e+001  4.666726e+000
      vertex  6.000000e+000  1.335000e+001  3.500000e+000
      vertex  2.000000e+000  1.335000e+001  3.500000e+000
    endloop
  endfacet
  facet normal  0.000000e+000  3.826836e-001 -9.238795e-001
    outer loop
      vertex  6.000000e+000  1.383327e+001  4.666726e+000
      vertex  2.000000e+000  1.500000e+001  5.150000e+000
      vertex  6.000000e+000  1.500000e+001  5.150000e+000
    endloop
  endfacet
  facet normal  -0.000000e+000 -3.826833e-001 -9.238796e-001
    outer loop
      vertex  6.000000e+000  1.500000e+001  5.150000e+000
      vertex  2.000000e+000  1.500000e+001  5.150000e+000
      vertex  2.000000e+000  1.616673e+001  4.666726e+000
    endloop
  endfacet
  facet normal  0.000000e+000 -3.826833e-001 -9.238796e-001
    outer loop
      vertex  6.000000e+000  1.500000e+001  5.150000e+000
      vertex  2.000000e+000  1.616673e+001  4.666726e+000
      vertex  6.000000e+000  1.616673e+001  4.666726e+000
    endloop
  endfacet
  facet normal  -0.000000e+000 -9.238798e-001 -3.826826e-001
    outer loop
      vertex  6.000000e+000  1.616673e+001  4.666726e+000
      vertex  2.000000e+000  1.616673e+001  4.666726e+000
      vertex  2.000000e+000  1.665000e+001  3.500000e+000
    endloop
  endfacet
  facet normal  0.000000e+000 -9.238798e-001 -3.826826e-001
    outer loop
      vertex  6.000000e+000  1.616673e+001  4.666726e+000
      vertex  2.000000e+000  1.665000e+001  3.500000e+000
      vertex  6.000000e+000  1.665000e+001  3.500000e+000
    endloop
  endfacet
  facet normal  0.000000e+000 -3.826835e-001  9.238795e-001
    outer loop
      vertex  2.000000e+000  1.990629e-015  1.850000e+000
      vertex  6.000000e+000  1.166726e+000  2.333274e+000
      vertex  2.000000e+000  1.166726e+000  2.333274e+000
    endloop
  endfacet
  facet normal  0.000000e+000 -9.238796e-001  3.826834e-001
    outer loop
      vertex  2.000000e+000  1.166726e+000  2.333274e+000
      vertex  6.000000e+000  1.166726e+000  2.333274e+000
      vertex  6.000000e+000  1.650000e+000  3.500000e+000
    endloop
  endfacet
  facet normal  0.000000e+000 -9.238796e-001  3.826834e-001
    outer loop
      vertex  2.000000e+000  1.166726e+000  2.333274e+000
      vertex  6.000000e+000  1.650000e+000  3.500000e+000
      vertex  2.000000e+000  1.650000e+000  3.500000e+000
    endloop
  endfacet
  facet normal -2.194421e-016 -3.826835e-001  9.238795e-001
    outer loop
      vertex  6.000000e+000  1.166726e+000  2.333274e+000
      vertex  2.000000e+000  1.990629e-015  1.850000e+000
      vertex  6.000000e+000 -3.030901e-016  1.850000e+000
    endloop
  endfacet
  facet normal  2.194421e-016  3.826835e-001  9.238795e-001
    outer loop
      vertex  6.000000e+000 -3.030901e-016  1.850000e+000
      vertex  2.000000e+000  1.990629e-015  1.850000e+000
      vertex  2.000000e+000 -1.166726e+000  2.333274e+000
    endloop
  endfacet
  facet normal  -0.000000e+000  3.826835e-001  9.238795e-001
    outer loop
      vertex  6.000000e+000 -3.030901e-016  1.850000e+000
      vertex  2.000000e+000 -1.166726e+000  2.333274e+000
      vertex  6.000000e+000 -1.166726e+000  2.333274e+000
    endloop
  endfacet
  facet normal  0.000000e+000  9.238796e-001  3.826834e-001
    outer loop
      vertex  6.000000e+000 -1.166726e+000  2.333274e+000
      vertex  2.000000e+000 -1.166726e+000  2.333274e+000
      vertex  2.000000e+000 -1.650000e+000  3.500000e+000
    endloop
  endfacet
  facet normal  -0.000000e+000  9.238796e-001  3.826834e-001
    outer loop
      vertex  6.000000e+000 -1.166726e+000  2.333274e+000
      vertex  2.000000e+000 -1.650000e+000  3.500000e+000
      vertex  6.000000e+000 -1.650000e+000  3.500000e+000
    endloop
  endfacet
  facet normal  0.000000e+000  3.826835e-001 -9.238795e-001
    outer loop
      vertex  2.000000e+000 -1.720832e-016  5.150000e+000
      vertex  6.000000e+000 -1.166726e+000  4.666726e+000
      vertex  2.000000e+000 -1.166726e+000  4.666726e+000
    endloop
  endfacet
  facet normal  0.000000e+000  9.238796e-001 -3.826834e-001
    outer loop
      vertex  2.000000e+000 -1.166726e+000  4.666726e+000
      vertex  6.000000e+000 -1.166726e+000  4.666726e+000
      vertex  6.000000e+000 -1.650000e+000  3.500000e+000
    endloop
  endfacet
  facet normal  0.000000e+000  9.238796e-001 -3.826834e-001
    outer loop
      vertex  2.000000e+000 -1.166726e+000  4.666726e+000
      vertex  6.000000e+000 -1.650000e+000  3.500000e+000
      vertex  2.000000e+000 -1.650000e+000  3.500000e+000
    endloop
  endfacet
  facet normal -2.612898e-017  3.826835e-001 -9.238795e-001
    outer loop
      vertex  6.000000e+000 -1.166726e+000  4.666726e+000
      vertex  2.000000e+000 -1.720832e-016  5.150000e+000
      vertex  6.000000e+000  1.010300e-016  5.150000e+000
    endloop
  endfacet
  facet normal  2.612898e-017 -3.826835e-001 -9.238795e-001
    outer loop
      vertex  6.000000e+000  1.010300e-016  5.150000e+000
      vertex  2.000000e+000 -1.720832e-016  5.150000e+000
      vertex  2.000000e+000  1.166726e+000  4.666726e+000
    endloop
  endfacet
  facet normal  0.000000e+000 -3.826835e-001 -9.238795e-001
    outer loop
      vertex  6.000000e+000  1.010300e-016  5.150000e+000
      vertex  2.000000e+000  1.166726e+000  4.666726e+000
      vertex  6.000000e+000  1.166726e+000  4.666726e+000
    endloop
  endfacet
  facet normal  -0.000000e+000 -9.238796e-001 -3.826834e-001
    outer loop
      vertex  6.000000e+000  1.166726e+000  4.666726e+000
      vertex  2.000000e+000  1.166726e+000  4.666726e+000
      vertex  2.000000e+000  1.650000e+000  3.500000e+000
    endloop
  endfacet
  facet normal  0.000000e+000 -9.238796e-001 -3.826834e-001
    outer loop
      vertex  6.000000e+000  1.166726e+000  4.666726e+000
      vertex  2.000000e+000  1.650000e+000  3.500000e+000
      vertex  6.000000e+000  1.650000e+000  3.500000e+000
    endloop
  endfacet
  facet normal  0.000000e+000  3.826834e-001 -9.238796e-001
    outer loop
      vertex  2.000000e+000  1.500000e+001 -5.750000e+000
      vertex  6.000000e+000  1.376256e+001 -6.262563e+000
      vertex  2.000000e+000  1.376256e+001 -6.262563e+000
    endloop
  endfacet
  facet normal  0.000000e+000  9.238796e-001 -3.826832e-001
    outer loop
      vertex  2.000000e+000  1.376256e+001 -6.262563e+000
      vertex  6.000000e+000  1.376256e+001 -6.262563e+000
      vertex  6.000000e+000  1.325000e+001 -7.500000e+000
    endloop
  endfacet
  facet normal  0.000000e+000  9.238796e-001 -3.826832e-001
    outer loop
      vertex  2.000000e+000  1.376256e+001 -6.262563e+000
      vertex  6.000000e+000  1.325000e+001 -7.500000e+000
      vertex  2.000000e+000  1.325000e+001 -7.500000e+000
    endloop
  endfacet
  facet normal  0.000000e+000  3.826834e-001 -9.238796e-001
    outer loop
      vertex  6.000000e+000  1.376256e+001 -6.262563e+000
      vertex  2.000000e+000  1.500000e+001 -5.750000e+000
      vertex  6.000000e+000  1.500000e+001 -5.750000e+000
    endloop
  endfacet
  facet normal  -0.000000e+000 -3.826837e-001 -9.238795e-001
    outer loop
      vertex  6.000000e+000  1.500000e+001 -5.750000e+000
      vertex  2.000000e+000  1.500000e+001 -5.750000e+000
      vertex  2.000000e+000  1.623744e+001 -6.262563e+000
    endloop
  endfacet
  facet normal  0.000000e+000 -3.826837e-001 -9.238795e-001
    outer loop
      vertex  6.000000e+000  1.500000e+001 -5.750000e+000
      vertex  2.000000e+000  1.623744e+001 -6.262563e+000
      vertex  6.000000e+000  1.623744e+001 -6.262563e+000
    endloop
  endfacet
  facet normal  -0.000000e+000 -9.238793e-001 -3.826838e-001
    outer loop
      vertex  6.000000e+000  1.623744e+001 -6.262563e+000
      vertex  2.000000e+000  1.623744e+001 -6.262563e+000
      vertex  2.000000e+000  1.675000e+001 -7.500000e+000
    endloop
  endfacet
  facet normal  0.000000e+000 -9.238793e-001 -3.826838e-001
    outer loop
      vertex  6.000000e+000  1.623744e+001 -6.262563e+000
      vertex  2.000000e+000  1.675000e+001 -7.500000e+000
      vertex  6.000000e+000  1.675000e+001 -7.500000e+000
    endloop
  endfacet
  facet normal  0.000000e+000 -3.826833e-001  9.238796e-001
    outer loop
      vertex  2.000000e+000  1.500000e+001 -9.250000e+000
      vertex  6.000000e+000  1.623744e+001 -8.737437e+000
      vertex  2.000000e+000  1.623744e+001 -8.737437e+000
    endloop
  endfacet
  facet normal  0.000000e+000 -9.238794e-001  3.826837e-001
    outer loop
      vertex  2.000000e+000  1.623744e+001 -8.737437e+000
      vertex  6.000000e+000  1.623744e+001 -8.737437e+000
      vertex  6.000000e+000  1.675000e+001 -7.500000e+000
    endloop
  endfacet
  facet normal  0.000000e+000 -9.238794e-001  3.826837e-001
    outer loop
      vertex  2.000000e+000  1.623744e+001 -8.737437e+000
      vertex  6.000000e+000  1.675000e+001 -7.500000e+000
      vertex  2.000000e+000  1.675000e+001 -7.500000e+000
    endloop
  endfacet
  facet normal  0.000000e+000 -3.826833e-001  9.238796e-001
    outer loop
      vertex  6.000000e+000  1.623744e+001 -8.737437e+000
      vertex  2.000000e+000  1.500000e+001 -9.250000e+000
      vertex  6.000000e+000  1.500000e+001 -9.250000e+000
    endloop
  endfacet
  facet normal  0.000000e+000  3.826831e-001  9.238797e-001
    outer loop
      vertex  6.000000e+000  1.500000e+001 -9.250000e+000
      vertex  2.000000e+000  1.500000e+001 -9.250000e+000
      vertex  2.000000e+000  1.376256e+001 -8.737437e+000
    endloop
  endfacet
  facet normal  -0.000000e+000  3.826831e-001  9.238797e-001
    outer loop
      vertex  6.000000e+000  1.500000e+001 -9.250000e+000
      vertex  2.000000e+000  1.376256e+001 -8.737437e+000
      vertex  6.000000e+000  1.376256e+001 -8.737437e+000
    endloop
  endfacet
  facet normal  0.000000e+000  9.238797e-001  3.826831e-001
    outer loop
      vertex  6.000000e+000  1.376256e+001 -8.737437e+000
      vertex  2.000000e+000  1.376256e+001 -8.737437e+000
      vertex  2.000000e+000  1.325000e+001 -7.500000e+000
    endloop
  endfacet
  facet normal  -0.000000e+000  9.238797e-001  3.826831e-001
    outer loop
      vertex  6.000000e+000  1.376256e+001 -8.737437e+000
      vertex  2.000000e+000  1.325000e+001 -7.500000e+000
      vertex  6.000000e+000  1.325000e+001 -7.500000e+000
    endloop
  endfacet
  facet normal  0.000000e+000 -3.826831e-001  9.238797e-001
    outer loop
      vertex  2.000000e+000 -1.500000e+001 -9.250000e+000
      vertex  6.000000e+000 -1.376256e+001 -8.737437e+000
      vertex  2.000000e+000 -1.376256e+001 -8.737437e+000
    endloop
  endfacet
  facet normal  0.000000e+000 -9.238797e-001  3.826831e-001
    outer loop
      vertex  2.000000e+000 -1.376256e+001 -8.737437e+000
      vertex  6.000000e+000 -1.376256e+001 -8.737437e+000
      vertex  6.000000e+000 -1.325000e+001 -7.500000e+000
    endloop
  endfacet
  facet normal  0.000000e+000 -9.238797e-001  3.826831e-001
    outer loop
      vertex  2.000000e+000 -1.376256e+001 -8.737437e+000
      vertex  6.000000e+000 -1.325000e+001 -7.500000e+000
      vertex  2.000000e+000 -1.325000e+001 -7.500000e+000
    endloop
  endfacet
  facet normal  0.000000e+000 -3.826831e-001  9.238797e-001
    outer loop
      vertex  6.000000e+000 -1.376256e+001 -8.737437e+000
      vertex  2.000000e+000 -1.500000e+001 -9.250000e+000
      vertex  6.000000e+000 -1.500000e+001 -9.250000e+000
    endloop
  endfacet
  facet normal  0.000000e+000  3.826833e-001  9.238796e-001
    outer loop
      vertex  6.000000e+000 -1.500000e+001 -9.250000e+000
      vertex  2.000000e+000 -1.500000e+001 -9.250000e+000
      vertex  2.000000e+000 -1.623744e+001 -8.737437e+000
    endloop
  endfacet
  facet normal  -0.000000e+000  3.826833e-001  9.238796e-001
    outer loop
      vertex  6.000000e+000 -1.500000e+001 -9.250000e+000
      vertex  2.000000e+000 -1.623744e+001 -8.737437e+000
      vertex  6.000000e+000 -1.623744e+001 -8.737437e+000
    endloop
  endfacet
  facet normal  0.000000e+000  9.238794e-001  3.826837e-001
    outer loop
      vertex  6.000000e+000 -1.623744e+001 -8.737437e+000
      vertex  2.000000e+000 -1.623744e+001 -8.737437e+000
      vertex  2.000000e+000 -1.675000e+001 -7.500000e+000
    endloop
  endfacet
  facet normal  -0.000000e+000  9.238794e-001  3.826837e-001
    outer loop
      vertex  6.000000e+000 -1.623744e+001 -8.737437e+000
      vertex  2.000000e+000 -1.675000e+001 -7.500000e+000
      vertex  6.000000e+000 -1.675000e+001 -7.500000e+000
    endloop
  endfacet
  facet normal  0.000000e+000  3.826837e-001 -9.238795e-001
    outer loop
      vertex  2.000000e+000 -1.500000e+001 -5.750000e+000
      vertex  6.000000e+000 -1.623744e+001 -6.262563e+000
      vertex  2.000000e+000 -1.623744e+001 -6.262563e+000
    endloop
  endfacet
  facet normal  0.000000e+000  9.238793e-001 -3.826838e-001
    outer loop
      vertex  2.000000e+000 -1.623744e+001 -6.262563e+000
      vertex  6.000000e+000 -1.623744e+001 -6.262563e+000
      vertex  6.000000e+000 -1.675000e+001 -7.500000e+000
    endloop
  endfacet
  facet normal  0.000000e+000  9.238793e-001 -3.826838e-001
    outer loop
      vertex  2.000000e+000 -1.623744e+001 -6.262563e+000
      vertex  6.000000e+000 -1.675000e+001 -7.500000e+000
      vertex  2.000000e+000 -1.675000e+001 -7.500000e+000
    endloop
  endfacet
  facet normal  0.000000e+000  3.826837e-001 -9.238795e-001
    outer loop
      vertex  6.000000e+000 -1.623744e+001 -6.262563e+000
      vertex  2.000000e+000 -1.500000e+001 -5.750000e+000
      vertex  6.000000e+000 -1.500000e+001 -5.750000e+000
    endloop
  endfacet
  facet normal  -0.000000e+000 -3.826834e-001 -9.238796e-001
    outer loop
      vertex  6.000000e+000 -1.500000e+001 -5.750000e+000
      vertex  2.000000e+000 -1.500000e+001 -5.750000e+000
      vertex  2.000000e+000 -1.376256e+001 -6.262563e+000
    endloop
  endfacet
  facet normal  0.000000e+000 -3.826834e-001 -9.238796e-001
    outer loop
      vertex  6.000000e+000 -1.500000e+001 -5.750000e+000
      vertex  2.000000e+000 -1.376256e+001 -6.262563e+000
      vertex  6.000000e+000 -1.376256e+001 -6.262563e+000
    endloop
  endfacet
  facet normal  -0.000000e+000 -9.238796e-001 -3.826832e-001
    outer loop
      vertex  6.000000e+000 -1.376256e+001 -6.262563e+000
      vertex  2.000000e+000 -1.376256e+001 -6.262563e+000
      vertex  2.000000e+000 -1.325000e+001 -7.500000e+000
    endloop
  endfacet
  facet normal  0.000000e+000 -9.238796e-001 -3.826832e-001
    outer loop
      vertex  6.000000e+000 -1.376256e+001 -6.262563e+000
      vertex  2.000000e+000 -1.325000e+001 -7.500000e+000
      vertex  6.000000e+000 -1.325000e+001 -7.500000e+000
    endloop
  endfacet
  facet normal  0.000000e+000 -3.826832e-001  9.238797e-001
    outer loop
      vertex  2.000000e+000 -1.495471e-015 -9.150000e+000
      vertex  6.000000e+000  1.166726e+000 -8.666726e+000
      vertex  2.000000e+000  1.166726e+000 -8.666726e+000
    endloop
  endfacet
  facet normal  0.000000e+000 -9.238796e-001  3.826834e-001
    outer loop
      vertex  2.000000e+000  1.166726e+000 -8.666726e+000
      vertex  6.000000e+000  1.166726e+000 -8.666726e+000
      vertex  6.000000e+000  1.650000e+000 -7.500000e+000
    endloop
  endfacet
  facet normal  0.000000e+000 -9.238796e-001  3.826834e-001
    outer loop
      vertex  2.000000e+000  1.166726e+000 -8.666726e+000
      vertex  6.000000e+000  1.650000e+000 -7.500000e+000
      vertex  2.000000e+000  1.650000e+000 -7.500000e+000
    endloop
  endfacet
  facet normal  1.140761e-016 -3.826832e-001  9.238797e-001
    outer loop
      vertex  6.000000e+000  1.166726e+000 -8.666726e+000
      vertex  2.000000e+000 -1.495471e-015 -9.150000e+000
      vertex  6.000000e+000 -3.030901e-016 -9.150000e+000
    endloop
  endfacet
  facet normal -1.140761e-016  3.826832e-001  9.238797e-001
    outer loop
      vertex  6.000000e+000 -3.030901e-016 -9.150000e+000
      vertex  2.000000e+000 -1.495471e-015 -9.150000e+000
      vertex  2.000000e+000 -1.166726e+000 -8.666726e+000
    endloop
  endfacet
  facet normal  -0.000000e+000  3.826832e-001  9.238797e-001
    outer loop
      vertex  6.000000e+000 -3.030901e-016 -9.150000e+000
      vertex  2.000000e+000 -1.166726e+000 -8.666726e+000
      vertex  6.000000e+000 -1.166726e+000 -8.666726e+000
    endloop
  endfacet
  facet normal  0.000000e+000  9.238796e-001  3.826834e-001
    outer loop
      vertex  6.000000e+000 -1.166726e+000 -8.666726e+000
      vertex  2.000000e+000 -1.166726e+000 -8.666726e+000
      vertex  2.000000e+000 -1.650000e+000 -7.500000e+000
    endloop
  endfacet
  facet normal  -0.000000e+000  9.238796e-001  3.826834e-001
    outer loop
      vertex  6.000000e+000 -1.166726e+000 -8.666726e+000
      vertex  2.000000e+000 -1.650000e+000 -7.500000e+000
      vertex  6.000000e+000 -1.650000e+000 -7.500000e+000
    endloop
  endfacet
  facet normal  0.000000e+000  3.826835e-001 -9.238795e-001
    outer loop
      vertex  2.000000e+000 -2.831055e-016 -5.850000e+000
      vertex  6.000000e+000 -1.166726e+000 -6.333274e+000
      vertex  2.000000e+000 -1.166726e+000 -6.333274e+000
    endloop
  endfacet
  facet normal  0.000000e+000  9.238796e-001 -3.826834e-001
    outer loop
      vertex  2.000000e+000 -1.166726e+000 -6.333274e+000
      vertex  6.000000e+000 -1.166726e+000 -6.333274e+000
      vertex  6.000000e+000 -1.650000e+000 -7.500000e+000
    endloop
  endfacet
  facet normal  0.000000e+000  9.238796e-001 -3.826834e-001
    outer loop
      vertex  2.000000e+000 -1.166726e+000 -6.333274e+000
      vertex  6.000000e+000 -1.650000e+000 -7.500000e+000
      vertex  2.000000e+000 -1.650000e+000 -7.500000e+000
    endloop
  endfacet
  facet normal -3.675059e-017  3.826835e-001 -9.238795e-001
    outer loop
      vertex  6.000000e+000 -1.166726e+000 -6.333274e+000
      vertex  2.000000e+000 -2.831055e-016 -5.850000e+000
      vertex  6.000000e+000  1.010300e-016 -5.850000e+000
    endloop
  endfacet
  facet normal  3.675059e-017 -3.826835e-001 -9.238795e-001
    outer loop
      vertex  6.000000e+000  1.010300e-016 -5.850000e+000
      vertex  2.000000e+000 -2.831055e-016 -5.850000e+000
      vertex  2.000000e+000  1.166726e+000 -6.333274e+000
    endloop
  endfacet
  facet normal  0.000000e+000 -3.826835e-001 -9.238795e-001
    outer loop
      vertex  6.000000e+000  1.010300e-016 -5.850000e+000
      vertex  2.000000e+000  1.166726e+000 -6.333274e+000
      vertex  6.000000e+000  1.166726e+000 -6.333274e+000
    endloop
  endfacet
  facet normal  -0.000000e+000 -9.238796e-001 -3.826834e-001
    outer loop
      vertex  6.000000e+000  1.166726e+000 -6.333274e+000
      vertex  2.000000e+000  1.166726e+000 -6.333274e+000
      vertex  2.000000e+000  1.650000e+000 -7.500000e+000
    endloop
  endfacet
  facet normal  0.000000e+000 -9.238796e-001 -3.826834e-001
    outer loop
      vertex  6.000000e+000  1.166726e+000 -6.333274e+000
      vertex  2.000000e+000  1.650000e+000 -7.500000e+000
      vertex  6.000000e+000  1.650000e+000 -7.500000e+000
    endloop
  endfacet
  facet normal  0.000000e+000 -5.877853e-001 -8.090169e-001
    outer loop
      vertex  2.000000e+000  1.623607e+001 -3.695774e+000
      vertex -4.000000e+000  1.823607e+001 -5.148859e+000
      vertex  2.000000e+000  1.823607e+001 -5.148859e+000
    endloop
  endfacet
  facet normal  -0.000000e+000 -9.510566e-001 -3.090167e-001
    outer loop
      vertex  2.000000e+000  1.823607e+001 -5.148859e+000
      vertex -4.000000e+000  1.823607e+001 -5.148859e+000
      vertex -4.000000e+000  1.900000e+001 -7.500000e+000
    endloop
  endfacet
  facet normal  0.000000e+000 -9.510566e-001 -3.090167e-001
    outer loop
      vertex  2.000000e+000  1.823607e+001 -5.148859e+000
      vertex -4.000000e+000  1.900000e+001 -7.500000e+000
      vertex  2.000000e+000  1.900000e+001 -7.500000e+000
    endloop
  endfacet
  facet normal  -0.000000e+000 -5.877853e-001 -8.090169e-001
    outer loop
      vertex -4.000000e+000  1.823607e+001 -5.148859e+000
      vertex  2.000000e+000  1.623607e+001 -3.695774e+000
      vertex -4.000000e+000  1.623607e+001 -3.695774e+000
    endloop
  endfacet
  facet normal  0.000000e+000  0.000000e+000 -1.000000e+000
    outer loop
      vertex -4.000000e+000  1.623607e+001 -3.695774e+000
      vertex  2.000000e+000  1.623607e+001 -3.695774e+000
      vertex  2.000000e+000  1.376393e+001 -3.695774e+000
    endloop
  endfacet
  facet normal  0.000000e+000  0.000000e+000 -1.000000e+000
    outer loop
      vertex -4.000000e+000  1.623607e+001 -3.695774e+000
      vertex  2.000000e+000  1.376393e+001 -3.695774e+000
      vertex -4.000000e+000  1.376393e+001 -3.695774e+000
    endloop
  endfacet
  facet normal  0.000000e+000  5.877853e-001 -8.090169e-001
    outer loop
      vertex -4.000000e+000  1.376393e+001 -3.695774e+000
      vertex  2.000000e+000  1.376393e+001 -3.695774e+000
      vertex  2.000000e+000  1.176393e+001 -5.148859e+000
    endloop
  endfacet
  facet normal  0.000000e+000  5.877853e-001 -8.090169e-001
    outer loop
      vertex -4.000000e+000  1.376393e+001 -3.695774e+000
      vertex  2.000000e+000  1.176393e+001 -5.148859e+000
      vertex -4.000000e+000  1.176393e+001 -5.148859e+000
    endloop
  endfacet
  facet normal  0.000000e+000  9.510565e-001 -3.090171e-001
    outer loop
      vertex -4.000000e+000  1.176393e+001 -5.148859e+000
      vertex  2.000000e+000  1.176393e+001 -5.148859e+000
      vertex  2.000000e+000  1.100000e+001 -7.500000e+000
    endloop
  endfacet
  facet normal  0.000000e+000  9.510565e-001 -3.090171e-001
    outer loop
      vertex -4.000000e+000  1.176393e+001 -5.148859e+000
      vertex  2.000000e+000  1.100000e+001 -7.500000e+000
      vertex -4.000000e+000  1.100000e+001 -7.500000e+000
    endloop
  endfacet
  facet normal  -0.000000e+000  5.877852e-001  8.090170e-001
    outer loop
      vertex  2.000000e+000  1.376393e+001 -1.130423e+001
      vertex -4.000000e+000  1.176393e+001 -9.851141e+000
      vertex  2.000000e+000  1.176393e+001 -9.851141e+000
    endloop
  endfacet
  facet normal  0.000000e+000  9.510565e-001  3.090171e-001
    outer loop
      vertex  2.000000e+000  1.176393e+001 -9.851141e+000
      vertex -4.000000e+000  1.176393e+001 -9.851141e+000
      vertex -4.000000e+000  1.100000e+001 -7.500000e+000
    endloop
  endfacet
  facet normal  -0.000000e+000  9.510565e-001  3.090171e-001
    outer loop
      vertex  2.000000e+000  1.176393e+001 -9.851141e+000
      vertex -4.000000e+000  1.100000e+001 -7.500000e+000
      vertex  2.000000e+000  1.100000e+001 -7.500000e+000
    endloop
  endfacet
  facet normal  0.000000e+000  5.877852e-001  8.090170e-001
    outer loop
      vertex -4.000000e+000  1.176393e+001 -9.851141e+000
      vertex  2.000000e+000  1.376393e+001 -1.130423e+001
      vertex -4.000000e+000  1.376393e+001 -1.130423e+001
    endloop
  endfacet
  facet normal  0.000000e+000  0.000000e+000  1.000000e+000
    outer loop
      vertex -4.000000e+000  1.376393e+001 -1.130423e+001
      vertex  2.000000e+000  1.376393e+001 -1.130423e+001
      vertex  2.000000e+000  1.623607e+001 -1.130423e+001
    endloop
  endfacet
  facet normal  0.000000e+000  0.000000e+000  1.000000e+000
    outer loop
      vertex -4.000000e+000  1.376393e+001 -1.130423e+001
      vertex  2.000000e+000  1.623607e+001 -1.130423e+001
      vertex -4.000000e+000  1.623607e+001 -1.130423e+001
    endloop
  endfacet
  facet normal  0.000000e+000 -5.877852e-001  8.090170e-001
    outer loop
      vertex -4.000000e+000  1.623607e+001 -1.130423e+001
      vertex  2.000000e+000  1.623607e+001 -1.130423e+001
      vertex  2.000000e+000  1.823607e+001 -9.851141e+000
    endloop
  endfacet
  facet normal  0.000000e+000 -5.877852e-001  8.090170e-001
    outer loop
      vertex -4.000000e+000  1.623607e+001 -1.130423e+001
      vertex  2.000000e+000  1.823607e+001 -9.851141e+000
      vertex -4.000000e+000  1.823607e+001 -9.851141e+000
    endloop
  endfacet
  facet normal  0.000000e+000 -9.510566e-001  3.090167e-001
    outer loop
      vertex -4.000000e+000  1.823607e+001 -9.851141e+000
      vertex  2.000000e+000  1.823607e+001 -9.851141e+000
      vertex  2.000000e+000  1.900000e+001 -7.500000e+000
    endloop
  endfacet
  facet normal  0.000000e+000 -9.510566e-001  3.090167e-001
    outer loop
      vertex -4.000000e+000  1.823607e+001 -9.851141e+000
      vertex  2.000000e+000  1.900000e+001 -7.500000e+000
      vertex -4.000000e+000  1.900000e+001 -7.500000e+000
    endloop
  endfacet
  facet normal  0.000000e+000 -5.877853e-001 -8.090169e-001
    outer loop
      vertex  2.000000e+000  1.236068e+000 -3.695774e+000
      vertex -4.000000e+000  3.236068e+000 -5.148859e+000
      vertex  2.000000e+000  3.236068e+000 -5.148859e+000
    endloop
  endfacet
  facet normal  -0.000000e+000 -9.510565e-001 -3.090170e-001
    outer loop
      vertex  2.000000e+000  3.236068e+000 -5.148859e+000
      vertex -4.000000e+000  3.236068e+000 -5.148859e+000
      vertex -4.000000e+000  4.000000e+000 -7.500000e+000
    endloop
  endfacet
  facet normal  0.000000e+000 -9.510565e-001 -3.090170e-001
    outer loop
      vertex  2.000000e+000  3.236068e+000 -5.148859e+000
      vertex -4.000000e+000  4.000000e+000 -7.500000e+000
      vertex  2.000000e+000  4.000000e+000 -7.500000e+000
    endloop
  endfacet
  facet normal  -0.000000e+000 -5.877853e-001 -8.090169e-001
    outer loop
      vertex -4.000000e+000  3.236068e+000 -5.148859e+000
      vertex  2.000000e+000  1.236068e+000 -3.695774e+000
      vertex -4.000000e+000  1.236068e+000 -3.695774e+000
    endloop
  endfacet
  facet normal  0.000000e+000  0.000000e+000 -1.000000e+000
    outer loop
      vertex -4.000000e+000  1.236068e+000 -3.695774e+000
      vertex  2.000000e+000  1.236068e+000 -3.695774e+000
      vertex  2.000000e+000 -1.236068e+000 -3.695774e+000
    endloop
  endfacet
  facet normal  0.000000e+000  0.000000e+000 -1.000000e+000
    outer loop
      vertex -4.000000e+000  1.236068e+000 -3.695774e+000
      vertex  2.000000e+000 -1.236068e+000 -3.695774e+000
      vertex -4.000000e+000 -1.236068e+000 -3.695774e+000
    endloop
  endfacet
  facet normal  0.000000e+000  5.877853e-001 -8.090169e-001
    outer loop
      vertex -4.000000e+000 -1.236068e+000 -3.695774e+000
      vertex  2.000000e+000 -1.236068e+000 -3.695774e+000
      vertex  2.000000e+000 -3.236068e+000 -5.148859e+000
    endloop
  endfacet
  facet normal  0.000000e+000  5.877853e-001 -8.090169e-001
    outer loop
      vertex -4.000000e+000 -1.236068e+000 -3.695774e+000
      vertex  2.000000e+000 -3.236068e+000 -5.148859e+000
      vertex -4.000000e+000 -3.236068e+000 -5.148859e+000
    endloop
  endfacet
  facet normal  0.000000e+000  9.510565e-001 -3.090170e-001
    outer loop
      vertex -4.000000e+000 -3.236068e+000 -5.148859e+000
      vertex  2.000000e+000 -3.236068e+000 -5.148859e+000
      vertex  2.000000e+000 -4.000000e+000 -7.500000e+000
    endloop
  endfacet
  facet normal  0.000000e+000  9.510565e-001 -3.090170e-001
    outer loop
      vertex -4.000000e+000 -3.236068e+000 -5.148859e+000
      vertex  2.000000e+000 -4.000000e+000 -7.500000e+000
      vertex -4.000000e+000 -4.000000e+000 -7.500000e+000
    endloop
  endfacet
  facet normal  -0.000000e+000  5.877852e-001  8.090170e-001
    outer loop
      vertex  2.000000e+000 -1.236068e+000 -1.130423e+001
      vertex -4.000000e+000 -3.236068e+000 -9.851141e+000
      vertex  2.000000e+000 -3.236068e+000 -9.851141e+000
    endloop
  endfacet
  facet normal  0.000000e+000  9.510565e-001  3.090170e-001
    outer loop
      vertex  2.000000e+000 -3.236068e+000 -9.851141e+000
      vertex -4.000000e+000 -3.236068e+000 -9.851141e+000
      vertex -4.000000e+000 -4.000000e+000 -7.500000e+000
    endloop
  endfacet
  facet normal  -0.000000e+000  9.510565e-001  3.090170e-001
    outer loop
      vertex  2.000000e+000 -3.236068e+000 -9.851141e+000
      vertex -4.000000e+000 -4.000000e+000 -7.500000e+000
      vertex  2.000000e+000 -4.000000e+000 -7.500000e+000
    endloop
  endfacet
  facet normal  0.000000e+000  5.877852e-001  8.090170e-001
    outer loop
      vertex -4.000000e+000 -3.236068e+000 -9.851141e+000
      vertex  2.000000e+000 -1.236068e+000 -1.130423e+001
      vertex -4.000000e+000 -1.236068e+000 -1.130423e+001
    endloop
  endfacet
  facet normal  0.000000e+000  0.000000e+000  1.000000e+000
    outer loop
      vertex -4.000000e+000 -1.236068e+000 -1.130423e+001
      vertex  2.000000e+000 -1.236068e+000 -1.130423e+001
      vertex  2.000000e+000  1.236068e+000 -1.130423e+001
    endloop
  endfacet
  facet normal  0.000000e+000  0.000000e+000  1.000000e+000
    outer loop
      vertex -4.000000e+000 -1.236068e+000 -1.130423e+001
      vertex  2.000000e+000  1.236068e+000 -1.130423e+001
      vertex -4.000000e+000  1.236068e+000 -1.130423e+001
    endloop
  endfacet
  facet normal  0.000000e+000 -5.877852e-001  8.090170e-001
    outer loop
      vertex -4.000000e+000  1.236068e+000 -1.130423e+001
      vertex  2.000000e+000  1.236068e+000 -1.130423e+001
      vertex  2.000000e+000  3.236068e+000 -9.851141e+000
    endloop
  endfacet
  facet normal  0.000000e+000 -5.877852e-001  8.090170e-001
    outer loop
      vertex -4.000000e+000  1.236068e+000 -1.130423e+001
      vertex  2.000000e+000  3.236068e+000 -9.851141e+000
      vertex -4.000000e+000  3.236068e+000 -9.851141e+000
    endloop
  endfacet
  facet normal  0.000000e+000 -9.510565e-001  3.090170e-001
    outer loop
      vertex -4.000000e+000  3.236068e+000 -9.851141e+000
      vertex  2.000000e+000  3.236068e+000 -9.851141e+000
      vertex  2.000000e+000  4.000000e+000 -7.500000e+000
    endloop
  endfacet
  facet normal  0.000000e+000 -9.510565e-001  3.090170e-001
    outer loop
      vertex -4.000000e+000  3.236068e+000 -9.851141e+000
      vertex  2.000000e+000  4.000000e+000 -7.500000e+000
      vertex -4.000000e+000  4.000000e+000 -7.500000e+000
    endloop
  endfacet
  facet normal  0.000000e+000 -5.877852e-001 -8.090170e-001
    outer loop
      vertex  2.000000e+000  1.236068e+000  7.304226e+000
      vertex -4.000000e+000  3.236068e+000  5.851141e+000
      vertex  2.000000e+000  3.236068e+000  5.851141e+000
    endloop
  endfacet
  facet normal  -0.000000e+000 -9.510565e-001 -3.090170e-001
    outer loop
      vertex  2.000000e+000  3.236068e+000  5.851141e+000
      vertex -4.000000e+000  3.236068e+000  5.851141e+000
      vertex -4.000000e+000  4.000000e+000  3.500000e+000
    endloop
  endfacet
  facet normal  0.000000e+000 -9.510565e-001 -3.090170e-001
    outer loop
      vertex  2.000000e+000  3.236068e+000  5.851141e+000
      vertex -4.000000e+000  4.000000e+000  3.500000e+000
      vertex  2.000000e+000  4.000000e+000  3.500000e+000
    endloop
  endfacet
  facet normal  -0.000000e+000 -5.877852e-001 -8.090170e-001
    outer loop
      vertex -4.000000e+000  3.236068e+000  5.851141e+000
      vertex  2.000000e+000  1.236068e+000  7.304226e+000
      vertex -4.000000e+000  1.236068e+000  7.304226e+000
    endloop
  endfacet
  facet normal  0.000000e+000  0.000000e+000 -1.000000e+000
    outer loop
      vertex -4.000000e+000  1.236068e+000  7.304226e+000
      vertex  2.000000e+000  1.236068e+000  7.304226e+000
      vertex  2.000000e+000 -1.236068e+000  7.304226e+000
    endloop
  endfacet
  facet normal  0.000000e+000  0.000000e+000 -1.000000e+000
    outer loop
      vertex -4.000000e+000  1.236068e+000  7.304226e+000
      vertex  2.000000e+000 -1.236068e+000  7.304226e+000
      vertex -4.000000e+000 -1.236068e+000  7.304226e+000
    endloop
  endfacet
  facet normal  0.000000e+000  5.877852e-001 -8.090170e-001
    outer loop
      vertex -4.000000e+000 -1.236068e+000  7.304226e+000
      vertex  2.000000e+000 -1.236068e+000  7.304226e+000
      vertex  2.000000e+000 -3.236068e+000  5.851141e+000
    endloop
  endfacet
  facet normal  0.000000e+000  5.877852e-001 -8.090170e-001
    outer loop
      vertex -4.000000e+000 -1.236068e+000  7.304226e+000
      vertex  2.000000e+000 -3.236068e+000  5.851141e+000
      vertex -4.000000e+000 -3.236068e+000  5.851141e+000
    endloop
  endfacet
  facet normal  0.000000e+000  9.510565e-001 -3.090170e-001
    outer loop
      vertex -4.000000e+000 -3.236068e+000  5.851141e+000
      vertex  2.000000e+000 -3.236068e+000  5.851141e+000
      vertex  2.000000e+000 -4.000000e+000  3.500000e+000
    endloop
  endfacet
  facet normal  0.000000e+000  9.510565e-001 -3.090170e-001
    outer loop
      vertex -4.000000e+000 -3.236068e+000  5.851141e+000
      vertex  2.000000e+000 -4.000000e+000  3.500000e+000
      vertex -4.000000e+000 -4.000000e+000  3.500000e+000
    endloop
  endfacet
  facet normal  -0.000000e+000  5.877853e-001  8.090170e-001
    outer loop
      vertex  2.000000e+000 -1.236068e+000 -3.042261e-001
      vertex -4.000000e+000 -3.236068e+000  1.148859e+000
      vertex  2.000000e+000 -3.236068e+000  1.148859e+000
    endloop
  endfacet
  facet normal  0.000000e+000  9.510565e-001  3.090170e-001
    outer loop
      vertex  2.000000e+000 -3.236068e+000  1.148859e+000
      vertex -4.000000e+000 -3.236068e+000  1.148859e+000
      vertex -4.000000e+000 -4.000000e+000  3.500000e+000
    endloop
  endfacet
  facet normal  -0.000000e+000  9.510565e-001  3.090170e-001
    outer loop
      vertex  2.000000e+000 -3.236068e+000  1.148859e+000
      vertex -4.000000e+000 -4.000000e+000  3.500000e+000
      vertex  2.000000e+000 -4.000000e+000  3.500000e+000
    endloop
  endfacet
  facet normal  0.000000e+000  5.877853e-001  8.090170e-001
    outer loop
      vertex -4.000000e+000 -3.236068e+000  1.148859e+000
      vertex  2.000000e+000 -1.236068e+000 -3.042261e-001
      vertex -4.000000e+000 -1.236068e+000 -3.042261e-001
    endloop
  endfacet
  facet normal  0.000000e+000  0.000000e+000  1.000000e+000
    outer loop
      vertex -4.000000e+000 -1.236068e+000 -3.042261e-001
      vertex  2.000000e+000 -1.236068e+000 -3.042261e-001
      vertex  2.000000e+000  1.236068e+000 -3.042261e-001
    endloop
  endfacet
  facet normal  0.000000e+000  0.000000e+000  1.000000e+000
    outer loop
      vertex -4.000000e+000 -1.236068e+000 -3.042261e-001
      vertex  2.000000e+000  1.236068e+000 -3.042261e-001
      vertex -4.000000e+000  1.236068e+000 -3.042261e-001
    endloop
  endfacet
  facet normal  0.000000e+000 -5.877853e-001  8.090170e-001
    outer loop
      vertex -4.000000e+000  1.236068e+000 -3.042261e-001
      vertex  2.000000e+000  1.236068e+000 -3.042261e-001
      vertex  2.000000e+000  3.236068e+000  1.148859e+000
    endloop
  endfacet
  facet normal  0.000000e+000 -5.877853e-001  8.090170e-001
    outer loop
      vertex -4.000000e+000  1.236068e+000 -3.042261e-001
      vertex  2.000000e+000  3.236068e+000  1.148859e+000
      vertex -4.000000e+000  3.236068e+000  1.148859e+000
    endloop
  endfacet
  facet normal  0.000000e+000 -9.510565e-001  3.090170e-001
    outer loop
      vertex -4.000000e+000  3.236068e+000  1.148859e+000
      vertex  2.000000e+000  3.236068e+000  1.148859e+000
      vertex  2.000000e+000  4.000000e+000  3.500000e+000
    endloop
  endfacet
  facet normal  0.000000e+000 -9.510565e-001  3.090170e-001
    outer loop
      vertex -4.000000e+000  3.236068e+000  1.148859e+000
      vertex  2.000000e+000  4.000000e+000  3.500000e+000
      vertex -4.000000e+000  4.000000e+000  3.500000e+000
    endloop
  endfacet
  facet normal  0.000000e+000 -5.877852e-001 -8.090170e-001
    outer loop
      vertex  2.000000e+000 -1.376393e+001  7.304226e+000
      vertex -4.000000e+000 -1.176393e+001  5.851141e+000
      vertex  2.000000e+000 -1.176393e+001  5.851141e+000
    endloop
  endfacet
  facet normal  -0.000000e+000 -9.510565e-001 -3.090171e-001
    outer loop
      vertex  2.000000e+000 -1.176393e+001  5.851141e+000
      vertex -4.000000e+000 -1.176393e+001  5.851141e+000
      vertex -4.000000e+000 -1.100000e+001  3.500000e+000
    endloop
  endfacet
  facet normal  0.000000e+000 -9.510565e-001 -3.090171e-001
    outer loop
      vertex  2.000000e+000 -1.176393e+001  5.851141e+000
      vertex -4.000000e+000 -1.100000e+001  3.500000e+000
      vertex  2.000000e+000 -1.100000e+001  3.500000e+000
    endloop
  endfacet
  facet normal  -0.000000e+000 -5.877852e-001 -8.090170e-001
    outer loop
      vertex -4.000000e+000 -1.176393e+001  5.851141e+000
      vertex  2.000000e+000 -1.376393e+001  7.304226e+000
      vertex -4.000000e+000 -1.376393e+001  7.304226e+000
    endloop
  endfacet
  facet normal  0.000000e+000  0.000000e+000 -1.000000e+000
    outer loop
      vertex -4.000000e+000 -1.376393e+001  7.304226e+000
      vertex  2.000000e+000 -1.376393e+001  7.304226e+000
      vertex  2.000000e+000 -1.623607e+001  7.304226e+000
    endloop
  endfacet
  facet normal  0.000000e+000  0.000000e+000 -1.000000e+000
    outer loop
      vertex -4.000000e+000 -1.376393e+001  7.304226e+000
      vertex  2.000000e+000 -1.623607e+001  7.304226e+000
      vertex -4.000000e+000 -1.623607e+001  7.304226e+000
    endloop
  endfacet
  facet normal  0.000000e+000  5.877852e-001 -8.090170e-001
    outer loop
      vertex -4.000000e+000 -1.623607e+001  7.304226e+000
      vertex  2.000000e+000 -1.623607e+001  7.304226e+000
      vertex  2.000000e+000 -1.823607e+001  5.851141e+000
    endloop
  endfacet
  facet normal  0.000000e+000  5.877852e-001 -8.090170e-001
    outer loop
      vertex -4.000000e+000 -1.623607e+001  7.304226e+000
      vertex  2.000000e+000 -1.823607e+001  5.851141e+000
      vertex -4.000000e+000 -1.823607e+001  5.851141e+000
    endloop
  endfacet
  facet normal  0.000000e+000  9.510566e-001 -3.090167e-001
    outer loop
      vertex -4.000000e+000 -1.823607e+001  5.851141e+000
      vertex  2.000000e+000 -1.823607e+001  5.851141e+000
      vertex  2.000000e+000 -1.900000e+001  3.500000e+000
    endloop
  endfacet
  facet normal  0.000000e+000  9.510566e-001 -3.090167e-001
    outer loop
      vertex -4.000000e+000 -1.823607e+001  5.851141e+000
      vertex  2.000000e+000 -1.900000e+001  3.500000e+000
      vertex -4.000000e+000 -1.900000e+001  3.500000e+000
    endloop
  endfacet
  facet normal  -0.000000e+000  5.877853e-001  8.090170e-001
    outer loop
      vertex  2.000000e+000 -1.623607e+001 -3.042261e-001
      vertex -4.000000e+000 -1.823607e+001  1.148859e+000
      vertex  2.000000e+000 -1.823607e+001  1.148859e+000
    endloop
  endfacet
  facet normal  0.000000e+000  9.510566e-001  3.090167e-001
    outer loop
      vertex  2.000000e+000 -1.823607e+001  1.148859e+000
      vertex -4.000000e+000 -1.823607e+001  1.148859e+000
      vertex -4.000000e+000 -1.900000e+001  3.500000e+000
    endloop
  endfacet
  facet normal  -0.000000e+000  9.510566e-001  3.090167e-001
    outer loop
      vertex  2.000000e+000 -1.823607e+001  1.148859e+000
      vertex -4.000000e+000 -1.900000e+001  3.500000e+000
      vertex  2.000000e+000 -1.900000e+001  3.500000e+000
    endloop
  endfacet
  facet normal  0.000000e+000  5.877853e-001  8.090170e-001
    outer loop
      vertex -4.000000e+000 -1.823607e+001  1.148859e+000
      vertex  2.000000e+000 -1.623607e+001 -3.042261e-001
      vertex -4.000000e+000 -1.623607e+001 -3.042261e-001
    endloop
  endfacet
  facet normal  0.000000e+000  0.000000e+000  1.000000e+000
    outer loop
      vertex -4.000000e+000 -1.623607e+001 -3.042261e-001
      vertex  2.000000e+000 -1.623607e+001 -3.042261e-001
      vertex  2.000000e+000 -1.376393e+001 -3.042261e-001
    endloop
  endfacet
  facet normal  0.000000e+000  0.000000e+000  1.000000e+000
    outer loop
      vertex -4.000000e+000 -1.623607e+001 -3.042261e-001
      vertex  2.000000e+000 -1.376393e+001 -3.042261e-001
      vertex -4.000000e+000 -1.376393e+001 -3.042261e-001
    endloop
  endfacet
  facet normal  0.000000e+000 -5.877853e-001  8.090170e-001
    outer loop
      vertex -4.000000e+000 -1.376393e+001 -3.042261e-001
      vertex  2.000000e+000 -1.376393e+001 -3.042261e-001
      vertex  2.000000e+000 -1.176393e+001  1.148859e+000
    endloop
  endfacet
  facet normal  0.000000e+000 -5.877853e-001  8.090170e-001
    outer loop
      vertex -4.000000e+000 -1.376393e+001 -3.042261e-001
      vertex  2.000000e+000 -1.176393e+001  1.148859e+000
      vertex -4.000000e+000 -1.176393e+001  1.148859e+000
    endloop
  endfacet
  facet normal  0.000000e+000 -9.510565e-001  3.090171e-001
    outer loop
      vertex -4.000000e+000 -1.176393e+001  1.148859e+000
      vertex  2.000000e+000 -1.176393e+001  1.148859e+000
      vertex  2.000000e+000 -1.100000e+001  3.500000e+000
    endloop
  endfacet
  facet normal  0.000000e+000 -9.510565e-001  3.090171e-001
    outer loop
      vertex -4.000000e+000 -1.176393e+001  1.148859e+000
      vertex  2.000000e+000 -1.100000e+001  3.500000e+000
      vertex -4.000000e+000 -1.100000e+001  3.500000e+000
    endloop
  endfacet
  facet normal  0.000000e+000 -5.877853e-001 -8.090169e-001
    outer loop
      vertex  2.000000e+000 -1.376393e+001 -3.695774e+000
      vertex -4.000000e+000 -1.176393e+001 -5.148859e+000
      vertex  2.000000e+000 -1.176393e+001 -5.148859e+000
    endloop
  endfacet
  facet normal  -0.000000e+000 -9.510565e-001 -3.090171e-001
    outer loop
      vertex  2.000000e+000 -1.176393e+001 -5.148859e+000
      vertex -4.000000e+000 -1.176393e+001 -5.148859e+000
      vertex -4.000000e+000 -1.100000e+001 -7.500000e+000
    endloop
  endfacet
  facet normal  0.000000e+000 -9.510565e-001 -3.090171e-001
    outer loop
      vertex  2.000000e+000 -1.176393e+001 -5.148859e+000
      vertex -4.000000e+000 -1.100000e+001 -7.500000e+000
      vertex  2.000000e+000 -1.100000e+001 -7.500000e+000
    endloop
  endfacet
  facet normal  -0.000000e+000 -5.877853e-001 -8.090169e-001
    outer loop
      vertex -4.000000e+000 -1.176393e+001 -5.148859e+000
      vertex  2.000000e+000 -1.376393e+001 -3.695774e+000
      vertex -4.000000e+000 -1.376393e+001 -3.695774e+000
    endloop
  endfacet
  facet normal  0.000000e+000  0.000000e+000 -1.000000e+000
    outer loop
      vertex -4.000000e+000 -1.376393e+001 -3.695774e+000
      vertex  2.000000e+000 -1.376393e+001 -3.695774e+000
      vertex  2.000000e+000 -1.623607e+001 -3.695774e+000
    endloop
  endfacet
  facet normal  0.000000e+000  0.000000e+000 -1.000000e+000
    outer loop
      vertex -4.000000e+000 -1.376393e+001 -3.695774e+000
      vertex  2.000000e+000 -1.623607e+001 -3.695774e+000
      vertex -4.000000e+000 -1.623607e+001 -3.695774e+000
    endloop
  endfacet
  facet normal  0.000000e+000  5.877853e-001 -8.090169e-001
    outer loop
      vertex -4.000000e+000 -1.623607e+001 -3.695774e+000
      vertex  2.000000e+000 -1.623607e+001 -3.695774e+000
      vertex  2.000000e+000 -1.823607e+001 -5.148859e+000
    endloop
  endfacet
  facet normal  0.000000e+000  5.877853e-001 -8.090169e-001
    outer loop
      vertex -4.000000e+000 -1.623607e+001 -3.695774e+000
      vertex  2.000000e+000 -1.823607e+001 -5.148859e+000
      vertex -4.000000e+000 -1.823607e+001 -5.148859e+000
    endloop
  endfacet
  facet normal  0.000000e+000  9.510566e-001 -3.090167e-001
    outer loop
      vertex -4.000000e+000 -1.823607e+001 -5.148859e+000
      vertex  2.000000e+000 -1.823607e+001 -5.148859e+000
      vertex  2.000000e+000 -1.900000e+001 -7.500000e+000
    endloop
  endfacet
  facet normal  0.000000e+000  9.510566e-001 -3.090167e-001
    outer loop
      vertex -4.000000e+000 -1.823607e+001 -5.148859e+000
      vertex  2.000000e+000 -1.900000e+001 -7.500000e+000
      vertex -4.000000e+000 -1.900000e+001 -7.500000e+000
    endloop
  endfacet
  facet normal  -0.000000e+000  5.877852e-001  8.090170e-001
    outer loop
      vertex  2.000000e+000 -1.623607e+001 -1.130423e+001
      vertex -4.000000e+000 -1.823607e+001 -9.851141e+000
      vertex  2.000000e+000 -1.823607e+001 -9.851141e+000
    endloop
  endfacet
  facet normal  0.000000e+000  9.510566e-001  3.090167e-001
    outer loop
      vertex  2.000000e+000 -1.823607e+001 -9.851141e+000
      vertex -4.000000e+000 -1.823607e+001 -9.851141e+000
      vertex -4.000000e+000 -1.900000e+001 -7.500000e+000
    endloop
  endfacet
  facet normal  -0.000000e+000  9.510566e-001  3.090167e-001
    outer loop
      vertex  2.000000e+000 -1.823607e+001 -9.851141e+000
      vertex -4.000000e+000 -1.900000e+001 -7.500000e+000
      vertex  2.000000e+000 -1.900000e+001 -7.500000e+000
    endloop
  endfacet
  facet normal  0.000000e+000  5.877852e-001  8.090170e-001
    outer loop
      vertex -4.000000e+000 -1.823607e+001 -9.851141e+000
      vertex  2.000000e+000 -1.623607e+001 -1.130423e+001
      vertex -4.000000e+000 -1.623607e+001 -1.130423e+001
    endloop
  endfacet
  facet normal  0.000000e+000  0.000000e+000  1.000000e+000
    outer loop
      vertex -4.000000e+000 -1.623607e+001 -1.130423e+001
      vertex  2.000000e+000 -1.623607e+001 -1.130423e+001
      vertex  2.000000e+000 -1.376393e+001 -1.130423e+001
    endloop
  endfacet
  facet normal  0.000000e+000  0.000000e+000  1.000000e+000
    outer loop
      vertex -4.000000e+000 -1.623607e+001 -1.130423e+001
      vertex  2.000000e+000 -1.376393e+001 -1.130423e+001
      vertex -4.000000e+000 -1.376393e+001 -1.130423e+001
    endloop
  endfacet
  facet normal  0.000000e+000 -5.877852e-001  8.090170e-001
    outer loop
      vertex -4.000000e+000 -1.376393e+001 -1.130423e+001
      vertex  2.000000e+000 -1.376393e+001 -1.130423e+001
      vertex  2.000000e+000 -1.176393e+001 -9.851141e+000
    endloop
  endfacet
  facet normal  0.000000e+000 -5.877852e-001  8.090170e-001
    outer loop
      vertex -4.000000e+000 -1.376393e+001 -1.130423e+001
      vertex  2.000000e+000 -1.176393e+001 -9.851141e+000
      vertex -4.000000e+000 -1.176393e+001 -9.851141e+000
    endloop
  endfacet
  facet normal  0.000000e+000 -9.510565e-001  3.090171e-001
    outer loop
      vertex -4.000000e+000 -1.176393e+001 -9.851141e+000
      vertex  2.000000e+000 -1.176393e+001 -9.851141e+000
      vertex  2.000000e+000 -1.100000e+001 -7.500000e+000
    endloop
  endfacet
  facet normal  0.000000e+000 -9.510565e-001  3.090171e-001
    outer loop
      vertex -4.000000e+000 -1.176393e+001 -9.851141e+000
      vertex  2.000000e+000 -1.100000e+001 -7.500000e+000
      vertex -4.000000e+000 -1.100000e+001 -7.500000e+000
    endloop
  endfacet
  facet normal  -0.000000e+000  5.877853e-001  8.090170e-001
    outer loop
      vertex  2.000000e+000  1.376393e+001 -3.042261e-001
      vertex -4.000000e+000  1.176393e+001  1.148859e+000
      vertex  2.000000e+000  1.176393e+001  1.148859e+000
    endloop
  endfacet
  facet normal  0.000000e+000  9.510565e-001  3.090171e-001
    outer loop
      vertex  2.000000e+000  1.176393e+001  1.148859e+000
      vertex -4.000000e+000  1.176393e+001  1.148859e+000
      vertex -4.000000e+000  1.100000e+001  3.500000e+000
    endloop
  endfacet
  facet normal  -0.000000e+000  9.510565e-001  3.090171e-001
    outer loop
      vertex  2.000000e+000  1.176393e+001  1.148859e+000
      vertex -4.000000e+000  1.100000e+001  3.500000e+000
      vertex  2.000000e+000  1.100000e+001  3.500000e+000
    endloop
  endfacet
  facet normal  0.000000e+000  5.877853e-001  8.090170e-001
    outer loop
      vertex -4.000000e+000  1.176393e+001  1.148859e+000
      vertex  2.000000e+000  1.376393e+001 -3.042261e-001
      vertex -4.000000e+000  1.376393e+001 -3.042261e-001
    endloop
  endfacet
  facet normal  0.000000e+000  0.000000e+000  1.000000e+000
    outer loop
      vertex -4.000000e+000  1.376393e+001 -3.042261e-001
      vertex  2.000000e+000  1.376393e+001 -3.042261e-001
      vertex  2.000000e+000  1.623607e+001 -3.042261e-001
    endloop
  endfacet
  facet normal  0.000000e+000  0.000000e+000  1.000000e+000
    outer loop
      vertex -4.000000e+000  1.376393e+001 -3.042261e-001
      vertex  2.000000e+000  1.623607e+001 -3.042261e-001
      vertex -4.000000e+000  1.623607e+001 -3.042261e-001
    endloop
  endfacet
  facet normal  0.000000e+000 -5.877853e-001  8.090170e-001
    outer loop
      vertex -4.000000e+000  1.623607e+001 -3.042261e-001
      vertex  2.000000e+000  1.623607e+001 -3.042261e-001
      vertex  2.000000e+000  1.823607e+001  1.148859e+000
    endloop
  endfacet
  facet normal  0.000000e+000 -5.877853e-001  8.090170e-001
    outer loop
      vertex -4.000000e+000  1.623607e+001 -3.042261e-001
      vertex  2.000000e+000  1.823607e+001  1.148859e+000
      vertex -4.000000e+000  1.823607e+001  1.148859e+000
    endloop
  endfacet
  facet normal  0.000000e+000 -9.510566e-001  3.090167e-001
    outer loop
      vertex -4.000000e+000  1.823607e+001  1.148859e+000
      vertex  2.000000e+000  1.823607e+001  1.148859e+000
      vertex  2.000000e+000  1.900000e+001  3.500000e+000
    endloop
  endfacet
  facet normal  0.000000e+000 -9.510566e-001  3.090167e-001
    outer loop
      vertex -4.000000e+000  1.823607e+001  1.148859e+000
      vertex  2.000000e+000  1.900000e+001  3.500000e+000
      vertex -4.000000e+000  1.900000e+001  3.500000e+000
    endloop
  endfacet
  facet normal  0.000000e+000 -5.877852e-001 -8.090170e-001
    outer loop
      vertex  2.000000e+000  1.623607e+001  7.304226e+000
      vertex -4.000000e+000  1.823607e+001  5.851141e+000
      vertex  2.000000e+000  1.823607e+001  5.851141e+000
    endloop
  endfacet
  facet normal  -0.000000e+000 -9.510566e-001 -3.090167e-001
    outer loop
      vertex  2.000000e+000  1.823607e+001  5.851141e+000
      vertex -4.000000e+000  1.823607e+001  5.851141e+000
      vertex -4.000000e+000  1.900000e+001  3.500000e+000
    endloop
  endfacet
  facet normal  0.000000e+000 -9.510566e-001 -3.090167e-001
    outer loop
      vertex  2.000000e+000  1.823607e+001  5.851141e+000
      vertex -4.000000e+000  1.900000e+001  3.500000e+000
      vertex  2.000000e+000  1.900000e+001  3.500000e+000
    endloop
  endfacet
  facet normal  -0.000000e+000 -5.877852e-001 -8.090170e-001
    outer loop
      vertex -4.000000e+000  1.823607e+001  5.851141e+000
      vertex  2.000000e+000  1.623607e+001  7.304226e+000
      vertex -4.000000e+000  1.623607e+001  7.304226e+000
    endloop
  endfacet
  facet normal  0.000000e+000  0.000000e+000 -1.000000e+000
    outer loop
      vertex -4.000000e+000  1.623607e+001  7.304226e+000
      vertex  2.000000e+000  1.623607e+001  7.304226e+000
      vertex  2.000000e+000  1.376393e+001  7.304226e+000
    endloop
  endfacet
  facet normal  0.000000e+000  0.000000e+000 -1.000000e+000
    outer loop
      vertex -4.000000e+000  1.623607e+001  7.304226e+000
      vertex  2.000000e+000  1.376393e+001  7.304226e+000
      vertex -4.000000e+000  1.376393e+001  7.304226e+000
    endloop
  endfacet
  facet normal  0.000000e+000  5.877852e-001 -8.090170e-001
    outer loop
      vertex -4.000000e+000  1.376393e+001  7.304226e+000
      vertex  2.000000e+000  1.376393e+001  7.304226e+000
      vertex  2.000000e+000  1.176393e+001  5.851141e+000
    endloop
  endfacet
  facet normal  0.000000e+000  5.877852e-001 -8.090170e-001
    outer loop
      vertex -4.000000e+000  1.376393e+001  7.304226e+000
      vertex  2.000000e+000  1.176393e+001  5.851141e+000
      vertex -4.000000e+000  1.176393e+001  5.851141e+000
    endloop
  endfacet
  facet normal  0.000000e+000  9.510565e-001 -3.090171e-001
    outer loop
      vertex -4.000000e+000  1.176393e+001  5.851141e+000
      vertex  2.000000e+000  1.176393e+001  5.851141e+000
      vertex  2.000000e+000  1.100000e+001  3.500000e+000
    endloop
  endfacet
  facet normal  0.000000e+000  9.510565e-001 -3.090171e-001
    outer loop
      vertex -4.000000e+000  1.176393e+001  5.851141e+000
      vertex  2.000000e+000  1.100000e+001  3.500000e+000
      vertex -4.000000e+000  1.100000e+001  3.500000e+000
    endloop
  endfacet
  facet normal  0.000000e+000  0.000000e+000 -1.000000e+000
    outer loop
      vertex  1.300000e+001  2.600000e+001 -1.500000e+001
      vertex  1.300000e+001 -2.600000e+001 -1.500000e+001
      vertex -4.000000e+000  2.600000e+001 -1.500000e+001
    endloop
  endfacet
  facet normal  0.000000e+000  0.000000e+000 -1.000000e+000
    outer loop
      vertex -4.000000e+000  2.600000e+001 -1.500000e+001
      vertex  1.300000e+001 -2.600000e+001 -1.500000e+001
      vertex -4.000000e+000 -2.600000e+001 -1.500000e+001
    endloop
  endfacet
  facet normal  1.000000e+000  0.000000e+000  0.000000e+000
    outer loop
      vertex  1.300000e+001 -2.600000e+001 -1.500000e+001
      vertex  1.300000e+001  2.600000e+001 -1.500000e+001
      vertex  1.300000e+001 -2.600000e+001 -1.100000e+001
    endloop
  endfacet
  facet normal  1.000000e+000  -0.000000e+000  0.000000e+000
    outer loop
      vertex  1.300000e+001 -2.600000e+001 -1.100000e+001
      vertex  1.300000e+001  2.600000e+001 -1.500000e+001
      vertex  1.300000e+001  2.600000e+001 -1.100000e+001
    endloop
  endfacet
  facet normal  -0.000000e+000  0.000000e+000  1.000000e+000
    outer loop
      vertex  1.300000e+001  2.600000e+001 -1.100000e+001
      vertex  6.000000e+000  2.600000e+001 -1.100000e+001
      vertex  1.300000e+001 -2.600000e+001 -1.100000e+001
    endloop
  endfacet
  facet normal  0.000000e+000  0.000000e+000  1.000000e+000
    outer loop
      vertex  1.300000e+001 -2.600000e+001 -1.100000e+001
      vertex  6.000000e+000  2.600000e+001 -1.100000e+001
      vertex  6.000000e+000 -2.600000e+001 -1.100000e+001
    endloop
  endfacet
  facet normal  1.000000e+000  -0.000000e+000  0.000000e+000
    outer loop
      vertex  6.000000e+000  2.600000e+001  1.100000e+001
      vertex  6.000000e+000  1.500000e+001  5.150000e+000
      vertex  6.000000e+000  1.616673e+001  4.666726e+000
    endloop
  endfacet
  facet normal  1.000000e+000  0.000000e+000  -0.000000e+000
    outer loop
      vertex  6.000000e+000 -1.623744e+001 -6.262563e+000
      vertex  6.000000e+000 -1.500000e+001 -5.750000e+000
      vertex  6.000000e+000 -1.500000e+001  1.850000e+000
    endloop
  endfacet
  facet normal  1.000000e+000  0.000000e+000  0.000000e+000
    outer loop
      vertex  6.000000e+000  1.623744e+001 -6.262563e+000
      vertex  6.000000e+000  1.500000e+001  1.850000e+000
      vertex  6.000000e+000  1.500000e+001 -5.750000e+000
    endloop
  endfacet
  facet normal  1.000000e+000  0.000000e+000  0.000000e+000
    outer loop
      vertex  6.000000e+000 -2.600000e+001  1.100000e+001
      vertex  6.000000e+000 -2.600000e+001 -1.100000e+001
      vertex  6.000000e+000 -1.616673e+001  4.666726e+000
    endloop
  endfacet
  facet normal  1.000000e+000  0.000000e+000  -0.000000e+000
    outer loop
      vertex  6.000000e+000 -2.600000e+001  1.100000e+001
      vertex  6.000000e+000 -1.616673e+001  4.666726e+000
      vertex  6.000000e+000 -1.500000e+001  5.150000e+000
    endloop
  endfacet
  facet normal  1.000000e+000  0.000000e+000  -0.000000e+000
    outer loop
      vertex  6.000000e+000 -2.600000e+001  1.100000e+001
      vertex  6.000000e+000 -1.500000e+001  5.150000e+000
      vertex  6.000000e+000  1.010300e-016  5.150000e+000
    endloop
  endfacet
  facet normal  1.000000e+000  0.000000e+000  -0.000000e+000
    outer loop
      vertex  6.000000e+000 -2.600000e+001  1.100000e+001
      vertex  6.000000e+000  1.010300e-016  5.150000e+000
      vertex  6.000000e+000  1.500000e+001  5.150000e+000
    endloop
  endfacet
  facet normal  1.000000e+000  0.000000e+000  -0.000000e+000
    outer loop
      vertex  6.000000e+000 -2.600000e+001  1.100000e+001
      vertex  6.000000e+000  1.500000e+001  5.150000e+000
      vertex  6.000000e+000  2.600000e+001  1.100000e+001
    endloop
  endfacet
  facet normal  1.000000e+000  0.000000e+000  0.000000e+000
    outer loop
      vertex  6.000000e+000 -2.600000e+001 -1.100000e+001
      vertex  6.000000e+000  2.600000e+001 -1.100000e+001
      vertex  6.000000e+000  1.500000e+001 -9.250000e+000
    endloop
  endfacet
  facet normal  9.999999e-001  0.000000e+000  0.000000e+000
    outer loop
      vertex  6.000000e+000 -2.600000e+001 -1.100000e+001
      vertex  6.000000e+000  1.500000e+001 -9.250000e+000
      vertex  6.000000e+000 -3.030901e-016 -9.150000e+000
    endloop
  endfacet
  facet normal  1.000000e+000  0.000000e+000  0.000000e+000
    outer loop
      vertex  6.000000e+000 -2.600000e+001 -1.100000e+001
      vertex  6.000000e+000 -3.030901e-016 -9.150000e+000
      vertex  6.000000e+000 -1.500000e+001 -9.250000e+000
    endloop
  endfacet
  facet normal  1.000000e+000  0.000000e+000  0.000000e+000
    outer loop
      vertex  6.000000e+000 -2.600000e+001 -1.100000e+001
      vertex  6.000000e+000 -1.500000e+001 -9.250000e+000
      vertex  6.000000e+000 -1.623744e+001 -8.737437e+000
    endloop
  endfacet
  facet normal  1.000000e+000  0.000000e+000  0.000000e+000
    outer loop
      vertex  6.000000e+000 -2.600000e+001 -1.100000e+001
      vertex  6.000000e+000 -1.623744e+001 -8.737437e+000
      vertex  6.000000e+000 -1.675000e+001 -7.500000e+000
    endloop
  endfacet
  facet normal  1.000000e+000  0.000000e+000  -0.000000e+000
    outer loop
      vertex  6.000000e+000 -2.600000e+001 -1.100000e+001
      vertex  6.000000e+000 -1.675000e+001 -7.500000e+000
      vertex  6.000000e+000 -1.623744e+001 -6.262563e+000
    endloop
  endfacet
  facet normal  1.000000e+000  0.000000e+000  -0.000000e+000
    outer loop
      vertex  6.000000e+000 -2.600000e+001 -1.100000e+001
      vertex  6.000000e+000 -1.623744e+001 -6.262563e+000
      vertex  6.000000e+000 -1.500000e+001  1.850000e+000
    endloop
  endfacet
  facet normal  1.000000e+000  0.000000e+000  0.000000e+000
    outer loop
      vertex  6.000000e+000 -2.600000e+001 -1.100000e+001
      vertex  6.000000e+000 -1.500000e+001  1.850000e+000
      vertex  6.000000e+000 -1.616673e+001  2.333274e+000
    endloop
  endfacet
  facet normal  1.000000e+000  0.000000e+000  0.000000e+000
    outer loop
      vertex  6.000000e+000 -2.600000e+001 -1.100000e+001
      vertex  6.000000e+000 -1.616673e+001  2.333274e+000
      vertex  6.000000e+000 -1.665000e+001  3.500000e+000
    endloop
  endfacet
  facet normal  9.999999e-001  0.000000e+000  -0.000000e+000
    outer loop
      vertex  6.000000e+000 -2.600000e+001 -1.100000e+001
      vertex  6.000000e+000 -1.665000e+001  3.500000e+000
      vertex  6.000000e+000 -1.616673e+001  4.666726e+000
    endloop
  endfacet
  facet normal  1.000000e+000  0.000000e+000  0.000000e+000
    outer loop
      vertex  6.000000e+000  2.600000e+001 -1.100000e+001
      vertex  6.000000e+000  2.600000e+001  1.100000e+001
      vertex  6.000000e+000  1.616673e+001  4.666726e+000
    endloop
  endfacet
  facet normal  9.999999e-001  0.000000e+000  0.000000e+000
    outer loop
      vertex  6.000000e+000  2.600000e+001 -1.100000e+001
      vertex  6.000000e+000  1.616673e+001  4.666726e+000
      vertex  6.000000e+000  1.665000e+001  3.500000e+000
    endloop
  endfacet
  facet normal  1.000000e+000  0.000000e+000  0.000000e+000
    outer loop
      vertex  6.000000e+000  2.600000e+001 -1.100000e+001
      vertex  6.000000e+000  1.665000e+001  3.500000e+000
      vertex  6.000000e+000  1.616673e+001  2.333274e+000
    endloop
  endfacet
  facet normal  9.999999e-001  0.000000e+000  0.000000e+000
    outer loop
      vertex  6.000000e+000  2.600000e+001 -1.100000e+001
      vertex  6.000000e+000  1.616673e+001  2.333274e+000
      vertex  6.000000e+000  1.500000e+001  1.850000e+000
    endloop
  endfacet
  facet normal  1.000000e+000  0.000000e+000  0.000000e+000
    outer loop
      vertex  6.000000e+000  2.600000e+001 -1.100000e+001
      vertex  6.000000e+000  1.500000e+001  1.850000e+000
      vertex  6.000000e+000  1.623744e+001 -6.262563e+000
    endloop
  endfacet
  facet normal  1.000000e+000  0.000000e+000  0.000000e+000
    outer loop
      vertex  6.000000e+000  2.600000e+001 -1.100000e+001
      vertex  6.000000e+000  1.623744e+001 -6.262563e+000
      vertex  6.000000e+000  1.675000e+001 -7.500000e+000
    endloop
  endfacet
  facet normal  1.000000e+000  0.000000e+000  0.000000e+000
    outer loop
      vertex  6.000000e+000  2.600000e+001 -1.100000e+001
      vertex  6.000000e+000  1.675000e+001 -7.500000e+000
      vertex  6.000000e+000  1.623744e+001 -8.737437e+000
    endloop
  endfacet
  facet normal  1.000000e+000  0.000000e+000  0.000000e+000
    outer loop
      vertex  6.000000e+000  2.600000e+001 -1.100000e+001
      vertex  6.000000e+000  1.623744e+001 -8.737437e+000
      vertex  6.000000e+000  1.500000e+001 -9.250000e+000
    endloop
  endfacet
  facet normal  1.000000e+000  -0.000000e+000  0.000000e+000
    outer loop
      vertex  6.000000e+000  1.010300e-016  5.150000e+000
      vertex  6.000000e+000 -1.500000e+001  5.150000e+000
      vertex  6.000000e+000 -1.166726e+000  4.666726e+000
    endloop
  endfacet
  facet normal  1.000000e+000  0.000000e+000  0.000000e+000
    outer loop
      vertex  6.000000e+000 -1.166726e+000  4.666726e+000
      vertex  6.000000e+000 -1.500000e+001  5.150000e+000
      vertex  6.000000e+000 -1.383327e+001  4.666726e+000
    endloop
  endfacet
  facet normal  1.000000e+000  -0.000000e+000  0.000000e+000
    outer loop
      vertex  6.000000e+000 -1.166726e+000  4.666726e+000
      vertex  6.000000e+000 -1.383327e+001  4.666726e+000
      vertex  6.000000e+000 -1.650000e+000  3.500000e+000
    endloop
  endfacet
  facet normal  1.000000e+000  0.000000e+000  0.000000e+000
    outer loop
      vertex  6.000000e+000 -1.650000e+000  3.500000e+000
      vertex  6.000000e+000 -1.383327e+001  4.666726e+000
      vertex  6.000000e+000 -1.335000e+001  3.500000e+000
    endloop
  endfacet
  facet normal  1.000000e+000  -0.000000e+000  0.000000e+000
    outer loop
      vertex  6.000000e+000 -1.650000e+000  3.500000e+000
      vertex  6.000000e+000 -1.335000e+001  3.500000e+000
      vertex  6.000000e+000 -1.166726e+000  2.333274e+000
    endloop
  endfacet
  facet normal  1.000000e+000  0.000000e+000  0.000000e+000
    outer loop
      vertex  6.000000e+000 -1.166726e+000  2.333274e+000
      vertex  6.000000e+000 -1.335000e+001  3.500000e+000
      vertex  6.000000e+000 -1.383327e+001  2.333274e+000
    endloop
  endfacet
  facet normal  9.999999e-001  -0.000000e+000  0.000000e+000
    outer loop
      vertex  6.000000e+000 -1.166726e+000  2.333274e+000
      vertex  6.000000e+000 -1.383327e+001  2.333274e+000
      vertex  6.000000e+000 -3.030901e-016  1.850000e+000
    endloop
  endfacet
  facet normal  1.000000e+000  0.000000e+000  0.000000e+000
    outer loop
      vertex  6.000000e+000 -3.030901e-016  1.850000e+000
      vertex  6.000000e+000 -1.383327e+001  2.333274e+000
      vertex  6.000000e+000 -1.500000e+001  1.850000e+000
    endloop
  endfacet
  facet normal  1.000000e+000  -0.000000e+000  0.000000e+000
    outer loop
      vertex  6.000000e+000 -3.030901e-016  1.850000e+000
      vertex  6.000000e+000 -1.500000e+001  1.850000e+000
      vertex  6.000000e+000  1.010300e-016 -5.850000e+000
    endloop
  endfacet
  facet normal  1.000000e+000  0.000000e+000  0.000000e+000
    outer loop
      vertex  6.000000e+000  1.010300e-016 -5.850000e+000
      vertex  6.000000e+000 -1.500000e+001  1.850000e+000
      vertex  6.000000e+000 -1.500000e+001 -5.750000e+000
    endloop
  endfacet
  facet normal  9.999999e-001  0.000000e+000  0.000000e+000
    outer loop
      vertex  6.000000e+000  1.010300e-016 -5.850000e+000
      vertex  6.000000e+000 -1.500000e+001 -5.750000e+000
      vertex  6.000000e+000 -1.166726e+000 -6.333274e+000
    endloop
  endfacet
  facet normal  9.999999e-001  0.000000e+000  0.000000e+000
    outer loop
      vertex  6.000000e+000 -1.166726e+000 -6.333274e+000
      vertex  6.000000e+000 -1.500000e+001 -5.750000e+000
      vertex  6.000000e+000 -1.376256e+001 -6.262563e+000
    endloop
  endfacet
  facet normal  1.000000e+000  0.000000e+000  0.000000e+000
    outer loop
      vertex  6.000000e+000 -1.166726e+000 -6.333274e+000
      vertex  6.000000e+000 -1.376256e+001 -6.262563e+000
      vertex  6.000000e+000 -1.650000e+000 -7.500000e+000
    endloop
  endfacet
  facet normal  9.999999e-001  0.000000e+000  0.000000e+000
    outer loop
      vertex  6.000000e+000 -1.650000e+000 -7.500000e+000
      vertex  6.000000e+000 -1.376256e+001 -6.262563e+000
      vertex  6.000000e+000 -1.325000e+001 -7.500000e+000
    endloop
  endfacet
  facet normal  1.000000e+000  -0.000000e+000  0.000000e+000
    outer loop
      vertex  6.000000e+000 -1.650000e+000 -7.500000e+000
      vertex  6.000000e+000 -1.325000e+001 -7.500000e+000
      vertex  6.000000e+000 -1.166726e+000 -8.666726e+000
    endloop
  endfacet
  facet normal  1.000000e+000  0.000000e+000  0.000000e+000
    outer loop
      vertex  6.000000e+000 -1.166726e+000 -8.666726e+000
      vertex  6.000000e+000 -1.325000e+001 -7.500000e+000
      vertex  6.000000e+000 -1.376256e+001 -8.737437e+000
    endloop
  endfacet
  facet normal  1.000000e+000  -0.000000e+000  0.000000e+000
    outer loop
      vertex  6.000000e+000 -1.166726e+000 -8.666726e+000
      vertex  6.000000e+000 -1.376256e+001 -8.737437e+000
      vertex  6.000000e+000 -3.030901e-016 -9.150000e+000
    endloop
  endfacet
  facet normal  1.000000e+000  0.000000e+000  0.000000e+000
    outer loop
      vertex  6.000000e+000 -3.030901e-016 -9.150000e+000
      vertex  6.000000e+000 -1.376256e+001 -8.737437e+000
      vertex  6.000000e+000 -1.500000e+001 -9.250000e+000
    endloop
  endfacet
  facet normal  1.000000e+000  -0.000000e+000  0.000000e+000
    outer loop
      vertex  6.000000e+000  1.500000e+001  5.150000e+000
      vertex  6.000000e+000  1.010300e-016  5.150000e+000
      vertex  6.000000e+000  1.383327e+001  4.666726e+000
    endloop
  endfacet
  facet normal  1.000000e+000  0.000000e+000  0.000000e+000
    outer loop
      vertex  6.000000e+000  1.383327e+001  4.666726e+000
      vertex  6.000000e+000  1.010300e-016  5.150000e+000
      vertex  6.000000e+000  1.166726e+000  4.666726e+000
    endloop
  endfacet
  facet normal  1.000000e+000  -0.000000e+000  0.000000e+000
    outer loop
      vertex  6.000000e+000  1.383327e+001  4.666726e+000
      vertex  6.000000e+000  1.166726e+000  4.666726e+000
      vertex  6.000000e+000  1.335000e+001  3.500000e+000
    endloop
  endfacet
  facet normal  1.000000e+000  0.000000e+000  0.000000e+000
    outer loop
      vertex  6.000000e+000  1.335000e+001  3.500000e+000
      vertex  6.000000e+000  1.166726e+000  4.666726e+000
      vertex  6.000000e+000  1.650000e+000  3.500000e+000
    endloop
  endfacet
  facet normal  1.000000e+000  -0.000000e+000  0.000000e+000
    outer loop
      vertex  6.000000e+000  1.335000e+001  3.500000e+000
      vertex  6.000000e+000  1.650000e+000  3.500000e+000
      vertex  6.000000e+000  1.383327e+001  2.333274e+000
    endloop
  endfacet
  facet normal  1.000000e+000  0.000000e+000  0.000000e+000
    outer loop
      vertex  6.000000e+000  1.383327e+001  2.333274e+000
      vertex  6.000000e+000  1.650000e+000  3.500000e+000
      vertex  6.000000e+000  1.166726e+000  2.333274e+000
    endloop
  endfacet
  facet normal  9.999999e-001  -0.000000e+000  0.000000e+000
    outer loop
      vertex  6.000000e+000  1.383327e+001  2.333274e+000
      vertex  6.000000e+000  1.166726e+000  2.333274e+000
      vertex  6.000000e+000  1.500000e+001  1.850000e+000
    endloop
  endfacet
  facet normal  1.000000e+000  0.000000e+000  0.000000e+000
    outer loop
      vertex  6.000000e+000  1.500000e+001  1.850000e+000
      vertex  6.000000e+000  1.166726e+000  2.333274e+000
      vertex  6.000000e+000 -3.030901e-016  1.850000e+000
    endloop
  endfacet
  facet normal  1.000000e+000  -0.000000e+000  0.000000e+000
    outer loop
      vertex  6.000000e+000  1.500000e+001  1.850000e+000
      vertex  6.000000e+000 -3.030901e-016  1.850000e+000
      vertex  6.000000e+000  1.500000e+001 -5.750000e+000
    endloop
  endfacet
  facet normal  1.000000e+000  0.000000e+000  0.000000e+000
    outer loop
      vertex  6.000000e+000  1.500000e+001 -5.750000e+000
      vertex  6.000000e+000 -3.030901e-016  1.850000e+000
      vertex  6.000000e+000  1.010300e-016 -5.850000e+000
    endloop
  endfacet
  facet normal  1.000000e+000  -0.000000e+000  0.000000e+000
    outer loop
      vertex  6.000000e+000  1.500000e+001 -5.750000e+000
      vertex  6.000000e+000  1.010300e-016 -5.850000e+000
      vertex  6.000000e+000  1.376256e+001 -6.262563e+000
    endloop
  endfacet
  facet normal  1.000000e+000  0.000000e+000  0.000000e+000
    outer loop
      vertex  6.000000e+000  1.376256e+001 -6.262563e+000
      vertex  6.000000e+000  1.010300e-016 -5.850000e+000
      vertex  6.000000e+000  1.166726e+000 -6.333274e+000
    endloop
  endfacet
  facet normal  1.000000e+000  -0.000000e+000  0.000000e+000
    outer loop
      vertex  6.000000e+000  1.376256e+001 -6.262563e+000
      vertex  6.000000e+000  1.166726e+000 -6.333274e+000
      vertex  6.000000e+000  1.325000e+001 -7.500000e+000
    endloop
  endfacet
  facet normal  1.000000e+000  0.000000e+000  0.000000e+000
    outer loop
      vertex  6.000000e+000  1.325000e+001 -7.500000e+000
      vertex  6.000000e+000  1.166726e+000 -6.333274e+000
      vertex  6.000000e+000  1.650000e+000 -7.500000e+000
    endloop
  endfacet
  facet normal  1.000000e+000  -0.000000e+000  0.000000e+000
    outer loop
      vertex  6.000000e+000  1.325000e+001 -7.500000e+000
      vertex  6.000000e+000  1.650000e+000 -7.500000e+000
      vertex  6.000000e+000  1.376256e+001 -8.737437e+000
    endloop
  endfacet
  facet normal  1.000000e+000  0.000000e+000  0.000000e+000
    outer loop
      vertex  6.000000e+000  1.376256e+001 -8.737437e+000
      vertex  6.000000e+000  1.650000e+000 -7.500000e+000
      vertex  6.000000e+000  1.166726e+000 -8.666726e+000
    endloop
  endfacet
  facet normal  9.999999e-001  0.000000e+000  0.000000e+000
    outer loop
      vertex  6.000000e+000  1.376256e+001 -8.737437e+000
      vertex  6.000000e+000  1.166726e+000 -8.666726e+000
      vertex  6.000000e+000  1.500000e+001 -9.250000e+000
    endloop
  endfacet
  facet normal  1.000000e+000  0.000000e+000  0.000000e+000
    outer loop
      vertex  6.000000e+000  1.500000e+001 -9.250000e+000
      vertex  6.000000e+000  1.166726e+000 -8.666726e+000
      vertex  6.000000e+000 -3.030901e-016 -9.150000e+000
    endloop
  endfacet
  facet normal  0.000000e+000  0.000000e+000 -1.000000e+000
    outer loop
      vertex  1.300000e+001  2.600000e+001  1.100000e+001
      vertex  1.300000e+001 -2.600000e+001  1.100000e+001
      vertex  6.000000e+000  2.600000e+001  1.100000e+001
    endloop
  endfacet
  facet normal  0.000000e+000  0.000000e+000 -1.000000e+000
    outer loop
      vertex  6.000000e+000  2.600000e+001  1.100000e+001
      vertex  1.300000e+001 -2.600000e+001  1.100000e+001
      vertex  6.000000e+000 -2.600000e+001  1.100000e+001
    endloop
  endfacet
  facet normal  0.000000e+000 -9.079593e-001  4.190581e-001
    outer loop
      vertex  0.000000e+000 -2.600000e+001  1.500000e+001
      vertex  0.000000e+000 -2.000000e+001  2.800000e+001
      vertex -4.000000e+000 -2.600000e+001  1.500000e+001
    endloop
  endfacet
  facet normal  0.000000e+000 -9.079593e-001  4.190581e-001
    outer loop
      vertex -4.000000e+000 -2.600000e+001  1.500000e+001
      vertex  0.000000e+000 -2.000000e+001  2.800000e+001
      vertex -4.000000e+000 -2.000000e+001  2.800000e+001
    endloop
  endfacet
endsolid CATIA STL
