solid CATIA STL
  facet normal  -0.000000e+000  0.000000e+000 -1.000000e+000
    outer loop
      vertex -4.000000e+000 -1.078280e+001 -7.200000e+001
      vertex  0.000000e+000 -1.078280e+001 -7.200000e+001
      vertex -4.000000e+000 -1.575010e+001 -7.200000e+001
    endloop
  endfacet
  facet normal  0.000000e+000  0.000000e+000 -1.000000e+000
    outer loop
      vertex -4.000000e+000 -1.575010e+001 -7.200000e+001
      vertex  0.000000e+000 -1.078280e+001 -7.200000e+001
      vertex  0.000000e+000 -1.677274e+001 -7.200000e+001
    endloop
  endfacet
  facet normal  0.000000e+000  1.000000e+000  0.000000e+000
    outer loop
      vertex -1.000000e+000 -1.078280e+001 -2.105065e+001
      vertex  0.000000e+000 -1.078280e+001 -2.105065e+001
      vertex  0.000000e+000 -1.078280e+001 -2.171524e+001
    endloop
  endfacet
  facet normal  0.000000e+000  1.000000e+000  0.000000e+000
    outer loop
      vertex -1.000000e+000 -1.078280e+001 -2.105065e+001
      vertex  0.000000e+000 -1.078280e+001 -2.171524e+001
      vertex  0.000000e+000 -1.078280e+001 -7.200000e+001
    endloop
  endfacet
  facet normal  0.000000e+000  1.000000e+000  0.000000e+000
    outer loop
      vertex -1.000000e+000 -1.078280e+001 -2.105065e+001
      vertex  0.000000e+000 -1.078280e+001 -7.200000e+001
      vertex -4.000000e+000 -1.078280e+001 -7.200000e+001
    endloop
  endfacet
  facet normal  0.000000e+000  1.000000e+000  0.000000e+000
    outer loop
      vertex -1.000000e+000 -1.078280e+001 -2.105065e+001
      vertex -4.000000e+000 -1.078280e+001 -7.200000e+001
      vertex -1.162530e+000 -1.078280e+001  2.935231e+001
    endloop
  endfacet
  facet normal  -0.000000e+000  1.000000e+000  0.000000e+000
    outer loop
      vertex -1.000000e+000 -1.078280e+001 -2.105065e+001
      vertex -1.162530e+000 -1.078280e+001  2.935231e+001
      vertex -1.162530e+000 -1.078280e+001  3.435231e+001
    endloop
  endfacet
  facet normal  -0.000000e+000  1.000000e+000  0.000000e+000
    outer loop
      vertex -1.000000e+000 -1.078280e+001 -2.105065e+001
      vertex -1.162530e+000 -1.078280e+001  3.435231e+001
      vertex -1.000000e+000 -1.078280e+001  3.435231e+001
    endloop
  endfacet
  facet normal  0.000000e+000  1.000000e+000  0.000000e+000
    outer loop
      vertex -5.727653e+000 -1.078280e+001  2.935231e+001
      vertex -1.162530e+000 -1.078280e+001  2.935231e+001
      vertex -4.000000e+000 -1.078280e+001 -7.200000e+001
    endloop
  endfacet
  facet normal  0.000000e+000  1.000000e+000  0.000000e+000
    outer loop
      vertex -5.727653e+000 -1.078280e+001  2.935231e+001
      vertex -4.000000e+000 -1.078280e+001 -7.200000e+001
      vertex -5.500000e+000 -1.078280e+001 -7.159808e+001
    endloop
  endfacet
  facet normal  0.000000e+000  1.000000e+000  0.000000e+000
    outer loop
      vertex -5.727653e+000 -1.078280e+001  2.935231e+001
      vertex -5.500000e+000 -1.078280e+001 -7.159808e+001
      vertex -6.598076e+000 -1.078280e+001 -7.050000e+001
    endloop
  endfacet
  facet normal  0.000000e+000  1.000000e+000  0.000000e+000
    outer loop
      vertex -5.727653e+000 -1.078280e+001  2.935231e+001
      vertex -6.598076e+000 -1.078280e+001 -7.050000e+001
      vertex -5.727653e+000 -1.078280e+001  3.435231e+001
    endloop
  endfacet
  facet normal  0.000000e+000  1.000000e+000  -0.000000e+000
    outer loop
      vertex -5.727653e+000 -1.078280e+001  3.435231e+001
      vertex -6.598076e+000 -1.078280e+001 -7.050000e+001
      vertex -7.000000e+000 -1.078280e+001  3.435231e+001
    endloop
  endfacet
  facet normal  0.000000e+000  1.000000e+000  0.000000e+000
    outer loop
      vertex -7.000000e+000 -1.078280e+001  3.435231e+001
      vertex -6.598076e+000 -1.078280e+001 -7.050000e+001
      vertex -7.000000e+000 -1.078280e+001 -6.900000e+001
    endloop
  endfacet
  facet normal -1.000000e+000  0.000000e+000  0.000000e+000
    outer loop
      vertex -7.000000e+000 -1.172597e+001 -4.365161e+000
      vertex -7.000000e+000 -1.292805e+001 -3.867242e+000
      vertex -7.000000e+000 -1.292805e+001  1.773276e+001
    endloop
  endfacet
  facet normal -1.000000e+000  0.000000e+000  0.000000e+000
    outer loop
      vertex -7.000000e+000 -1.172572e+001 -3.090185e+001
      vertex -7.000000e+000 -1.292780e+001 -3.040393e+001
      vertex -7.000000e+000 -1.292805e+001 -7.267242e+000
    endloop
  endfacet
  facet normal -1.000000e+000  0.000000e+000  -0.000000e+000
    outer loop
      vertex -7.000000e+000 -1.413013e+001 -4.365161e+000
      vertex -7.000000e+000 -1.292805e+001  1.773276e+001
      vertex -7.000000e+000 -1.292805e+001 -3.867242e+000
    endloop
  endfacet
  facet normal -9.999999e-001  0.000000e+000  -0.000000e+000
    outer loop
      vertex -7.000000e+000 -1.412988e+001 -3.090185e+001
      vertex -7.000000e+000 -1.292805e+001 -7.267242e+000
      vertex -7.000000e+000 -1.292780e+001 -3.040393e+001
    endloop
  endfacet
  facet normal -1.000000e+000  0.000000e+000  -0.000000e+000
    outer loop
      vertex -7.000000e+000 -1.412988e+001 -5.262304e+001
      vertex -7.000000e+000 -1.292780e+001 -3.380393e+001
      vertex -7.000000e+000 -1.292780e+001 -5.212512e+001
    endloop
  endfacet
  facet normal -1.000000e+000  0.000000e+000  -0.000000e+000
    outer loop
      vertex -7.000000e+000 -1.498313e+001 -6.900000e+001
      vertex -7.000000e+000 -1.462805e+001  1.943276e+001
      vertex -7.000000e+000 -1.462805e+001 -5.567243e+000
    endloop
  endfacet
  facet normal -1.000000e+000  0.000000e+000  -0.000000e+000
    outer loop
      vertex -7.000000e+000 -1.498313e+001 -6.900000e+001
      vertex -7.000000e+000 -1.462805e+001 -5.567243e+000
      vertex -7.000000e+000 -1.462780e+001 -3.210393e+001
    endloop
  endfacet
  facet normal -9.999999e-001  0.000000e+000  -0.000000e+000
    outer loop
      vertex -7.000000e+000 -1.498313e+001 -6.900000e+001
      vertex -7.000000e+000 -1.462780e+001 -3.210393e+001
      vertex -7.000000e+000 -1.462780e+001 -5.382512e+001
    endloop
  endfacet
  facet normal -9.999999e-001  0.000000e+000  -0.000000e+000
    outer loop
      vertex -7.000000e+000 -1.498313e+001 -6.900000e+001
      vertex -7.000000e+000 -1.462780e+001 -5.382512e+001
      vertex -7.000000e+000 -1.412988e+001 -5.502720e+001
    endloop
  endfacet
  facet normal -1.000000e+000  0.000000e+000  -0.000000e+000
    outer loop
      vertex -7.000000e+000 -1.498313e+001 -6.900000e+001
      vertex -7.000000e+000 -1.412988e+001 -5.502720e+001
      vertex -7.000000e+000 -1.292780e+001 -5.552512e+001
    endloop
  endfacet
  facet normal -9.999999e-001  0.000000e+000  0.000000e+000
    outer loop
      vertex -7.000000e+000 -1.078280e+001 -6.900000e+001
      vertex -7.000000e+000 -1.498313e+001 -6.900000e+001
      vertex -7.000000e+000 -1.292780e+001 -5.552512e+001
    endloop
  endfacet
  facet normal -1.000000e+000  0.000000e+000  0.000000e+000
    outer loop
      vertex -7.000000e+000 -1.078280e+001 -6.900000e+001
      vertex -7.000000e+000 -1.292780e+001 -5.552512e+001
      vertex -7.000000e+000 -1.172572e+001 -5.502720e+001
    endloop
  endfacet
  facet normal -1.000000e+000  0.000000e+000  0.000000e+000
    outer loop
      vertex -7.000000e+000 -1.078280e+001 -6.900000e+001
      vertex -7.000000e+000 -1.172572e+001 -5.502720e+001
      vertex -7.000000e+000 -1.122780e+001 -5.382512e+001
    endloop
  endfacet
  facet normal -1.000000e+000  -0.000000e+000  0.000000e+000
    outer loop
      vertex -7.000000e+000 -1.656993e+001  6.120032e+001
      vertex -7.000000e+000 -1.306740e+001  4.592625e+001
      vertex -7.000000e+000 -1.403672e+001  4.544286e+001
    endloop
  endfacet
  facet normal -1.000000e+000  -0.000000e+000  0.000000e+000
    outer loop
      vertex -7.000000e+000 -1.656993e+001  6.120032e+001
      vertex -7.000000e+000 -1.403672e+001  4.544286e+001
      vertex -7.000000e+000 -1.442780e+001  4.443276e+001
    endloop
  endfacet
  facet normal -1.000000e+000  -0.000000e+000  0.000000e+000
    outer loop
      vertex -7.000000e+000 -1.656993e+001  6.120032e+001
      vertex -7.000000e+000 -1.442780e+001  4.443276e+001
      vertex -7.000000e+000 -1.677274e+001  3.435231e+001
    endloop
  endfacet
  facet normal -1.000000e+000  0.000000e+000  0.000000e+000
    outer loop
      vertex -7.000000e+000 -1.656993e+001  6.120032e+001
      vertex -7.000000e+000 -1.677274e+001  3.435231e+001
      vertex -7.000000e+000 -1.988185e+001  6.282930e+001
    endloop
  endfacet
  facet normal -1.000000e+000  0.000000e+000  0.000000e+000
    outer loop
      vertex -7.000000e+000 -1.656993e+001  6.120032e+001
      vertex -7.000000e+000 -1.988185e+001  6.282930e+001
      vertex -7.000000e+000 -1.975823e+001  6.810036e+001
    endloop
  endfacet
  facet normal -1.000000e+000  0.000000e+000  0.000000e+000
    outer loop
      vertex -7.000000e+000 -1.656993e+001  6.120032e+001
      vertex -7.000000e+000 -1.975823e+001  6.810036e+001
      vertex -7.000000e+000 -1.697964e+001  6.583181e+001
    endloop
  endfacet
  facet normal -9.999999e-001  0.000000e+000  -0.000000e+000
    outer loop
      vertex -7.000000e+000 -1.677274e+001  3.435231e+001
      vertex -7.000000e+000 -1.442780e+001  4.443276e+001
      vertex -7.000000e+000 -1.412842e+001  4.353359e+001
    endloop
  endfacet
  facet normal -1.000000e+000  0.000000e+000  -0.000000e+000
    outer loop
      vertex -7.000000e+000 -1.677274e+001  3.435231e+001
      vertex -7.000000e+000 -1.412842e+001  4.353359e+001
      vertex -7.000000e+000 -1.334980e+001  4.299334e+001
    endloop
  endfacet
  facet normal -1.000000e+000  0.000000e+000  0.000000e+000
    outer loop
      vertex -7.000000e+000 -1.677274e+001  3.435231e+001
      vertex -7.000000e+000 -1.334980e+001  4.299334e+001
      vertex -7.000000e+000 -1.601530e+001  3.435231e+001
    endloop
  endfacet
  facet normal -1.000000e+000  0.000000e+000  0.000000e+000
    outer loop
      vertex -7.000000e+000 -1.498313e+001  3.338662e+001
      vertex -7.000000e+000 -1.601530e+001  3.435231e+001
      vertex -7.000000e+000 -1.334980e+001  4.299334e+001
    endloop
  endfacet
  facet normal -1.000000e+000  0.000000e+000  -0.000000e+000
    outer loop
      vertex -7.000000e+000 -1.498313e+001  3.338662e+001
      vertex -7.000000e+000 -1.334980e+001  4.299334e+001
      vertex -7.000000e+000 -1.292805e+001  2.113276e+001
    endloop
  endfacet
  facet normal -1.000000e+000  -0.000000e+000  0.000000e+000
    outer loop
      vertex -7.000000e+000 -1.498313e+001  3.338662e+001
      vertex -7.000000e+000 -1.292805e+001  2.113276e+001
      vertex -7.000000e+000 -1.413013e+001  2.063484e+001
    endloop
  endfacet
  facet normal -1.000000e+000  -0.000000e+000  0.000000e+000
    outer loop
      vertex -7.000000e+000 -1.498313e+001  3.338662e+001
      vertex -7.000000e+000 -1.413013e+001  2.063484e+001
      vertex -7.000000e+000 -1.462805e+001  1.943276e+001
    endloop
  endfacet
  facet normal -1.000000e+000  -0.000000e+000  0.000000e+000
    outer loop
      vertex -7.000000e+000 -1.498313e+001  3.338662e+001
      vertex -7.000000e+000 -1.462805e+001  1.943276e+001
      vertex -7.000000e+000 -1.498313e+001 -6.900000e+001
    endloop
  endfacet
  facet normal -1.000000e+000  0.000000e+000  0.000000e+000
    outer loop
      vertex -7.000000e+000 -1.122780e+001 -3.210393e+001
      vertex -7.000000e+000 -1.172572e+001 -3.090185e+001
      vertex -7.000000e+000 -1.292805e+001 -7.267242e+000
    endloop
  endfacet
  facet normal -9.999999e-001  0.000000e+000  0.000000e+000
    outer loop
      vertex -7.000000e+000 -1.122780e+001 -3.210393e+001
      vertex -7.000000e+000 -1.292805e+001 -7.267242e+000
      vertex -7.000000e+000 -1.172597e+001 -6.769324e+000
    endloop
  endfacet
  facet normal -1.000000e+000  0.000000e+000  0.000000e+000
    outer loop
      vertex -7.000000e+000 -1.122780e+001 -3.210393e+001
      vertex -7.000000e+000 -1.172597e+001 -6.769324e+000
      vertex -7.000000e+000 -1.122805e+001 -5.567243e+000
    endloop
  endfacet
  facet normal -1.000000e+000  0.000000e+000  0.000000e+000
    outer loop
      vertex -7.000000e+000 -1.122780e+001 -3.210393e+001
      vertex -7.000000e+000 -1.122805e+001 -5.567243e+000
      vertex -7.000000e+000 -1.078280e+001 -6.900000e+001
    endloop
  endfacet
  facet normal -9.999999e-001  0.000000e+000  0.000000e+000
    outer loop
      vertex -7.000000e+000 -1.122805e+001 -5.567243e+000
      vertex -7.000000e+000 -1.172597e+001 -4.365161e+000
      vertex -7.000000e+000 -1.292805e+001  1.773276e+001
    endloop
  endfacet
  facet normal -1.000000e+000  0.000000e+000  0.000000e+000
    outer loop
      vertex -7.000000e+000 -1.122805e+001 -5.567243e+000
      vertex -7.000000e+000 -1.292805e+001  1.773276e+001
      vertex -7.000000e+000 -1.172597e+001  1.823068e+001
    endloop
  endfacet
  facet normal -1.000000e+000  0.000000e+000  0.000000e+000
    outer loop
      vertex -7.000000e+000 -1.122805e+001 -5.567243e+000
      vertex -7.000000e+000 -1.172597e+001  1.823068e+001
      vertex -7.000000e+000 -1.122805e+001  1.943276e+001
    endloop
  endfacet
  facet normal -1.000000e+000  0.000000e+000  0.000000e+000
    outer loop
      vertex -7.000000e+000 -1.122805e+001 -5.567243e+000
      vertex -7.000000e+000 -1.122805e+001  1.943276e+001
      vertex -7.000000e+000 -1.078280e+001 -6.900000e+001
    endloop
  endfacet
  facet normal -1.000000e+000  0.000000e+000  0.000000e+000
    outer loop
      vertex -7.000000e+000 -1.078280e+001  3.435231e+001
      vertex -7.000000e+000 -1.078280e+001 -6.900000e+001
      vertex -7.000000e+000 -1.122805e+001  1.943276e+001
    endloop
  endfacet
  facet normal -1.000000e+000  0.000000e+000  0.000000e+000
    outer loop
      vertex -7.000000e+000 -1.078280e+001  3.435231e+001
      vertex -7.000000e+000 -1.122805e+001  1.943276e+001
      vertex -7.000000e+000 -1.172597e+001  2.063484e+001
    endloop
  endfacet
  facet normal -1.000000e+000  0.000000e+000  0.000000e+000
    outer loop
      vertex -7.000000e+000 -1.078280e+001  3.435231e+001
      vertex -7.000000e+000 -1.172597e+001  2.063484e+001
      vertex -7.000000e+000 -1.292805e+001  2.113276e+001
    endloop
  endfacet
  facet normal -1.000000e+000  0.000000e+000  0.000000e+000
    outer loop
      vertex -7.000000e+000 -1.078280e+001  3.435231e+001
      vertex -7.000000e+000 -1.292805e+001  2.113276e+001
      vertex -7.000000e+000 -1.334980e+001  4.299334e+001
    endloop
  endfacet
  facet normal -1.000000e+000  0.000000e+000  0.000000e+000
    outer loop
      vertex -7.000000e+000 -1.078280e+001  3.435231e+001
      vertex -7.000000e+000 -1.334980e+001  4.299334e+001
      vertex -7.000000e+000 -1.240272e+001  4.302766e+001
    endloop
  endfacet
  facet normal -1.000000e+000  0.000000e+000  0.000000e+000
    outer loop
      vertex -7.000000e+000 -1.078280e+001  3.435231e+001
      vertex -7.000000e+000 -1.240272e+001  4.302766e+001
      vertex -7.000000e+000 -1.041336e+001  3.435231e+001
    endloop
  endfacet
  facet normal -1.000000e+000  0.000000e+000  0.000000e+000
    outer loop
      vertex -7.000000e+000 -1.462780e+001 -5.382512e+001
      vertex -7.000000e+000 -1.462780e+001 -3.210393e+001
      vertex -7.000000e+000 -1.412988e+001 -3.330601e+001
    endloop
  endfacet
  facet normal -1.000000e+000  0.000000e+000  -0.000000e+000
    outer loop
      vertex -7.000000e+000 -1.462780e+001 -5.382512e+001
      vertex -7.000000e+000 -1.412988e+001 -3.330601e+001
      vertex -7.000000e+000 -1.292780e+001 -3.380393e+001
    endloop
  endfacet
  facet normal -1.000000e+000  0.000000e+000  0.000000e+000
    outer loop
      vertex -7.000000e+000 -1.462780e+001 -5.382512e+001
      vertex -7.000000e+000 -1.292780e+001 -3.380393e+001
      vertex -7.000000e+000 -1.412988e+001 -5.262304e+001
    endloop
  endfacet
  facet normal -9.999999e-001  0.000000e+000  0.000000e+000
    outer loop
      vertex -7.000000e+000 -1.462780e+001 -3.210393e+001
      vertex -7.000000e+000 -1.462805e+001 -5.567243e+000
      vertex -7.000000e+000 -1.413013e+001 -6.769324e+000
    endloop
  endfacet
  facet normal -1.000000e+000  0.000000e+000  -0.000000e+000
    outer loop
      vertex -7.000000e+000 -1.462780e+001 -3.210393e+001
      vertex -7.000000e+000 -1.413013e+001 -6.769324e+000
      vertex -7.000000e+000 -1.292805e+001 -7.267242e+000
    endloop
  endfacet
  facet normal -1.000000e+000  0.000000e+000  0.000000e+000
    outer loop
      vertex -7.000000e+000 -1.462780e+001 -3.210393e+001
      vertex -7.000000e+000 -1.292805e+001 -7.267242e+000
      vertex -7.000000e+000 -1.412988e+001 -3.090185e+001
    endloop
  endfacet
  facet normal -1.000000e+000  0.000000e+000  0.000000e+000
    outer loop
      vertex -7.000000e+000 -1.462805e+001 -5.567243e+000
      vertex -7.000000e+000 -1.462805e+001  1.943276e+001
      vertex -7.000000e+000 -1.413013e+001  1.823068e+001
    endloop
  endfacet
  facet normal -1.000000e+000  0.000000e+000  -0.000000e+000
    outer loop
      vertex -7.000000e+000 -1.462805e+001 -5.567243e+000
      vertex -7.000000e+000 -1.413013e+001  1.823068e+001
      vertex -7.000000e+000 -1.292805e+001  1.773276e+001
    endloop
  endfacet
  facet normal -1.000000e+000  0.000000e+000  0.000000e+000
    outer loop
      vertex -7.000000e+000 -1.462805e+001 -5.567243e+000
      vertex -7.000000e+000 -1.292805e+001  1.773276e+001
      vertex -7.000000e+000 -1.413013e+001 -4.365161e+000
    endloop
  endfacet
  facet normal -9.999999e-001  0.000000e+000  0.000000e+000
    outer loop
      vertex -7.000000e+000 -7.000000e+000  8.373499e+001
      vertex -7.000000e+000 -7.000000e+000  8.049194e+001
      vertex -7.000000e+000 -1.165268e+001  8.125469e+001
    endloop
  endfacet
  facet normal -1.000000e+000  0.000000e+000  0.000000e+000
    outer loop
      vertex -7.000000e+000 -1.165268e+001  8.125469e+001
      vertex -7.000000e+000 -7.000000e+000  8.049194e+001
      vertex -7.000000e+000 -1.093549e+001  7.801595e+001
    endloop
  endfacet
  facet normal -1.000000e+000  -0.000000e+000  0.000000e+000
    outer loop
      vertex -7.000000e+000 -1.165268e+001  8.125469e+001
      vertex -7.000000e+000 -1.093549e+001  7.801595e+001
      vertex -7.000000e+000 -1.405295e+001  7.456632e+001
    endloop
  endfacet
  facet normal -9.999999e-001  0.000000e+000  0.000000e+000
    outer loop
      vertex -7.000000e+000 -1.549552e+001  7.764471e+001
      vertex -7.000000e+000 -1.165268e+001  8.125469e+001
      vertex -7.000000e+000 -1.826145e+001  7.315595e+001
    endloop
  endfacet
  facet normal -1.000000e+000  0.000000e+000  0.000000e+000
    outer loop
      vertex -7.000000e+000 -1.826145e+001  7.315595e+001
      vertex -7.000000e+000 -1.165268e+001  8.125469e+001
      vertex -7.000000e+000 -1.405295e+001  7.456632e+001
    endloop
  endfacet
  facet normal -1.000000e+000  0.000000e+000  0.000000e+000
    outer loop
      vertex -7.000000e+000 -1.826145e+001  7.315595e+001
      vertex -7.000000e+000 -1.405295e+001  7.456632e+001
      vertex -7.000000e+000 -1.975823e+001  6.810036e+001
    endloop
  endfacet
  facet normal -1.000000e+000  0.000000e+000  0.000000e+000
    outer loop
      vertex -7.000000e+000 -1.975823e+001  6.810036e+001
      vertex -7.000000e+000 -1.405295e+001  7.456632e+001
      vertex -7.000000e+000 -1.611919e+001  7.040108e+001
    endloop
  endfacet
  facet normal -9.999999e-001  0.000000e+000  0.000000e+000
    outer loop
      vertex -7.000000e+000 -1.975823e+001  6.810036e+001
      vertex -7.000000e+000 -1.611919e+001  7.040108e+001
      vertex -7.000000e+000 -1.697964e+001  6.583181e+001
    endloop
  endfacet
  facet normal -1.000000e+000  0.000000e+000  0.000000e+000
    outer loop
      vertex -7.000000e+000 -1.122780e+001 -3.210393e+001
      vertex -7.000000e+000 -1.078280e+001 -6.900000e+001
      vertex -7.000000e+000 -1.172572e+001 -3.330601e+001
    endloop
  endfacet
  facet normal -1.000000e+000  0.000000e+000  0.000000e+000
    outer loop
      vertex -7.000000e+000 -1.172572e+001 -3.330601e+001
      vertex -7.000000e+000 -1.078280e+001 -6.900000e+001
      vertex -7.000000e+000 -1.122780e+001 -5.382512e+001
    endloop
  endfacet
  facet normal -1.000000e+000  0.000000e+000  0.000000e+000
    outer loop
      vertex -7.000000e+000 -1.172572e+001 -3.330601e+001
      vertex -7.000000e+000 -1.122780e+001 -5.382512e+001
      vertex -7.000000e+000 -1.292780e+001 -3.380393e+001
    endloop
  endfacet
  facet normal -1.000000e+000  0.000000e+000  0.000000e+000
    outer loop
      vertex -7.000000e+000 -1.292780e+001 -3.380393e+001
      vertex -7.000000e+000 -1.122780e+001 -5.382512e+001
      vertex -7.000000e+000 -1.172572e+001 -5.262304e+001
    endloop
  endfacet
  facet normal -1.000000e+000  0.000000e+000  0.000000e+000
    outer loop
      vertex -7.000000e+000 -1.292780e+001 -3.380393e+001
      vertex -7.000000e+000 -1.172572e+001 -5.262304e+001
      vertex -7.000000e+000 -1.292780e+001 -5.212512e+001
    endloop
  endfacet
  facet normal -2.476912e-001 -9.688390e-001  0.000000e+000
    outer loop
      vertex  3.552714e-015 -1.677274e+001  3.338662e+001
      vertex -7.000000e+000 -1.498313e+001  3.338662e+001
      vertex  3.552714e-015 -1.677274e+001 -2.171524e+001
    endloop
  endfacet
  facet normal -2.476912e-001 -9.688390e-001  0.000000e+000
    outer loop
      vertex  3.552714e-015 -1.677274e+001 -2.171524e+001
      vertex -7.000000e+000 -1.498313e+001  3.338662e+001
      vertex -7.000000e+000 -1.498313e+001 -6.900000e+001
    endloop
  endfacet
  facet normal -2.476912e-001 -9.688390e-001  0.000000e+000
    outer loop
      vertex  3.552714e-015 -1.677274e+001 -2.171524e+001
      vertex -7.000000e+000 -1.498313e+001 -6.900000e+001
      vertex  0.000000e+000 -1.677274e+001 -7.200000e+001
    endloop
  endfacet
  facet normal -2.476914e-001 -9.688390e-001 -4.548802e-007
    outer loop
      vertex -7.000000e+000 -1.498313e+001 -6.900000e+001
      vertex -6.670678e+000 -1.506732e+001 -7.036655e+001
      vertex  0.000000e+000 -1.677274e+001 -7.200000e+001
    endloop
  endfacet
  facet normal -2.476913e-001 -9.688390e-001 -1.338205e-007
    outer loop
      vertex  0.000000e+000 -1.677274e+001 -7.200000e+001
      vertex -6.670678e+000 -1.506732e+001 -7.036655e+001
      vertex -5.755596e+000 -1.530127e+001 -7.143267e+001
    endloop
  endfacet
  facet normal -2.476912e-001 -9.688390e-001  1.715908e-006
    outer loop
      vertex  0.000000e+000 -1.677274e+001 -7.200000e+001
      vertex -5.755596e+000 -1.530127e+001 -7.143267e+001
      vertex -4.000000e+000 -1.575010e+001 -7.200000e+001
    endloop
  endfacet
  facet normal -2.588192e-001  0.000000e+000 -9.659257e-001
    outer loop
      vertex -4.000000e+000 -1.078280e+001 -7.200000e+001
      vertex -4.000000e+000 -1.575010e+001 -7.200000e+001
      vertex -5.500000e+000 -1.078280e+001 -7.159808e+001
    endloop
  endfacet
  facet normal -3.114230e-001 -1.716417e-002 -9.501164e-001
    outer loop
      vertex -5.500000e+000 -1.078280e+001 -7.159808e+001
      vertex -4.000000e+000 -1.575010e+001 -7.200000e+001
      vertex -5.755596e+000 -1.530127e+001 -7.143267e+001
    endloop
  endfacet
  facet normal -7.070362e-001  1.411269e-002 -7.070365e-001
    outer loop
      vertex -5.500000e+000 -1.078280e+001 -7.159808e+001
      vertex -5.755596e+000 -1.530127e+001 -7.143267e+001
      vertex -6.598076e+000 -1.078280e+001 -7.050000e+001
    endloop
  endfacet
  facet normal -7.595901e-001 -7.384839e-003 -6.503602e-001
    outer loop
      vertex -6.598076e+000 -1.078280e+001 -7.050000e+001
      vertex -5.755596e+000 -1.530127e+001 -7.143267e+001
      vertex -6.670678e+000 -1.506732e+001 -7.036655e+001
    endloop
  endfacet
  facet normal -9.658926e-001  8.306161e-003 -2.588100e-001
    outer loop
      vertex -6.598076e+000 -1.078280e+001 -7.050000e+001
      vertex -6.670678e+000 -1.506732e+001 -7.036655e+001
      vertex -7.000000e+000 -1.078280e+001 -6.900000e+001
    endloop
  endfacet
  facet normal -9.721691e-001  -0.000000e+000 -2.342805e-001
    outer loop
      vertex -7.000000e+000 -1.078280e+001 -6.900000e+001
      vertex -6.670678e+000 -1.506732e+001 -7.036655e+001
      vertex -7.000000e+000 -1.498313e+001 -6.900000e+001
    endloop
  endfacet
  facet normal  0.000000e+000  0.000000e+000 -1.000000e+000
    outer loop
      vertex -4.000000e+000  1.575010e+001 -7.200000e+001
      vertex  0.000000e+000  1.677274e+001 -7.200000e+001
      vertex -4.000000e+000  1.078280e+001 -7.200000e+001
    endloop
  endfacet
  facet normal  0.000000e+000  0.000000e+000 -1.000000e+000
    outer loop
      vertex -4.000000e+000  1.078280e+001 -7.200000e+001
      vertex  0.000000e+000  1.677274e+001 -7.200000e+001
      vertex  0.000000e+000  1.078280e+001 -7.200000e+001
    endloop
  endfacet
  facet normal  -0.000000e+000 -1.000000e+000  -0.000000e+000
    outer loop
      vertex -4.512568e+000  1.078280e+001 -2.105065e+001
      vertex -4.512568e+000  1.078280e+001 -1.605065e+001
      vertex -7.000000e+000  1.078280e+001  3.435231e+001
    endloop
  endfacet
  facet normal  0.000000e+000 -1.000000e+000  0.000000e+000
    outer loop
      vertex -4.512568e+000  1.078280e+001 -2.105065e+001
      vertex -7.000000e+000  1.078280e+001  3.435231e+001
      vertex -7.000000e+000  1.078280e+001 -6.900000e+001
    endloop
  endfacet
  facet normal  0.000000e+000 -1.000000e+000  0.000000e+000
    outer loop
      vertex -4.512568e+000  1.078280e+001 -2.105065e+001
      vertex -7.000000e+000  1.078280e+001 -6.900000e+001
      vertex  0.000000e+000  1.078280e+001 -2.171524e+001
    endloop
  endfacet
  facet normal  0.000000e+000 -1.000000e+000  0.000000e+000
    outer loop
      vertex -4.512568e+000  1.078280e+001 -2.105065e+001
      vertex  0.000000e+000  1.078280e+001 -2.171524e+001
      vertex  0.000000e+000  1.078280e+001 -2.105065e+001
    endloop
  endfacet
  facet normal  0.000000e+000 -1.000000e+000  -0.000000e+000
    outer loop
      vertex  0.000000e+000  1.078280e+001 -7.200000e+001
      vertex  0.000000e+000  1.078280e+001 -2.171524e+001
      vertex -4.000000e+000  1.078280e+001 -7.200000e+001
    endloop
  endfacet
  facet normal  0.000000e+000 -1.000000e+000  0.000000e+000
    outer loop
      vertex -4.000000e+000  1.078280e+001 -7.200000e+001
      vertex  0.000000e+000  1.078280e+001 -2.171524e+001
      vertex -5.500000e+000  1.078280e+001 -7.159808e+001
    endloop
  endfacet
  facet normal  0.000000e+000 -1.000000e+000  0.000000e+000
    outer loop
      vertex  0.000000e+000  1.078280e+001 -2.171524e+001
      vertex -7.000000e+000  1.078280e+001 -6.900000e+001
      vertex -5.500000e+000  1.078280e+001 -7.159808e+001
    endloop
  endfacet
  facet normal  0.000000e+000 -1.000000e+000  0.000000e+000
    outer loop
      vertex -5.500000e+000  1.078280e+001 -7.159808e+001
      vertex -7.000000e+000  1.078280e+001 -6.900000e+001
      vertex -6.598076e+000  1.078280e+001 -7.050000e+001
    endloop
  endfacet
  facet normal  0.000000e+000 -1.000000e+000  0.000000e+000
    outer loop
      vertex -7.000000e+000  1.078280e+001  3.435231e+001
      vertex -4.512568e+000  1.078280e+001 -1.605065e+001
      vertex -1.000000e+000  1.078280e+001  3.435231e+001
    endloop
  endfacet
  facet normal  0.000000e+000 -1.000000e+000  -0.000000e+000
    outer loop
      vertex -1.000000e+000  1.078280e+001  3.435231e+001
      vertex -4.512568e+000  1.078280e+001 -1.605065e+001
      vertex -1.000000e+000  1.078280e+001 -1.605065e+001
    endloop
  endfacet
  facet normal -1.000000e+000  0.000000e+000  -0.000000e+000
    outer loop
      vertex -7.000000e+000  1.078280e+001 -6.900000e+001
      vertex -7.000000e+000  1.172572e+001 -5.502720e+001
      vertex -7.000000e+000  1.292780e+001 -5.552512e+001
    endloop
  endfacet
  facet normal -1.000000e+000  0.000000e+000  -0.000000e+000
    outer loop
      vertex -7.000000e+000  1.078280e+001 -6.900000e+001
      vertex -7.000000e+000  1.122780e+001 -5.382512e+001
      vertex -7.000000e+000  1.172572e+001 -5.502720e+001
    endloop
  endfacet
  facet normal -1.000000e+000  0.000000e+000  -0.000000e+000
    outer loop
      vertex -7.000000e+000  1.172597e+001 -4.365161e+000
      vertex -7.000000e+000  1.292805e+001  1.773276e+001
      vertex -7.000000e+000  1.292805e+001 -3.867242e+000
    endloop
  endfacet
  facet normal -1.000000e+000  0.000000e+000  0.000000e+000
    outer loop
      vertex -7.000000e+000  1.172572e+001 -3.090185e+001
      vertex -7.000000e+000  1.292805e+001 -7.267242e+000
      vertex -7.000000e+000  1.292780e+001 -3.040393e+001
    endloop
  endfacet
  facet normal -1.000000e+000  0.000000e+000  0.000000e+000
    outer loop
      vertex -7.000000e+000  1.413013e+001 -4.365161e+000
      vertex -7.000000e+000  1.292805e+001 -3.867242e+000
      vertex -7.000000e+000  1.292805e+001  1.773276e+001
    endloop
  endfacet
  facet normal -9.999999e-001  0.000000e+000  0.000000e+000
    outer loop
      vertex -7.000000e+000  1.412988e+001 -3.090185e+001
      vertex -7.000000e+000  1.292780e+001 -3.040393e+001
      vertex -7.000000e+000  1.292805e+001 -7.267242e+000
    endloop
  endfacet
  facet normal -1.000000e+000  0.000000e+000  0.000000e+000
    outer loop
      vertex -7.000000e+000  1.412988e+001 -5.262304e+001
      vertex -7.000000e+000  1.292780e+001 -5.212512e+001
      vertex -7.000000e+000  1.292780e+001 -3.380393e+001
    endloop
  endfacet
  facet normal -9.999999e-001  0.000000e+000  0.000000e+000
    outer loop
      vertex -7.000000e+000  1.498313e+001 -6.900000e+001
      vertex -7.000000e+000  1.078280e+001 -6.900000e+001
      vertex -7.000000e+000  1.292780e+001 -5.552512e+001
    endloop
  endfacet
  facet normal -1.000000e+000  0.000000e+000  0.000000e+000
    outer loop
      vertex -7.000000e+000  1.498313e+001 -6.900000e+001
      vertex -7.000000e+000  1.292780e+001 -5.552512e+001
      vertex -7.000000e+000  1.412988e+001 -5.502720e+001
    endloop
  endfacet
  facet normal -9.999999e-001  0.000000e+000  0.000000e+000
    outer loop
      vertex -7.000000e+000  1.498313e+001 -6.900000e+001
      vertex -7.000000e+000  1.412988e+001 -5.502720e+001
      vertex -7.000000e+000  1.462780e+001 -5.382512e+001
    endloop
  endfacet
  facet normal -9.999999e-001  0.000000e+000  0.000000e+000
    outer loop
      vertex -7.000000e+000  1.498313e+001 -6.900000e+001
      vertex -7.000000e+000  1.462780e+001 -5.382512e+001
      vertex -7.000000e+000  1.462780e+001 -3.210393e+001
    endloop
  endfacet
  facet normal -1.000000e+000  0.000000e+000  0.000000e+000
    outer loop
      vertex -7.000000e+000  1.498313e+001 -6.900000e+001
      vertex -7.000000e+000  1.462780e+001 -3.210393e+001
      vertex -7.000000e+000  1.462805e+001 -5.567243e+000
    endloop
  endfacet
  facet normal -1.000000e+000  0.000000e+000  0.000000e+000
    outer loop
      vertex -7.000000e+000  1.498313e+001 -6.900000e+001
      vertex -7.000000e+000  1.462805e+001 -5.567243e+000
      vertex -7.000000e+000  1.462805e+001  1.943276e+001
    endloop
  endfacet
  facet normal -1.000000e+000  0.000000e+000  -0.000000e+000
    outer loop
      vertex -7.000000e+000  1.659728e+001  6.132165e+001
      vertex -7.000000e+000  1.697448e+001  6.593118e+001
      vertex -7.000000e+000  1.975823e+001  6.810036e+001
    endloop
  endfacet
  facet normal -1.000000e+000  0.000000e+000  -0.000000e+000
    outer loop
      vertex -7.000000e+000  1.659728e+001  6.132165e+001
      vertex -7.000000e+000  1.975823e+001  6.810036e+001
      vertex -7.000000e+000  1.988185e+001  6.282930e+001
    endloop
  endfacet
  facet normal -1.000000e+000  0.000000e+000  0.000000e+000
    outer loop
      vertex -7.000000e+000  1.659728e+001  6.132165e+001
      vertex -7.000000e+000  1.988185e+001  6.282930e+001
      vertex -7.000000e+000  1.677274e+001  3.435231e+001
    endloop
  endfacet
  facet normal -1.000000e+000  0.000000e+000  0.000000e+000
    outer loop
      vertex -7.000000e+000  1.659728e+001  6.132165e+001
      vertex -7.000000e+000  1.677274e+001  3.435231e+001
      vertex -7.000000e+000  1.442780e+001  4.443276e+001
    endloop
  endfacet
  facet normal -1.000000e+000  0.000000e+000  0.000000e+000
    outer loop
      vertex -7.000000e+000  1.659728e+001  6.132165e+001
      vertex -7.000000e+000  1.442780e+001  4.443276e+001
      vertex -7.000000e+000  1.407479e+001  4.539940e+001
    endloop
  endfacet
  facet normal -1.000000e+000  0.000000e+000  0.000000e+000
    outer loop
      vertex -7.000000e+000  1.659728e+001  6.132165e+001
      vertex -7.000000e+000  1.407479e+001  4.539940e+001
      vertex -7.000000e+000  1.318193e+001  4.591107e+001
    endloop
  endfacet
  facet normal -1.000000e+000  0.000000e+000  0.000000e+000
    outer loop
      vertex -7.000000e+000  1.078280e+001  3.435231e+001
      vertex -7.000000e+000  1.062023e+001  3.435231e+001
      vertex -7.000000e+000  1.253355e+001  4.298549e+001
    endloop
  endfacet
  facet normal -1.000000e+000  0.000000e+000  -0.000000e+000
    outer loop
      vertex -7.000000e+000  1.078280e+001  3.435231e+001
      vertex -7.000000e+000  1.253355e+001  4.298549e+001
      vertex -7.000000e+000  1.292805e+001  2.113276e+001
    endloop
  endfacet
  facet normal -1.000000e+000  -0.000000e+000  0.000000e+000
    outer loop
      vertex -7.000000e+000  1.078280e+001  3.435231e+001
      vertex -7.000000e+000  1.292805e+001  2.113276e+001
      vertex -7.000000e+000  1.172597e+001  2.063484e+001
    endloop
  endfacet
  facet normal -1.000000e+000  -0.000000e+000  0.000000e+000
    outer loop
      vertex -7.000000e+000  1.078280e+001  3.435231e+001
      vertex -7.000000e+000  1.172597e+001  2.063484e+001
      vertex -7.000000e+000  1.122805e+001  1.943276e+001
    endloop
  endfacet
  facet normal -1.000000e+000  -0.000000e+000  0.000000e+000
    outer loop
      vertex -7.000000e+000  1.078280e+001  3.435231e+001
      vertex -7.000000e+000  1.122805e+001  1.943276e+001
      vertex -7.000000e+000  1.078280e+001 -6.900000e+001
    endloop
  endfacet
  facet normal -1.000000e+000  0.000000e+000  0.000000e+000
    outer loop
      vertex -7.000000e+000  1.122780e+001 -3.210393e+001
      vertex -7.000000e+000  1.078280e+001 -6.900000e+001
      vertex -7.000000e+000  1.122805e+001 -5.567243e+000
    endloop
  endfacet
  facet normal -1.000000e+000  0.000000e+000  -0.000000e+000
    outer loop
      vertex -7.000000e+000  1.122780e+001 -3.210393e+001
      vertex -7.000000e+000  1.122805e+001 -5.567243e+000
      vertex -7.000000e+000  1.172597e+001 -6.769324e+000
    endloop
  endfacet
  facet normal -9.999999e-001  0.000000e+000  -0.000000e+000
    outer loop
      vertex -7.000000e+000  1.122780e+001 -3.210393e+001
      vertex -7.000000e+000  1.172597e+001 -6.769324e+000
      vertex -7.000000e+000  1.292805e+001 -7.267242e+000
    endloop
  endfacet
  facet normal -1.000000e+000  0.000000e+000  0.000000e+000
    outer loop
      vertex -7.000000e+000  1.122780e+001 -3.210393e+001
      vertex -7.000000e+000  1.292805e+001 -7.267242e+000
      vertex -7.000000e+000  1.172572e+001 -3.090185e+001
    endloop
  endfacet
  facet normal -1.000000e+000  0.000000e+000  0.000000e+000
    outer loop
      vertex -7.000000e+000  1.122805e+001 -5.567243e+000
      vertex -7.000000e+000  1.078280e+001 -6.900000e+001
      vertex -7.000000e+000  1.122805e+001  1.943276e+001
    endloop
  endfacet
  facet normal -1.000000e+000  0.000000e+000  0.000000e+000
    outer loop
      vertex -7.000000e+000  1.122805e+001 -5.567243e+000
      vertex -7.000000e+000  1.122805e+001  1.943276e+001
      vertex -7.000000e+000  1.172597e+001  1.823068e+001
    endloop
  endfacet
  facet normal -1.000000e+000  0.000000e+000  -0.000000e+000
    outer loop
      vertex -7.000000e+000  1.122805e+001 -5.567243e+000
      vertex -7.000000e+000  1.172597e+001  1.823068e+001
      vertex -7.000000e+000  1.292805e+001  1.773276e+001
    endloop
  endfacet
  facet normal -1.000000e+000  0.000000e+000  0.000000e+000
    outer loop
      vertex -7.000000e+000  1.122805e+001 -5.567243e+000
      vertex -7.000000e+000  1.292805e+001  1.773276e+001
      vertex -7.000000e+000  1.172597e+001 -4.365161e+000
    endloop
  endfacet
  facet normal -1.000000e+000  0.000000e+000  0.000000e+000
    outer loop
      vertex -7.000000e+000  1.462780e+001 -5.382512e+001
      vertex -7.000000e+000  1.412988e+001 -5.262304e+001
      vertex -7.000000e+000  1.292780e+001 -3.380393e+001
    endloop
  endfacet
  facet normal -1.000000e+000  0.000000e+000  0.000000e+000
    outer loop
      vertex -7.000000e+000  1.462780e+001 -5.382512e+001
      vertex -7.000000e+000  1.292780e+001 -3.380393e+001
      vertex -7.000000e+000  1.412988e+001 -3.330601e+001
    endloop
  endfacet
  facet normal -1.000000e+000  0.000000e+000  0.000000e+000
    outer loop
      vertex -7.000000e+000  1.462780e+001 -5.382512e+001
      vertex -7.000000e+000  1.412988e+001 -3.330601e+001
      vertex -7.000000e+000  1.462780e+001 -3.210393e+001
    endloop
  endfacet
  facet normal -1.000000e+000  0.000000e+000  0.000000e+000
    outer loop
      vertex -7.000000e+000  1.462780e+001 -3.210393e+001
      vertex -7.000000e+000  1.412988e+001 -3.090185e+001
      vertex -7.000000e+000  1.292805e+001 -7.267242e+000
    endloop
  endfacet
  facet normal -1.000000e+000  0.000000e+000  0.000000e+000
    outer loop
      vertex -7.000000e+000  1.462780e+001 -3.210393e+001
      vertex -7.000000e+000  1.292805e+001 -7.267242e+000
      vertex -7.000000e+000  1.413013e+001 -6.769324e+000
    endloop
  endfacet
  facet normal -9.999999e-001  0.000000e+000  0.000000e+000
    outer loop
      vertex -7.000000e+000  1.462780e+001 -3.210393e+001
      vertex -7.000000e+000  1.413013e+001 -6.769324e+000
      vertex -7.000000e+000  1.462805e+001 -5.567243e+000
    endloop
  endfacet
  facet normal -9.999999e-001  0.000000e+000  0.000000e+000
    outer loop
      vertex -7.000000e+000  1.462805e+001 -5.567243e+000
      vertex -7.000000e+000  1.413013e+001 -4.365161e+000
      vertex -7.000000e+000  1.292805e+001  1.773276e+001
    endloop
  endfacet
  facet normal -1.000000e+000  0.000000e+000  0.000000e+000
    outer loop
      vertex -7.000000e+000  1.462805e+001 -5.567243e+000
      vertex -7.000000e+000  1.292805e+001  1.773276e+001
      vertex -7.000000e+000  1.413013e+001  1.823068e+001
    endloop
  endfacet
  facet normal -1.000000e+000  0.000000e+000  0.000000e+000
    outer loop
      vertex -7.000000e+000  1.462805e+001 -5.567243e+000
      vertex -7.000000e+000  1.413013e+001  1.823068e+001
      vertex -7.000000e+000  1.462805e+001  1.943276e+001
    endloop
  endfacet
  facet normal -1.000000e+000  0.000000e+000  0.000000e+000
    outer loop
      vertex -7.000000e+000  1.498313e+001  3.338662e+001
      vertex -7.000000e+000  1.498313e+001 -6.900000e+001
      vertex -7.000000e+000  1.462805e+001  1.943276e+001
    endloop
  endfacet
  facet normal -1.000000e+000  0.000000e+000  0.000000e+000
    outer loop
      vertex -7.000000e+000  1.498313e+001  3.338662e+001
      vertex -7.000000e+000  1.462805e+001  1.943276e+001
      vertex -7.000000e+000  1.413013e+001  2.063484e+001
    endloop
  endfacet
  facet normal -1.000000e+000  0.000000e+000  0.000000e+000
    outer loop
      vertex -7.000000e+000  1.498313e+001  3.338662e+001
      vertex -7.000000e+000  1.413013e+001  2.063484e+001
      vertex -7.000000e+000  1.292805e+001  2.113276e+001
    endloop
  endfacet
  facet normal -1.000000e+000  0.000000e+000  0.000000e+000
    outer loop
      vertex -7.000000e+000  1.498313e+001  3.338662e+001
      vertex -7.000000e+000  1.292805e+001  2.113276e+001
      vertex -7.000000e+000  1.253355e+001  4.298549e+001
    endloop
  endfacet
  facet normal -1.000000e+000  0.000000e+000  0.000000e+000
    outer loop
      vertex -7.000000e+000  1.498313e+001  3.338662e+001
      vertex -7.000000e+000  1.253355e+001  4.298549e+001
      vertex -7.000000e+000  1.343692e+001  4.302180e+001
    endloop
  endfacet
  facet normal -9.999999e-001  0.000000e+000  0.000000e+000
    outer loop
      vertex -7.000000e+000  1.498313e+001  3.338662e+001
      vertex -7.000000e+000  1.343692e+001  4.302180e+001
      vertex -7.000000e+000  1.601530e+001  3.435231e+001
    endloop
  endfacet
  facet normal -1.000000e+000  0.000000e+000  0.000000e+000
    outer loop
      vertex -7.000000e+000  1.677274e+001  3.435231e+001
      vertex -7.000000e+000  1.601530e+001  3.435231e+001
      vertex -7.000000e+000  1.343692e+001  4.302180e+001
    endloop
  endfacet
  facet normal -1.000000e+000  0.000000e+000  0.000000e+000
    outer loop
      vertex -7.000000e+000  1.677274e+001  3.435231e+001
      vertex -7.000000e+000  1.343692e+001  4.302180e+001
      vertex -7.000000e+000  1.415533e+001  4.357069e+001
    endloop
  endfacet
  facet normal -1.000000e+000  0.000000e+000  0.000000e+000
    outer loop
      vertex -7.000000e+000  1.677274e+001  3.435231e+001
      vertex -7.000000e+000  1.415533e+001  4.357069e+001
      vertex -7.000000e+000  1.442780e+001  4.443276e+001
    endloop
  endfacet
  facet normal -9.999999e-001  0.000000e+000  0.000000e+000
    outer loop
      vertex -7.000000e+000  7.000000e+000  8.049194e+001
      vertex -7.000000e+000  7.000000e+000  8.373499e+001
      vertex -7.000000e+000  1.091643e+001  7.803194e+001
    endloop
  endfacet
  facet normal -1.000000e+000  0.000000e+000  0.000000e+000
    outer loop
      vertex -7.000000e+000  1.091643e+001  7.803194e+001
      vertex -7.000000e+000  7.000000e+000  8.373499e+001
      vertex -7.000000e+000  1.165268e+001  8.125469e+001
    endloop
  endfacet
  facet normal -9.999999e-001  0.000000e+000  -0.000000e+000
    outer loop
      vertex -7.000000e+000  1.091643e+001  7.803194e+001
      vertex -7.000000e+000  1.165268e+001  8.125469e+001
      vertex -7.000000e+000  1.402490e+001  7.460740e+001
    endloop
  endfacet
  facet normal -1.000000e+000  0.000000e+000  0.000000e+000
    outer loop
      vertex -7.000000e+000  1.402490e+001  7.460740e+001
      vertex -7.000000e+000  1.165268e+001  8.125469e+001
      vertex -7.000000e+000  1.549552e+001  7.764471e+001
    endloop
  endfacet
  facet normal -1.000000e+000  0.000000e+000  -0.000000e+000
    outer loop
      vertex -7.000000e+000  1.402490e+001  7.460740e+001
      vertex -7.000000e+000  1.549552e+001  7.764471e+001
      vertex -7.000000e+000  1.826145e+001  7.315595e+001
    endloop
  endfacet
  facet normal -1.000000e+000  0.000000e+000  -0.000000e+000
    outer loop
      vertex -7.000000e+000  1.078280e+001 -6.900000e+001
      vertex -7.000000e+000  1.122780e+001 -3.210393e+001
      vertex -7.000000e+000  1.122780e+001 -5.382512e+001
    endloop
  endfacet
  facet normal -1.000000e+000  0.000000e+000  0.000000e+000
    outer loop
      vertex -7.000000e+000  1.122780e+001 -5.382512e+001
      vertex -7.000000e+000  1.122780e+001 -3.210393e+001
      vertex -7.000000e+000  1.172572e+001 -3.330601e+001
    endloop
  endfacet
  facet normal -1.000000e+000  0.000000e+000  -0.000000e+000
    outer loop
      vertex -7.000000e+000  1.122780e+001 -5.382512e+001
      vertex -7.000000e+000  1.172572e+001 -3.330601e+001
      vertex -7.000000e+000  1.172572e+001 -5.262304e+001
    endloop
  endfacet
  facet normal -1.000000e+000  0.000000e+000  0.000000e+000
    outer loop
      vertex -7.000000e+000  1.172572e+001 -5.262304e+001
      vertex -7.000000e+000  1.172572e+001 -3.330601e+001
      vertex -7.000000e+000  1.292780e+001 -3.380393e+001
    endloop
  endfacet
  facet normal -1.000000e+000  0.000000e+000  -0.000000e+000
    outer loop
      vertex -7.000000e+000  1.172572e+001 -5.262304e+001
      vertex -7.000000e+000  1.292780e+001 -3.380393e+001
      vertex -7.000000e+000  1.292780e+001 -5.212512e+001
    endloop
  endfacet
  facet normal -1.000000e+000  -0.000000e+000  0.000000e+000
    outer loop
      vertex -7.000000e+000  1.402490e+001  7.460740e+001
      vertex -7.000000e+000  1.826145e+001  7.315595e+001
      vertex -7.000000e+000  1.609533e+001  7.047179e+001
    endloop
  endfacet
  facet normal -1.000000e+000  0.000000e+000  0.000000e+000
    outer loop
      vertex -7.000000e+000  1.609533e+001  7.047179e+001
      vertex -7.000000e+000  1.826145e+001  7.315595e+001
      vertex -7.000000e+000  1.975823e+001  6.810036e+001
    endloop
  endfacet
  facet normal -1.000000e+000  -0.000000e+000  0.000000e+000
    outer loop
      vertex -7.000000e+000  1.609533e+001  7.047179e+001
      vertex -7.000000e+000  1.975823e+001  6.810036e+001
      vertex -7.000000e+000  1.697448e+001  6.593118e+001
    endloop
  endfacet
  facet normal -2.476912e-001  9.688390e-001  0.000000e+000
    outer loop
      vertex  0.000000e+000  1.677274e+001 -7.200000e+001
      vertex -7.000000e+000  1.498313e+001 -6.900000e+001
      vertex  3.552714e-015  1.677274e+001 -2.171524e+001
    endloop
  endfacet
  facet normal -2.476912e-001  9.688390e-001  0.000000e+000
    outer loop
      vertex  3.552714e-015  1.677274e+001 -2.171524e+001
      vertex -7.000000e+000  1.498313e+001 -6.900000e+001
      vertex -7.000000e+000  1.498313e+001  3.338662e+001
    endloop
  endfacet
  facet normal -2.476912e-001  9.688390e-001  0.000000e+000
    outer loop
      vertex  3.552714e-015  1.677274e+001 -2.171524e+001
      vertex -7.000000e+000  1.498313e+001  3.338662e+001
      vertex  3.552714e-015  1.677274e+001  3.338662e+001
    endloop
  endfacet
  facet normal -2.476912e-001  9.688390e-001  1.715908e-006
    outer loop
      vertex -4.000000e+000  1.575010e+001 -7.200000e+001
      vertex -5.755596e+000  1.530127e+001 -7.143267e+001
      vertex  0.000000e+000  1.677274e+001 -7.200000e+001
    endloop
  endfacet
  facet normal -2.476913e-001  9.688390e-001 -1.338205e-007
    outer loop
      vertex  0.000000e+000  1.677274e+001 -7.200000e+001
      vertex -5.755596e+000  1.530127e+001 -7.143267e+001
      vertex -6.670678e+000  1.506732e+001 -7.036655e+001
    endloop
  endfacet
  facet normal -2.476914e-001  9.688390e-001 -4.548802e-007
    outer loop
      vertex  0.000000e+000  1.677274e+001 -7.200000e+001
      vertex -6.670678e+000  1.506732e+001 -7.036655e+001
      vertex -7.000000e+000  1.498313e+001 -6.900000e+001
    endloop
  endfacet
  facet normal -3.074977e-001  0.000000e+000 -9.515489e-001
    outer loop
      vertex -4.000000e+000  1.575010e+001 -7.200000e+001
      vertex -4.000000e+000  1.078280e+001 -7.200000e+001
      vertex -5.755596e+000  1.530127e+001 -7.143267e+001
    endloop
  endfacet
  facet normal -2.587637e-001  2.071407e-002 -9.657185e-001
    outer loop
      vertex -5.755596e+000  1.530127e+001 -7.143267e+001
      vertex -4.000000e+000  1.078280e+001 -7.200000e+001
      vertex -5.500000e+000  1.078280e+001 -7.159808e+001
    endloop
  endfacet
  facet normal -7.566246e-001 -1.887470e-002 -6.535770e-001
    outer loop
      vertex -5.755596e+000  1.530127e+001 -7.143267e+001
      vertex -5.500000e+000  1.078280e+001 -7.159808e+001
      vertex -6.670678e+000  1.506732e+001 -7.036655e+001
    endloop
  endfacet
  facet normal -7.070709e-001  1.004110e-002 -7.070712e-001
    outer loop
      vertex -6.670678e+000  1.506732e+001 -7.036655e+001
      vertex -5.500000e+000  1.078280e+001 -7.159808e+001
      vertex -6.598076e+000  1.078280e+001 -7.050000e+001
    endloop
  endfacet
  facet normal -9.719996e-001 -9.157341e-003 -2.348038e-001
    outer loop
      vertex -6.670678e+000  1.506732e+001 -7.036655e+001
      vertex -6.598076e+000  1.078280e+001 -7.050000e+001
      vertex -7.000000e+000  1.498313e+001 -6.900000e+001
    endloop
  endfacet
  facet normal -9.659258e-001  -0.000000e+000 -2.588190e-001
    outer loop
      vertex -7.000000e+000  1.498313e+001 -6.900000e+001
      vertex -6.598076e+000  1.078280e+001 -7.050000e+001
      vertex -7.000000e+000  1.078280e+001 -6.900000e+001
    endloop
  endfacet
  facet normal -9.999999e-001  0.000000e+000  0.000000e+000
    outer loop
      vertex  0.000000e+000  1.000000e+001 -3.200000e+001
      vertex  0.000000e+000  1.078280e+001 -7.200000e+001
      vertex  0.000000e+000  1.000000e+001 -7.200000e+001
    endloop
  endfacet
  facet normal -1.000000e+000  0.000000e+000  -0.000000e+000
    outer loop
      vertex  0.000000e+000  5.000000e+000 -7.820000e+001
      vertex  0.000000e+000  6.555635e+000 -7.755563e+001
      vertex  0.000000e+000  1.605347e+001 -7.831567e+001
    endloop
  endfacet
  facet normal -1.000000e+000  0.000000e+000  0.000000e+000
    outer loop
      vertex  0.000000e+000  1.677274e+001 -7.563135e+001
      vertex  0.000000e+000  1.605347e+001 -7.831567e+001
      vertex  0.000000e+000  6.555635e+000 -7.755563e+001
    endloop
  endfacet
  facet normal -1.000000e+000  0.000000e+000  0.000000e+000
    outer loop
      vertex  0.000000e+000  1.677274e+001 -7.563135e+001
      vertex  0.000000e+000  6.555635e+000 -7.755563e+001
      vertex  0.000000e+000  7.200000e+000 -7.600000e+001
    endloop
  endfacet
  facet normal -1.000000e+000  0.000000e+000  0.000000e+000
    outer loop
      vertex  0.000000e+000  1.677274e+001 -7.563135e+001
      vertex  0.000000e+000  7.200000e+000 -7.600000e+001
      vertex  0.000000e+000  6.555635e+000 -7.444437e+001
    endloop
  endfacet
  facet normal -1.000000e+000  0.000000e+000  0.000000e+000
    outer loop
      vertex  0.000000e+000  1.677274e+001 -7.563135e+001
      vertex  0.000000e+000  6.555635e+000 -7.444437e+001
      vertex  0.000000e+000  5.000000e+000 -7.380000e+001
    endloop
  endfacet
  facet normal -1.000000e+000  0.000000e+000  0.000000e+000
    outer loop
      vertex  0.000000e+000  1.677274e+001 -7.563135e+001
      vertex  0.000000e+000  5.000000e+000 -7.380000e+001
      vertex  0.000000e+000  1.000000e+001 -7.200000e+001
    endloop
  endfacet
  facet normal -1.000000e+000  0.000000e+000  0.000000e+000
    outer loop
      vertex  0.000000e+000  1.677274e+001 -7.563135e+001
      vertex  0.000000e+000  1.000000e+001 -7.200000e+001
      vertex  0.000000e+000  1.078280e+001 -7.200000e+001
    endloop
  endfacet
  facet normal -1.000000e+000  0.000000e+000  0.000000e+000
    outer loop
      vertex  0.000000e+000  1.677274e+001 -7.563135e+001
      vertex  0.000000e+000  1.078280e+001 -7.200000e+001
      vertex  0.000000e+000  1.677274e+001 -7.200000e+001
    endloop
  endfacet
  facet normal -9.999999e-001  0.000000e+000  -0.000000e+000
    outer loop
      vertex  0.000000e+000 -1.078280e+001 -7.200000e+001
      vertex  0.000000e+000 -1.000000e+001 -3.200000e+001
      vertex  0.000000e+000 -1.000000e+001 -7.200000e+001
    endloop
  endfacet
  facet normal -1.000000e+000  -0.000000e+000  0.000000e+000
    outer loop
      vertex  0.000000e+000 -1.078280e+001 -7.200000e+001
      vertex  0.000000e+000 -1.000000e+001 -7.200000e+001
      vertex  0.000000e+000 -1.677274e+001 -7.563135e+001
    endloop
  endfacet
  facet normal -1.000000e+000  0.000000e+000  0.000000e+000
    outer loop
      vertex  0.000000e+000 -1.078280e+001 -7.200000e+001
      vertex  0.000000e+000 -1.677274e+001 -7.563135e+001
      vertex  0.000000e+000 -1.677274e+001 -7.200000e+001
    endloop
  endfacet
  facet normal -1.000000e+000  -0.000000e+000  -0.000000e+000
    outer loop
      vertex  0.000000e+000 -1.078280e+001 -2.105065e+001
      vertex  0.000000e+000  1.078280e+001 -2.105065e+001
      vertex  0.000000e+000  1.078280e+001 -2.171524e+001
    endloop
  endfacet
  facet normal -1.000000e+000  -0.000000e+000  0.000000e+000
    outer loop
      vertex  0.000000e+000 -1.078280e+001 -2.105065e+001
      vertex  0.000000e+000  1.078280e+001 -2.171524e+001
      vertex  0.000000e+000  5.000000e+000 -2.530000e+001
    endloop
  endfacet
  facet normal -1.000000e+000  0.000000e+000  0.000000e+000
    outer loop
      vertex  0.000000e+000 -1.078280e+001 -2.105065e+001
      vertex  0.000000e+000  5.000000e+000 -2.530000e+001
      vertex  0.000000e+000 -5.000000e+000 -2.530000e+001
    endloop
  endfacet
  facet normal -1.000000e+000  0.000000e+000  0.000000e+000
    outer loop
      vertex  0.000000e+000 -1.078280e+001 -2.105065e+001
      vertex  0.000000e+000 -5.000000e+000 -2.530000e+001
      vertex  0.000000e+000 -1.078280e+001 -2.171524e+001
    endloop
  endfacet
  facet normal -1.000000e+000  0.000000e+000  -0.000000e+000
    outer loop
      vertex  0.000000e+000 -1.677274e+001 -7.563135e+001
      vertex  0.000000e+000 -1.000000e+001 -7.200000e+001
      vertex  0.000000e+000 -5.000000e+000 -7.380000e+001
    endloop
  endfacet
  facet normal -1.000000e+000  0.000000e+000  0.000000e+000
    outer loop
      vertex  0.000000e+000 -1.677274e+001 -7.563135e+001
      vertex  0.000000e+000 -5.000000e+000 -7.380000e+001
      vertex  0.000000e+000 -6.555635e+000 -7.444437e+001
    endloop
  endfacet
  facet normal -1.000000e+000  0.000000e+000  0.000000e+000
    outer loop
      vertex  0.000000e+000 -1.677274e+001 -7.563135e+001
      vertex  0.000000e+000 -6.555635e+000 -7.444437e+001
      vertex  0.000000e+000 -7.200000e+000 -7.600000e+001
    endloop
  endfacet
  facet normal -1.000000e+000  0.000000e+000  0.000000e+000
    outer loop
      vertex  0.000000e+000 -1.000000e+001 -3.200000e+001
      vertex  0.000000e+000 -6.555635e+000 -2.594436e+001
      vertex  0.000000e+000 -7.200000e+000 -2.750000e+001
    endloop
  endfacet
  facet normal -1.000000e+000  0.000000e+000  -0.000000e+000
    outer loop
      vertex  0.000000e+000 -1.000000e+001 -3.200000e+001
      vertex  0.000000e+000 -7.200000e+000 -2.750000e+001
      vertex  0.000000e+000 -6.555635e+000 -2.905564e+001
    endloop
  endfacet
  facet normal -1.000000e+000  0.000000e+000  -0.000000e+000
    outer loop
      vertex  0.000000e+000 -1.000000e+001 -3.200000e+001
      vertex  0.000000e+000 -6.555635e+000 -2.905564e+001
      vertex  0.000000e+000 -5.000000e+000 -2.970000e+001
    endloop
  endfacet
  facet normal -1.000000e+000  0.000000e+000  -0.000000e+000
    outer loop
      vertex  0.000000e+000 -1.000000e+001 -3.200000e+001
      vertex  0.000000e+000 -5.000000e+000 -2.970000e+001
      vertex  0.000000e+000  5.000000e+000 -2.970000e+001
    endloop
  endfacet
  facet normal -1.000000e+000  0.000000e+000  -0.000000e+000
    outer loop
      vertex  0.000000e+000 -1.000000e+001 -3.200000e+001
      vertex  0.000000e+000  5.000000e+000 -2.970000e+001
      vertex  0.000000e+000  1.000000e+001 -3.200000e+001
    endloop
  endfacet
  facet normal -1.000000e+000  -0.000000e+000  0.000000e+000
    outer loop
      vertex  0.000000e+000 -1.078280e+001 -2.171524e+001
      vertex  0.000000e+000 -5.000000e+000 -2.530000e+001
      vertex  0.000000e+000 -6.555635e+000 -2.594436e+001
    endloop
  endfacet
  facet normal -1.000000e+000  -0.000000e+000  0.000000e+000
    outer loop
      vertex  0.000000e+000 -1.078280e+001 -2.171524e+001
      vertex  0.000000e+000 -6.555635e+000 -2.594436e+001
      vertex  0.000000e+000 -1.000000e+001 -3.200000e+001
    endloop
  endfacet
  facet normal -1.000000e+000  -0.000000e+000  0.000000e+000
    outer loop
      vertex  0.000000e+000 -1.078280e+001 -2.171524e+001
      vertex  0.000000e+000 -1.000000e+001 -3.200000e+001
      vertex  0.000000e+000 -1.078280e+001 -7.200000e+001
    endloop
  endfacet
  facet normal -1.000000e+000  0.000000e+000  0.000000e+000
    outer loop
      vertex  0.000000e+000 -1.605347e+001 -7.831567e+001
      vertex  0.000000e+000 -1.677274e+001 -7.563135e+001
      vertex  0.000000e+000 -7.200000e+000 -7.600000e+001
    endloop
  endfacet
  facet normal -1.000000e+000  0.000000e+000  -0.000000e+000
    outer loop
      vertex  0.000000e+000 -1.605347e+001 -7.831567e+001
      vertex  0.000000e+000 -7.200000e+000 -7.600000e+001
      vertex  0.000000e+000 -6.555635e+000 -7.755563e+001
    endloop
  endfacet
  facet normal -1.000000e+000  0.000000e+000  -0.000000e+000
    outer loop
      vertex  0.000000e+000 -1.605347e+001 -7.831567e+001
      vertex  0.000000e+000 -6.555635e+000 -7.755563e+001
      vertex  0.000000e+000 -5.000000e+000 -7.820000e+001
    endloop
  endfacet
  facet normal -1.000000e+000  0.000000e+000  0.000000e+000
    outer loop
      vertex  0.000000e+000  1.000000e+001 -3.200000e+001
      vertex  0.000000e+000  5.000000e+000 -2.970000e+001
      vertex  0.000000e+000  6.555635e+000 -2.905564e+001
    endloop
  endfacet
  facet normal -1.000000e+000  0.000000e+000  0.000000e+000
    outer loop
      vertex  0.000000e+000  1.000000e+001 -3.200000e+001
      vertex  0.000000e+000  6.555635e+000 -2.905564e+001
      vertex  0.000000e+000  7.200000e+000 -2.750000e+001
    endloop
  endfacet
  facet normal -1.000000e+000  0.000000e+000  0.000000e+000
    outer loop
      vertex  0.000000e+000  1.000000e+001 -3.200000e+001
      vertex  0.000000e+000  7.200000e+000 -2.750000e+001
      vertex  0.000000e+000  6.555635e+000 -2.594436e+001
    endloop
  endfacet
  facet normal -1.000000e+000  0.000000e+000  0.000000e+000
    outer loop
      vertex  0.000000e+000  1.078280e+001 -2.171524e+001
      vertex  0.000000e+000  1.078280e+001 -7.200000e+001
      vertex  0.000000e+000  1.000000e+001 -3.200000e+001
    endloop
  endfacet
  facet normal -1.000000e+000  0.000000e+000  0.000000e+000
    outer loop
      vertex  0.000000e+000  1.078280e+001 -2.171524e+001
      vertex  0.000000e+000  1.000000e+001 -3.200000e+001
      vertex  0.000000e+000  6.555635e+000 -2.594436e+001
    endloop
  endfacet
  facet normal -1.000000e+000  0.000000e+000  0.000000e+000
    outer loop
      vertex  0.000000e+000  1.078280e+001 -2.171524e+001
      vertex  0.000000e+000  6.555635e+000 -2.594436e+001
      vertex  0.000000e+000  5.000000e+000 -2.530000e+001
    endloop
  endfacet
  facet normal -1.000000e+000  0.000000e+000  0.000000e+000
    outer loop
      vertex  0.000000e+000  1.140409e+001 -8.100000e+001
      vertex  0.000000e+000  1.605347e+001 -7.831567e+001
      vertex  0.000000e+000  1.408841e+001 -8.028074e+001
    endloop
  endfacet
  facet normal -1.000000e+000  0.000000e+000  0.000000e+000
    outer loop
      vertex  0.000000e+000  1.605347e+001 -7.831567e+001
      vertex  0.000000e+000  1.140409e+001 -8.100000e+001
      vertex  0.000000e+000  5.000000e+000 -7.820000e+001
    endloop
  endfacet
  facet normal -1.000000e+000  0.000000e+000  -0.000000e+000
    outer loop
      vertex  0.000000e+000  5.000000e+000 -7.820000e+001
      vertex  0.000000e+000  1.140409e+001 -8.100000e+001
      vertex  0.000000e+000 -1.140409e+001 -8.100000e+001
    endloop
  endfacet
  facet normal -1.000000e+000  0.000000e+000  0.000000e+000
    outer loop
      vertex  0.000000e+000  5.000000e+000 -7.820000e+001
      vertex  0.000000e+000 -1.140409e+001 -8.100000e+001
      vertex  0.000000e+000 -5.000000e+000 -7.820000e+001
    endloop
  endfacet
  facet normal -1.000000e+000  0.000000e+000  0.000000e+000
    outer loop
      vertex  0.000000e+000 -5.000000e+000 -7.820000e+001
      vertex  0.000000e+000 -1.140409e+001 -8.100000e+001
      vertex  0.000000e+000 -1.408841e+001 -8.028074e+001
    endloop
  endfacet
  facet normal -1.000000e+000  0.000000e+000  0.000000e+000
    outer loop
      vertex  0.000000e+000 -5.000000e+000 -7.820000e+001
      vertex  0.000000e+000 -1.408841e+001 -8.028074e+001
      vertex  0.000000e+000 -1.605347e+001 -7.831567e+001
    endloop
  endfacet
  facet normal -1.000000e+000  0.000000e+000  0.000000e+000
    outer loop
      vertex  0.000000e+000  3.444365e+000 -7.444437e+001
      vertex  0.000000e+000 -5.000000e+000 -7.380000e+001
      vertex  0.000000e+000  5.000000e+000 -7.380000e+001
    endloop
  endfacet
  facet normal -1.000000e+000  0.000000e+000  0.000000e+000
    outer loop
      vertex  0.000000e+000  5.000000e+000 -7.380000e+001
      vertex  0.000000e+000 -5.000000e+000 -7.380000e+001
      vertex  0.000000e+000 -1.000000e+001 -7.200000e+001
    endloop
  endfacet
  facet normal -1.000000e+000  0.000000e+000  0.000000e+000
    outer loop
      vertex  0.000000e+000  5.000000e+000 -7.380000e+001
      vertex  0.000000e+000 -1.000000e+001 -7.200000e+001
      vertex  0.000000e+000  1.000000e+001 -7.200000e+001
    endloop
  endfacet
  facet normal -1.000000e+000  0.000000e+000  0.000000e+000
    outer loop
      vertex  0.000000e+000 -5.000000e+000 -7.380000e+001
      vertex  0.000000e+000  3.444365e+000 -7.444437e+001
      vertex  0.000000e+000 -3.444365e+000 -7.444437e+001
    endloop
  endfacet
  facet normal -1.000000e+000  0.000000e+000  0.000000e+000
    outer loop
      vertex  0.000000e+000 -3.444365e+000 -7.444437e+001
      vertex  0.000000e+000  3.444365e+000 -7.444437e+001
      vertex  0.000000e+000  2.800000e+000 -7.600000e+001
    endloop
  endfacet
  facet normal -1.000000e+000  0.000000e+000  0.000000e+000
    outer loop
      vertex  0.000000e+000 -3.444365e+000 -7.444437e+001
      vertex  0.000000e+000  2.800000e+000 -7.600000e+001
      vertex  0.000000e+000 -2.800000e+000 -7.600000e+001
    endloop
  endfacet
  facet normal -1.000000e+000  0.000000e+000  0.000000e+000
    outer loop
      vertex  0.000000e+000 -2.800000e+000 -7.600000e+001
      vertex  0.000000e+000  2.800000e+000 -7.600000e+001
      vertex  0.000000e+000  3.444365e+000 -7.755563e+001
    endloop
  endfacet
  facet normal -1.000000e+000  0.000000e+000  0.000000e+000
    outer loop
      vertex  0.000000e+000 -2.800000e+000 -7.600000e+001
      vertex  0.000000e+000  3.444365e+000 -7.755563e+001
      vertex  0.000000e+000 -3.444365e+000 -7.755563e+001
    endloop
  endfacet
  facet normal -1.000000e+000  0.000000e+000  0.000000e+000
    outer loop
      vertex  0.000000e+000 -3.444365e+000 -7.755563e+001
      vertex  0.000000e+000  3.444365e+000 -7.755563e+001
      vertex  0.000000e+000  5.000000e+000 -7.820000e+001
    endloop
  endfacet
  facet normal -1.000000e+000  0.000000e+000  0.000000e+000
    outer loop
      vertex  0.000000e+000 -3.444365e+000 -7.755563e+001
      vertex  0.000000e+000  5.000000e+000 -7.820000e+001
      vertex  0.000000e+000 -5.000000e+000 -7.820000e+001
    endloop
  endfacet
  facet normal -1.000000e+000  0.000000e+000  0.000000e+000
    outer loop
      vertex  0.000000e+000  2.800000e+000 -2.750000e+001
      vertex  0.000000e+000 -3.444365e+000 -2.594436e+001
      vertex  0.000000e+000  3.444365e+000 -2.594436e+001
    endloop
  endfacet
  facet normal -1.000000e+000  0.000000e+000  0.000000e+000
    outer loop
      vertex  0.000000e+000  3.444365e+000 -2.594436e+001
      vertex  0.000000e+000 -3.444365e+000 -2.594436e+001
      vertex  0.000000e+000 -5.000000e+000 -2.530000e+001
    endloop
  endfacet
  facet normal -1.000000e+000  0.000000e+000  0.000000e+000
    outer loop
      vertex  0.000000e+000  3.444365e+000 -2.594436e+001
      vertex  0.000000e+000 -5.000000e+000 -2.530000e+001
      vertex  0.000000e+000  5.000000e+000 -2.530000e+001
    endloop
  endfacet
  facet normal -1.000000e+000  0.000000e+000  0.000000e+000
    outer loop
      vertex  0.000000e+000 -3.444365e+000 -2.594436e+001
      vertex  0.000000e+000  2.800000e+000 -2.750000e+001
      vertex  0.000000e+000 -2.800000e+000 -2.750000e+001
    endloop
  endfacet
  facet normal -1.000000e+000  0.000000e+000  0.000000e+000
    outer loop
      vertex  0.000000e+000 -2.800000e+000 -2.750000e+001
      vertex  0.000000e+000  2.800000e+000 -2.750000e+001
      vertex  0.000000e+000  3.444365e+000 -2.905564e+001
    endloop
  endfacet
  facet normal -1.000000e+000  0.000000e+000  0.000000e+000
    outer loop
      vertex  0.000000e+000 -2.800000e+000 -2.750000e+001
      vertex  0.000000e+000  3.444365e+000 -2.905564e+001
      vertex  0.000000e+000 -3.444365e+000 -2.905564e+001
    endloop
  endfacet
  facet normal -1.000000e+000  0.000000e+000  0.000000e+000
    outer loop
      vertex  0.000000e+000 -3.444365e+000 -2.905564e+001
      vertex  0.000000e+000  3.444365e+000 -2.905564e+001
      vertex  0.000000e+000  5.000000e+000 -2.970000e+001
    endloop
  endfacet
  facet normal -1.000000e+000  0.000000e+000  0.000000e+000
    outer loop
      vertex  0.000000e+000 -3.444365e+000 -2.905564e+001
      vertex  0.000000e+000  5.000000e+000 -2.970000e+001
      vertex  0.000000e+000 -5.000000e+000 -2.970000e+001
    endloop
  endfacet
  facet normal  0.000000e+000  9.659260e-001 -2.588184e-001
    outer loop
      vertex  0.000000e+000  1.677274e+001 -7.563135e+001
      vertex  6.000000e+000  1.677274e+001 -7.563135e+001
      vertex  0.000000e+000  1.605347e+001 -7.831567e+001
    endloop
  endfacet
  facet normal  0.000000e+000  9.659260e-001 -2.588184e-001
    outer loop
      vertex  0.000000e+000  1.605347e+001 -7.831567e+001
      vertex  6.000000e+000  1.677274e+001 -7.563135e+001
      vertex  6.000000e+000  1.605347e+001 -7.831567e+001
    endloop
  endfacet
  facet normal  0.000000e+000  7.071072e-001 -7.071062e-001
    outer loop
      vertex  0.000000e+000  1.605347e+001 -7.831567e+001
      vertex  6.000000e+000  1.605347e+001 -7.831567e+001
      vertex  0.000000e+000  1.408841e+001 -8.028074e+001
    endloop
  endfacet
  facet normal  0.000000e+000  7.071072e-001 -7.071062e-001
    outer loop
      vertex  0.000000e+000  1.408841e+001 -8.028074e+001
      vertex  6.000000e+000  1.605347e+001 -7.831567e+001
      vertex  6.000000e+000  1.408841e+001 -8.028074e+001
    endloop
  endfacet
  facet normal  0.000000e+000  2.588185e-001 -9.659261e-001
    outer loop
      vertex  0.000000e+000  1.408841e+001 -8.028074e+001
      vertex  6.000000e+000  1.408841e+001 -8.028074e+001
      vertex  0.000000e+000  1.140409e+001 -8.100000e+001
    endloop
  endfacet
  facet normal  0.000000e+000  2.588185e-001 -9.659261e-001
    outer loop
      vertex  0.000000e+000  1.140409e+001 -8.100000e+001
      vertex  6.000000e+000  1.408841e+001 -8.028074e+001
      vertex  6.000000e+000  1.140409e+001 -8.100000e+001
    endloop
  endfacet
  facet normal  -0.000000e+000 -2.588185e-001 -9.659261e-001
    outer loop
      vertex  0.000000e+000 -1.140409e+001 -8.100000e+001
      vertex  6.000000e+000 -1.140409e+001 -8.100000e+001
      vertex  0.000000e+000 -1.408841e+001 -8.028074e+001
    endloop
  endfacet
  facet normal  0.000000e+000 -2.588185e-001 -9.659261e-001
    outer loop
      vertex  0.000000e+000 -1.408841e+001 -8.028074e+001
      vertex  6.000000e+000 -1.140409e+001 -8.100000e+001
      vertex  6.000000e+000 -1.408841e+001 -8.028074e+001
    endloop
  endfacet
  facet normal  -0.000000e+000 -7.071072e-001 -7.071062e-001
    outer loop
      vertex  0.000000e+000 -1.408841e+001 -8.028074e+001
      vertex  6.000000e+000 -1.408841e+001 -8.028074e+001
      vertex  0.000000e+000 -1.605347e+001 -7.831567e+001
    endloop
  endfacet
  facet normal  0.000000e+000 -7.071072e-001 -7.071062e-001
    outer loop
      vertex  0.000000e+000 -1.605347e+001 -7.831567e+001
      vertex  6.000000e+000 -1.408841e+001 -8.028074e+001
      vertex  6.000000e+000 -1.605347e+001 -7.831567e+001
    endloop
  endfacet
  facet normal  -0.000000e+000 -9.659260e-001 -2.588184e-001
    outer loop
      vertex  0.000000e+000 -1.605347e+001 -7.831567e+001
      vertex  6.000000e+000 -1.605347e+001 -7.831567e+001
      vertex  0.000000e+000 -1.677274e+001 -7.563135e+001
    endloop
  endfacet
  facet normal  0.000000e+000 -9.659260e-001 -2.588184e-001
    outer loop
      vertex  0.000000e+000 -1.677274e+001 -7.563135e+001
      vertex  6.000000e+000 -1.605347e+001 -7.831567e+001
      vertex  6.000000e+000 -1.677274e+001 -7.563135e+001
    endloop
  endfacet
  facet normal  0.000000e+000  0.000000e+000 -1.000000e+000
    outer loop
      vertex  6.000000e+000 -1.140409e+001 -8.100000e+001
      vertex  0.000000e+000 -1.140409e+001 -8.100000e+001
      vertex  6.000000e+000  1.140409e+001 -8.100000e+001
    endloop
  endfacet
  facet normal  -0.000000e+000  0.000000e+000 -1.000000e+000
    outer loop
      vertex  6.000000e+000  1.140409e+001 -8.100000e+001
      vertex  0.000000e+000 -1.140409e+001 -8.100000e+001
      vertex  0.000000e+000  1.140409e+001 -8.100000e+001
    endloop
  endfacet
  facet normal  0.000000e+000 -1.000000e+000  0.000000e+000
    outer loop
      vertex -4.037282e+000 -1.677274e+001  3.435231e+001
      vertex  3.552714e-015 -1.677274e+001  3.338662e+001
      vertex  3.552714e-015 -1.677274e+001  3.435231e+001
    endloop
  endfacet
  facet normal  0.000000e+000 -9.999999e-001  0.000000e+000
    outer loop
      vertex  6.000000e+000 -1.677274e+001  3.435231e+001
      vertex  3.552714e-015 -1.677274e+001  3.435231e+001
      vertex  3.552714e-015 -1.677274e+001  3.338662e+001
    endloop
  endfacet
  facet normal  0.000000e+000 -1.000000e+000  0.000000e+000
    outer loop
      vertex  6.000000e+000 -1.677274e+001  3.435231e+001
      vertex  3.552714e-015 -1.677274e+001  3.338662e+001
      vertex  3.552714e-015 -1.677274e+001 -2.171524e+001
    endloop
  endfacet
  facet normal  0.000000e+000 -1.000000e+000  -0.000000e+000
    outer loop
      vertex  6.000000e+000 -1.677274e+001  3.435231e+001
      vertex  3.552714e-015 -1.677274e+001 -2.171524e+001
      vertex  0.000000e+000 -1.677274e+001 -7.200000e+001
    endloop
  endfacet
  facet normal  0.000000e+000 -1.000000e+000  0.000000e+000
    outer loop
      vertex  6.000000e+000 -1.677274e+001  3.435231e+001
      vertex  0.000000e+000 -1.677274e+001 -7.200000e+001
      vertex  0.000000e+000 -1.677274e+001 -7.563135e+001
    endloop
  endfacet
  facet normal  0.000000e+000 -1.000000e+000  0.000000e+000
    outer loop
      vertex  6.000000e+000 -1.677274e+001  3.435231e+001
      vertex  0.000000e+000 -1.677274e+001 -7.563135e+001
      vertex  6.000000e+000 -1.677274e+001 -7.563135e+001
    endloop
  endfacet
  facet normal  0.000000e+000  1.000000e+000  0.000000e+000
    outer loop
      vertex  0.000000e+000  1.677274e+001  3.435231e+001
      vertex  3.552714e-015  1.677274e+001  3.338662e+001
      vertex -4.037282e+000  1.677274e+001  3.435231e+001
    endloop
  endfacet
  facet normal  0.000000e+000  9.999999e-001  0.000000e+000
    outer loop
      vertex  0.000000e+000  1.677274e+001  3.435231e+001
      vertex  6.000000e+000  1.677274e+001  3.435231e+001
      vertex  3.552714e-015  1.677274e+001  3.338662e+001
    endloop
  endfacet
  facet normal  0.000000e+000  1.000000e+000  -0.000000e+000
    outer loop
      vertex  6.000000e+000  1.677274e+001  3.435231e+001
      vertex  6.000000e+000  1.677274e+001 -7.563135e+001
      vertex  0.000000e+000  1.677274e+001 -7.563135e+001
    endloop
  endfacet
  facet normal  0.000000e+000  1.000000e+000  0.000000e+000
    outer loop
      vertex  6.000000e+000  1.677274e+001  3.435231e+001
      vertex  0.000000e+000  1.677274e+001 -7.563135e+001
      vertex  0.000000e+000  1.677274e+001 -7.200000e+001
    endloop
  endfacet
  facet normal  0.000000e+000  1.000000e+000  0.000000e+000
    outer loop
      vertex  6.000000e+000  1.677274e+001  3.435231e+001
      vertex  0.000000e+000  1.677274e+001 -7.200000e+001
      vertex  3.552714e-015  1.677274e+001 -2.171524e+001
    endloop
  endfacet
  facet normal  0.000000e+000  1.000000e+000  0.000000e+000
    outer loop
      vertex  6.000000e+000  1.677274e+001  3.435231e+001
      vertex  3.552714e-015  1.677274e+001 -2.171524e+001
      vertex  3.552714e-015  1.677274e+001  3.338662e+001
    endloop
  endfacet
  facet normal  0.000000e+000  0.000000e+000  1.000000e+000
    outer loop
      vertex  0.000000e+000  1.000000e+001 -7.200000e+001
      vertex  0.000000e+000 -1.000000e+001 -7.200000e+001
      vertex  6.000000e+000  1.000000e+001 -7.200000e+001
    endloop
  endfacet
  facet normal  0.000000e+000  0.000000e+000  1.000000e+000
    outer loop
      vertex  6.000000e+000  1.000000e+001 -7.200000e+001
      vertex  0.000000e+000 -1.000000e+001 -7.200000e+001
      vertex  6.000000e+000 -1.000000e+001 -7.200000e+001
    endloop
  endfacet
  facet normal  0.000000e+000  1.000000e+000  0.000000e+000
    outer loop
      vertex  0.000000e+000 -1.000000e+001 -7.200000e+001
      vertex  0.000000e+000 -1.000000e+001 -3.200000e+001
      vertex  6.000000e+000 -1.000000e+001 -7.200000e+001
    endloop
  endfacet
  facet normal  0.000000e+000  1.000000e+000  -0.000000e+000
    outer loop
      vertex  6.000000e+000 -1.000000e+001 -7.200000e+001
      vertex  0.000000e+000 -1.000000e+001 -3.200000e+001
      vertex  6.000000e+000 -1.000000e+001 -3.200000e+001
    endloop
  endfacet
  facet normal  0.000000e+000 -1.000000e+000  0.000000e+000
    outer loop
      vertex  0.000000e+000  1.000000e+001 -3.200000e+001
      vertex  0.000000e+000  1.000000e+001 -7.200000e+001
      vertex  6.000000e+000  1.000000e+001 -3.200000e+001
    endloop
  endfacet
  facet normal  0.000000e+000 -1.000000e+000  -0.000000e+000
    outer loop
      vertex  6.000000e+000  1.000000e+001 -3.200000e+001
      vertex  0.000000e+000  1.000000e+001 -7.200000e+001
      vertex  6.000000e+000  1.000000e+001 -7.200000e+001
    endloop
  endfacet
  facet normal  0.000000e+000  3.826826e-001 -9.238799e-001
    outer loop
      vertex  0.000000e+000 -5.000000e+000 -7.380000e+001
      vertex  6.000000e+000 -6.555635e+000 -7.444437e+001
      vertex  0.000000e+000 -6.555635e+000 -7.444437e+001
    endloop
  endfacet
  facet normal  0.000000e+000  9.238794e-001 -3.826836e-001
    outer loop
      vertex  0.000000e+000 -6.555635e+000 -7.444437e+001
      vertex  6.000000e+000 -6.555635e+000 -7.444437e+001
      vertex  6.000000e+000 -7.200000e+000 -7.600000e+001
    endloop
  endfacet
  facet normal  0.000000e+000  9.238794e-001 -3.826836e-001
    outer loop
      vertex  0.000000e+000 -6.555635e+000 -7.444437e+001
      vertex  6.000000e+000 -7.200000e+000 -7.600000e+001
      vertex  0.000000e+000 -7.200000e+000 -7.600000e+001
    endloop
  endfacet
  facet normal  0.000000e+000  3.826826e-001 -9.238799e-001
    outer loop
      vertex  6.000000e+000 -6.555635e+000 -7.444437e+001
      vertex  0.000000e+000 -5.000000e+000 -7.380000e+001
      vertex  6.000000e+000 -5.000000e+000 -7.380000e+001
    endloop
  endfacet
  facet normal  -0.000000e+000 -3.826826e-001 -9.238799e-001
    outer loop
      vertex  6.000000e+000 -5.000000e+000 -7.380000e+001
      vertex  0.000000e+000 -5.000000e+000 -7.380000e+001
      vertex  0.000000e+000 -3.444365e+000 -7.444437e+001
    endloop
  endfacet
  facet normal  0.000000e+000 -3.826826e-001 -9.238799e-001
    outer loop
      vertex  6.000000e+000 -5.000000e+000 -7.380000e+001
      vertex  0.000000e+000 -3.444365e+000 -7.444437e+001
      vertex  6.000000e+000 -3.444365e+000 -7.444437e+001
    endloop
  endfacet
  facet normal  -0.000000e+000 -9.238794e-001 -3.826837e-001
    outer loop
      vertex  6.000000e+000 -3.444365e+000 -7.444437e+001
      vertex  0.000000e+000 -3.444365e+000 -7.444437e+001
      vertex  0.000000e+000 -2.800000e+000 -7.600000e+001
    endloop
  endfacet
  facet normal  0.000000e+000 -9.238794e-001 -3.826837e-001
    outer loop
      vertex  6.000000e+000 -3.444365e+000 -7.444437e+001
      vertex  0.000000e+000 -2.800000e+000 -7.600000e+001
      vertex  6.000000e+000 -2.800000e+000 -7.600000e+001
    endloop
  endfacet
  facet normal  0.000000e+000 -3.826826e-001  9.238799e-001
    outer loop
      vertex  0.000000e+000 -5.000000e+000 -7.820000e+001
      vertex  6.000000e+000 -3.444365e+000 -7.755563e+001
      vertex  0.000000e+000 -3.444365e+000 -7.755563e+001
    endloop
  endfacet
  facet normal  0.000000e+000 -9.238794e-001  3.826837e-001
    outer loop
      vertex  0.000000e+000 -3.444365e+000 -7.755563e+001
      vertex  6.000000e+000 -3.444365e+000 -7.755563e+001
      vertex  6.000000e+000 -2.800000e+000 -7.600000e+001
    endloop
  endfacet
  facet normal  0.000000e+000 -9.238794e-001  3.826837e-001
    outer loop
      vertex  0.000000e+000 -3.444365e+000 -7.755563e+001
      vertex  6.000000e+000 -2.800000e+000 -7.600000e+001
      vertex  0.000000e+000 -2.800000e+000 -7.600000e+001
    endloop
  endfacet
  facet normal  0.000000e+000 -3.826826e-001  9.238799e-001
    outer loop
      vertex  6.000000e+000 -3.444365e+000 -7.755563e+001
      vertex  0.000000e+000 -5.000000e+000 -7.820000e+001
      vertex  6.000000e+000 -5.000000e+000 -7.820000e+001
    endloop
  endfacet
  facet normal  0.000000e+000  3.826826e-001  9.238799e-001
    outer loop
      vertex  6.000000e+000 -5.000000e+000 -7.820000e+001
      vertex  0.000000e+000 -5.000000e+000 -7.820000e+001
      vertex  0.000000e+000 -6.555635e+000 -7.755563e+001
    endloop
  endfacet
  facet normal  -0.000000e+000  3.826826e-001  9.238799e-001
    outer loop
      vertex  6.000000e+000 -5.000000e+000 -7.820000e+001
      vertex  0.000000e+000 -6.555635e+000 -7.755563e+001
      vertex  6.000000e+000 -6.555635e+000 -7.755563e+001
    endloop
  endfacet
  facet normal  0.000000e+000  9.238794e-001  3.826836e-001
    outer loop
      vertex  6.000000e+000 -6.555635e+000 -7.755563e+001
      vertex  0.000000e+000 -6.555635e+000 -7.755563e+001
      vertex  0.000000e+000 -7.200000e+000 -7.600000e+001
    endloop
  endfacet
  facet normal  -0.000000e+000  9.238794e-001  3.826836e-001
    outer loop
      vertex  6.000000e+000 -6.555635e+000 -7.755563e+001
      vertex  0.000000e+000 -7.200000e+000 -7.600000e+001
      vertex  6.000000e+000 -7.200000e+000 -7.600000e+001
    endloop
  endfacet
  facet normal  0.000000e+000 -3.826826e-001  9.238799e-001
    outer loop
      vertex  0.000000e+000  5.000000e+000 -7.820000e+001
      vertex  6.000000e+000  6.555635e+000 -7.755563e+001
      vertex  0.000000e+000  6.555635e+000 -7.755563e+001
    endloop
  endfacet
  facet normal  0.000000e+000 -9.238794e-001  3.826836e-001
    outer loop
      vertex  0.000000e+000  6.555635e+000 -7.755563e+001
      vertex  6.000000e+000  6.555635e+000 -7.755563e+001
      vertex  6.000000e+000  7.200000e+000 -7.600000e+001
    endloop
  endfacet
  facet normal  0.000000e+000 -9.238794e-001  3.826836e-001
    outer loop
      vertex  0.000000e+000  6.555635e+000 -7.755563e+001
      vertex  6.000000e+000  7.200000e+000 -7.600000e+001
      vertex  0.000000e+000  7.200000e+000 -7.600000e+001
    endloop
  endfacet
  facet normal  0.000000e+000 -3.826826e-001  9.238799e-001
    outer loop
      vertex  6.000000e+000  6.555635e+000 -7.755563e+001
      vertex  0.000000e+000  5.000000e+000 -7.820000e+001
      vertex  6.000000e+000  5.000000e+000 -7.820000e+001
    endloop
  endfacet
  facet normal  0.000000e+000  3.826826e-001  9.238799e-001
    outer loop
      vertex  6.000000e+000  5.000000e+000 -7.820000e+001
      vertex  0.000000e+000  5.000000e+000 -7.820000e+001
      vertex  0.000000e+000  3.444365e+000 -7.755563e+001
    endloop
  endfacet
  facet normal  -0.000000e+000  3.826826e-001  9.238799e-001
    outer loop
      vertex  6.000000e+000  5.000000e+000 -7.820000e+001
      vertex  0.000000e+000  3.444365e+000 -7.755563e+001
      vertex  6.000000e+000  3.444365e+000 -7.755563e+001
    endloop
  endfacet
  facet normal  0.000000e+000  9.238794e-001  3.826837e-001
    outer loop
      vertex  6.000000e+000  3.444365e+000 -7.755563e+001
      vertex  0.000000e+000  3.444365e+000 -7.755563e+001
      vertex  0.000000e+000  2.800000e+000 -7.600000e+001
    endloop
  endfacet
  facet normal  -0.000000e+000  9.238794e-001  3.826837e-001
    outer loop
      vertex  6.000000e+000  3.444365e+000 -7.755563e+001
      vertex  0.000000e+000  2.800000e+000 -7.600000e+001
      vertex  6.000000e+000  2.800000e+000 -7.600000e+001
    endloop
  endfacet
  facet normal  0.000000e+000  3.826826e-001 -9.238799e-001
    outer loop
      vertex  0.000000e+000  5.000000e+000 -7.380000e+001
      vertex  6.000000e+000  3.444365e+000 -7.444437e+001
      vertex  0.000000e+000  3.444365e+000 -7.444437e+001
    endloop
  endfacet
  facet normal  0.000000e+000  9.238794e-001 -3.826837e-001
    outer loop
      vertex  0.000000e+000  3.444365e+000 -7.444437e+001
      vertex  6.000000e+000  3.444365e+000 -7.444437e+001
      vertex  6.000000e+000  2.800000e+000 -7.600000e+001
    endloop
  endfacet
  facet normal  0.000000e+000  9.238794e-001 -3.826837e-001
    outer loop
      vertex  0.000000e+000  3.444365e+000 -7.444437e+001
      vertex  6.000000e+000  2.800000e+000 -7.600000e+001
      vertex  0.000000e+000  2.800000e+000 -7.600000e+001
    endloop
  endfacet
  facet normal  0.000000e+000  3.826826e-001 -9.238799e-001
    outer loop
      vertex  6.000000e+000  3.444365e+000 -7.444437e+001
      vertex  0.000000e+000  5.000000e+000 -7.380000e+001
      vertex  6.000000e+000  5.000000e+000 -7.380000e+001
    endloop
  endfacet
  facet normal  -0.000000e+000 -3.826826e-001 -9.238799e-001
    outer loop
      vertex  6.000000e+000  5.000000e+000 -7.380000e+001
      vertex  0.000000e+000  5.000000e+000 -7.380000e+001
      vertex  0.000000e+000  6.555635e+000 -7.444437e+001
    endloop
  endfacet
  facet normal  0.000000e+000 -3.826826e-001 -9.238799e-001
    outer loop
      vertex  6.000000e+000  5.000000e+000 -7.380000e+001
      vertex  0.000000e+000  6.555635e+000 -7.444437e+001
      vertex  6.000000e+000  6.555635e+000 -7.444437e+001
    endloop
  endfacet
  facet normal  -0.000000e+000 -9.238794e-001 -3.826836e-001
    outer loop
      vertex  6.000000e+000  6.555635e+000 -7.444437e+001
      vertex  0.000000e+000  6.555635e+000 -7.444437e+001
      vertex  0.000000e+000  7.200000e+000 -7.600000e+001
    endloop
  endfacet
  facet normal  0.000000e+000 -9.238794e-001 -3.826836e-001
    outer loop
      vertex  6.000000e+000  6.555635e+000 -7.444437e+001
      vertex  0.000000e+000  7.200000e+000 -7.600000e+001
      vertex  6.000000e+000  7.200000e+000 -7.600000e+001
    endloop
  endfacet
  facet normal  1.000000e+000  -0.000000e+000  0.000000e+000
    outer loop
      vertex  2.800000e+000 -1.977609e-015  5.930000e+001
      vertex  2.800000e+000 -5.500000e+000  5.847372e+001
      vertex  2.800000e+000 -1.910130e+000  5.716711e+001
    endloop
  endfacet
  facet normal  1.000000e+000  0.000000e+000  0.000000e+000
    outer loop
      vertex  2.800000e+000 -1.081560e+000  7.132870e+001
      vertex  2.800000e+000  1.081560e+000  7.132870e+001
      vertex  2.800000e+000 -5.343192e-016  7.330000e+001
    endloop
  endfacet
  facet normal  1.000000e+000  -0.000000e+000  0.000000e+000
    outer loop
      vertex  2.800000e+000  1.700000e+000  6.100000e+001
      vertex  2.800000e+000  1.202082e+000  5.979792e+001
      vertex  2.800000e+000  5.500000e+000  5.847372e+001
    endloop
  endfacet
  facet normal  1.000000e+000  -0.000000e+000  0.000000e+000
    outer loop
      vertex  2.800000e+000  5.500000e+000  7.752628e+001
      vertex  2.800000e+000  4.371584e-016  7.670000e+001
      vertex  2.800000e+000  1.202082e+000  7.620208e+001
    endloop
  endfacet
  facet normal  9.999999e-001  0.000000e+000  0.000000e+000
    outer loop
      vertex  2.800000e+000 -5.500000e+000  5.847372e+001
      vertex  2.800000e+000 -1.977609e-015  5.930000e+001
      vertex  2.800000e+000 -1.202082e+000  5.979792e+001
    endloop
  endfacet
  facet normal  1.000000e+000  0.000000e+000  0.000000e+000
    outer loop
      vertex  2.800000e+000  4.371584e-016  7.670000e+001
      vertex  2.800000e+000  5.500000e+000  7.752628e+001
      vertex  2.800000e+000  1.910130e+000  7.883289e+001
    endloop
  endfacet
  facet normal  1.000000e+000  0.000000e+000  -0.000000e+000
    outer loop
      vertex  2.800000e+000 -1.700000e+000  6.100000e+001
      vertex  2.800000e+000 -1.202082e+000  6.220208e+001
      vertex  2.800000e+000 -1.081560e+000  6.467130e+001
    endloop
  endfacet
  facet normal  1.000000e+000  0.000000e+000  0.000000e+000
    outer loop
      vertex  2.800000e+000 -1.700000e+000  6.100000e+001
      vertex  2.800000e+000 -1.081560e+000  6.467130e+001
      vertex  2.800000e+000 -2.831559e+000  6.594275e+001
    endloop
  endfacet
  facet normal  9.999999e-001  0.000000e+000  0.000000e+000
    outer loop
      vertex  2.800000e+000 -1.700000e+000  6.100000e+001
      vertex  2.800000e+000 -2.831559e+000  6.594275e+001
      vertex  2.800000e+000 -5.500000e+000  5.847372e+001
    endloop
  endfacet
  facet normal  1.000000e+000  0.000000e+000  0.000000e+000
    outer loop
      vertex  2.800000e+000 -1.700000e+000  6.100000e+001
      vertex  2.800000e+000 -5.500000e+000  5.847372e+001
      vertex  2.800000e+000 -1.202082e+000  5.979792e+001
    endloop
  endfacet
  facet normal  1.000000e+000  0.000000e+000  -0.000000e+000
    outer loop
      vertex  2.800000e+000 -7.000000e+000  6.975000e+001
      vertex  2.800000e+000 -5.762563e+000  6.923743e+001
      vertex  2.800000e+000 -2.831559e+000  7.005725e+001
    endloop
  endfacet
  facet normal  1.000000e+000  0.000000e+000  -0.000000e+000
    outer loop
      vertex  2.800000e+000 -7.000000e+000  6.975000e+001
      vertex  2.800000e+000 -2.831559e+000  7.005725e+001
      vertex  2.800000e+000 -1.081560e+000  7.132870e+001
    endloop
  endfacet
  facet normal  1.000000e+000  0.000000e+000  -0.000000e+000
    outer loop
      vertex  2.800000e+000 -7.000000e+000  6.975000e+001
      vertex  2.800000e+000 -1.081560e+000  7.132870e+001
      vertex  2.800000e+000 -5.343192e-016  7.330000e+001
    endloop
  endfacet
  facet normal  1.000000e+000  0.000000e+000  0.000000e+000
    outer loop
      vertex  2.800000e+000 -7.000000e+000  6.975000e+001
      vertex  2.800000e+000 -5.343192e-016  7.330000e+001
      vertex  2.800000e+000 -1.202082e+000  7.379792e+001
    endloop
  endfacet
  facet normal  1.000000e+000  0.000000e+000  0.000000e+000
    outer loop
      vertex  2.800000e+000 -7.000000e+000  6.975000e+001
      vertex  2.800000e+000 -1.202082e+000  7.379792e+001
      vertex  2.800000e+000 -1.700000e+000  7.500000e+001
    endloop
  endfacet
  facet normal  1.000000e+000  0.000000e+000  -0.000000e+000
    outer loop
      vertex  2.800000e+000 -7.000000e+000  6.975000e+001
      vertex  2.800000e+000 -1.700000e+000  7.500000e+001
      vertex  2.800000e+000 -1.202082e+000  7.620208e+001
    endloop
  endfacet
  facet normal  1.000000e+000  0.000000e+000  0.000000e+000
    outer loop
      vertex  2.800000e+000 -7.000000e+000  6.975000e+001
      vertex  2.800000e+000 -1.202082e+000  7.620208e+001
      vertex  2.800000e+000 -5.500000e+000  7.752628e+001
    endloop
  endfacet
  facet normal  1.000000e+000  0.000000e+000  0.000000e+000
    outer loop
      vertex  2.800000e+000 -7.000000e+000  6.975000e+001
      vertex  2.800000e+000 -5.500000e+000  7.752628e+001
      vertex  2.800000e+000 -8.426489e+000  7.507066e+001
    endloop
  endfacet
  facet normal  1.000000e+000  0.000000e+000  0.000000e+000
    outer loop
      vertex  2.800000e+000 -7.000000e+000  6.975000e+001
      vertex  2.800000e+000 -8.426489e+000  7.507066e+001
      vertex  2.800000e+000 -1.033662e+001  7.176222e+001
    endloop
  endfacet
  facet normal  1.000000e+000  0.000000e+000  0.000000e+000
    outer loop
      vertex  2.800000e+000 -7.000000e+000  6.975000e+001
      vertex  2.800000e+000 -1.033662e+001  7.176222e+001
      vertex  2.800000e+000 -8.237437e+000  6.923743e+001
    endloop
  endfacet
  facet normal  1.000000e+000  0.000000e+000  -0.000000e+000
    outer loop
      vertex  2.800000e+000  7.000000e+000  6.975000e+001
      vertex  2.800000e+000  8.237437e+000  6.923743e+001
      vertex  2.800000e+000  1.033662e+001  7.176222e+001
    endloop
  endfacet
  facet normal  1.000000e+000  0.000000e+000  0.000000e+000
    outer loop
      vertex  2.800000e+000  7.000000e+000  6.975000e+001
      vertex  2.800000e+000  1.033662e+001  7.176222e+001
      vertex  2.800000e+000  8.426489e+000  7.507066e+001
    endloop
  endfacet
  facet normal  1.000000e+000  0.000000e+000  0.000000e+000
    outer loop
      vertex  2.800000e+000  7.000000e+000  6.975000e+001
      vertex  2.800000e+000  8.426489e+000  7.507066e+001
      vertex  2.800000e+000  5.500000e+000  7.752628e+001
    endloop
  endfacet
  facet normal  1.000000e+000  0.000000e+000  0.000000e+000
    outer loop
      vertex  2.800000e+000  7.000000e+000  6.975000e+001
      vertex  2.800000e+000  5.500000e+000  7.752628e+001
      vertex  2.800000e+000  1.202082e+000  7.620208e+001
    endloop
  endfacet
  facet normal  9.999999e-001  0.000000e+000  0.000000e+000
    outer loop
      vertex  2.800000e+000  7.000000e+000  6.975000e+001
      vertex  2.800000e+000  1.202082e+000  7.620208e+001
      vertex  2.800000e+000  1.700000e+000  7.500000e+001
    endloop
  endfacet
  facet normal  1.000000e+000  0.000000e+000  0.000000e+000
    outer loop
      vertex  2.800000e+000  7.000000e+000  6.975000e+001
      vertex  2.800000e+000  1.700000e+000  7.500000e+001
      vertex  2.800000e+000  1.202082e+000  7.379792e+001
    endloop
  endfacet
  facet normal  1.000000e+000  0.000000e+000  0.000000e+000
    outer loop
      vertex  2.800000e+000  7.000000e+000  6.975000e+001
      vertex  2.800000e+000  1.202082e+000  7.379792e+001
      vertex  2.800000e+000 -5.343192e-016  7.330000e+001
    endloop
  endfacet
  facet normal  1.000000e+000  0.000000e+000  0.000000e+000
    outer loop
      vertex  2.800000e+000  7.000000e+000  6.975000e+001
      vertex  2.800000e+000 -5.343192e-016  7.330000e+001
      vertex  2.800000e+000  1.081560e+000  7.132870e+001
    endloop
  endfacet
  facet normal  1.000000e+000  0.000000e+000  0.000000e+000
    outer loop
      vertex  2.800000e+000  7.000000e+000  6.975000e+001
      vertex  2.800000e+000  1.081560e+000  7.132870e+001
      vertex  2.800000e+000  2.831559e+000  7.005725e+001
    endloop
  endfacet
  facet normal  1.000000e+000  0.000000e+000  0.000000e+000
    outer loop
      vertex  2.800000e+000  7.000000e+000  6.975000e+001
      vertex  2.800000e+000  2.831559e+000  7.005725e+001
      vertex  2.800000e+000  5.762563e+000  6.923743e+001
    endloop
  endfacet
  facet normal  1.000000e+000  0.000000e+000  0.000000e+000
    outer loop
      vertex  2.800000e+000  2.831559e+000  6.594275e+001
      vertex  2.800000e+000  7.000000e+000  6.625000e+001
      vertex  2.800000e+000  5.762563e+000  6.676257e+001
    endloop
  endfacet
  facet normal  1.000000e+000  0.000000e+000  0.000000e+000
    outer loop
      vertex  2.800000e+000  2.831559e+000  6.594275e+001
      vertex  2.800000e+000  5.762563e+000  6.676257e+001
      vertex  2.800000e+000  5.250000e+000  6.800000e+001
    endloop
  endfacet
  facet normal  1.000000e+000  0.000000e+000  0.000000e+000
    outer loop
      vertex  2.800000e+000  2.831559e+000  6.594275e+001
      vertex  2.800000e+000  5.250000e+000  6.800000e+001
      vertex  2.800000e+000  3.500000e+000  6.800000e+001
    endloop
  endfacet
  facet normal  1.000000e+000  0.000000e+000  0.000000e+000
    outer loop
      vertex  2.800000e+000 -1.910130e+000  5.716711e+001
      vertex  2.800000e+000  1.910130e+000  5.716711e+001
      vertex  2.800000e+000 -1.977609e-015  5.930000e+001
    endloop
  endfacet
  facet normal  1.000000e+000  0.000000e+000  0.000000e+000
    outer loop
      vertex  2.800000e+000 -1.977609e-015  5.930000e+001
      vertex  2.800000e+000  1.910130e+000  5.716711e+001
      vertex  2.800000e+000  5.500000e+000  5.847372e+001
    endloop
  endfacet
  facet normal  9.999999e-001  0.000000e+000  0.000000e+000
    outer loop
      vertex  2.800000e+000 -1.977609e-015  5.930000e+001
      vertex  2.800000e+000  5.500000e+000  5.847372e+001
      vertex  2.800000e+000  1.202082e+000  5.979792e+001
    endloop
  endfacet
  facet normal  1.000000e+000  0.000000e+000  0.000000e+000
    outer loop
      vertex  2.800000e+000  8.426489e+000  6.092934e+001
      vertex  2.800000e+000  1.033662e+001  6.423778e+001
      vertex  2.800000e+000  5.500000e+000  5.847372e+001
    endloop
  endfacet
  facet normal  9.999999e-001  0.000000e+000  0.000000e+000
    outer loop
      vertex  2.800000e+000  5.500000e+000  5.847372e+001
      vertex  2.800000e+000  1.033662e+001  6.423778e+001
      vertex  2.800000e+000  7.000000e+000  6.625000e+001
    endloop
  endfacet
  facet normal  1.000000e+000  0.000000e+000  0.000000e+000
    outer loop
      vertex  2.800000e+000  5.500000e+000  5.847372e+001
      vertex  2.800000e+000  7.000000e+000  6.625000e+001
      vertex  2.800000e+000  1.700000e+000  6.100000e+001
    endloop
  endfacet
  facet normal  1.000000e+000  0.000000e+000  0.000000e+000
    outer loop
      vertex  2.800000e+000  1.700000e+000  6.100000e+001
      vertex  2.800000e+000  7.000000e+000  6.625000e+001
      vertex  2.800000e+000  2.831559e+000  6.594275e+001
    endloop
  endfacet
  facet normal  1.000000e+000  0.000000e+000  0.000000e+000
    outer loop
      vertex  2.800000e+000  1.700000e+000  6.100000e+001
      vertex  2.800000e+000  2.831559e+000  6.594275e+001
      vertex  2.800000e+000  1.202082e+000  6.220208e+001
    endloop
  endfacet
  facet normal  1.000000e+000  0.000000e+000  -0.000000e+000
    outer loop
      vertex  2.800000e+000  1.202082e+000  6.220208e+001
      vertex  2.800000e+000  2.831559e+000  6.594275e+001
      vertex  2.800000e+000  1.081560e+000  6.467130e+001
    endloop
  endfacet
  facet normal  1.000000e+000  0.000000e+000  0.000000e+000
    outer loop
      vertex  2.800000e+000  1.202082e+000  6.220208e+001
      vertex  2.800000e+000  1.081560e+000  6.467130e+001
      vertex  2.800000e+000 -1.339198e-015  6.270000e+001
    endloop
  endfacet
  facet normal  1.000000e+000  0.000000e+000  -0.000000e+000
    outer loop
      vertex  2.800000e+000 -1.339198e-015  6.270000e+001
      vertex  2.800000e+000  1.081560e+000  6.467130e+001
      vertex  2.800000e+000 -1.081560e+000  6.467130e+001
    endloop
  endfacet
  facet normal  1.000000e+000  0.000000e+000  0.000000e+000
    outer loop
      vertex  2.800000e+000 -1.339198e-015  6.270000e+001
      vertex  2.800000e+000 -1.081560e+000  6.467130e+001
      vertex  2.800000e+000 -1.202082e+000  6.220208e+001
    endloop
  endfacet
  facet normal  1.000000e+000  -0.000000e+000  0.000000e+000
    outer loop
      vertex  2.800000e+000  1.910130e+000  7.883289e+001
      vertex  2.800000e+000 -1.910130e+000  7.883289e+001
      vertex  2.800000e+000  4.371584e-016  7.670000e+001
    endloop
  endfacet
  facet normal  1.000000e+000  0.000000e+000  0.000000e+000
    outer loop
      vertex  2.800000e+000  4.371584e-016  7.670000e+001
      vertex  2.800000e+000 -1.910130e+000  7.883289e+001
      vertex  2.800000e+000 -5.500000e+000  7.752628e+001
    endloop
  endfacet
  facet normal  1.000000e+000  0.000000e+000  0.000000e+000
    outer loop
      vertex  2.800000e+000  4.371584e-016  7.670000e+001
      vertex  2.800000e+000 -5.500000e+000  7.752628e+001
      vertex  2.800000e+000 -1.202082e+000  7.620208e+001
    endloop
  endfacet
  facet normal  1.000000e+000  0.000000e+000  0.000000e+000
    outer loop
      vertex  2.800000e+000 -8.426489e+000  6.092934e+001
      vertex  2.800000e+000 -5.500000e+000  5.847372e+001
      vertex  2.800000e+000 -7.000000e+000  6.625000e+001
    endloop
  endfacet
  facet normal  1.000000e+000  0.000000e+000  0.000000e+000
    outer loop
      vertex  2.800000e+000 -7.000000e+000  6.625000e+001
      vertex  2.800000e+000 -5.500000e+000  5.847372e+001
      vertex  2.800000e+000 -2.831559e+000  6.594275e+001
    endloop
  endfacet
  facet normal  1.000000e+000  0.000000e+000  0.000000e+000
    outer loop
      vertex  2.800000e+000 -7.000000e+000  6.625000e+001
      vertex  2.800000e+000 -2.831559e+000  6.594275e+001
      vertex  2.800000e+000 -5.762563e+000  6.676257e+001
    endloop
  endfacet
  facet normal  1.000000e+000  0.000000e+000  0.000000e+000
    outer loop
      vertex  2.800000e+000 -8.426489e+000  6.092934e+001
      vertex  2.800000e+000 -7.000000e+000  6.625000e+001
      vertex  2.800000e+000 -1.033662e+001  6.423778e+001
    endloop
  endfacet
  facet normal  1.000000e+000  0.000000e+000  0.000000e+000
    outer loop
      vertex  2.800000e+000 -1.033662e+001  6.423778e+001
      vertex  2.800000e+000 -7.000000e+000  6.625000e+001
      vertex  2.800000e+000 -8.237437e+000  6.676257e+001
    endloop
  endfacet
  facet normal  1.000000e+000  0.000000e+000  0.000000e+000
    outer loop
      vertex  2.800000e+000 -1.033662e+001  6.423778e+001
      vertex  2.800000e+000 -8.237437e+000  6.676257e+001
      vertex  2.800000e+000 -1.100000e+001  6.800000e+001
    endloop
  endfacet
  facet normal  9.999999e-001  -0.000000e+000  0.000000e+000
    outer loop
      vertex  2.800000e+000 -1.100000e+001  6.800000e+001
      vertex  2.800000e+000 -8.237437e+000  6.676257e+001
      vertex  2.800000e+000 -8.750000e+000  6.800000e+001
    endloop
  endfacet
  facet normal  1.000000e+000  0.000000e+000  0.000000e+000
    outer loop
      vertex  2.800000e+000 -1.100000e+001  6.800000e+001
      vertex  2.800000e+000 -8.750000e+000  6.800000e+001
      vertex  2.800000e+000 -1.033662e+001  7.176222e+001
    endloop
  endfacet
  facet normal  1.000000e+000  0.000000e+000  0.000000e+000
    outer loop
      vertex  2.800000e+000 -1.033662e+001  7.176222e+001
      vertex  2.800000e+000 -8.750000e+000  6.800000e+001
      vertex  2.800000e+000 -8.237437e+000  6.923743e+001
    endloop
  endfacet
  facet normal  1.000000e+000  -0.000000e+000  0.000000e+000
    outer loop
      vertex  2.800000e+000 -2.831559e+000  7.005725e+001
      vertex  2.800000e+000 -5.762563e+000  6.923743e+001
      vertex  2.800000e+000 -3.500000e+000  6.800000e+001
    endloop
  endfacet
  facet normal  1.000000e+000  0.000000e+000  0.000000e+000
    outer loop
      vertex  2.800000e+000 -3.500000e+000  6.800000e+001
      vertex  2.800000e+000 -5.762563e+000  6.923743e+001
      vertex  2.800000e+000 -5.250000e+000  6.800000e+001
    endloop
  endfacet
  facet normal  1.000000e+000  -0.000000e+000  0.000000e+000
    outer loop
      vertex  2.800000e+000 -3.500000e+000  6.800000e+001
      vertex  2.800000e+000 -5.250000e+000  6.800000e+001
      vertex  2.800000e+000 -2.831559e+000  6.594275e+001
    endloop
  endfacet
  facet normal  1.000000e+000  0.000000e+000  0.000000e+000
    outer loop
      vertex  2.800000e+000 -2.831559e+000  6.594275e+001
      vertex  2.800000e+000 -5.250000e+000  6.800000e+001
      vertex  2.800000e+000 -5.762563e+000  6.676257e+001
    endloop
  endfacet
  facet normal  1.000000e+000  0.000000e+000  0.000000e+000
    outer loop
      vertex  2.800000e+000  5.250000e+000  6.800000e+001
      vertex  2.800000e+000  5.762563e+000  6.923743e+001
      vertex  2.800000e+000  3.500000e+000  6.800000e+001
    endloop
  endfacet
  facet normal  1.000000e+000  0.000000e+000  -0.000000e+000
    outer loop
      vertex  2.800000e+000  3.500000e+000  6.800000e+001
      vertex  2.800000e+000  5.762563e+000  6.923743e+001
      vertex  2.800000e+000  2.831559e+000  7.005725e+001
    endloop
  endfacet
  facet normal  1.000000e+000  -0.000000e+000  0.000000e+000
    outer loop
      vertex  2.800000e+000  1.033662e+001  7.176222e+001
      vertex  2.800000e+000  8.237437e+000  6.923743e+001
      vertex  2.800000e+000  1.100000e+001  6.800000e+001
    endloop
  endfacet
  facet normal  9.999999e-001  0.000000e+000  0.000000e+000
    outer loop
      vertex  2.800000e+000  1.100000e+001  6.800000e+001
      vertex  2.800000e+000  8.237437e+000  6.923743e+001
      vertex  2.800000e+000  8.750000e+000  6.800000e+001
    endloop
  endfacet
  facet normal  1.000000e+000  -0.000000e+000  0.000000e+000
    outer loop
      vertex  2.800000e+000  1.100000e+001  6.800000e+001
      vertex  2.800000e+000  8.750000e+000  6.800000e+001
      vertex  2.800000e+000  1.033662e+001  6.423778e+001
    endloop
  endfacet
  facet normal  1.000000e+000  0.000000e+000  0.000000e+000
    outer loop
      vertex  2.800000e+000  1.033662e+001  6.423778e+001
      vertex  2.800000e+000  8.750000e+000  6.800000e+001
      vertex  2.800000e+000  8.237437e+000  6.676257e+001
    endloop
  endfacet
  facet normal  1.000000e+000  0.000000e+000  0.000000e+000
    outer loop
      vertex  2.800000e+000  1.033662e+001  6.423778e+001
      vertex  2.800000e+000  8.237437e+000  6.676257e+001
      vertex  2.800000e+000  7.000000e+000  6.625000e+001
    endloop
  endfacet
  facet normal  1.000000e+000  -0.000000e+000  0.000000e+000
    outer loop
      vertex  6.000000e+000  1.988185e+001  6.282930e+001
      vertex  6.000000e+000  1.398871e+001  4.549342e+001
      vertex  6.000000e+000  1.442805e+001  4.443276e+001
    endloop
  endfacet
  facet normal  9.999999e-001  0.000000e+000  0.000000e+000
    outer loop
      vertex  6.000000e+000  1.100000e+001  6.800000e+001
      vertex  6.000000e+000  1.062116e+001  8.194671e+001
      vertex  6.000000e+000  1.033662e+001  7.176222e+001
    endloop
  endfacet
  facet normal  1.000000e+000  0.000000e+000  -0.000000e+000
    outer loop
      vertex  6.000000e+000  8.426489e+000  7.507066e+001
      vertex  6.000000e+000  1.033662e+001  7.176222e+001
      vertex  6.000000e+000  1.062116e+001  8.194671e+001
    endloop
  endfacet
  facet normal  1.000000e+000  -0.000000e+000  -0.000000e+000
    outer loop
      vertex  6.000000e+000 -6.123032e-015  8.500000e+001
      vertex  6.000000e+000  1.910130e+000  7.883289e+001
      vertex  6.000000e+000  5.500000e+000  7.752628e+001
    endloop
  endfacet
  facet normal  1.000000e+000  0.000000e+000  0.000000e+000
    outer loop
      vertex  6.000000e+000  3.444365e+000 -7.444437e+001
      vertex  6.000000e+000 -5.000000e+000 -7.380000e+001
      vertex  6.000000e+000 -3.444365e+000 -7.444437e+001
    endloop
  endfacet
  facet normal  1.000000e+000  0.000000e+000  -0.000000e+000
    outer loop
      vertex  6.000000e+000 -1.462780e+001 -5.382512e+001
      vertex  6.000000e+000 -1.412988e+001 -5.262304e+001
      vertex  6.000000e+000 -1.292780e+001 -3.380393e+001
    endloop
  endfacet
  facet normal  1.000000e+000  0.000000e+000  -0.000000e+000
    outer loop
      vertex  6.000000e+000 -1.412988e+001 -5.262304e+001
      vertex  6.000000e+000 -1.292780e+001 -5.212512e+001
      vertex  6.000000e+000 -1.292780e+001 -3.380393e+001
    endloop
  endfacet
  facet normal  1.000000e+000  0.000000e+000  0.000000e+000
    outer loop
      vertex  6.000000e+000 -1.142805e+001  4.443276e+001
      vertex  6.000000e+000 -7.000000e+000  4.457930e+001
      vertex  6.000000e+000 -1.186739e+001  4.549342e+001
    endloop
  endfacet
  facet normal  1.000000e+000  0.000000e+000  0.000000e+000
    outer loop
      vertex  6.000000e+000 -1.172597e+001  2.063484e+001
      vertex  6.000000e+000 -1.292805e+001  4.293276e+001
      vertex  6.000000e+000 -1.292805e+001  2.113276e+001
    endloop
  endfacet
  facet normal  1.000000e+000  0.000000e+000  0.000000e+000
    outer loop
      vertex  6.000000e+000 -1.172572e+001 -5.262304e+001
      vertex  6.000000e+000 -1.292780e+001 -3.380393e+001
      vertex  6.000000e+000 -1.292780e+001 -5.212512e+001
    endloop
  endfacet
  facet normal  1.000000e+000  0.000000e+000  0.000000e+000
    outer loop
      vertex  6.000000e+000 -1.000000e+001 -7.200000e+001
      vertex  6.000000e+000 -1.172572e+001 -5.502720e+001
      vertex  6.000000e+000 -1.292780e+001 -5.552512e+001
    endloop
  endfacet
  facet normal  1.000000e+000  0.000000e+000  0.000000e+000
    outer loop
      vertex  6.000000e+000  1.142805e+001  4.443276e+001
      vertex  6.000000e+000  1.186739e+001  4.549342e+001
      vertex  6.000000e+000  7.000000e+000  4.457930e+001
    endloop
  endfacet
  facet normal  1.000000e+000  0.000000e+000  -0.000000e+000
    outer loop
      vertex  6.000000e+000  1.000000e+001 -3.200000e+001
      vertex  6.000000e+000  1.122780e+001 -3.210393e+001
      vertex  6.000000e+000  1.172572e+001 -3.090185e+001
    endloop
  endfacet
  facet normal  1.000000e+000  0.000000e+000  0.000000e+000
    outer loop
      vertex  6.000000e+000  1.462780e+001 -5.382512e+001
      vertex  6.000000e+000  1.292780e+001 -3.380393e+001
      vertex  6.000000e+000  1.412988e+001 -5.262304e+001
    endloop
  endfacet
  facet normal  1.000000e+000  0.000000e+000  0.000000e+000
    outer loop
      vertex  6.000000e+000  1.412988e+001 -5.262304e+001
      vertex  6.000000e+000  1.292780e+001 -3.380393e+001
      vertex  6.000000e+000  1.292780e+001 -5.212512e+001
    endloop
  endfacet
  facet normal  1.000000e+000  0.000000e+000  0.000000e+000
    outer loop
      vertex  6.000000e+000 -2.800000e+000 -7.600000e+001
      vertex  6.000000e+000 -3.444365e+000 -7.755563e+001
      vertex  6.000000e+000  2.800000e+000 -7.600000e+001
    endloop
  endfacet
  facet normal  1.000000e+000  0.000000e+000  -0.000000e+000
    outer loop
      vertex  6.000000e+000 -2.800000e+000 -7.600000e+001
      vertex  6.000000e+000  2.800000e+000 -7.600000e+001
      vertex  6.000000e+000  3.444365e+000 -7.444437e+001
    endloop
  endfacet
  facet normal  1.000000e+000  0.000000e+000  0.000000e+000
    outer loop
      vertex  6.000000e+000 -2.800000e+000 -7.600000e+001
      vertex  6.000000e+000  3.444365e+000 -7.444437e+001
      vertex  6.000000e+000 -3.444365e+000 -7.444437e+001
    endloop
  endfacet
  facet normal  1.000000e+000  0.000000e+000  0.000000e+000
    outer loop
      vertex  6.000000e+000 -2.800000e+000 -2.750000e+001
      vertex  6.000000e+000 -3.444365e+000 -2.905564e+001
      vertex  6.000000e+000  2.800000e+000 -2.750000e+001
    endloop
  endfacet
  facet normal  1.000000e+000  0.000000e+000  -0.000000e+000
    outer loop
      vertex  6.000000e+000 -2.800000e+000 -2.750000e+001
      vertex  6.000000e+000  2.800000e+000 -2.750000e+001
      vertex  6.000000e+000  3.444365e+000 -2.594436e+001
    endloop
  endfacet
  facet normal  1.000000e+000  0.000000e+000  0.000000e+000
    outer loop
      vertex  6.000000e+000 -2.800000e+000 -2.750000e+001
      vertex  6.000000e+000  3.444365e+000 -2.594436e+001
      vertex  6.000000e+000 -7.260732e+000 -1.288281e+001
    endloop
  endfacet
  facet normal  1.000000e+000  0.000000e+000  0.000000e+000
    outer loop
      vertex  6.000000e+000 -2.800000e+000 -2.750000e+001
      vertex  6.000000e+000 -7.260732e+000 -1.288281e+001
      vertex  6.000000e+000 -3.444365e+000 -2.594436e+001
    endloop
  endfacet
  facet normal  1.000000e+000  0.000000e+000  0.000000e+000
    outer loop
      vertex  6.000000e+000  1.000000e+001 -7.200000e+001
      vertex  6.000000e+000  1.292780e+001 -5.552512e+001
      vertex  6.000000e+000  1.172572e+001 -5.502720e+001
    endloop
  endfacet
  facet normal  1.000000e+000  0.000000e+000  0.000000e+000
    outer loop
      vertex  6.000000e+000  1.000000e+001 -7.200000e+001
      vertex  6.000000e+000  1.172572e+001 -5.502720e+001
      vertex  6.000000e+000  1.122780e+001 -5.382512e+001
    endloop
  endfacet
  facet normal  1.000000e+000  0.000000e+000  -0.000000e+000
    outer loop
      vertex  6.000000e+000  1.000000e+001 -7.200000e+001
      vertex  6.000000e+000  1.122780e+001 -5.382512e+001
      vertex  6.000000e+000  1.172572e+001 -3.330601e+001
    endloop
  endfacet
  facet normal  1.000000e+000  0.000000e+000  0.000000e+000
    outer loop
      vertex  6.000000e+000  1.000000e+001 -7.200000e+001
      vertex  6.000000e+000  1.172572e+001 -3.330601e+001
      vertex  6.000000e+000  1.122780e+001 -3.210393e+001
    endloop
  endfacet
  facet normal  9.999999e-001  0.000000e+000  0.000000e+000
    outer loop
      vertex  6.000000e+000  1.000000e+001 -7.200000e+001
      vertex  6.000000e+000  1.122780e+001 -3.210393e+001
      vertex  6.000000e+000  1.000000e+001 -3.200000e+001
    endloop
  endfacet
  facet normal  1.000000e+000  -0.000000e+000  0.000000e+000
    outer loop
      vertex  6.000000e+000  1.000000e+001 -7.200000e+001
      vertex  6.000000e+000 -1.000000e+001 -7.200000e+001
      vertex  6.000000e+000  5.000000e+000 -7.380000e+001
    endloop
  endfacet
  facet normal  1.000000e+000  -0.000000e+000  0.000000e+000
    outer loop
      vertex  6.000000e+000  1.000000e+001 -7.200000e+001
      vertex  6.000000e+000  5.000000e+000 -7.380000e+001
      vertex  6.000000e+000  6.555635e+000 -7.444437e+001
    endloop
  endfacet
  facet normal  1.000000e+000  -0.000000e+000  0.000000e+000
    outer loop
      vertex  6.000000e+000  1.000000e+001 -7.200000e+001
      vertex  6.000000e+000  6.555635e+000 -7.444437e+001
      vertex  6.000000e+000  7.200000e+000 -7.600000e+001
    endloop
  endfacet
  facet normal  1.000000e+000  -0.000000e+000  0.000000e+000
    outer loop
      vertex  6.000000e+000  1.000000e+001 -7.200000e+001
      vertex  6.000000e+000  7.200000e+000 -7.600000e+001
      vertex  6.000000e+000  6.555635e+000 -7.755563e+001
    endloop
  endfacet
  facet normal  1.000000e+000  0.000000e+000  -0.000000e+000
    outer loop
      vertex  6.000000e+000 -1.000000e+001 -3.200000e+001
      vertex  6.000000e+000  1.000000e+001 -3.200000e+001
      vertex  6.000000e+000  1.172572e+001 -3.090185e+001
    endloop
  endfacet
  facet normal  9.999999e-001  0.000000e+000  0.000000e+000
    outer loop
      vertex  6.000000e+000 -1.000000e+001 -3.200000e+001
      vertex  6.000000e+000  1.172572e+001 -3.090185e+001
      vertex  6.000000e+000  5.000000e+000 -2.970000e+001
    endloop
  endfacet
  facet normal  9.999999e-001  0.000000e+000  0.000000e+000
    outer loop
      vertex  6.000000e+000 -1.000000e+001 -3.200000e+001
      vertex  6.000000e+000  5.000000e+000 -2.970000e+001
      vertex  6.000000e+000  3.444365e+000 -2.905564e+001
    endloop
  endfacet
  facet normal  1.000000e+000  0.000000e+000  0.000000e+000
    outer loop
      vertex  6.000000e+000 -1.000000e+001 -3.200000e+001
      vertex  6.000000e+000  3.444365e+000 -2.905564e+001
      vertex  6.000000e+000  2.800000e+000 -2.750000e+001
    endloop
  endfacet
  facet normal  1.000000e+000  0.000000e+000  0.000000e+000
    outer loop
      vertex  6.000000e+000 -1.000000e+001 -3.200000e+001
      vertex  6.000000e+000  2.800000e+000 -2.750000e+001
      vertex  6.000000e+000 -3.444365e+000 -2.905564e+001
    endloop
  endfacet
  facet normal  1.000000e+000  0.000000e+000  0.000000e+000
    outer loop
      vertex  6.000000e+000 -1.000000e+001 -3.200000e+001
      vertex  6.000000e+000 -3.444365e+000 -2.905564e+001
      vertex  6.000000e+000 -5.000000e+000 -2.970000e+001
    endloop
  endfacet
  facet normal  1.000000e+000  0.000000e+000  0.000000e+000
    outer loop
      vertex  6.000000e+000 -1.000000e+001 -3.200000e+001
      vertex  6.000000e+000 -5.000000e+000 -2.970000e+001
      vertex  6.000000e+000 -1.172572e+001 -3.090185e+001
    endloop
  endfacet
  facet normal  1.000000e+000  0.000000e+000  0.000000e+000
    outer loop
      vertex  6.000000e+000 -1.000000e+001 -3.200000e+001
      vertex  6.000000e+000 -1.172572e+001 -3.090185e+001
      vertex  6.000000e+000 -1.122780e+001 -3.210393e+001
    endloop
  endfacet
  facet normal  9.999999e-001  -0.000000e+000  0.000000e+000
    outer loop
      vertex  6.000000e+000 -1.000000e+001 -3.200000e+001
      vertex  6.000000e+000 -1.122780e+001 -3.210393e+001
      vertex  6.000000e+000 -1.172572e+001 -3.330601e+001
    endloop
  endfacet
  facet normal  1.000000e+000  -0.000000e+000  0.000000e+000
    outer loop
      vertex  6.000000e+000 -1.000000e+001 -3.200000e+001
      vertex  6.000000e+000 -1.172572e+001 -3.330601e+001
      vertex  6.000000e+000 -1.000000e+001 -7.200000e+001
    endloop
  endfacet
  facet normal  1.000000e+000  0.000000e+000  -0.000000e+000
    outer loop
      vertex  6.000000e+000 -1.000000e+001 -7.200000e+001
      vertex  6.000000e+000 -7.200000e+000 -7.600000e+001
      vertex  6.000000e+000 -6.555635e+000 -7.444437e+001
    endloop
  endfacet
  facet normal  1.000000e+000  0.000000e+000  -0.000000e+000
    outer loop
      vertex  6.000000e+000 -1.000000e+001 -7.200000e+001
      vertex  6.000000e+000 -6.555635e+000 -7.444437e+001
      vertex  6.000000e+000 -5.000000e+000 -7.380000e+001
    endloop
  endfacet
  facet normal  9.999999e-001  -0.000000e+000  -0.000000e+000
    outer loop
      vertex  6.000000e+000 -1.000000e+001 -7.200000e+001
      vertex  6.000000e+000 -5.000000e+000 -7.380000e+001
      vertex  6.000000e+000  3.444365e+000 -7.444437e+001
    endloop
  endfacet
  facet normal  1.000000e+000  0.000000e+000  -0.000000e+000
    outer loop
      vertex  6.000000e+000 -1.000000e+001 -7.200000e+001
      vertex  6.000000e+000  3.444365e+000 -7.444437e+001
      vertex  6.000000e+000  5.000000e+000 -7.380000e+001
    endloop
  endfacet
  facet normal  1.000000e+000  0.000000e+000  0.000000e+000
    outer loop
      vertex  6.000000e+000 -7.000000e+000  5.257930e+001
      vertex  6.000000e+000  7.000000e+000  5.257930e+001
      vertex  6.000000e+000  5.500000e+000  5.847372e+001
    endloop
  endfacet
  facet normal  1.000000e+000  0.000000e+000  0.000000e+000
    outer loop
      vertex  6.000000e+000 -7.000000e+000  5.257930e+001
      vertex  6.000000e+000  5.500000e+000  5.847372e+001
      vertex  6.000000e+000  1.910130e+000  5.716711e+001
    endloop
  endfacet
  facet normal  1.000000e+000  0.000000e+000  0.000000e+000
    outer loop
      vertex  6.000000e+000 -7.000000e+000  5.257930e+001
      vertex  6.000000e+000  1.910130e+000  5.716711e+001
      vertex  6.000000e+000 -1.910130e+000  5.716711e+001
    endloop
  endfacet
  facet normal  1.000000e+000  0.000000e+000  0.000000e+000
    outer loop
      vertex  6.000000e+000 -7.000000e+000  5.257930e+001
      vertex  6.000000e+000 -1.910130e+000  5.716711e+001
      vertex  6.000000e+000 -5.500000e+000  5.847372e+001
    endloop
  endfacet
  facet normal  1.000000e+000  0.000000e+000  0.000000e+000
    outer loop
      vertex  6.000000e+000 -7.000000e+000  5.257930e+001
      vertex  6.000000e+000 -5.500000e+000  5.847372e+001
      vertex  6.000000e+000 -1.292805e+001  4.593276e+001
    endloop
  endfacet
  facet normal  1.000000e+000  -0.000000e+000  0.000000e+000
    outer loop
      vertex  6.000000e+000 -7.000000e+000  5.257930e+001
      vertex  6.000000e+000 -1.292805e+001  4.593276e+001
      vertex  6.000000e+000 -1.186739e+001  4.549342e+001
    endloop
  endfacet
  facet normal  1.000000e+000  -0.000000e+000  0.000000e+000
    outer loop
      vertex  6.000000e+000 -7.000000e+000  5.257930e+001
      vertex  6.000000e+000 -1.186739e+001  4.549342e+001
      vertex  6.000000e+000 -7.000000e+000  4.457930e+001
    endloop
  endfacet
  facet normal  1.000000e+000  0.000000e+000  0.000000e+000
    outer loop
      vertex  6.000000e+000  4.000000e+000  2.535231e+001
      vertex  6.000000e+000  4.000000e+000  5.352306e+000
      vertex  6.000000e+000  7.000000e+000  4.457930e+001
    endloop
  endfacet
  facet normal  1.000000e+000  0.000000e+000  0.000000e+000
    outer loop
      vertex  6.000000e+000  4.000000e+000  2.535231e+001
      vertex  6.000000e+000  7.000000e+000  4.457930e+001
      vertex  6.000000e+000 -7.000000e+000  4.457930e+001
    endloop
  endfacet
  facet normal  1.000000e+000  0.000000e+000  0.000000e+000
    outer loop
      vertex  6.000000e+000  4.000000e+000  2.535231e+001
      vertex  6.000000e+000 -7.000000e+000  4.457930e+001
      vertex  6.000000e+000 -4.000000e+000  2.535231e+001
    endloop
  endfacet
  facet normal  1.000000e+000  0.000000e+000  -0.000000e+000
    outer loop
      vertex  6.000000e+000 -1.122805e+001  1.943276e+001
      vertex  6.000000e+000 -7.260732e+000 -4.407763e+000
      vertex  6.000000e+000 -7.000000e+000  4.457930e+001
    endloop
  endfacet
  facet normal  1.000000e+000  0.000000e+000  0.000000e+000
    outer loop
      vertex  6.000000e+000 -1.122805e+001  1.943276e+001
      vertex  6.000000e+000 -7.000000e+000  4.457930e+001
      vertex  6.000000e+000 -1.142805e+001  4.443276e+001
    endloop
  endfacet
  facet normal  9.999999e-001  0.000000e+000  0.000000e+000
    outer loop
      vertex  6.000000e+000 -1.122805e+001  1.943276e+001
      vertex  6.000000e+000 -1.142805e+001  4.443276e+001
      vertex  6.000000e+000 -1.186739e+001  4.337210e+001
    endloop
  endfacet
  facet normal  1.000000e+000  0.000000e+000  0.000000e+000
    outer loop
      vertex  6.000000e+000 -1.122805e+001  1.943276e+001
      vertex  6.000000e+000 -1.186739e+001  4.337210e+001
      vertex  6.000000e+000 -1.292805e+001  4.293276e+001
    endloop
  endfacet
  facet normal  1.000000e+000  0.000000e+000  0.000000e+000
    outer loop
      vertex  6.000000e+000 -1.122805e+001  1.943276e+001
      vertex  6.000000e+000 -1.292805e+001  4.293276e+001
      vertex  6.000000e+000 -1.172597e+001  2.063484e+001
    endloop
  endfacet
  facet normal  1.000000e+000  -0.000000e+000  0.000000e+000
    outer loop
      vertex  6.000000e+000 -1.122780e+001 -5.382512e+001
      vertex  6.000000e+000 -1.172572e+001 -5.502720e+001
      vertex  6.000000e+000 -1.000000e+001 -7.200000e+001
    endloop
  endfacet
  facet normal  1.000000e+000  0.000000e+000  0.000000e+000
    outer loop
      vertex  6.000000e+000 -1.122780e+001 -5.382512e+001
      vertex  6.000000e+000 -1.000000e+001 -7.200000e+001
      vertex  6.000000e+000 -1.172572e+001 -3.330601e+001
    endloop
  endfacet
  facet normal  1.000000e+000  0.000000e+000  0.000000e+000
    outer loop
      vertex  6.000000e+000 -1.122780e+001 -5.382512e+001
      vertex  6.000000e+000 -1.172572e+001 -3.330601e+001
      vertex  6.000000e+000 -1.292780e+001 -3.380393e+001
    endloop
  endfacet
  facet normal  1.000000e+000  0.000000e+000  0.000000e+000
    outer loop
      vertex  6.000000e+000 -1.122780e+001 -5.382512e+001
      vertex  6.000000e+000 -1.292780e+001 -3.380393e+001
      vertex  6.000000e+000 -1.172572e+001 -5.262304e+001
    endloop
  endfacet
  facet normal  1.000000e+000  0.000000e+000  0.000000e+000
    outer loop
      vertex  6.000000e+000  1.677274e+001  3.435231e+001
      vertex  6.000000e+000  1.988185e+001  6.282930e+001
      vertex  6.000000e+000  1.442805e+001  4.443276e+001
    endloop
  endfacet
  facet normal  9.999999e-001  0.000000e+000  0.000000e+000
    outer loop
      vertex  6.000000e+000  1.677274e+001  3.435231e+001
      vertex  6.000000e+000  1.442805e+001  4.443276e+001
      vertex  6.000000e+000  1.398871e+001  4.337210e+001
    endloop
  endfacet
  facet normal  1.000000e+000  0.000000e+000  0.000000e+000
    outer loop
      vertex  6.000000e+000  1.677274e+001  3.435231e+001
      vertex  6.000000e+000  1.398871e+001  4.337210e+001
      vertex  6.000000e+000  1.292805e+001  4.293276e+001
    endloop
  endfacet
  facet normal  1.000000e+000  0.000000e+000  0.000000e+000
    outer loop
      vertex  6.000000e+000  1.677274e+001  3.435231e+001
      vertex  6.000000e+000  1.292805e+001  4.293276e+001
      vertex  6.000000e+000  1.292805e+001  2.113276e+001
    endloop
  endfacet
  facet normal  1.000000e+000  -0.000000e+000  0.000000e+000
    outer loop
      vertex  6.000000e+000  1.677274e+001  3.435231e+001
      vertex  6.000000e+000  1.292805e+001  2.113276e+001
      vertex  6.000000e+000  1.413013e+001  2.063484e+001
    endloop
  endfacet
  facet normal  1.000000e+000  -0.000000e+000  0.000000e+000
    outer loop
      vertex  6.000000e+000  1.677274e+001  3.435231e+001
      vertex  6.000000e+000  1.413013e+001  2.063484e+001
      vertex  6.000000e+000  1.462805e+001  1.943276e+001
    endloop
  endfacet
  facet normal  1.000000e+000  -0.000000e+000  0.000000e+000
    outer loop
      vertex  6.000000e+000  1.677274e+001  3.435231e+001
      vertex  6.000000e+000  1.462805e+001  1.943276e+001
      vertex  6.000000e+000  1.677274e+001 -7.563135e+001
    endloop
  endfacet
  facet normal  9.999999e-001  0.000000e+000  0.000000e+000
    outer loop
      vertex  6.000000e+000  1.677274e+001 -7.563135e+001
      vertex  6.000000e+000  1.462780e+001 -3.210393e+001
      vertex  6.000000e+000  1.412988e+001 -3.330601e+001
    endloop
  endfacet
  facet normal  1.000000e+000  0.000000e+000  0.000000e+000
    outer loop
      vertex  6.000000e+000  1.677274e+001 -7.563135e+001
      vertex  6.000000e+000  1.412988e+001 -3.330601e+001
      vertex  6.000000e+000  1.292780e+001 -3.380393e+001
    endloop
  endfacet
  facet normal  1.000000e+000  0.000000e+000  0.000000e+000
    outer loop
      vertex  6.000000e+000  1.677274e+001 -7.563135e+001
      vertex  6.000000e+000  1.292780e+001 -3.380393e+001
      vertex  6.000000e+000  1.462780e+001 -5.382512e+001
    endloop
  endfacet
  facet normal  1.000000e+000  0.000000e+000  0.000000e+000
    outer loop
      vertex  6.000000e+000  1.677274e+001 -7.563135e+001
      vertex  6.000000e+000  1.462780e+001 -5.382512e+001
      vertex  6.000000e+000  1.412988e+001 -5.502720e+001
    endloop
  endfacet
  facet normal  1.000000e+000  0.000000e+000  0.000000e+000
    outer loop
      vertex  6.000000e+000  1.677274e+001 -7.563135e+001
      vertex  6.000000e+000  1.412988e+001 -5.502720e+001
      vertex  6.000000e+000  1.292780e+001 -5.552512e+001
    endloop
  endfacet
  facet normal  1.000000e+000  0.000000e+000  0.000000e+000
    outer loop
      vertex  6.000000e+000  1.140409e+001 -8.100000e+001
      vertex  6.000000e+000  1.000000e+001 -7.200000e+001
      vertex  6.000000e+000  6.555635e+000 -7.755563e+001
    endloop
  endfacet
  facet normal  1.000000e+000  0.000000e+000  0.000000e+000
    outer loop
      vertex  6.000000e+000  1.140409e+001 -8.100000e+001
      vertex  6.000000e+000  6.555635e+000 -7.755563e+001
      vertex  6.000000e+000  5.000000e+000 -7.820000e+001
    endloop
  endfacet
  facet normal  1.000000e+000  0.000000e+000  0.000000e+000
    outer loop
      vertex  6.000000e+000  1.140409e+001 -8.100000e+001
      vertex  6.000000e+000  5.000000e+000 -7.820000e+001
      vertex  6.000000e+000 -1.140409e+001 -8.100000e+001
    endloop
  endfacet
  facet normal  1.000000e+000  0.000000e+000  0.000000e+000
    outer loop
      vertex  6.000000e+000 -1.140409e+001 -8.100000e+001
      vertex  6.000000e+000  5.000000e+000 -7.820000e+001
      vertex  6.000000e+000  3.444365e+000 -7.755563e+001
    endloop
  endfacet
  facet normal  1.000000e+000  0.000000e+000  0.000000e+000
    outer loop
      vertex  6.000000e+000 -1.140409e+001 -8.100000e+001
      vertex  6.000000e+000  3.444365e+000 -7.755563e+001
      vertex  6.000000e+000  2.800000e+000 -7.600000e+001
    endloop
  endfacet
  facet normal  1.000000e+000  0.000000e+000  0.000000e+000
    outer loop
      vertex  6.000000e+000 -1.140409e+001 -8.100000e+001
      vertex  6.000000e+000  2.800000e+000 -7.600000e+001
      vertex  6.000000e+000 -3.444365e+000 -7.755563e+001
    endloop
  endfacet
  facet normal  1.000000e+000  0.000000e+000  0.000000e+000
    outer loop
      vertex  6.000000e+000 -1.140409e+001 -8.100000e+001
      vertex  6.000000e+000 -3.444365e+000 -7.755563e+001
      vertex  6.000000e+000 -5.000000e+000 -7.820000e+001
    endloop
  endfacet
  facet normal  1.000000e+000  0.000000e+000  0.000000e+000
    outer loop
      vertex  6.000000e+000 -1.140409e+001 -8.100000e+001
      vertex  6.000000e+000 -5.000000e+000 -7.820000e+001
      vertex  6.000000e+000 -6.555635e+000 -7.755563e+001
    endloop
  endfacet
  facet normal  1.000000e+000  0.000000e+000  0.000000e+000
    outer loop
      vertex  6.000000e+000 -1.677274e+001 -7.563135e+001
      vertex  6.000000e+000 -1.292780e+001 -5.552512e+001
      vertex  6.000000e+000 -1.412988e+001 -5.502720e+001
    endloop
  endfacet
  facet normal  1.000000e+000  0.000000e+000  0.000000e+000
    outer loop
      vertex  6.000000e+000 -1.677274e+001 -7.563135e+001
      vertex  6.000000e+000 -1.412988e+001 -5.502720e+001
      vertex  6.000000e+000 -1.462780e+001 -5.382512e+001
    endloop
  endfacet
  facet normal  1.000000e+000  0.000000e+000  -0.000000e+000
    outer loop
      vertex  6.000000e+000 -1.677274e+001 -7.563135e+001
      vertex  6.000000e+000 -1.462780e+001 -5.382512e+001
      vertex  6.000000e+000 -1.292780e+001 -3.380393e+001
    endloop
  endfacet
  facet normal  1.000000e+000  0.000000e+000  0.000000e+000
    outer loop
      vertex  6.000000e+000 -1.677274e+001 -7.563135e+001
      vertex  6.000000e+000 -1.292780e+001 -3.380393e+001
      vertex  6.000000e+000 -1.412988e+001 -3.330601e+001
    endloop
  endfacet
  facet normal  9.999999e-001  0.000000e+000  0.000000e+000
    outer loop
      vertex  6.000000e+000 -1.677274e+001 -7.563135e+001
      vertex  6.000000e+000 -1.412988e+001 -3.330601e+001
      vertex  6.000000e+000 -1.462780e+001 -3.210393e+001
    endloop
  endfacet
  facet normal  9.999999e-001  0.000000e+000  0.000000e+000
    outer loop
      vertex  6.000000e+000 -1.677274e+001  3.435231e+001
      vertex  6.000000e+000 -1.677274e+001 -7.563135e+001
      vertex  6.000000e+000 -1.462805e+001  1.943276e+001
    endloop
  endfacet
  facet normal  1.000000e+000  0.000000e+000  -0.000000e+000
    outer loop
      vertex  6.000000e+000 -1.677274e+001  3.435231e+001
      vertex  6.000000e+000 -1.462805e+001  1.943276e+001
      vertex  6.000000e+000 -1.413013e+001  2.063484e+001
    endloop
  endfacet
  facet normal  1.000000e+000  0.000000e+000  -0.000000e+000
    outer loop
      vertex  6.000000e+000 -1.677274e+001  3.435231e+001
      vertex  6.000000e+000 -1.413013e+001  2.063484e+001
      vertex  6.000000e+000 -1.292805e+001  2.113276e+001
    endloop
  endfacet
  facet normal  1.000000e+000  0.000000e+000  -0.000000e+000
    outer loop
      vertex  6.000000e+000 -1.677274e+001  3.435231e+001
      vertex  6.000000e+000 -1.292805e+001  2.113276e+001
      vertex  6.000000e+000 -1.292805e+001  4.293276e+001
    endloop
  endfacet
  facet normal  1.000000e+000  0.000000e+000  0.000000e+000
    outer loop
      vertex  6.000000e+000 -1.677274e+001  3.435231e+001
      vertex  6.000000e+000 -1.292805e+001  4.293276e+001
      vertex  6.000000e+000 -1.398871e+001  4.337210e+001
    endloop
  endfacet
  facet normal  9.999999e-001  0.000000e+000  0.000000e+000
    outer loop
      vertex  6.000000e+000 -1.677274e+001  3.435231e+001
      vertex  6.000000e+000 -1.398871e+001  4.337210e+001
      vertex  6.000000e+000 -1.442805e+001  4.443276e+001
    endloop
  endfacet
  facet normal  1.000000e+000  0.000000e+000  0.000000e+000
    outer loop
      vertex  6.000000e+000 -7.260732e+000 -4.407763e+000
      vertex  6.000000e+000  7.260732e+000 -4.407763e+000
      vertex  6.000000e+000  4.000000e+000  5.352306e+000
    endloop
  endfacet
  facet normal  1.000000e+000  0.000000e+000  0.000000e+000
    outer loop
      vertex  6.000000e+000 -7.260732e+000 -4.407763e+000
      vertex  6.000000e+000  4.000000e+000  5.352306e+000
      vertex  6.000000e+000 -4.000000e+000  5.352306e+000
    endloop
  endfacet
  facet normal  1.000000e+000  0.000000e+000  -0.000000e+000
    outer loop
      vertex  6.000000e+000 -7.260732e+000 -4.407763e+000
      vertex  6.000000e+000 -4.000000e+000  5.352306e+000
      vertex  6.000000e+000 -4.000000e+000  2.535231e+001
    endloop
  endfacet
  facet normal  1.000000e+000  0.000000e+000  0.000000e+000
    outer loop
      vertex  6.000000e+000 -7.260732e+000 -4.407763e+000
      vertex  6.000000e+000 -4.000000e+000  2.535231e+001
      vertex  6.000000e+000 -7.000000e+000  4.457930e+001
    endloop
  endfacet
  facet normal  9.999999e-001  0.000000e+000  -0.000000e+000
    outer loop
      vertex  6.000000e+000 -7.260732e+000 -1.288281e+001
      vertex  6.000000e+000  3.444365e+000 -2.594436e+001
      vertex  6.000000e+000  5.000000e+000 -2.530000e+001
    endloop
  endfacet
  facet normal  1.000000e+000  -0.000000e+000  -0.000000e+000
    outer loop
      vertex  6.000000e+000 -7.260732e+000 -1.288281e+001
      vertex  6.000000e+000  5.000000e+000 -2.530000e+001
      vertex  6.000000e+000  6.555635e+000 -2.594436e+001
    endloop
  endfacet
  facet normal  1.000000e+000  -0.000000e+000  -0.000000e+000
    outer loop
      vertex  6.000000e+000 -7.260732e+000 -1.288281e+001
      vertex  6.000000e+000  6.555635e+000 -2.594436e+001
      vertex  6.000000e+000  1.292780e+001 -3.040393e+001
    endloop
  endfacet
  facet normal  1.000000e+000  0.000000e+000  0.000000e+000
    outer loop
      vertex  6.000000e+000 -7.260732e+000 -1.288281e+001
      vertex  6.000000e+000  1.292780e+001 -3.040393e+001
      vertex  6.000000e+000  7.260732e+000 -1.288281e+001
    endloop
  endfacet
  facet normal  1.000000e+000  0.000000e+000  0.000000e+000
    outer loop
      vertex  6.000000e+000 -7.260732e+000 -1.288281e+001
      vertex  6.000000e+000 -7.260732e+000 -4.407763e+000
      vertex  6.000000e+000 -1.172597e+001 -4.365161e+000
    endloop
  endfacet
  facet normal  1.000000e+000  0.000000e+000  0.000000e+000
    outer loop
      vertex  6.000000e+000 -7.260732e+000 -1.288281e+001
      vertex  6.000000e+000 -1.172597e+001 -4.365161e+000
      vertex  6.000000e+000 -1.122805e+001 -5.567243e+000
    endloop
  endfacet
  facet normal  1.000000e+000  0.000000e+000  0.000000e+000
    outer loop
      vertex  6.000000e+000 -7.260732e+000 -1.288281e+001
      vertex  6.000000e+000 -1.122805e+001 -5.567243e+000
      vertex  6.000000e+000 -1.172597e+001 -6.769324e+000
    endloop
  endfacet
  facet normal  1.000000e+000  0.000000e+000  0.000000e+000
    outer loop
      vertex  6.000000e+000 -7.260732e+000 -1.288281e+001
      vertex  6.000000e+000 -1.172597e+001 -6.769324e+000
      vertex  6.000000e+000 -1.292805e+001 -7.267242e+000
    endloop
  endfacet
  facet normal  1.000000e+000  0.000000e+000  0.000000e+000
    outer loop
      vertex  6.000000e+000 -7.260732e+000 -1.288281e+001
      vertex  6.000000e+000 -1.292805e+001 -7.267242e+000
      vertex  6.000000e+000 -1.292780e+001 -3.040393e+001
    endloop
  endfacet
  facet normal  9.999999e-001  0.000000e+000  0.000000e+000
    outer loop
      vertex  6.000000e+000 -7.260732e+000 -1.288281e+001
      vertex  6.000000e+000 -1.292780e+001 -3.040393e+001
      vertex  6.000000e+000 -6.555635e+000 -2.594436e+001
    endloop
  endfacet
  facet normal  1.000000e+000  0.000000e+000  -0.000000e+000
    outer loop
      vertex  6.000000e+000 -7.260732e+000 -1.288281e+001
      vertex  6.000000e+000 -6.555635e+000 -2.594436e+001
      vertex  6.000000e+000 -5.000000e+000 -2.530000e+001
    endloop
  endfacet
  facet normal  1.000000e+000  -0.000000e+000  -0.000000e+000
    outer loop
      vertex  6.000000e+000 -7.260732e+000 -1.288281e+001
      vertex  6.000000e+000 -5.000000e+000 -2.530000e+001
      vertex  6.000000e+000 -3.444365e+000 -2.594436e+001
    endloop
  endfacet
  facet normal  1.000000e+000  0.000000e+000  0.000000e+000
    outer loop
      vertex  6.000000e+000 -1.292805e+001  4.593276e+001
      vertex  6.000000e+000 -5.500000e+000  5.847372e+001
      vertex  6.000000e+000 -8.426489e+000  6.092934e+001
    endloop
  endfacet
  facet normal  1.000000e+000  0.000000e+000  0.000000e+000
    outer loop
      vertex  6.000000e+000 -1.292805e+001  4.593276e+001
      vertex  6.000000e+000 -8.426489e+000  6.092934e+001
      vertex  6.000000e+000 -1.033662e+001  6.423778e+001
    endloop
  endfacet
  facet normal  1.000000e+000  0.000000e+000  0.000000e+000
    outer loop
      vertex  6.000000e+000 -1.292805e+001  4.593276e+001
      vertex  6.000000e+000 -1.033662e+001  6.423778e+001
      vertex  6.000000e+000 -1.100000e+001  6.800000e+001
    endloop
  endfacet
  facet normal  1.000000e+000  0.000000e+000  0.000000e+000
    outer loop
      vertex  6.000000e+000 -1.292805e+001  4.593276e+001
      vertex  6.000000e+000 -1.100000e+001  6.800000e+001
      vertex  6.000000e+000 -1.488983e+001  7.835264e+001
    endloop
  endfacet
  facet normal  9.999999e-001  0.000000e+000  0.000000e+000
    outer loop
      vertex  6.000000e+000 -1.292805e+001  4.593276e+001
      vertex  6.000000e+000 -1.488983e+001  7.835264e+001
      vertex  6.000000e+000 -1.799937e+001  7.371910e+001
    endloop
  endfacet
  facet normal  1.000000e+000  0.000000e+000  0.000000e+000
    outer loop
      vertex  6.000000e+000 -1.292805e+001  4.593276e+001
      vertex  6.000000e+000 -1.799937e+001  7.371910e+001
      vertex  6.000000e+000 -1.970771e+001  6.840681e+001
    endloop
  endfacet
  facet normal  1.000000e+000  0.000000e+000  0.000000e+000
    outer loop
      vertex  6.000000e+000 -1.292805e+001  4.593276e+001
      vertex  6.000000e+000 -1.970771e+001  6.840681e+001
      vertex  6.000000e+000 -1.988185e+001  6.282930e+001
    endloop
  endfacet
  facet normal  1.000000e+000  0.000000e+000  -0.000000e+000
    outer loop
      vertex  6.000000e+000 -1.988185e+001  6.282930e+001
      vertex  6.000000e+000 -1.677274e+001  3.435231e+001
      vertex  6.000000e+000 -1.442805e+001  4.443276e+001
    endloop
  endfacet
  facet normal  1.000000e+000  0.000000e+000  -0.000000e+000
    outer loop
      vertex  6.000000e+000 -1.988185e+001  6.282930e+001
      vertex  6.000000e+000 -1.442805e+001  4.443276e+001
      vertex  6.000000e+000 -1.398871e+001  4.549342e+001
    endloop
  endfacet
  facet normal  1.000000e+000  0.000000e+000  -0.000000e+000
    outer loop
      vertex  6.000000e+000 -1.988185e+001  6.282930e+001
      vertex  6.000000e+000 -1.398871e+001  4.549342e+001
      vertex  6.000000e+000 -1.292805e+001  4.593276e+001
    endloop
  endfacet
  facet normal  1.000000e+000  0.000000e+000  -0.000000e+000
    outer loop
      vertex  6.000000e+000 -1.292780e+001 -3.040393e+001
      vertex  6.000000e+000 -1.172572e+001 -3.090185e+001
      vertex  6.000000e+000 -5.000000e+000 -2.970000e+001
    endloop
  endfacet
  facet normal  1.000000e+000  0.000000e+000  0.000000e+000
    outer loop
      vertex  6.000000e+000 -1.292780e+001 -3.040393e+001
      vertex  6.000000e+000 -5.000000e+000 -2.970000e+001
      vertex  6.000000e+000 -6.555635e+000 -2.905564e+001
    endloop
  endfacet
  facet normal  9.999999e-001  0.000000e+000  0.000000e+000
    outer loop
      vertex  6.000000e+000 -1.292780e+001 -3.040393e+001
      vertex  6.000000e+000 -6.555635e+000 -2.905564e+001
      vertex  6.000000e+000 -7.200000e+000 -2.750000e+001
    endloop
  endfacet
  facet normal  9.999999e-001  0.000000e+000  -0.000000e+000
    outer loop
      vertex  6.000000e+000 -1.292780e+001 -3.040393e+001
      vertex  6.000000e+000 -7.200000e+000 -2.750000e+001
      vertex  6.000000e+000 -6.555635e+000 -2.594436e+001
    endloop
  endfacet
  facet normal  1.000000e+000  0.000000e+000  -0.000000e+000
    outer loop
      vertex  6.000000e+000  1.292805e+001  4.593276e+001
      vertex  6.000000e+000  1.398871e+001  4.549342e+001
      vertex  6.000000e+000  1.988185e+001  6.282930e+001
    endloop
  endfacet
  facet normal  1.000000e+000  0.000000e+000  0.000000e+000
    outer loop
      vertex  6.000000e+000  1.292805e+001  4.593276e+001
      vertex  6.000000e+000  1.988185e+001  6.282930e+001
      vertex  6.000000e+000  1.970771e+001  6.840681e+001
    endloop
  endfacet
  facet normal  1.000000e+000  0.000000e+000  0.000000e+000
    outer loop
      vertex  6.000000e+000  1.292805e+001  4.593276e+001
      vertex  6.000000e+000  1.970771e+001  6.840681e+001
      vertex  6.000000e+000  1.799937e+001  7.371910e+001
    endloop
  endfacet
  facet normal  9.999999e-001  0.000000e+000  0.000000e+000
    outer loop
      vertex  6.000000e+000  1.292805e+001  4.593276e+001
      vertex  6.000000e+000  1.799937e+001  7.371910e+001
      vertex  6.000000e+000  1.488983e+001  7.835264e+001
    endloop
  endfacet
  facet normal  1.000000e+000  0.000000e+000  0.000000e+000
    outer loop
      vertex  6.000000e+000  1.292805e+001  4.593276e+001
      vertex  6.000000e+000  1.488983e+001  7.835264e+001
      vertex  6.000000e+000  1.062116e+001  8.194671e+001
    endloop
  endfacet
  facet normal  1.000000e+000  0.000000e+000  0.000000e+000
    outer loop
      vertex  6.000000e+000  1.292805e+001  4.593276e+001
      vertex  6.000000e+000  1.062116e+001  8.194671e+001
      vertex  6.000000e+000  1.100000e+001  6.800000e+001
    endloop
  endfacet
  facet normal  1.000000e+000  0.000000e+000  0.000000e+000
    outer loop
      vertex  6.000000e+000  1.292805e+001  4.593276e+001
      vertex  6.000000e+000  1.100000e+001  6.800000e+001
      vertex  6.000000e+000  1.033662e+001  6.423778e+001
    endloop
  endfacet
  facet normal  1.000000e+000  0.000000e+000  0.000000e+000
    outer loop
      vertex  6.000000e+000  1.292805e+001  4.593276e+001
      vertex  6.000000e+000  1.033662e+001  6.423778e+001
      vertex  6.000000e+000  8.426489e+000  6.092934e+001
    endloop
  endfacet
  facet normal  1.000000e+000  0.000000e+000  0.000000e+000
    outer loop
      vertex  6.000000e+000  1.292805e+001  4.593276e+001
      vertex  6.000000e+000  8.426489e+000  6.092934e+001
      vertex  6.000000e+000  5.500000e+000  5.847372e+001
    endloop
  endfacet
  facet normal  1.000000e+000  0.000000e+000  0.000000e+000
    outer loop
      vertex  6.000000e+000  1.292805e+001  4.593276e+001
      vertex  6.000000e+000  5.500000e+000  5.847372e+001
      vertex  6.000000e+000  7.000000e+000  5.257930e+001
    endloop
  endfacet
  facet normal  1.000000e+000  0.000000e+000  0.000000e+000
    outer loop
      vertex  6.000000e+000  1.292805e+001  4.593276e+001
      vertex  6.000000e+000  7.000000e+000  5.257930e+001
      vertex  6.000000e+000  7.000000e+000  4.457930e+001
    endloop
  endfacet
  facet normal  1.000000e+000  0.000000e+000  0.000000e+000
    outer loop
      vertex  6.000000e+000  1.292805e+001  4.593276e+001
      vertex  6.000000e+000  7.000000e+000  4.457930e+001
      vertex  6.000000e+000  1.186739e+001  4.549342e+001
    endloop
  endfacet
  facet normal  9.999999e-001  0.000000e+000  0.000000e+000
    outer loop
      vertex  6.000000e+000  1.292780e+001 -3.040393e+001
      vertex  6.000000e+000  6.555635e+000 -2.594436e+001
      vertex  6.000000e+000  7.200000e+000 -2.750000e+001
    endloop
  endfacet
  facet normal  9.999999e-001  0.000000e+000  0.000000e+000
    outer loop
      vertex  6.000000e+000  1.292780e+001 -3.040393e+001
      vertex  6.000000e+000  7.200000e+000 -2.750000e+001
      vertex  6.000000e+000  6.555635e+000 -2.905564e+001
    endloop
  endfacet
  facet normal  1.000000e+000  0.000000e+000  0.000000e+000
    outer loop
      vertex  6.000000e+000  1.292780e+001 -3.040393e+001
      vertex  6.000000e+000  6.555635e+000 -2.905564e+001
      vertex  6.000000e+000  5.000000e+000 -2.970000e+001
    endloop
  endfacet
  facet normal  1.000000e+000  0.000000e+000  0.000000e+000
    outer loop
      vertex  6.000000e+000  1.292780e+001 -3.040393e+001
      vertex  6.000000e+000  5.000000e+000 -2.970000e+001
      vertex  6.000000e+000  1.172572e+001 -3.090185e+001
    endloop
  endfacet
  facet normal  1.000000e+000  0.000000e+000  0.000000e+000
    outer loop
      vertex  6.000000e+000  1.186739e+001  4.337210e+001
      vertex  6.000000e+000  1.122805e+001  1.943276e+001
      vertex  6.000000e+000  1.292805e+001  4.293276e+001
    endloop
  endfacet
  facet normal  1.000000e+000  0.000000e+000  0.000000e+000
    outer loop
      vertex  6.000000e+000  1.292805e+001  4.293276e+001
      vertex  6.000000e+000  1.122805e+001  1.943276e+001
      vertex  6.000000e+000  1.172597e+001  2.063484e+001
    endloop
  endfacet
  facet normal  1.000000e+000  0.000000e+000  0.000000e+000
    outer loop
      vertex  6.000000e+000  1.292805e+001  4.293276e+001
      vertex  6.000000e+000  1.172597e+001  2.063484e+001
      vertex  6.000000e+000  1.292805e+001  2.113276e+001
    endloop
  endfacet
  facet normal  9.999999e-001  0.000000e+000  0.000000e+000
    outer loop
      vertex  6.000000e+000  1.605347e+001 -7.831567e+001
      vertex  6.000000e+000  1.677274e+001 -7.563135e+001
      vertex  6.000000e+000  1.408841e+001 -8.028074e+001
    endloop
  endfacet
  facet normal  1.000000e+000  0.000000e+000  -0.000000e+000
    outer loop
      vertex  6.000000e+000  1.408841e+001 -8.028074e+001
      vertex  6.000000e+000  1.677274e+001 -7.563135e+001
      vertex  6.000000e+000  1.292780e+001 -5.552512e+001
    endloop
  endfacet
  facet normal  1.000000e+000  0.000000e+000  0.000000e+000
    outer loop
      vertex  6.000000e+000  1.408841e+001 -8.028074e+001
      vertex  6.000000e+000  1.292780e+001 -5.552512e+001
      vertex  6.000000e+000  1.140409e+001 -8.100000e+001
    endloop
  endfacet
  facet normal  1.000000e+000  0.000000e+000  -0.000000e+000
    outer loop
      vertex  6.000000e+000  1.140409e+001 -8.100000e+001
      vertex  6.000000e+000  1.292780e+001 -5.552512e+001
      vertex  6.000000e+000  1.000000e+001 -7.200000e+001
    endloop
  endfacet
  facet normal  9.999999e-001  0.000000e+000  0.000000e+000
    outer loop
      vertex  6.000000e+000  1.910130e+000  7.883289e+001
      vertex  6.000000e+000 -6.123032e-015  8.500000e+001
      vertex  6.000000e+000 -1.910130e+000  7.883289e+001
    endloop
  endfacet
  facet normal  1.000000e+000  0.000000e+000  -0.000000e+000
    outer loop
      vertex  6.000000e+000 -1.910130e+000  7.883289e+001
      vertex  6.000000e+000 -6.123032e-015  8.500000e+001
      vertex  6.000000e+000 -5.525657e+000  8.422153e+001
    endloop
  endfacet
  facet normal  9.999999e-001  0.000000e+000  0.000000e+000
    outer loop
      vertex  6.000000e+000 -1.910130e+000  7.883289e+001
      vertex  6.000000e+000 -5.525657e+000  8.422153e+001
      vertex  6.000000e+000 -5.500000e+000  7.752628e+001
    endloop
  endfacet
  facet normal  1.000000e+000  0.000000e+000  0.000000e+000
    outer loop
      vertex  6.000000e+000  5.525657e+000  8.422153e+001
      vertex  6.000000e+000 -6.123032e-015  8.500000e+001
      vertex  6.000000e+000  1.062116e+001  8.194671e+001
    endloop
  endfacet
  facet normal  9.999999e-001  0.000000e+000  0.000000e+000
    outer loop
      vertex  6.000000e+000  1.062116e+001  8.194671e+001
      vertex  6.000000e+000 -6.123032e-015  8.500000e+001
      vertex  6.000000e+000  5.500000e+000  7.752628e+001
    endloop
  endfacet
  facet normal  1.000000e+000  -0.000000e+000  0.000000e+000
    outer loop
      vertex  6.000000e+000  1.062116e+001  8.194671e+001
      vertex  6.000000e+000  5.500000e+000  7.752628e+001
      vertex  6.000000e+000  8.426489e+000  7.507066e+001
    endloop
  endfacet
  facet normal  1.000000e+000  0.000000e+000  0.000000e+000
    outer loop
      vertex  6.000000e+000 -6.555635e+000 -7.755563e+001
      vertex  6.000000e+000 -7.200000e+000 -7.600000e+001
      vertex  6.000000e+000 -1.140409e+001 -8.100000e+001
    endloop
  endfacet
  facet normal  1.000000e+000  0.000000e+000  0.000000e+000
    outer loop
      vertex  6.000000e+000 -1.140409e+001 -8.100000e+001
      vertex  6.000000e+000 -7.200000e+000 -7.600000e+001
      vertex  6.000000e+000 -1.000000e+001 -7.200000e+001
    endloop
  endfacet
  facet normal  1.000000e+000  0.000000e+000  0.000000e+000
    outer loop
      vertex  6.000000e+000 -1.140409e+001 -8.100000e+001
      vertex  6.000000e+000 -1.000000e+001 -7.200000e+001
      vertex  6.000000e+000 -1.408841e+001 -8.028074e+001
    endloop
  endfacet
  facet normal  1.000000e+000  0.000000e+000  0.000000e+000
    outer loop
      vertex  6.000000e+000 -1.408841e+001 -8.028074e+001
      vertex  6.000000e+000 -1.000000e+001 -7.200000e+001
      vertex  6.000000e+000 -1.292780e+001 -5.552512e+001
    endloop
  endfacet
  facet normal  1.000000e+000  0.000000e+000  0.000000e+000
    outer loop
      vertex  6.000000e+000 -1.408841e+001 -8.028074e+001
      vertex  6.000000e+000 -1.292780e+001 -5.552512e+001
      vertex  6.000000e+000 -1.605347e+001 -7.831567e+001
    endloop
  endfacet
  facet normal  1.000000e+000  0.000000e+000  -0.000000e+000
    outer loop
      vertex  6.000000e+000 -1.605347e+001 -7.831567e+001
      vertex  6.000000e+000 -1.292780e+001 -5.552512e+001
      vertex  6.000000e+000 -1.677274e+001 -7.563135e+001
    endloop
  endfacet
  facet normal  1.000000e+000  0.000000e+000  -0.000000e+000
    outer loop
      vertex  6.000000e+000 -1.488983e+001  7.835264e+001
      vertex  6.000000e+000 -1.100000e+001  6.800000e+001
      vertex  6.000000e+000 -1.062116e+001  8.194671e+001
    endloop
  endfacet
  facet normal  9.999999e-001  0.000000e+000  0.000000e+000
    outer loop
      vertex  6.000000e+000 -1.062116e+001  8.194671e+001
      vertex  6.000000e+000 -1.100000e+001  6.800000e+001
      vertex  6.000000e+000 -1.033662e+001  7.176222e+001
    endloop
  endfacet
  facet normal  1.000000e+000  0.000000e+000  -0.000000e+000
    outer loop
      vertex  6.000000e+000 -1.062116e+001  8.194671e+001
      vertex  6.000000e+000 -1.033662e+001  7.176222e+001
      vertex  6.000000e+000 -8.426489e+000  7.507066e+001
    endloop
  endfacet
  facet normal  9.999999e-001  0.000000e+000  -0.000000e+000
    outer loop
      vertex  6.000000e+000 -1.062116e+001  8.194671e+001
      vertex  6.000000e+000 -8.426489e+000  7.507066e+001
      vertex  6.000000e+000 -5.525657e+000  8.422153e+001
    endloop
  endfacet
  facet normal  1.000000e+000  0.000000e+000  0.000000e+000
    outer loop
      vertex  6.000000e+000 -5.525657e+000  8.422153e+001
      vertex  6.000000e+000 -8.426489e+000  7.507066e+001
      vertex  6.000000e+000 -5.500000e+000  7.752628e+001
    endloop
  endfacet
  facet normal  1.000000e+000  0.000000e+000  0.000000e+000
    outer loop
      vertex  6.000000e+000  1.122805e+001  1.943276e+001
      vertex  6.000000e+000  7.260732e+000 -4.407763e+000
      vertex  6.000000e+000  1.172597e+001  1.823068e+001
    endloop
  endfacet
  facet normal  1.000000e+000  0.000000e+000  0.000000e+000
    outer loop
      vertex  6.000000e+000  1.172597e+001  1.823068e+001
      vertex  6.000000e+000  7.260732e+000 -4.407763e+000
      vertex  6.000000e+000  1.172597e+001 -4.365161e+000
    endloop
  endfacet
  facet normal  1.000000e+000  0.000000e+000  0.000000e+000
    outer loop
      vertex  6.000000e+000  1.172597e+001  1.823068e+001
      vertex  6.000000e+000  1.172597e+001 -4.365161e+000
      vertex  6.000000e+000  1.292805e+001  1.773276e+001
    endloop
  endfacet
  facet normal  1.000000e+000  0.000000e+000  0.000000e+000
    outer loop
      vertex  6.000000e+000  1.292805e+001  1.773276e+001
      vertex  6.000000e+000  1.172597e+001 -4.365161e+000
      vertex  6.000000e+000  1.292805e+001 -3.867242e+000
    endloop
  endfacet
  facet normal  1.000000e+000  -0.000000e+000  0.000000e+000
    outer loop
      vertex  6.000000e+000  1.292805e+001  1.773276e+001
      vertex  6.000000e+000  1.292805e+001 -3.867242e+000
      vertex  6.000000e+000  1.413013e+001 -4.365161e+000
    endloop
  endfacet
  facet normal  9.999999e-001  0.000000e+000  0.000000e+000
    outer loop
      vertex  6.000000e+000  1.186739e+001  4.337210e+001
      vertex  6.000000e+000  1.142805e+001  4.443276e+001
      vertex  6.000000e+000  1.122805e+001  1.943276e+001
    endloop
  endfacet
  facet normal  1.000000e+000  0.000000e+000  -0.000000e+000
    outer loop
      vertex  6.000000e+000  1.122805e+001  1.943276e+001
      vertex  6.000000e+000  1.142805e+001  4.443276e+001
      vertex  6.000000e+000  7.000000e+000  4.457930e+001
    endloop
  endfacet
  facet normal  1.000000e+000  0.000000e+000  0.000000e+000
    outer loop
      vertex  6.000000e+000  1.122805e+001  1.943276e+001
      vertex  6.000000e+000  7.000000e+000  4.457930e+001
      vertex  6.000000e+000  7.260732e+000 -4.407763e+000
    endloop
  endfacet
  facet normal  1.000000e+000  0.000000e+000  0.000000e+000
    outer loop
      vertex  6.000000e+000  7.260732e+000 -4.407763e+000
      vertex  6.000000e+000  7.000000e+000  4.457930e+001
      vertex  6.000000e+000  4.000000e+000  5.352306e+000
    endloop
  endfacet
  facet normal  1.000000e+000  0.000000e+000  0.000000e+000
    outer loop
      vertex  6.000000e+000 -7.260732e+000 -4.407763e+000
      vertex  6.000000e+000 -1.122805e+001  1.943276e+001
      vertex  6.000000e+000 -1.172597e+001 -4.365161e+000
    endloop
  endfacet
  facet normal  1.000000e+000  0.000000e+000  0.000000e+000
    outer loop
      vertex  6.000000e+000 -1.172597e+001 -4.365161e+000
      vertex  6.000000e+000 -1.122805e+001  1.943276e+001
      vertex  6.000000e+000 -1.172597e+001  1.823068e+001
    endloop
  endfacet
  facet normal  1.000000e+000  0.000000e+000  0.000000e+000
    outer loop
      vertex  6.000000e+000 -1.172597e+001 -4.365161e+000
      vertex  6.000000e+000 -1.172597e+001  1.823068e+001
      vertex  6.000000e+000 -1.292805e+001 -3.867242e+000
    endloop
  endfacet
  facet normal  1.000000e+000  0.000000e+000  0.000000e+000
    outer loop
      vertex  6.000000e+000 -1.292805e+001 -3.867242e+000
      vertex  6.000000e+000 -1.172597e+001  1.823068e+001
      vertex  6.000000e+000 -1.292805e+001  1.773276e+001
    endloop
  endfacet
  facet normal  1.000000e+000  0.000000e+000  0.000000e+000
    outer loop
      vertex  6.000000e+000 -1.292805e+001 -3.867242e+000
      vertex  6.000000e+000 -1.292805e+001  1.773276e+001
      vertex  6.000000e+000 -1.413013e+001 -4.365161e+000
    endloop
  endfacet
  facet normal  1.000000e+000  0.000000e+000  0.000000e+000
    outer loop
      vertex  6.000000e+000 -1.462805e+001 -5.567243e+000
      vertex  6.000000e+000 -1.677274e+001 -7.563135e+001
      vertex  6.000000e+000 -1.413013e+001 -6.769324e+000
    endloop
  endfacet
  facet normal  1.000000e+000  0.000000e+000  0.000000e+000
    outer loop
      vertex  6.000000e+000 -1.413013e+001 -6.769324e+000
      vertex  6.000000e+000 -1.677274e+001 -7.563135e+001
      vertex  6.000000e+000 -1.462780e+001 -3.210393e+001
    endloop
  endfacet
  facet normal  1.000000e+000  0.000000e+000  0.000000e+000
    outer loop
      vertex  6.000000e+000 -1.413013e+001 -6.769324e+000
      vertex  6.000000e+000 -1.462780e+001 -3.210393e+001
      vertex  6.000000e+000 -1.292805e+001 -7.267242e+000
    endloop
  endfacet
  facet normal  1.000000e+000  0.000000e+000  0.000000e+000
    outer loop
      vertex  6.000000e+000 -1.292805e+001 -7.267242e+000
      vertex  6.000000e+000 -1.462780e+001 -3.210393e+001
      vertex  6.000000e+000 -1.412988e+001 -3.090185e+001
    endloop
  endfacet
  facet normal  9.999999e-001  0.000000e+000  0.000000e+000
    outer loop
      vertex  6.000000e+000 -1.292805e+001 -7.267242e+000
      vertex  6.000000e+000 -1.412988e+001 -3.090185e+001
      vertex  6.000000e+000 -1.292780e+001 -3.040393e+001
    endloop
  endfacet
  facet normal  1.000000e+000  0.000000e+000  0.000000e+000
    outer loop
      vertex  6.000000e+000 -1.462805e+001  1.943276e+001
      vertex  6.000000e+000 -1.677274e+001 -7.563135e+001
      vertex  6.000000e+000 -1.413013e+001  1.823068e+001
    endloop
  endfacet
  facet normal  1.000000e+000  0.000000e+000  0.000000e+000
    outer loop
      vertex  6.000000e+000 -1.413013e+001  1.823068e+001
      vertex  6.000000e+000 -1.677274e+001 -7.563135e+001
      vertex  6.000000e+000 -1.462805e+001 -5.567243e+000
    endloop
  endfacet
  facet normal  1.000000e+000  0.000000e+000  0.000000e+000
    outer loop
      vertex  6.000000e+000 -1.413013e+001  1.823068e+001
      vertex  6.000000e+000 -1.462805e+001 -5.567243e+000
      vertex  6.000000e+000 -1.292805e+001  1.773276e+001
    endloop
  endfacet
  facet normal  1.000000e+000  0.000000e+000  0.000000e+000
    outer loop
      vertex  6.000000e+000 -1.292805e+001  1.773276e+001
      vertex  6.000000e+000 -1.462805e+001 -5.567243e+000
      vertex  6.000000e+000 -1.413013e+001 -4.365161e+000
    endloop
  endfacet
  facet normal  1.000000e+000  0.000000e+000  0.000000e+000
    outer loop
      vertex  6.000000e+000  1.172597e+001 -6.769324e+000
      vertex  6.000000e+000  7.260732e+000 -1.288281e+001
      vertex  6.000000e+000  1.292805e+001 -7.267242e+000
    endloop
  endfacet
  facet normal  1.000000e+000  0.000000e+000  0.000000e+000
    outer loop
      vertex  6.000000e+000  1.292805e+001 -7.267242e+000
      vertex  6.000000e+000  7.260732e+000 -1.288281e+001
      vertex  6.000000e+000  1.292780e+001 -3.040393e+001
    endloop
  endfacet
  facet normal  9.999999e-001  -0.000000e+000  0.000000e+000
    outer loop
      vertex  6.000000e+000  1.292805e+001 -7.267242e+000
      vertex  6.000000e+000  1.292780e+001 -3.040393e+001
      vertex  6.000000e+000  1.412988e+001 -3.090185e+001
    endloop
  endfacet
  facet normal  1.000000e+000  -0.000000e+000  0.000000e+000
    outer loop
      vertex  6.000000e+000  1.172597e+001 -4.365161e+000
      vertex  6.000000e+000  7.260732e+000 -4.407763e+000
      vertex  6.000000e+000  1.122805e+001 -5.567243e+000
    endloop
  endfacet
  facet normal  1.000000e+000  0.000000e+000  0.000000e+000
    outer loop
      vertex  6.000000e+000  1.122805e+001 -5.567243e+000
      vertex  6.000000e+000  7.260732e+000 -4.407763e+000
      vertex  6.000000e+000  7.260732e+000 -1.288281e+001
    endloop
  endfacet
  facet normal  1.000000e+000  0.000000e+000  0.000000e+000
    outer loop
      vertex  6.000000e+000  1.122805e+001 -5.567243e+000
      vertex  6.000000e+000  7.260732e+000 -1.288281e+001
      vertex  6.000000e+000  1.172597e+001 -6.769324e+000
    endloop
  endfacet
  facet normal  1.000000e+000  0.000000e+000  0.000000e+000
    outer loop
      vertex  6.000000e+000  1.172572e+001 -3.330601e+001
      vertex  6.000000e+000  1.122780e+001 -5.382512e+001
      vertex  6.000000e+000  1.292780e+001 -3.380393e+001
    endloop
  endfacet
  facet normal  1.000000e+000  0.000000e+000  0.000000e+000
    outer loop
      vertex  6.000000e+000  1.292780e+001 -3.380393e+001
      vertex  6.000000e+000  1.122780e+001 -5.382512e+001
      vertex  6.000000e+000  1.172572e+001 -5.262304e+001
    endloop
  endfacet
  facet normal  1.000000e+000  0.000000e+000  0.000000e+000
    outer loop
      vertex  6.000000e+000  1.292780e+001 -3.380393e+001
      vertex  6.000000e+000  1.172572e+001 -5.262304e+001
      vertex  6.000000e+000  1.292780e+001 -5.212512e+001
    endloop
  endfacet
  facet normal  1.000000e+000  0.000000e+000  0.000000e+000
    outer loop
      vertex  6.000000e+000  1.677274e+001 -7.563135e+001
      vertex  6.000000e+000  1.462805e+001 -5.567243e+000
      vertex  6.000000e+000  1.462780e+001 -3.210393e+001
    endloop
  endfacet
  facet normal  9.999999e-001  0.000000e+000  -0.000000e+000
    outer loop
      vertex  6.000000e+000  1.462780e+001 -3.210393e+001
      vertex  6.000000e+000  1.462805e+001 -5.567243e+000
      vertex  6.000000e+000  1.413013e+001 -6.769324e+000
    endloop
  endfacet
  facet normal  1.000000e+000  0.000000e+000  0.000000e+000
    outer loop
      vertex  6.000000e+000  1.462780e+001 -3.210393e+001
      vertex  6.000000e+000  1.413013e+001 -6.769324e+000
      vertex  6.000000e+000  1.412988e+001 -3.090185e+001
    endloop
  endfacet
  facet normal  1.000000e+000  0.000000e+000  -0.000000e+000
    outer loop
      vertex  6.000000e+000  1.412988e+001 -3.090185e+001
      vertex  6.000000e+000  1.413013e+001 -6.769324e+000
      vertex  6.000000e+000  1.292805e+001 -7.267242e+000
    endloop
  endfacet
  facet normal  1.000000e+000  0.000000e+000  0.000000e+000
    outer loop
      vertex  6.000000e+000  1.677274e+001 -7.563135e+001
      vertex  6.000000e+000  1.462805e+001  1.943276e+001
      vertex  6.000000e+000  1.462805e+001 -5.567243e+000
    endloop
  endfacet
  facet normal  1.000000e+000  0.000000e+000  -0.000000e+000
    outer loop
      vertex  6.000000e+000  1.462805e+001 -5.567243e+000
      vertex  6.000000e+000  1.462805e+001  1.943276e+001
      vertex  6.000000e+000  1.413013e+001  1.823068e+001
    endloop
  endfacet
  facet normal  1.000000e+000  0.000000e+000  0.000000e+000
    outer loop
      vertex  6.000000e+000  1.462805e+001 -5.567243e+000
      vertex  6.000000e+000  1.413013e+001  1.823068e+001
      vertex  6.000000e+000  1.413013e+001 -4.365161e+000
    endloop
  endfacet
  facet normal  1.000000e+000  0.000000e+000  -0.000000e+000
    outer loop
      vertex  6.000000e+000  1.413013e+001 -4.365161e+000
      vertex  6.000000e+000  1.413013e+001  1.823068e+001
      vertex  6.000000e+000  1.292805e+001  1.773276e+001
    endloop
  endfacet
  facet normal  0.000000e+000 -3.420203e-001  9.396927e-001
    outer loop
      vertex  2.800000e+000  1.910130e+000  5.716711e+001
      vertex  6.000000e+000  5.500000e+000  5.847372e+001
      vertex  2.800000e+000  5.500000e+000  5.847372e+001
    endloop
  endfacet
  facet normal  0.000000e+000 -6.427877e-001  7.660445e-001
    outer loop
      vertex  2.800000e+000  5.500000e+000  5.847372e+001
      vertex  6.000000e+000  5.500000e+000  5.847372e+001
      vertex  6.000000e+000  8.426489e+000  6.092934e+001
    endloop
  endfacet
  facet normal  0.000000e+000 -6.427877e-001  7.660445e-001
    outer loop
      vertex  2.800000e+000  5.500000e+000  5.847372e+001
      vertex  6.000000e+000  8.426489e+000  6.092934e+001
      vertex  2.800000e+000  8.426489e+000  6.092934e+001
    endloop
  endfacet
  facet normal  0.000000e+000 -8.660254e-001  5.000001e-001
    outer loop
      vertex  2.800000e+000  8.426489e+000  6.092934e+001
      vertex  6.000000e+000  8.426489e+000  6.092934e+001
      vertex  6.000000e+000  1.033662e+001  6.423778e+001
    endloop
  endfacet
  facet normal  0.000000e+000 -8.660254e-001  5.000001e-001
    outer loop
      vertex  2.800000e+000  8.426489e+000  6.092934e+001
      vertex  6.000000e+000  1.033662e+001  6.423778e+001
      vertex  2.800000e+000  1.033662e+001  6.423778e+001
    endloop
  endfacet
  facet normal  0.000000e+000 -9.848078e-001  1.736483e-001
    outer loop
      vertex  2.800000e+000  1.033662e+001  6.423778e+001
      vertex  6.000000e+000  1.033662e+001  6.423778e+001
      vertex  6.000000e+000  1.100000e+001  6.800000e+001
    endloop
  endfacet
  facet normal  0.000000e+000 -9.848078e-001  1.736483e-001
    outer loop
      vertex  2.800000e+000  1.033662e+001  6.423778e+001
      vertex  6.000000e+000  1.100000e+001  6.800000e+001
      vertex  2.800000e+000  1.100000e+001  6.800000e+001
    endloop
  endfacet
  facet normal  0.000000e+000 -3.420203e-001  9.396927e-001
    outer loop
      vertex  6.000000e+000  5.500000e+000  5.847372e+001
      vertex  2.800000e+000  1.910130e+000  5.716711e+001
      vertex  6.000000e+000  1.910130e+000  5.716711e+001
    endloop
  endfacet
  facet normal  0.000000e+000  0.000000e+000  1.000000e+000
    outer loop
      vertex  6.000000e+000  1.910130e+000  5.716711e+001
      vertex  2.800000e+000  1.910130e+000  5.716711e+001
      vertex  2.800000e+000 -1.910130e+000  5.716711e+001
    endloop
  endfacet
  facet normal  0.000000e+000  0.000000e+000  1.000000e+000
    outer loop
      vertex  6.000000e+000  1.910130e+000  5.716711e+001
      vertex  2.800000e+000 -1.910130e+000  5.716711e+001
      vertex  6.000000e+000 -1.910130e+000  5.716711e+001
    endloop
  endfacet
  facet normal  0.000000e+000  3.420203e-001  9.396927e-001
    outer loop
      vertex  6.000000e+000 -1.910130e+000  5.716711e+001
      vertex  2.800000e+000 -1.910130e+000  5.716711e+001
      vertex  2.800000e+000 -5.500000e+000  5.847372e+001
    endloop
  endfacet
  facet normal  -0.000000e+000  3.420203e-001  9.396927e-001
    outer loop
      vertex  6.000000e+000 -1.910130e+000  5.716711e+001
      vertex  2.800000e+000 -5.500000e+000  5.847372e+001
      vertex  6.000000e+000 -5.500000e+000  5.847372e+001
    endloop
  endfacet
  facet normal  0.000000e+000  6.427877e-001  7.660445e-001
    outer loop
      vertex  6.000000e+000 -5.500000e+000  5.847372e+001
      vertex  2.800000e+000 -5.500000e+000  5.847372e+001
      vertex  2.800000e+000 -8.426489e+000  6.092934e+001
    endloop
  endfacet
  facet normal  -0.000000e+000  6.427877e-001  7.660445e-001
    outer loop
      vertex  6.000000e+000 -5.500000e+000  5.847372e+001
      vertex  2.800000e+000 -8.426489e+000  6.092934e+001
      vertex  6.000000e+000 -8.426489e+000  6.092934e+001
    endloop
  endfacet
  facet normal  0.000000e+000  8.660254e-001  5.000001e-001
    outer loop
      vertex  6.000000e+000 -8.426489e+000  6.092934e+001
      vertex  2.800000e+000 -8.426489e+000  6.092934e+001
      vertex  2.800000e+000 -1.033662e+001  6.423778e+001
    endloop
  endfacet
  facet normal  -0.000000e+000  8.660254e-001  5.000001e-001
    outer loop
      vertex  6.000000e+000 -8.426489e+000  6.092934e+001
      vertex  2.800000e+000 -1.033662e+001  6.423778e+001
      vertex  6.000000e+000 -1.033662e+001  6.423778e+001
    endloop
  endfacet
  facet normal  0.000000e+000  9.848078e-001  1.736483e-001
    outer loop
      vertex  6.000000e+000 -1.033662e+001  6.423778e+001
      vertex  2.800000e+000 -1.033662e+001  6.423778e+001
      vertex  2.800000e+000 -1.100000e+001  6.800000e+001
    endloop
  endfacet
  facet normal  -0.000000e+000  9.848078e-001  1.736483e-001
    outer loop
      vertex  6.000000e+000 -1.033662e+001  6.423778e+001
      vertex  2.800000e+000 -1.100000e+001  6.800000e+001
      vertex  6.000000e+000 -1.100000e+001  6.800000e+001
    endloop
  endfacet
  facet normal  0.000000e+000  3.420211e-001 -9.396923e-001
    outer loop
      vertex  2.800000e+000 -1.910130e+000  7.883289e+001
      vertex  6.000000e+000 -5.500000e+000  7.752628e+001
      vertex  2.800000e+000 -5.500000e+000  7.752628e+001
    endloop
  endfacet
  facet normal  0.000000e+000  6.427871e-001 -7.660449e-001
    outer loop
      vertex  2.800000e+000 -5.500000e+000  7.752628e+001
      vertex  6.000000e+000 -5.500000e+000  7.752628e+001
      vertex  6.000000e+000 -8.426489e+000  7.507066e+001
    endloop
  endfacet
  facet normal  0.000000e+000  6.427871e-001 -7.660449e-001
    outer loop
      vertex  2.800000e+000 -5.500000e+000  7.752628e+001
      vertex  6.000000e+000 -8.426489e+000  7.507066e+001
      vertex  2.800000e+000 -8.426489e+000  7.507066e+001
    endloop
  endfacet
  facet normal  0.000000e+000  8.660254e-001 -5.000001e-001
    outer loop
      vertex  2.800000e+000 -8.426489e+000  7.507066e+001
      vertex  6.000000e+000 -8.426489e+000  7.507066e+001
      vertex  6.000000e+000 -1.033662e+001  7.176222e+001
    endloop
  endfacet
  facet normal  0.000000e+000  8.660254e-001 -5.000001e-001
    outer loop
      vertex  2.800000e+000 -8.426489e+000  7.507066e+001
      vertex  6.000000e+000 -1.033662e+001  7.176222e+001
      vertex  2.800000e+000 -1.033662e+001  7.176222e+001
    endloop
  endfacet
  facet normal  0.000000e+000  9.848078e-001 -1.736483e-001
    outer loop
      vertex  2.800000e+000 -1.033662e+001  7.176222e+001
      vertex  6.000000e+000 -1.033662e+001  7.176222e+001
      vertex  6.000000e+000 -1.100000e+001  6.800000e+001
    endloop
  endfacet
  facet normal  0.000000e+000  9.848078e-001 -1.736483e-001
    outer loop
      vertex  2.800000e+000 -1.033662e+001  7.176222e+001
      vertex  6.000000e+000 -1.100000e+001  6.800000e+001
      vertex  2.800000e+000 -1.100000e+001  6.800000e+001
    endloop
  endfacet
  facet normal  0.000000e+000  3.420211e-001 -9.396923e-001
    outer loop
      vertex  6.000000e+000 -5.500000e+000  7.752628e+001
      vertex  2.800000e+000 -1.910130e+000  7.883289e+001
      vertex  6.000000e+000 -1.910130e+000  7.883289e+001
    endloop
  endfacet
  facet normal  0.000000e+000  0.000000e+000 -1.000000e+000
    outer loop
      vertex  6.000000e+000 -1.910130e+000  7.883289e+001
      vertex  2.800000e+000 -1.910130e+000  7.883289e+001
      vertex  2.800000e+000  1.910130e+000  7.883289e+001
    endloop
  endfacet
  facet normal  0.000000e+000  0.000000e+000 -1.000000e+000
    outer loop
      vertex  6.000000e+000 -1.910130e+000  7.883289e+001
      vertex  2.800000e+000  1.910130e+000  7.883289e+001
      vertex  6.000000e+000  1.910130e+000  7.883289e+001
    endloop
  endfacet
  facet normal  -0.000000e+000 -3.420211e-001 -9.396923e-001
    outer loop
      vertex  6.000000e+000  1.910130e+000  7.883289e+001
      vertex  2.800000e+000  1.910130e+000  7.883289e+001
      vertex  2.800000e+000  5.500000e+000  7.752628e+001
    endloop
  endfacet
  facet normal  0.000000e+000 -3.420211e-001 -9.396923e-001
    outer loop
      vertex  6.000000e+000  1.910130e+000  7.883289e+001
      vertex  2.800000e+000  5.500000e+000  7.752628e+001
      vertex  6.000000e+000  5.500000e+000  7.752628e+001
    endloop
  endfacet
  facet normal  -0.000000e+000 -6.427871e-001 -7.660449e-001
    outer loop
      vertex  6.000000e+000  5.500000e+000  7.752628e+001
      vertex  2.800000e+000  5.500000e+000  7.752628e+001
      vertex  2.800000e+000  8.426489e+000  7.507066e+001
    endloop
  endfacet
  facet normal  0.000000e+000 -6.427871e-001 -7.660449e-001
    outer loop
      vertex  6.000000e+000  5.500000e+000  7.752628e+001
      vertex  2.800000e+000  8.426489e+000  7.507066e+001
      vertex  6.000000e+000  8.426489e+000  7.507066e+001
    endloop
  endfacet
  facet normal  -0.000000e+000 -8.660254e-001 -5.000001e-001
    outer loop
      vertex  6.000000e+000  8.426489e+000  7.507066e+001
      vertex  2.800000e+000  8.426489e+000  7.507066e+001
      vertex  2.800000e+000  1.033662e+001  7.176222e+001
    endloop
  endfacet
  facet normal  0.000000e+000 -8.660254e-001 -5.000001e-001
    outer loop
      vertex  6.000000e+000  8.426489e+000  7.507066e+001
      vertex  2.800000e+000  1.033662e+001  7.176222e+001
      vertex  6.000000e+000  1.033662e+001  7.176222e+001
    endloop
  endfacet
  facet normal  -0.000000e+000 -9.848078e-001 -1.736483e-001
    outer loop
      vertex  6.000000e+000  1.033662e+001  7.176222e+001
      vertex  2.800000e+000  1.033662e+001  7.176222e+001
      vertex  2.800000e+000  1.100000e+001  6.800000e+001
    endloop
  endfacet
  facet normal  0.000000e+000 -9.848078e-001 -1.736483e-001
    outer loop
      vertex  6.000000e+000  1.033662e+001  7.176222e+001
      vertex  2.800000e+000  1.100000e+001  6.800000e+001
      vertex  6.000000e+000  1.100000e+001  6.800000e+001
    endloop
  endfacet
  facet normal  -0.000000e+000  3.826826e-001  9.238799e-001
    outer loop
      vertex  2.800000e+000 -5.343192e-016  7.330000e+001
      vertex  0.000000e+000 -1.202082e+000  7.379792e+001
      vertex  2.800000e+000 -1.202082e+000  7.379792e+001
    endloop
  endfacet
  facet normal  0.000000e+000  9.238793e-001  3.826839e-001
    outer loop
      vertex  2.800000e+000 -1.202082e+000  7.379792e+001
      vertex  0.000000e+000 -1.202082e+000  7.379792e+001
      vertex  0.000000e+000 -1.700000e+000  7.500000e+001
    endloop
  endfacet
  facet normal  -0.000000e+000  9.238793e-001  3.826839e-001
    outer loop
      vertex  2.800000e+000 -1.202082e+000  7.379792e+001
      vertex  0.000000e+000 -1.700000e+000  7.500000e+001
      vertex  2.800000e+000 -1.700000e+000  7.500000e+001
    endloop
  endfacet
  facet normal  3.220680e-016  3.826826e-001  9.238799e-001
    outer loop
      vertex  0.000000e+000 -1.202082e+000  7.379792e+001
      vertex  2.800000e+000 -5.343192e-016  7.330000e+001
      vertex  0.000000e+000  1.822178e-015  7.330000e+001
    endloop
  endfacet
  facet normal -3.220680e-016 -3.826826e-001  9.238799e-001
    outer loop
      vertex  0.000000e+000  1.822178e-015  7.330000e+001
      vertex  2.800000e+000 -5.343192e-016  7.330000e+001
      vertex  2.800000e+000  1.202082e+000  7.379792e+001
    endloop
  endfacet
  facet normal  0.000000e+000 -3.826826e-001  9.238799e-001
    outer loop
      vertex  0.000000e+000  1.822178e-015  7.330000e+001
      vertex  2.800000e+000  1.202082e+000  7.379792e+001
      vertex  0.000000e+000  1.202082e+000  7.379792e+001
    endloop
  endfacet
  facet normal  0.000000e+000 -9.238793e-001  3.826839e-001
    outer loop
      vertex  0.000000e+000  1.202082e+000  7.379792e+001
      vertex  2.800000e+000  1.202082e+000  7.379792e+001
      vertex  2.800000e+000  1.700000e+000  7.500000e+001
    endloop
  endfacet
  facet normal  0.000000e+000 -9.238793e-001  3.826839e-001
    outer loop
      vertex  0.000000e+000  1.202082e+000  7.379792e+001
      vertex  2.800000e+000  1.700000e+000  7.500000e+001
      vertex  0.000000e+000  1.700000e+000  7.500000e+001
    endloop
  endfacet
  facet normal  0.000000e+000 -3.826826e-001 -9.238799e-001
    outer loop
      vertex  2.800000e+000  4.371584e-016  7.670000e+001
      vertex  0.000000e+000  1.202082e+000  7.620208e+001
      vertex  2.800000e+000  1.202082e+000  7.620208e+001
    endloop
  endfacet
  facet normal  -0.000000e+000 -9.238793e-001 -3.826839e-001
    outer loop
      vertex  2.800000e+000  1.202082e+000  7.620208e+001
      vertex  0.000000e+000  1.202082e+000  7.620208e+001
      vertex  0.000000e+000  1.700000e+000  7.500000e+001
    endloop
  endfacet
  facet normal  0.000000e+000 -9.238793e-001 -3.826839e-001
    outer loop
      vertex  2.800000e+000  1.202082e+000  7.620208e+001
      vertex  0.000000e+000  1.700000e+000  7.500000e+001
      vertex  2.800000e+000  1.700000e+000  7.500000e+001
    endloop
  endfacet
  facet normal  1.255644e-016 -3.826826e-001 -9.238799e-001
    outer loop
      vertex  0.000000e+000  1.202082e+000  7.620208e+001
      vertex  2.800000e+000  4.371584e-016  7.670000e+001
      vertex  0.000000e+000 -4.815673e-016  7.670000e+001
    endloop
  endfacet
  facet normal -1.255644e-016  3.826826e-001 -9.238799e-001
    outer loop
      vertex  0.000000e+000 -4.815673e-016  7.670000e+001
      vertex  2.800000e+000  4.371584e-016  7.670000e+001
      vertex  2.800000e+000 -1.202082e+000  7.620208e+001
    endloop
  endfacet
  facet normal  0.000000e+000  3.826826e-001 -9.238799e-001
    outer loop
      vertex  0.000000e+000 -4.815673e-016  7.670000e+001
      vertex  2.800000e+000 -1.202082e+000  7.620208e+001
      vertex  0.000000e+000 -1.202082e+000  7.620208e+001
    endloop
  endfacet
  facet normal  0.000000e+000  9.238793e-001 -3.826839e-001
    outer loop
      vertex  0.000000e+000 -1.202082e+000  7.620208e+001
      vertex  2.800000e+000 -1.202082e+000  7.620208e+001
      vertex  2.800000e+000 -1.700000e+000  7.500000e+001
    endloop
  endfacet
  facet normal  0.000000e+000  9.238793e-001 -3.826839e-001
    outer loop
      vertex  0.000000e+000 -1.202082e+000  7.620208e+001
      vertex  2.800000e+000 -1.700000e+000  7.500000e+001
      vertex  0.000000e+000 -1.700000e+000  7.500000e+001
    endloop
  endfacet
  facet normal  -0.000000e+000  5.877843e-001  8.090177e-001
    outer loop
      vertex  2.800000e+000 -1.081560e+000  6.467130e+001
      vertex  0.000000e+000 -2.831559e+000  6.594275e+001
      vertex  2.800000e+000 -2.831559e+000  6.594275e+001
    endloop
  endfacet
  facet normal  0.000000e+000  9.510567e-001  3.090167e-001
    outer loop
      vertex  2.800000e+000 -2.831559e+000  6.594275e+001
      vertex  0.000000e+000 -2.831559e+000  6.594275e+001
      vertex  0.000000e+000 -3.500000e+000  6.800000e+001
    endloop
  endfacet
  facet normal  -0.000000e+000  9.510567e-001  3.090167e-001
    outer loop
      vertex  2.800000e+000 -2.831559e+000  6.594275e+001
      vertex  0.000000e+000 -3.500000e+000  6.800000e+001
      vertex  2.800000e+000 -3.500000e+000  6.800000e+001
    endloop
  endfacet
  facet normal  0.000000e+000  5.877843e-001  8.090177e-001
    outer loop
      vertex  0.000000e+000 -2.831559e+000  6.594275e+001
      vertex  2.800000e+000 -1.081560e+000  6.467130e+001
      vertex  0.000000e+000 -1.081560e+000  6.467130e+001
    endloop
  endfacet
  facet normal  0.000000e+000  0.000000e+000  1.000000e+000
    outer loop
      vertex  0.000000e+000 -1.081560e+000  6.467130e+001
      vertex  2.800000e+000 -1.081560e+000  6.467130e+001
      vertex  2.800000e+000  1.081560e+000  6.467130e+001
    endloop
  endfacet
  facet normal  0.000000e+000  0.000000e+000  1.000000e+000
    outer loop
      vertex  0.000000e+000 -1.081560e+000  6.467130e+001
      vertex  2.800000e+000  1.081560e+000  6.467130e+001
      vertex  0.000000e+000  1.081560e+000  6.467130e+001
    endloop
  endfacet
  facet normal  0.000000e+000 -5.877843e-001  8.090177e-001
    outer loop
      vertex  0.000000e+000  1.081560e+000  6.467130e+001
      vertex  2.800000e+000  1.081560e+000  6.467130e+001
      vertex  2.800000e+000  2.831559e+000  6.594275e+001
    endloop
  endfacet
  facet normal  0.000000e+000 -5.877843e-001  8.090177e-001
    outer loop
      vertex  0.000000e+000  1.081560e+000  6.467130e+001
      vertex  2.800000e+000  2.831559e+000  6.594275e+001
      vertex  0.000000e+000  2.831559e+000  6.594275e+001
    endloop
  endfacet
  facet normal  0.000000e+000 -9.510567e-001  3.090167e-001
    outer loop
      vertex  0.000000e+000  2.831559e+000  6.594275e+001
      vertex  2.800000e+000  2.831559e+000  6.594275e+001
      vertex  2.800000e+000  3.500000e+000  6.800000e+001
    endloop
  endfacet
  facet normal  0.000000e+000 -9.510567e-001  3.090167e-001
    outer loop
      vertex  0.000000e+000  2.831559e+000  6.594275e+001
      vertex  2.800000e+000  3.500000e+000  6.800000e+001
      vertex  0.000000e+000  3.500000e+000  6.800000e+001
    endloop
  endfacet
  facet normal  0.000000e+000 -5.877843e-001 -8.090177e-001
    outer loop
      vertex  2.800000e+000  1.081560e+000  7.132870e+001
      vertex  0.000000e+000  2.831559e+000  7.005725e+001
      vertex  2.800000e+000  2.831559e+000  7.005725e+001
    endloop
  endfacet
  facet normal  -0.000000e+000 -9.510567e-001 -3.090167e-001
    outer loop
      vertex  2.800000e+000  2.831559e+000  7.005725e+001
      vertex  0.000000e+000  2.831559e+000  7.005725e+001
      vertex  0.000000e+000  3.500000e+000  6.800000e+001
    endloop
  endfacet
  facet normal  0.000000e+000 -9.510567e-001 -3.090167e-001
    outer loop
      vertex  2.800000e+000  2.831559e+000  7.005725e+001
      vertex  0.000000e+000  3.500000e+000  6.800000e+001
      vertex  2.800000e+000  3.500000e+000  6.800000e+001
    endloop
  endfacet
  facet normal  -0.000000e+000 -5.877843e-001 -8.090177e-001
    outer loop
      vertex  0.000000e+000  2.831559e+000  7.005725e+001
      vertex  2.800000e+000  1.081560e+000  7.132870e+001
      vertex  0.000000e+000  1.081560e+000  7.132870e+001
    endloop
  endfacet
  facet normal  0.000000e+000  0.000000e+000 -1.000000e+000
    outer loop
      vertex  0.000000e+000  1.081560e+000  7.132870e+001
      vertex  2.800000e+000  1.081560e+000  7.132870e+001
      vertex  2.800000e+000 -1.081560e+000  7.132870e+001
    endloop
  endfacet
  facet normal  0.000000e+000  0.000000e+000 -1.000000e+000
    outer loop
      vertex  0.000000e+000  1.081560e+000  7.132870e+001
      vertex  2.800000e+000 -1.081560e+000  7.132870e+001
      vertex  0.000000e+000 -1.081560e+000  7.132870e+001
    endloop
  endfacet
  facet normal  0.000000e+000  5.877843e-001 -8.090177e-001
    outer loop
      vertex  0.000000e+000 -1.081560e+000  7.132870e+001
      vertex  2.800000e+000 -1.081560e+000  7.132870e+001
      vertex  2.800000e+000 -2.831559e+000  7.005725e+001
    endloop
  endfacet
  facet normal  0.000000e+000  5.877843e-001 -8.090177e-001
    outer loop
      vertex  0.000000e+000 -1.081560e+000  7.132870e+001
      vertex  2.800000e+000 -2.831559e+000  7.005725e+001
      vertex  0.000000e+000 -2.831559e+000  7.005725e+001
    endloop
  endfacet
  facet normal  0.000000e+000  9.510567e-001 -3.090167e-001
    outer loop
      vertex  0.000000e+000 -2.831559e+000  7.005725e+001
      vertex  2.800000e+000 -2.831559e+000  7.005725e+001
      vertex  2.800000e+000 -3.500000e+000  6.800000e+001
    endloop
  endfacet
  facet normal  0.000000e+000  9.510567e-001 -3.090167e-001
    outer loop
      vertex  0.000000e+000 -2.831559e+000  7.005725e+001
      vertex  2.800000e+000 -3.500000e+000  6.800000e+001
      vertex  0.000000e+000 -3.500000e+000  6.800000e+001
    endloop
  endfacet
  facet normal  0.000000e+000 -3.826850e-001 -9.238788e-001
    outer loop
      vertex  2.800000e+000 -7.000000e+000  6.975000e+001
      vertex  0.000000e+000 -5.762563e+000  6.923743e+001
      vertex  2.800000e+000 -5.762563e+000  6.923743e+001
    endloop
  endfacet
  facet normal  -0.000000e+000 -9.238792e-001 -3.826841e-001
    outer loop
      vertex  2.800000e+000 -5.762563e+000  6.923743e+001
      vertex  0.000000e+000 -5.762563e+000  6.923743e+001
      vertex  0.000000e+000 -5.250000e+000  6.800000e+001
    endloop
  endfacet
  facet normal  0.000000e+000 -9.238792e-001 -3.826841e-001
    outer loop
      vertex  2.800000e+000 -5.762563e+000  6.923743e+001
      vertex  0.000000e+000 -5.250000e+000  6.800000e+001
      vertex  2.800000e+000 -5.250000e+000  6.800000e+001
    endloop
  endfacet
  facet normal  -0.000000e+000 -3.826850e-001 -9.238788e-001
    outer loop
      vertex  0.000000e+000 -5.762563e+000  6.923743e+001
      vertex  2.800000e+000 -7.000000e+000  6.975000e+001
      vertex  0.000000e+000 -7.000000e+000  6.975000e+001
    endloop
  endfacet
  facet normal  0.000000e+000  3.826849e-001 -9.238789e-001
    outer loop
      vertex  0.000000e+000 -7.000000e+000  6.975000e+001
      vertex  2.800000e+000 -7.000000e+000  6.975000e+001
      vertex  2.800000e+000 -8.237437e+000  6.923743e+001
    endloop
  endfacet
  facet normal  0.000000e+000  3.826849e-001 -9.238789e-001
    outer loop
      vertex  0.000000e+000 -7.000000e+000  6.975000e+001
      vertex  2.800000e+000 -8.237437e+000  6.923743e+001
      vertex  0.000000e+000 -8.237437e+000  6.923743e+001
    endloop
  endfacet
  facet normal  0.000000e+000  9.238794e-001 -3.826838e-001
    outer loop
      vertex  0.000000e+000 -8.237437e+000  6.923743e+001
      vertex  2.800000e+000 -8.237437e+000  6.923743e+001
      vertex  2.800000e+000 -8.750000e+000  6.800000e+001
    endloop
  endfacet
  facet normal  0.000000e+000  9.238794e-001 -3.826838e-001
    outer loop
      vertex  0.000000e+000 -8.237437e+000  6.923743e+001
      vertex  2.800000e+000 -8.750000e+000  6.800000e+001
      vertex  0.000000e+000 -8.750000e+000  6.800000e+001
    endloop
  endfacet
  facet normal  -0.000000e+000  3.826849e-001  9.238789e-001
    outer loop
      vertex  2.800000e+000 -7.000000e+000  6.625000e+001
      vertex  0.000000e+000 -8.237437e+000  6.676257e+001
      vertex  2.800000e+000 -8.237437e+000  6.676257e+001
    endloop
  endfacet
  facet normal  0.000000e+000  9.238794e-001  3.826838e-001
    outer loop
      vertex  2.800000e+000 -8.237437e+000  6.676257e+001
      vertex  0.000000e+000 -8.237437e+000  6.676257e+001
      vertex  0.000000e+000 -8.750000e+000  6.800000e+001
    endloop
  endfacet
  facet normal  -0.000000e+000  9.238794e-001  3.826838e-001
    outer loop
      vertex  2.800000e+000 -8.237437e+000  6.676257e+001
      vertex  0.000000e+000 -8.750000e+000  6.800000e+001
      vertex  2.800000e+000 -8.750000e+000  6.800000e+001
    endloop
  endfacet
  facet normal  0.000000e+000  3.826849e-001  9.238789e-001
    outer loop
      vertex  0.000000e+000 -8.237437e+000  6.676257e+001
      vertex  2.800000e+000 -7.000000e+000  6.625000e+001
      vertex  0.000000e+000 -7.000000e+000  6.625000e+001
    endloop
  endfacet
  facet normal  0.000000e+000 -3.826850e-001  9.238788e-001
    outer loop
      vertex  0.000000e+000 -7.000000e+000  6.625000e+001
      vertex  2.800000e+000 -7.000000e+000  6.625000e+001
      vertex  2.800000e+000 -5.762563e+000  6.676257e+001
    endloop
  endfacet
  facet normal  0.000000e+000 -3.826850e-001  9.238788e-001
    outer loop
      vertex  0.000000e+000 -7.000000e+000  6.625000e+001
      vertex  2.800000e+000 -5.762563e+000  6.676257e+001
      vertex  0.000000e+000 -5.762563e+000  6.676257e+001
    endloop
  endfacet
  facet normal  0.000000e+000 -9.238792e-001  3.826841e-001
    outer loop
      vertex  0.000000e+000 -5.762563e+000  6.676257e+001
      vertex  2.800000e+000 -5.762563e+000  6.676257e+001
      vertex  2.800000e+000 -5.250000e+000  6.800000e+001
    endloop
  endfacet
  facet normal  0.000000e+000 -9.238792e-001  3.826841e-001
    outer loop
      vertex  0.000000e+000 -5.762563e+000  6.676257e+001
      vertex  2.800000e+000 -5.250000e+000  6.800000e+001
      vertex  0.000000e+000 -5.250000e+000  6.800000e+001
    endloop
  endfacet
  facet normal  -0.000000e+000  3.826851e-001  9.238788e-001
    outer loop
      vertex  2.800000e+000 -1.977609e-015  5.930000e+001
      vertex  0.000000e+000 -1.202082e+000  5.979792e+001
      vertex  2.800000e+000 -1.202082e+000  5.979792e+001
    endloop
  endfacet
  facet normal  0.000000e+000  9.238793e-001  3.826839e-001
    outer loop
      vertex  2.800000e+000 -1.202082e+000  5.979792e+001
      vertex  0.000000e+000 -1.202082e+000  5.979792e+001
      vertex  0.000000e+000 -1.700000e+000  6.100000e+001
    endloop
  endfacet
  facet normal  -0.000000e+000  9.238793e-001  3.826839e-001
    outer loop
      vertex  2.800000e+000 -1.202082e+000  5.979792e+001
      vertex  0.000000e+000 -1.700000e+000  6.100000e+001
      vertex  2.800000e+000 -1.700000e+000  6.100000e+001
    endloop
  endfacet
  facet normal  2.850022e-016  3.826851e-001  9.238788e-001
    outer loop
      vertex  0.000000e+000 -1.202082e+000  5.979792e+001
      vertex  2.800000e+000 -1.977609e-015  5.930000e+001
      vertex  0.000000e+000  1.076724e-016  5.930000e+001
    endloop
  endfacet
  facet normal -2.850022e-016 -3.826851e-001  9.238788e-001
    outer loop
      vertex  0.000000e+000  1.076724e-016  5.930000e+001
      vertex  2.800000e+000 -1.977609e-015  5.930000e+001
      vertex  2.800000e+000  1.202082e+000  5.979792e+001
    endloop
  endfacet
  facet normal  0.000000e+000 -3.826851e-001  9.238788e-001
    outer loop
      vertex  0.000000e+000  1.076724e-016  5.930000e+001
      vertex  2.800000e+000  1.202082e+000  5.979792e+001
      vertex  0.000000e+000  1.202082e+000  5.979792e+001
    endloop
  endfacet
  facet normal  0.000000e+000 -9.238793e-001  3.826839e-001
    outer loop
      vertex  0.000000e+000  1.202082e+000  5.979792e+001
      vertex  2.800000e+000  1.202082e+000  5.979792e+001
      vertex  2.800000e+000  1.700000e+000  6.100000e+001
    endloop
  endfacet
  facet normal  0.000000e+000 -9.238793e-001  3.826839e-001
    outer loop
      vertex  0.000000e+000  1.202082e+000  5.979792e+001
      vertex  2.800000e+000  1.700000e+000  6.100000e+001
      vertex  0.000000e+000  1.700000e+000  6.100000e+001
    endloop
  endfacet
  facet normal  0.000000e+000 -3.826851e-001 -9.238788e-001
    outer loop
      vertex  2.800000e+000 -1.339198e-015  6.270000e+001
      vertex  0.000000e+000  1.202082e+000  6.220208e+001
      vertex  2.800000e+000  1.202082e+000  6.220208e+001
    endloop
  endfacet
  facet normal  -0.000000e+000 -9.238793e-001 -3.826839e-001
    outer loop
      vertex  2.800000e+000  1.202082e+000  6.220208e+001
      vertex  0.000000e+000  1.202082e+000  6.220208e+001
      vertex  0.000000e+000  1.700000e+000  6.100000e+001
    endloop
  endfacet
  facet normal  0.000000e+000 -9.238793e-001 -3.826839e-001
    outer loop
      vertex  2.800000e+000  1.202082e+000  6.220208e+001
      vertex  0.000000e+000  1.700000e+000  6.100000e+001
      vertex  2.800000e+000  1.700000e+000  6.100000e+001
    endloop
  endfacet
  facet normal  1.171118e-016 -3.826851e-001 -9.238788e-001
    outer loop
      vertex  0.000000e+000  1.202082e+000  6.220208e+001
      vertex  2.800000e+000 -1.339198e-015  6.270000e+001
      vertex  0.000000e+000 -2.196073e-015  6.270000e+001
    endloop
  endfacet
  facet normal -1.171118e-016  3.826851e-001 -9.238788e-001
    outer loop
      vertex  0.000000e+000 -2.196073e-015  6.270000e+001
      vertex  2.800000e+000 -1.339198e-015  6.270000e+001
      vertex  2.800000e+000 -1.202082e+000  6.220208e+001
    endloop
  endfacet
  facet normal  0.000000e+000  3.826851e-001 -9.238788e-001
    outer loop
      vertex  0.000000e+000 -2.196073e-015  6.270000e+001
      vertex  2.800000e+000 -1.202082e+000  6.220208e+001
      vertex  0.000000e+000 -1.202082e+000  6.220208e+001
    endloop
  endfacet
  facet normal  0.000000e+000  9.238793e-001 -3.826839e-001
    outer loop
      vertex  0.000000e+000 -1.202082e+000  6.220208e+001
      vertex  2.800000e+000 -1.202082e+000  6.220208e+001
      vertex  2.800000e+000 -1.700000e+000  6.100000e+001
    endloop
  endfacet
  facet normal  0.000000e+000  9.238793e-001 -3.826839e-001
    outer loop
      vertex  0.000000e+000 -1.202082e+000  6.220208e+001
      vertex  2.800000e+000 -1.700000e+000  6.100000e+001
      vertex  0.000000e+000 -1.700000e+000  6.100000e+001
    endloop
  endfacet
  facet normal  -0.000000e+000  3.826850e-001  9.238788e-001
    outer loop
      vertex  2.800000e+000  7.000000e+000  6.625000e+001
      vertex  0.000000e+000  5.762563e+000  6.676257e+001
      vertex  2.800000e+000  5.762563e+000  6.676257e+001
    endloop
  endfacet
  facet normal  0.000000e+000  9.238792e-001  3.826841e-001
    outer loop
      vertex  2.800000e+000  5.762563e+000  6.676257e+001
      vertex  0.000000e+000  5.762563e+000  6.676257e+001
      vertex  0.000000e+000  5.250000e+000  6.800000e+001
    endloop
  endfacet
  facet normal  -0.000000e+000  9.238792e-001  3.826841e-001
    outer loop
      vertex  2.800000e+000  5.762563e+000  6.676257e+001
      vertex  0.000000e+000  5.250000e+000  6.800000e+001
      vertex  2.800000e+000  5.250000e+000  6.800000e+001
    endloop
  endfacet
  facet normal  0.000000e+000  3.826850e-001  9.238788e-001
    outer loop
      vertex  0.000000e+000  5.762563e+000  6.676257e+001
      vertex  2.800000e+000  7.000000e+000  6.625000e+001
      vertex  0.000000e+000  7.000000e+000  6.625000e+001
    endloop
  endfacet
  facet normal  0.000000e+000 -3.826849e-001  9.238789e-001
    outer loop
      vertex  0.000000e+000  7.000000e+000  6.625000e+001
      vertex  2.800000e+000  7.000000e+000  6.625000e+001
      vertex  2.800000e+000  8.237437e+000  6.676257e+001
    endloop
  endfacet
  facet normal  0.000000e+000 -3.826849e-001  9.238789e-001
    outer loop
      vertex  0.000000e+000  7.000000e+000  6.625000e+001
      vertex  2.800000e+000  8.237437e+000  6.676257e+001
      vertex  0.000000e+000  8.237437e+000  6.676257e+001
    endloop
  endfacet
  facet normal  0.000000e+000 -9.238794e-001  3.826838e-001
    outer loop
      vertex  0.000000e+000  8.237437e+000  6.676257e+001
      vertex  2.800000e+000  8.237437e+000  6.676257e+001
      vertex  2.800000e+000  8.750000e+000  6.800000e+001
    endloop
  endfacet
  facet normal  0.000000e+000 -9.238794e-001  3.826838e-001
    outer loop
      vertex  0.000000e+000  8.237437e+000  6.676257e+001
      vertex  2.800000e+000  8.750000e+000  6.800000e+001
      vertex  0.000000e+000  8.750000e+000  6.800000e+001
    endloop
  endfacet
  facet normal  0.000000e+000 -3.826849e-001 -9.238789e-001
    outer loop
      vertex  2.800000e+000  7.000000e+000  6.975000e+001
      vertex  0.000000e+000  8.237437e+000  6.923743e+001
      vertex  2.800000e+000  8.237437e+000  6.923743e+001
    endloop
  endfacet
  facet normal  -0.000000e+000 -9.238794e-001 -3.826838e-001
    outer loop
      vertex  2.800000e+000  8.237437e+000  6.923743e+001
      vertex  0.000000e+000  8.237437e+000  6.923743e+001
      vertex  0.000000e+000  8.750000e+000  6.800000e+001
    endloop
  endfacet
  facet normal  0.000000e+000 -9.238794e-001 -3.826838e-001
    outer loop
      vertex  2.800000e+000  8.237437e+000  6.923743e+001
      vertex  0.000000e+000  8.750000e+000  6.800000e+001
      vertex  2.800000e+000  8.750000e+000  6.800000e+001
    endloop
  endfacet
  facet normal  -0.000000e+000 -3.826849e-001 -9.238789e-001
    outer loop
      vertex  0.000000e+000  8.237437e+000  6.923743e+001
      vertex  2.800000e+000  7.000000e+000  6.975000e+001
      vertex  0.000000e+000  7.000000e+000  6.975000e+001
    endloop
  endfacet
  facet normal  0.000000e+000  3.826850e-001 -9.238788e-001
    outer loop
      vertex  0.000000e+000  7.000000e+000  6.975000e+001
      vertex  2.800000e+000  7.000000e+000  6.975000e+001
      vertex  2.800000e+000  5.762563e+000  6.923743e+001
    endloop
  endfacet
  facet normal  0.000000e+000  3.826850e-001 -9.238788e-001
    outer loop
      vertex  0.000000e+000  7.000000e+000  6.975000e+001
      vertex  2.800000e+000  5.762563e+000  6.923743e+001
      vertex  0.000000e+000  5.762563e+000  6.923743e+001
    endloop
  endfacet
  facet normal  0.000000e+000  9.238792e-001 -3.826841e-001
    outer loop
      vertex  0.000000e+000  5.762563e+000  6.923743e+001
      vertex  2.800000e+000  5.762563e+000  6.923743e+001
      vertex  2.800000e+000  5.250000e+000  6.800000e+001
    endloop
  endfacet
  facet normal  0.000000e+000  9.238792e-001 -3.826841e-001
    outer loop
      vertex  0.000000e+000  5.762563e+000  6.923743e+001
      vertex  2.800000e+000  5.250000e+000  6.800000e+001
      vertex  0.000000e+000  5.250000e+000  6.800000e+001
    endloop
  endfacet
  facet normal  0.000000e+000  0.000000e+000 -1.000000e+000
    outer loop
      vertex -4.037282e+000 -1.677274e+001  3.435231e+001
      vertex -7.000000e+000 -1.677274e+001  3.435231e+001
      vertex -7.000000e+000 -1.601530e+001  3.435231e+001
    endloop
  endfacet
  facet normal  -0.000000e+000 -9.940926e-001 -1.085350e-001
    outer loop
      vertex  3.552714e-015 -1.677274e+001  3.435231e+001
      vertex  6.000000e+000 -1.677274e+001  3.435231e+001
      vertex  6.000000e+000 -1.988185e+001  6.282930e+001
    endloop
  endfacet
  facet normal  0.000000e+000 -9.940926e-001 -1.085350e-001
    outer loop
      vertex -7.000000e+000 -1.988185e+001  6.282930e+001
      vertex -7.000000e+000 -1.677274e+001  3.435231e+001
      vertex  6.000000e+000 -1.988185e+001  6.282930e+001
    endloop
  endfacet
  facet normal  0.000000e+000 -9.940926e-001 -1.085350e-001
    outer loop
      vertex  6.000000e+000 -1.988185e+001  6.282930e+001
      vertex -7.000000e+000 -1.677274e+001  3.435231e+001
      vertex -4.037282e+000 -1.677274e+001  3.435231e+001
    endloop
  endfacet
  facet normal  0.000000e+000 -9.940926e-001 -1.085350e-001
    outer loop
      vertex  6.000000e+000 -1.988185e+001  6.282930e+001
      vertex -4.037282e+000 -1.677274e+001  3.435231e+001
      vertex  3.552714e-015 -1.677274e+001  3.435231e+001
    endloop
  endfacet
  facet normal -1.720610e-001 -6.730130e-001 -7.193389e-001
    outer loop
      vertex  3.552714e-015 -1.677274e+001  3.338662e+001
      vertex -4.037282e+000 -1.677274e+001  3.435231e+001
      vertex -7.000000e+000 -1.498313e+001  3.338662e+001
    endloop
  endfacet
  facet normal -1.720607e-001 -6.730127e-001 -7.193393e-001
    outer loop
      vertex -7.000000e+000 -1.498313e+001  3.338662e+001
      vertex -4.037282e+000 -1.677274e+001  3.435231e+001
      vertex -7.000000e+000 -1.601530e+001  3.435231e+001
    endloop
  endfacet
  facet normal  0.000000e+000  0.000000e+000 -1.000000e+000
    outer loop
      vertex -7.000000e+000  1.601530e+001  3.435231e+001
      vertex -7.000000e+000  1.677274e+001  3.435231e+001
      vertex -4.037282e+000  1.677274e+001  3.435231e+001
    endloop
  endfacet
  facet normal  0.000000e+000  9.940926e-001 -1.085350e-001
    outer loop
      vertex  6.000000e+000  1.988185e+001  6.282930e+001
      vertex  6.000000e+000  1.677274e+001  3.435231e+001
      vertex  0.000000e+000  1.677274e+001  3.435231e+001
    endloop
  endfacet
  facet normal  0.000000e+000  9.940926e-001 -1.085350e-001
    outer loop
      vertex  0.000000e+000  1.677274e+001  3.435231e+001
      vertex -4.037282e+000  1.677274e+001  3.435231e+001
      vertex  6.000000e+000  1.988185e+001  6.282930e+001
    endloop
  endfacet
  facet normal  0.000000e+000  9.940926e-001 -1.085350e-001
    outer loop
      vertex  6.000000e+000  1.988185e+001  6.282930e+001
      vertex -4.037282e+000  1.677274e+001  3.435231e+001
      vertex -7.000000e+000  1.677274e+001  3.435231e+001
    endloop
  endfacet
  facet normal  0.000000e+000  9.940926e-001 -1.085350e-001
    outer loop
      vertex  6.000000e+000  1.988185e+001  6.282930e+001
      vertex -7.000000e+000  1.677274e+001  3.435231e+001
      vertex -7.000000e+000  1.988185e+001  6.282930e+001
    endloop
  endfacet
  facet normal -1.720610e-001  6.730130e-001 -7.193389e-001
    outer loop
      vertex  3.552714e-015  1.677274e+001  3.338662e+001
      vertex -7.000000e+000  1.498313e+001  3.338662e+001
      vertex -4.037282e+000  1.677274e+001  3.435231e+001
    endloop
  endfacet
  facet normal -1.720607e-001  6.730127e-001 -7.193393e-001
    outer loop
      vertex -4.037282e+000  1.677274e+001  3.435231e+001
      vertex -7.000000e+000  1.498313e+001  3.338662e+001
      vertex -7.000000e+000  1.601530e+001  3.435231e+001
    endloop
  endfacet
  facet normal  0.000000e+000 -3.826853e-001 -9.238787e-001
    outer loop
      vertex  6.000000e+000  1.292780e+001 -5.212512e+001
      vertex -7.000000e+000  1.412988e+001 -5.262304e+001
      vertex  6.000000e+000  1.412988e+001 -5.262304e+001
    endloop
  endfacet
  facet normal  -0.000000e+000 -9.238792e-001 -3.826843e-001
    outer loop
      vertex  6.000000e+000  1.412988e+001 -5.262304e+001
      vertex -7.000000e+000  1.412988e+001 -5.262304e+001
      vertex -7.000000e+000  1.462780e+001 -5.382512e+001
    endloop
  endfacet
  facet normal  0.000000e+000 -9.238792e-001 -3.826843e-001
    outer loop
      vertex  6.000000e+000  1.412988e+001 -5.262304e+001
      vertex -7.000000e+000  1.462780e+001 -5.382512e+001
      vertex  6.000000e+000  1.462780e+001 -5.382512e+001
    endloop
  endfacet
  facet normal  -0.000000e+000 -3.826853e-001 -9.238787e-001
    outer loop
      vertex -7.000000e+000  1.412988e+001 -5.262304e+001
      vertex  6.000000e+000  1.292780e+001 -5.212512e+001
      vertex -7.000000e+000  1.292780e+001 -5.212512e+001
    endloop
  endfacet
  facet normal  0.000000e+000  3.826851e-001 -9.238789e-001
    outer loop
      vertex -7.000000e+000  1.292780e+001 -5.212512e+001
      vertex  6.000000e+000  1.292780e+001 -5.212512e+001
      vertex  6.000000e+000  1.172572e+001 -5.262304e+001
    endloop
  endfacet
  facet normal  0.000000e+000  3.826851e-001 -9.238789e-001
    outer loop
      vertex -7.000000e+000  1.292780e+001 -5.212512e+001
      vertex  6.000000e+000  1.172572e+001 -5.262304e+001
      vertex -7.000000e+000  1.172572e+001 -5.262304e+001
    endloop
  endfacet
  facet normal  0.000000e+000  9.238792e-001 -3.826843e-001
    outer loop
      vertex -7.000000e+000  1.172572e+001 -5.262304e+001
      vertex  6.000000e+000  1.172572e+001 -5.262304e+001
      vertex  6.000000e+000  1.122780e+001 -5.382512e+001
    endloop
  endfacet
  facet normal  0.000000e+000  9.238792e-001 -3.826843e-001
    outer loop
      vertex -7.000000e+000  1.172572e+001 -5.262304e+001
      vertex  6.000000e+000  1.122780e+001 -5.382512e+001
      vertex -7.000000e+000  1.122780e+001 -5.382512e+001
    endloop
  endfacet
  facet normal  -0.000000e+000  3.826851e-001  9.238789e-001
    outer loop
      vertex  6.000000e+000  1.292780e+001 -5.552512e+001
      vertex -7.000000e+000  1.172572e+001 -5.502720e+001
      vertex  6.000000e+000  1.172572e+001 -5.502720e+001
    endloop
  endfacet
  facet normal  0.000000e+000  9.238792e-001  3.826843e-001
    outer loop
      vertex  6.000000e+000  1.172572e+001 -5.502720e+001
      vertex -7.000000e+000  1.172572e+001 -5.502720e+001
      vertex -7.000000e+000  1.122780e+001 -5.382512e+001
    endloop
  endfacet
  facet normal  -0.000000e+000  9.238792e-001  3.826843e-001
    outer loop
      vertex  6.000000e+000  1.172572e+001 -5.502720e+001
      vertex -7.000000e+000  1.122780e+001 -5.382512e+001
      vertex  6.000000e+000  1.122780e+001 -5.382512e+001
    endloop
  endfacet
  facet normal  0.000000e+000  3.826851e-001  9.238789e-001
    outer loop
      vertex -7.000000e+000  1.172572e+001 -5.502720e+001
      vertex  6.000000e+000  1.292780e+001 -5.552512e+001
      vertex -7.000000e+000  1.292780e+001 -5.552512e+001
    endloop
  endfacet
  facet normal  0.000000e+000 -3.826853e-001  9.238787e-001
    outer loop
      vertex -7.000000e+000  1.292780e+001 -5.552512e+001
      vertex  6.000000e+000  1.292780e+001 -5.552512e+001
      vertex  6.000000e+000  1.412988e+001 -5.502720e+001
    endloop
  endfacet
  facet normal  0.000000e+000 -3.826853e-001  9.238787e-001
    outer loop
      vertex -7.000000e+000  1.292780e+001 -5.552512e+001
      vertex  6.000000e+000  1.412988e+001 -5.502720e+001
      vertex -7.000000e+000  1.412988e+001 -5.502720e+001
    endloop
  endfacet
  facet normal  0.000000e+000 -9.238792e-001  3.826843e-001
    outer loop
      vertex -7.000000e+000  1.412988e+001 -5.502720e+001
      vertex  6.000000e+000  1.412988e+001 -5.502720e+001
      vertex  6.000000e+000  1.462780e+001 -5.382512e+001
    endloop
  endfacet
  facet normal  0.000000e+000 -9.238792e-001  3.826843e-001
    outer loop
      vertex -7.000000e+000  1.412988e+001 -5.502720e+001
      vertex  6.000000e+000  1.462780e+001 -5.382512e+001
      vertex -7.000000e+000  1.462780e+001 -5.382512e+001
    endloop
  endfacet
  facet normal  0.000000e+000 -3.826841e-001 -9.238793e-001
    outer loop
      vertex  6.000000e+000  1.292780e+001 -3.040393e+001
      vertex -7.000000e+000  1.412988e+001 -3.090185e+001
      vertex  6.000000e+000  1.412988e+001 -3.090185e+001
    endloop
  endfacet
  facet normal  -0.000000e+000 -9.238793e-001 -3.826838e-001
    outer loop
      vertex  6.000000e+000  1.412988e+001 -3.090185e+001
      vertex -7.000000e+000  1.412988e+001 -3.090185e+001
      vertex -7.000000e+000  1.462780e+001 -3.210393e+001
    endloop
  endfacet
  facet normal  0.000000e+000 -9.238793e-001 -3.826838e-001
    outer loop
      vertex  6.000000e+000  1.412988e+001 -3.090185e+001
      vertex -7.000000e+000  1.462780e+001 -3.210393e+001
      vertex  6.000000e+000  1.462780e+001 -3.210393e+001
    endloop
  endfacet
  facet normal  -0.000000e+000 -3.826841e-001 -9.238793e-001
    outer loop
      vertex -7.000000e+000  1.412988e+001 -3.090185e+001
      vertex  6.000000e+000  1.292780e+001 -3.040393e+001
      vertex -7.000000e+000  1.292780e+001 -3.040393e+001
    endloop
  endfacet
  facet normal  0.000000e+000  3.826838e-001 -9.238793e-001
    outer loop
      vertex -7.000000e+000  1.292780e+001 -3.040393e+001
      vertex  6.000000e+000  1.292780e+001 -3.040393e+001
      vertex  6.000000e+000  1.172572e+001 -3.090185e+001
    endloop
  endfacet
  facet normal  0.000000e+000  3.826838e-001 -9.238793e-001
    outer loop
      vertex -7.000000e+000  1.292780e+001 -3.040393e+001
      vertex  6.000000e+000  1.172572e+001 -3.090185e+001
      vertex -7.000000e+000  1.172572e+001 -3.090185e+001
    endloop
  endfacet
  facet normal  0.000000e+000  9.238793e-001 -3.826838e-001
    outer loop
      vertex -7.000000e+000  1.172572e+001 -3.090185e+001
      vertex  6.000000e+000  1.172572e+001 -3.090185e+001
      vertex  6.000000e+000  1.122780e+001 -3.210393e+001
    endloop
  endfacet
  facet normal  0.000000e+000  9.238793e-001 -3.826838e-001
    outer loop
      vertex -7.000000e+000  1.172572e+001 -3.090185e+001
      vertex  6.000000e+000  1.122780e+001 -3.210393e+001
      vertex -7.000000e+000  1.122780e+001 -3.210393e+001
    endloop
  endfacet
  facet normal  -0.000000e+000  3.826851e-001  9.238789e-001
    outer loop
      vertex  6.000000e+000  1.292780e+001 -3.380393e+001
      vertex -7.000000e+000  1.172572e+001 -3.330601e+001
      vertex  6.000000e+000  1.172572e+001 -3.330601e+001
    endloop
  endfacet
  facet normal  0.000000e+000  9.238792e-001  3.826843e-001
    outer loop
      vertex  6.000000e+000  1.172572e+001 -3.330601e+001
      vertex -7.000000e+000  1.172572e+001 -3.330601e+001
      vertex -7.000000e+000  1.122780e+001 -3.210393e+001
    endloop
  endfacet
  facet normal  -0.000000e+000  9.238792e-001  3.826843e-001
    outer loop
      vertex  6.000000e+000  1.172572e+001 -3.330601e+001
      vertex -7.000000e+000  1.122780e+001 -3.210393e+001
      vertex  6.000000e+000  1.122780e+001 -3.210393e+001
    endloop
  endfacet
  facet normal  0.000000e+000  3.826851e-001  9.238789e-001
    outer loop
      vertex -7.000000e+000  1.172572e+001 -3.330601e+001
      vertex  6.000000e+000  1.292780e+001 -3.380393e+001
      vertex -7.000000e+000  1.292780e+001 -3.380393e+001
    endloop
  endfacet
  facet normal  0.000000e+000 -3.826853e-001  9.238787e-001
    outer loop
      vertex -7.000000e+000  1.292780e+001 -3.380393e+001
      vertex  6.000000e+000  1.292780e+001 -3.380393e+001
      vertex  6.000000e+000  1.412988e+001 -3.330601e+001
    endloop
  endfacet
  facet normal  0.000000e+000 -3.826853e-001  9.238787e-001
    outer loop
      vertex -7.000000e+000  1.292780e+001 -3.380393e+001
      vertex  6.000000e+000  1.412988e+001 -3.330601e+001
      vertex -7.000000e+000  1.412988e+001 -3.330601e+001
    endloop
  endfacet
  facet normal  0.000000e+000 -9.238792e-001  3.826843e-001
    outer loop
      vertex -7.000000e+000  1.412988e+001 -3.330601e+001
      vertex  6.000000e+000  1.412988e+001 -3.330601e+001
      vertex  6.000000e+000  1.462780e+001 -3.210393e+001
    endloop
  endfacet
  facet normal  0.000000e+000 -9.238792e-001  3.826843e-001
    outer loop
      vertex -7.000000e+000  1.412988e+001 -3.330601e+001
      vertex  6.000000e+000  1.462780e+001 -3.210393e+001
      vertex -7.000000e+000  1.462780e+001 -3.210393e+001
    endloop
  endfacet
  facet normal  0.000000e+000 -3.826835e-001 -9.238795e-001
    outer loop
      vertex  6.000000e+000  1.292805e+001 -3.867242e+000
      vertex -7.000000e+000  1.413013e+001 -4.365161e+000
      vertex  6.000000e+000  1.413013e+001 -4.365161e+000
    endloop
  endfacet
  facet normal  -0.000000e+000 -9.238796e-001 -3.826832e-001
    outer loop
      vertex  6.000000e+000  1.413013e+001 -4.365161e+000
      vertex -7.000000e+000  1.413013e+001 -4.365161e+000
      vertex -7.000000e+000  1.462805e+001 -5.567243e+000
    endloop
  endfacet
  facet normal  0.000000e+000 -9.238796e-001 -3.826832e-001
    outer loop
      vertex  6.000000e+000  1.413013e+001 -4.365161e+000
      vertex -7.000000e+000  1.462805e+001 -5.567243e+000
      vertex  6.000000e+000  1.462805e+001 -5.567243e+000
    endloop
  endfacet
  facet normal  -0.000000e+000 -3.826835e-001 -9.238795e-001
    outer loop
      vertex -7.000000e+000  1.413013e+001 -4.365161e+000
      vertex  6.000000e+000  1.292805e+001 -3.867242e+000
      vertex -7.000000e+000  1.292805e+001 -3.867242e+000
    endloop
  endfacet
  facet normal  0.000000e+000  3.826835e-001 -9.238795e-001
    outer loop
      vertex -7.000000e+000  1.292805e+001 -3.867242e+000
      vertex  6.000000e+000  1.292805e+001 -3.867242e+000
      vertex  6.000000e+000  1.172597e+001 -4.365161e+000
    endloop
  endfacet
  facet normal  0.000000e+000  3.826835e-001 -9.238795e-001
    outer loop
      vertex -7.000000e+000  1.292805e+001 -3.867242e+000
      vertex  6.000000e+000  1.172597e+001 -4.365161e+000
      vertex -7.000000e+000  1.172597e+001 -4.365161e+000
    endloop
  endfacet
  facet normal  0.000000e+000  9.238796e-001 -3.826832e-001
    outer loop
      vertex -7.000000e+000  1.172597e+001 -4.365161e+000
      vertex  6.000000e+000  1.172597e+001 -4.365161e+000
      vertex  6.000000e+000  1.122805e+001 -5.567243e+000
    endloop
  endfacet
  facet normal  0.000000e+000  9.238796e-001 -3.826832e-001
    outer loop
      vertex -7.000000e+000  1.172597e+001 -4.365161e+000
      vertex  6.000000e+000  1.122805e+001 -5.567243e+000
      vertex -7.000000e+000  1.122805e+001 -5.567243e+000
    endloop
  endfacet
  facet normal  -0.000000e+000  3.826835e-001  9.238795e-001
    outer loop
      vertex  6.000000e+000  1.292805e+001 -7.267242e+000
      vertex -7.000000e+000  1.172597e+001 -6.769324e+000
      vertex  6.000000e+000  1.172597e+001 -6.769324e+000
    endloop
  endfacet
  facet normal  0.000000e+000  9.238796e-001  3.826833e-001
    outer loop
      vertex  6.000000e+000  1.172597e+001 -6.769324e+000
      vertex -7.000000e+000  1.172597e+001 -6.769324e+000
      vertex -7.000000e+000  1.122805e+001 -5.567243e+000
    endloop
  endfacet
  facet normal  -0.000000e+000  9.238796e-001  3.826833e-001
    outer loop
      vertex  6.000000e+000  1.172597e+001 -6.769324e+000
      vertex -7.000000e+000  1.122805e+001 -5.567243e+000
      vertex  6.000000e+000  1.122805e+001 -5.567243e+000
    endloop
  endfacet
  facet normal  0.000000e+000  3.826835e-001  9.238795e-001
    outer loop
      vertex -7.000000e+000  1.172597e+001 -6.769324e+000
      vertex  6.000000e+000  1.292805e+001 -7.267242e+000
      vertex -7.000000e+000  1.292805e+001 -7.267242e+000
    endloop
  endfacet
  facet normal  0.000000e+000 -3.826835e-001  9.238795e-001
    outer loop
      vertex -7.000000e+000  1.292805e+001 -7.267242e+000
      vertex  6.000000e+000  1.292805e+001 -7.267242e+000
      vertex  6.000000e+000  1.413013e+001 -6.769324e+000
    endloop
  endfacet
  facet normal  0.000000e+000 -3.826835e-001  9.238795e-001
    outer loop
      vertex -7.000000e+000  1.292805e+001 -7.267242e+000
      vertex  6.000000e+000  1.413013e+001 -6.769324e+000
      vertex -7.000000e+000  1.413013e+001 -6.769324e+000
    endloop
  endfacet
  facet normal  0.000000e+000 -9.238796e-001  3.826833e-001
    outer loop
      vertex -7.000000e+000  1.413013e+001 -6.769324e+000
      vertex  6.000000e+000  1.413013e+001 -6.769324e+000
      vertex  6.000000e+000  1.462805e+001 -5.567243e+000
    endloop
  endfacet
  facet normal  0.000000e+000 -9.238796e-001  3.826833e-001
    outer loop
      vertex -7.000000e+000  1.413013e+001 -6.769324e+000
      vertex  6.000000e+000  1.462805e+001 -5.567243e+000
      vertex -7.000000e+000  1.462805e+001 -5.567243e+000
    endloop
  endfacet
  facet normal  0.000000e+000 -3.826826e-001 -9.238799e-001
    outer loop
      vertex  6.000000e+000  1.292805e+001  2.113276e+001
      vertex -7.000000e+000  1.413013e+001  2.063484e+001
      vertex  6.000000e+000  1.413013e+001  2.063484e+001
    endloop
  endfacet
  facet normal  -0.000000e+000 -9.238796e-001 -3.826832e-001
    outer loop
      vertex  6.000000e+000  1.413013e+001  2.063484e+001
      vertex -7.000000e+000  1.413013e+001  2.063484e+001
      vertex -7.000000e+000  1.462805e+001  1.943276e+001
    endloop
  endfacet
  facet normal  0.000000e+000 -9.238796e-001 -3.826832e-001
    outer loop
      vertex  6.000000e+000  1.413013e+001  2.063484e+001
      vertex -7.000000e+000  1.462805e+001  1.943276e+001
      vertex  6.000000e+000  1.462805e+001  1.943276e+001
    endloop
  endfacet
  facet normal  -0.000000e+000 -3.826826e-001 -9.238799e-001
    outer loop
      vertex -7.000000e+000  1.413013e+001  2.063484e+001
      vertex  6.000000e+000  1.292805e+001  2.113276e+001
      vertex -7.000000e+000  1.292805e+001  2.113276e+001
    endloop
  endfacet
  facet normal  0.000000e+000  3.826826e-001 -9.238799e-001
    outer loop
      vertex -7.000000e+000  1.292805e+001  2.113276e+001
      vertex  6.000000e+000  1.292805e+001  2.113276e+001
      vertex  6.000000e+000  1.172597e+001  2.063484e+001
    endloop
  endfacet
  facet normal  0.000000e+000  3.826826e-001 -9.238799e-001
    outer loop
      vertex -7.000000e+000  1.292805e+001  2.113276e+001
      vertex  6.000000e+000  1.172597e+001  2.063484e+001
      vertex -7.000000e+000  1.172597e+001  2.063484e+001
    endloop
  endfacet
  facet normal  0.000000e+000  9.238796e-001 -3.826832e-001
    outer loop
      vertex -7.000000e+000  1.172597e+001  2.063484e+001
      vertex  6.000000e+000  1.172597e+001  2.063484e+001
      vertex  6.000000e+000  1.122805e+001  1.943276e+001
    endloop
  endfacet
  facet normal  0.000000e+000  9.238796e-001 -3.826832e-001
    outer loop
      vertex -7.000000e+000  1.172597e+001  2.063484e+001
      vertex  6.000000e+000  1.122805e+001  1.943276e+001
      vertex -7.000000e+000  1.122805e+001  1.943276e+001
    endloop
  endfacet
  facet normal  -0.000000e+000  3.826838e-001  9.238793e-001
    outer loop
      vertex  6.000000e+000  1.292805e+001  1.773276e+001
      vertex -7.000000e+000  1.172597e+001  1.823068e+001
      vertex  6.000000e+000  1.172597e+001  1.823068e+001
    endloop
  endfacet
  facet normal  0.000000e+000  9.238796e-001  3.826832e-001
    outer loop
      vertex  6.000000e+000  1.172597e+001  1.823068e+001
      vertex -7.000000e+000  1.172597e+001  1.823068e+001
      vertex -7.000000e+000  1.122805e+001  1.943276e+001
    endloop
  endfacet
  facet normal  -0.000000e+000  9.238796e-001  3.826832e-001
    outer loop
      vertex  6.000000e+000  1.172597e+001  1.823068e+001
      vertex -7.000000e+000  1.122805e+001  1.943276e+001
      vertex  6.000000e+000  1.122805e+001  1.943276e+001
    endloop
  endfacet
  facet normal  0.000000e+000  3.826838e-001  9.238793e-001
    outer loop
      vertex -7.000000e+000  1.172597e+001  1.823068e+001
      vertex  6.000000e+000  1.292805e+001  1.773276e+001
      vertex -7.000000e+000  1.292805e+001  1.773276e+001
    endloop
  endfacet
  facet normal  0.000000e+000 -3.826838e-001  9.238793e-001
    outer loop
      vertex -7.000000e+000  1.292805e+001  1.773276e+001
      vertex  6.000000e+000  1.292805e+001  1.773276e+001
      vertex  6.000000e+000  1.413013e+001  1.823068e+001
    endloop
  endfacet
  facet normal  0.000000e+000 -3.826838e-001  9.238793e-001
    outer loop
      vertex -7.000000e+000  1.292805e+001  1.773276e+001
      vertex  6.000000e+000  1.413013e+001  1.823068e+001
      vertex -7.000000e+000  1.413013e+001  1.823068e+001
    endloop
  endfacet
  facet normal  0.000000e+000 -9.238796e-001  3.826832e-001
    outer loop
      vertex -7.000000e+000  1.413013e+001  1.823068e+001
      vertex  6.000000e+000  1.413013e+001  1.823068e+001
      vertex  6.000000e+000  1.462805e+001  1.943276e+001
    endloop
  endfacet
  facet normal  0.000000e+000 -9.238796e-001  3.826832e-001
    outer loop
      vertex -7.000000e+000  1.413013e+001  1.823068e+001
      vertex  6.000000e+000  1.462805e+001  1.943276e+001
      vertex -7.000000e+000  1.462805e+001  1.943276e+001
    endloop
  endfacet
  facet normal  0.000000e+000 -3.826851e-001 -9.238789e-001
    outer loop
      vertex  6.000000e+000 -1.292780e+001 -5.212512e+001
      vertex -7.000000e+000 -1.172572e+001 -5.262304e+001
      vertex  6.000000e+000 -1.172572e+001 -5.262304e+001
    endloop
  endfacet
  facet normal  -0.000000e+000 -9.238792e-001 -3.826843e-001
    outer loop
      vertex  6.000000e+000 -1.172572e+001 -5.262304e+001
      vertex -7.000000e+000 -1.172572e+001 -5.262304e+001
      vertex -7.000000e+000 -1.122780e+001 -5.382512e+001
    endloop
  endfacet
  facet normal  0.000000e+000 -9.238792e-001 -3.826843e-001
    outer loop
      vertex  6.000000e+000 -1.172572e+001 -5.262304e+001
      vertex -7.000000e+000 -1.122780e+001 -5.382512e+001
      vertex  6.000000e+000 -1.122780e+001 -5.382512e+001
    endloop
  endfacet
  facet normal  -0.000000e+000 -3.826851e-001 -9.238789e-001
    outer loop
      vertex -7.000000e+000 -1.172572e+001 -5.262304e+001
      vertex  6.000000e+000 -1.292780e+001 -5.212512e+001
      vertex -7.000000e+000 -1.292780e+001 -5.212512e+001
    endloop
  endfacet
  facet normal  0.000000e+000  3.826853e-001 -9.238787e-001
    outer loop
      vertex -7.000000e+000 -1.292780e+001 -5.212512e+001
      vertex  6.000000e+000 -1.292780e+001 -5.212512e+001
      vertex  6.000000e+000 -1.412988e+001 -5.262304e+001
    endloop
  endfacet
  facet normal  0.000000e+000  3.826853e-001 -9.238787e-001
    outer loop
      vertex -7.000000e+000 -1.292780e+001 -5.212512e+001
      vertex  6.000000e+000 -1.412988e+001 -5.262304e+001
      vertex -7.000000e+000 -1.412988e+001 -5.262304e+001
    endloop
  endfacet
  facet normal  0.000000e+000  9.238792e-001 -3.826843e-001
    outer loop
      vertex -7.000000e+000 -1.412988e+001 -5.262304e+001
      vertex  6.000000e+000 -1.412988e+001 -5.262304e+001
      vertex  6.000000e+000 -1.462780e+001 -5.382512e+001
    endloop
  endfacet
  facet normal  0.000000e+000  9.238792e-001 -3.826843e-001
    outer loop
      vertex -7.000000e+000 -1.412988e+001 -5.262304e+001
      vertex  6.000000e+000 -1.462780e+001 -5.382512e+001
      vertex -7.000000e+000 -1.462780e+001 -5.382512e+001
    endloop
  endfacet
  facet normal  -0.000000e+000  3.826853e-001  9.238787e-001
    outer loop
      vertex  6.000000e+000 -1.292780e+001 -5.552512e+001
      vertex -7.000000e+000 -1.412988e+001 -5.502720e+001
      vertex  6.000000e+000 -1.412988e+001 -5.502720e+001
    endloop
  endfacet
  facet normal  0.000000e+000  9.238792e-001  3.826843e-001
    outer loop
      vertex  6.000000e+000 -1.412988e+001 -5.502720e+001
      vertex -7.000000e+000 -1.412988e+001 -5.502720e+001
      vertex -7.000000e+000 -1.462780e+001 -5.382512e+001
    endloop
  endfacet
  facet normal  -0.000000e+000  9.238792e-001  3.826843e-001
    outer loop
      vertex  6.000000e+000 -1.412988e+001 -5.502720e+001
      vertex -7.000000e+000 -1.462780e+001 -5.382512e+001
      vertex  6.000000e+000 -1.462780e+001 -5.382512e+001
    endloop
  endfacet
  facet normal  0.000000e+000  3.826853e-001  9.238787e-001
    outer loop
      vertex -7.000000e+000 -1.412988e+001 -5.502720e+001
      vertex  6.000000e+000 -1.292780e+001 -5.552512e+001
      vertex -7.000000e+000 -1.292780e+001 -5.552512e+001
    endloop
  endfacet
  facet normal  0.000000e+000 -3.826851e-001  9.238789e-001
    outer loop
      vertex -7.000000e+000 -1.292780e+001 -5.552512e+001
      vertex  6.000000e+000 -1.292780e+001 -5.552512e+001
      vertex  6.000000e+000 -1.172572e+001 -5.502720e+001
    endloop
  endfacet
  facet normal  0.000000e+000 -3.826851e-001  9.238789e-001
    outer loop
      vertex -7.000000e+000 -1.292780e+001 -5.552512e+001
      vertex  6.000000e+000 -1.172572e+001 -5.502720e+001
      vertex -7.000000e+000 -1.172572e+001 -5.502720e+001
    endloop
  endfacet
  facet normal  0.000000e+000 -9.238792e-001  3.826843e-001
    outer loop
      vertex -7.000000e+000 -1.172572e+001 -5.502720e+001
      vertex  6.000000e+000 -1.172572e+001 -5.502720e+001
      vertex  6.000000e+000 -1.122780e+001 -5.382512e+001
    endloop
  endfacet
  facet normal  0.000000e+000 -9.238792e-001  3.826843e-001
    outer loop
      vertex -7.000000e+000 -1.172572e+001 -5.502720e+001
      vertex  6.000000e+000 -1.122780e+001 -5.382512e+001
      vertex -7.000000e+000 -1.122780e+001 -5.382512e+001
    endloop
  endfacet
  facet normal  0.000000e+000 -3.826838e-001 -9.238793e-001
    outer loop
      vertex  6.000000e+000 -1.292780e+001 -3.040393e+001
      vertex -7.000000e+000 -1.172572e+001 -3.090185e+001
      vertex  6.000000e+000 -1.172572e+001 -3.090185e+001
    endloop
  endfacet
  facet normal  -0.000000e+000 -9.238793e-001 -3.826838e-001
    outer loop
      vertex  6.000000e+000 -1.172572e+001 -3.090185e+001
      vertex -7.000000e+000 -1.172572e+001 -3.090185e+001
      vertex -7.000000e+000 -1.122780e+001 -3.210393e+001
    endloop
  endfacet
  facet normal  0.000000e+000 -9.238793e-001 -3.826838e-001
    outer loop
      vertex  6.000000e+000 -1.172572e+001 -3.090185e+001
      vertex -7.000000e+000 -1.122780e+001 -3.210393e+001
      vertex  6.000000e+000 -1.122780e+001 -3.210393e+001
    endloop
  endfacet
  facet normal  -0.000000e+000 -3.826838e-001 -9.238793e-001
    outer loop
      vertex -7.000000e+000 -1.172572e+001 -3.090185e+001
      vertex  6.000000e+000 -1.292780e+001 -3.040393e+001
      vertex -7.000000e+000 -1.292780e+001 -3.040393e+001
    endloop
  endfacet
  facet normal  0.000000e+000  3.826841e-001 -9.238793e-001
    outer loop
      vertex -7.000000e+000 -1.292780e+001 -3.040393e+001
      vertex  6.000000e+000 -1.292780e+001 -3.040393e+001
      vertex  6.000000e+000 -1.412988e+001 -3.090185e+001
    endloop
  endfacet
  facet normal  0.000000e+000  3.826841e-001 -9.238793e-001
    outer loop
      vertex -7.000000e+000 -1.292780e+001 -3.040393e+001
      vertex  6.000000e+000 -1.412988e+001 -3.090185e+001
      vertex -7.000000e+000 -1.412988e+001 -3.090185e+001
    endloop
  endfacet
  facet normal  0.000000e+000  9.238793e-001 -3.826838e-001
    outer loop
      vertex -7.000000e+000 -1.412988e+001 -3.090185e+001
      vertex  6.000000e+000 -1.412988e+001 -3.090185e+001
      vertex  6.000000e+000 -1.462780e+001 -3.210393e+001
    endloop
  endfacet
  facet normal  0.000000e+000  9.238793e-001 -3.826838e-001
    outer loop
      vertex -7.000000e+000 -1.412988e+001 -3.090185e+001
      vertex  6.000000e+000 -1.462780e+001 -3.210393e+001
      vertex -7.000000e+000 -1.462780e+001 -3.210393e+001
    endloop
  endfacet
  facet normal  -0.000000e+000  3.826853e-001  9.238787e-001
    outer loop
      vertex  6.000000e+000 -1.292780e+001 -3.380393e+001
      vertex -7.000000e+000 -1.412988e+001 -3.330601e+001
      vertex  6.000000e+000 -1.412988e+001 -3.330601e+001
    endloop
  endfacet
  facet normal  0.000000e+000  9.238792e-001  3.826843e-001
    outer loop
      vertex  6.000000e+000 -1.412988e+001 -3.330601e+001
      vertex -7.000000e+000 -1.412988e+001 -3.330601e+001
      vertex -7.000000e+000 -1.462780e+001 -3.210393e+001
    endloop
  endfacet
  facet normal  -0.000000e+000  9.238792e-001  3.826843e-001
    outer loop
      vertex  6.000000e+000 -1.412988e+001 -3.330601e+001
      vertex -7.000000e+000 -1.462780e+001 -3.210393e+001
      vertex  6.000000e+000 -1.462780e+001 -3.210393e+001
    endloop
  endfacet
  facet normal  0.000000e+000  3.826853e-001  9.238787e-001
    outer loop
      vertex -7.000000e+000 -1.412988e+001 -3.330601e+001
      vertex  6.000000e+000 -1.292780e+001 -3.380393e+001
      vertex -7.000000e+000 -1.292780e+001 -3.380393e+001
    endloop
  endfacet
  facet normal  0.000000e+000 -3.826851e-001  9.238789e-001
    outer loop
      vertex -7.000000e+000 -1.292780e+001 -3.380393e+001
      vertex  6.000000e+000 -1.292780e+001 -3.380393e+001
      vertex  6.000000e+000 -1.172572e+001 -3.330601e+001
    endloop
  endfacet
  facet normal  0.000000e+000 -3.826851e-001  9.238789e-001
    outer loop
      vertex -7.000000e+000 -1.292780e+001 -3.380393e+001
      vertex  6.000000e+000 -1.172572e+001 -3.330601e+001
      vertex -7.000000e+000 -1.172572e+001 -3.330601e+001
    endloop
  endfacet
  facet normal  0.000000e+000 -9.238792e-001  3.826843e-001
    outer loop
      vertex -7.000000e+000 -1.172572e+001 -3.330601e+001
      vertex  6.000000e+000 -1.172572e+001 -3.330601e+001
      vertex  6.000000e+000 -1.122780e+001 -3.210393e+001
    endloop
  endfacet
  facet normal  0.000000e+000 -9.238792e-001  3.826843e-001
    outer loop
      vertex -7.000000e+000 -1.172572e+001 -3.330601e+001
      vertex  6.000000e+000 -1.122780e+001 -3.210393e+001
      vertex -7.000000e+000 -1.122780e+001 -3.210393e+001
    endloop
  endfacet
  facet normal  0.000000e+000 -3.826835e-001 -9.238795e-001
    outer loop
      vertex  6.000000e+000 -1.292805e+001 -3.867242e+000
      vertex -7.000000e+000 -1.172597e+001 -4.365161e+000
      vertex  6.000000e+000 -1.172597e+001 -4.365161e+000
    endloop
  endfacet
  facet normal  -0.000000e+000 -9.238796e-001 -3.826832e-001
    outer loop
      vertex  6.000000e+000 -1.172597e+001 -4.365161e+000
      vertex -7.000000e+000 -1.172597e+001 -4.365161e+000
      vertex -7.000000e+000 -1.122805e+001 -5.567243e+000
    endloop
  endfacet
  facet normal  0.000000e+000 -9.238796e-001 -3.826832e-001
    outer loop
      vertex  6.000000e+000 -1.172597e+001 -4.365161e+000
      vertex -7.000000e+000 -1.122805e+001 -5.567243e+000
      vertex  6.000000e+000 -1.122805e+001 -5.567243e+000
    endloop
  endfacet
  facet normal  -0.000000e+000 -3.826835e-001 -9.238795e-001
    outer loop
      vertex -7.000000e+000 -1.172597e+001 -4.365161e+000
      vertex  6.000000e+000 -1.292805e+001 -3.867242e+000
      vertex -7.000000e+000 -1.292805e+001 -3.867242e+000
    endloop
  endfacet
  facet normal  0.000000e+000  3.826835e-001 -9.238795e-001
    outer loop
      vertex -7.000000e+000 -1.292805e+001 -3.867242e+000
      vertex  6.000000e+000 -1.292805e+001 -3.867242e+000
      vertex  6.000000e+000 -1.413013e+001 -4.365161e+000
    endloop
  endfacet
  facet normal  0.000000e+000  3.826835e-001 -9.238795e-001
    outer loop
      vertex -7.000000e+000 -1.292805e+001 -3.867242e+000
      vertex  6.000000e+000 -1.413013e+001 -4.365161e+000
      vertex -7.000000e+000 -1.413013e+001 -4.365161e+000
    endloop
  endfacet
  facet normal  0.000000e+000  9.238796e-001 -3.826832e-001
    outer loop
      vertex -7.000000e+000 -1.413013e+001 -4.365161e+000
      vertex  6.000000e+000 -1.413013e+001 -4.365161e+000
      vertex  6.000000e+000 -1.462805e+001 -5.567243e+000
    endloop
  endfacet
  facet normal  0.000000e+000  9.238796e-001 -3.826832e-001
    outer loop
      vertex -7.000000e+000 -1.413013e+001 -4.365161e+000
      vertex  6.000000e+000 -1.462805e+001 -5.567243e+000
      vertex -7.000000e+000 -1.462805e+001 -5.567243e+000
    endloop
  endfacet
  facet normal  -0.000000e+000  3.826835e-001  9.238795e-001
    outer loop
      vertex  6.000000e+000 -1.292805e+001 -7.267242e+000
      vertex -7.000000e+000 -1.413013e+001 -6.769324e+000
      vertex  6.000000e+000 -1.413013e+001 -6.769324e+000
    endloop
  endfacet
  facet normal  0.000000e+000  9.238796e-001  3.826833e-001
    outer loop
      vertex  6.000000e+000 -1.413013e+001 -6.769324e+000
      vertex -7.000000e+000 -1.413013e+001 -6.769324e+000
      vertex -7.000000e+000 -1.462805e+001 -5.567243e+000
    endloop
  endfacet
  facet normal  -0.000000e+000  9.238796e-001  3.826833e-001
    outer loop
      vertex  6.000000e+000 -1.413013e+001 -6.769324e+000
      vertex -7.000000e+000 -1.462805e+001 -5.567243e+000
      vertex  6.000000e+000 -1.462805e+001 -5.567243e+000
    endloop
  endfacet
  facet normal  0.000000e+000  3.826835e-001  9.238795e-001
    outer loop
      vertex -7.000000e+000 -1.413013e+001 -6.769324e+000
      vertex  6.000000e+000 -1.292805e+001 -7.267242e+000
      vertex -7.000000e+000 -1.292805e+001 -7.267242e+000
    endloop
  endfacet
  facet normal  0.000000e+000 -3.826835e-001  9.238795e-001
    outer loop
      vertex -7.000000e+000 -1.292805e+001 -7.267242e+000
      vertex  6.000000e+000 -1.292805e+001 -7.267242e+000
      vertex  6.000000e+000 -1.172597e+001 -6.769324e+000
    endloop
  endfacet
  facet normal  0.000000e+000 -3.826835e-001  9.238795e-001
    outer loop
      vertex -7.000000e+000 -1.292805e+001 -7.267242e+000
      vertex  6.000000e+000 -1.172597e+001 -6.769324e+000
      vertex -7.000000e+000 -1.172597e+001 -6.769324e+000
    endloop
  endfacet
  facet normal  0.000000e+000 -9.238796e-001  3.826833e-001
    outer loop
      vertex -7.000000e+000 -1.172597e+001 -6.769324e+000
      vertex  6.000000e+000 -1.172597e+001 -6.769324e+000
      vertex  6.000000e+000 -1.122805e+001 -5.567243e+000
    endloop
  endfacet
  facet normal  0.000000e+000 -9.238796e-001  3.826833e-001
    outer loop
      vertex -7.000000e+000 -1.172597e+001 -6.769324e+000
      vertex  6.000000e+000 -1.122805e+001 -5.567243e+000
      vertex -7.000000e+000 -1.122805e+001 -5.567243e+000
    endloop
  endfacet
  facet normal  0.000000e+000 -3.826826e-001 -9.238799e-001
    outer loop
      vertex  6.000000e+000 -1.292805e+001  2.113276e+001
      vertex -7.000000e+000 -1.172597e+001  2.063484e+001
      vertex  6.000000e+000 -1.172597e+001  2.063484e+001
    endloop
  endfacet
  facet normal  -0.000000e+000 -9.238796e-001 -3.826832e-001
    outer loop
      vertex  6.000000e+000 -1.172597e+001  2.063484e+001
      vertex -7.000000e+000 -1.172597e+001  2.063484e+001
      vertex -7.000000e+000 -1.122805e+001  1.943276e+001
    endloop
  endfacet
  facet normal  0.000000e+000 -9.238796e-001 -3.826832e-001
    outer loop
      vertex  6.000000e+000 -1.172597e+001  2.063484e+001
      vertex -7.000000e+000 -1.122805e+001  1.943276e+001
      vertex  6.000000e+000 -1.122805e+001  1.943276e+001
    endloop
  endfacet
  facet normal  -0.000000e+000 -3.826826e-001 -9.238799e-001
    outer loop
      vertex -7.000000e+000 -1.172597e+001  2.063484e+001
      vertex  6.000000e+000 -1.292805e+001  2.113276e+001
      vertex -7.000000e+000 -1.292805e+001  2.113276e+001
    endloop
  endfacet
  facet normal  0.000000e+000  3.826826e-001 -9.238799e-001
    outer loop
      vertex -7.000000e+000 -1.292805e+001  2.113276e+001
      vertex  6.000000e+000 -1.292805e+001  2.113276e+001
      vertex  6.000000e+000 -1.413013e+001  2.063484e+001
    endloop
  endfacet
  facet normal  0.000000e+000  3.826826e-001 -9.238799e-001
    outer loop
      vertex -7.000000e+000 -1.292805e+001  2.113276e+001
      vertex  6.000000e+000 -1.413013e+001  2.063484e+001
      vertex -7.000000e+000 -1.413013e+001  2.063484e+001
    endloop
  endfacet
  facet normal  0.000000e+000  9.238796e-001 -3.826832e-001
    outer loop
      vertex -7.000000e+000 -1.413013e+001  2.063484e+001
      vertex  6.000000e+000 -1.413013e+001  2.063484e+001
      vertex  6.000000e+000 -1.462805e+001  1.943276e+001
    endloop
  endfacet
  facet normal  0.000000e+000  9.238796e-001 -3.826832e-001
    outer loop
      vertex -7.000000e+000 -1.413013e+001  2.063484e+001
      vertex  6.000000e+000 -1.462805e+001  1.943276e+001
      vertex -7.000000e+000 -1.462805e+001  1.943276e+001
    endloop
  endfacet
  facet normal  -0.000000e+000  3.826838e-001  9.238793e-001
    outer loop
      vertex  6.000000e+000 -1.292805e+001  1.773276e+001
      vertex -7.000000e+000 -1.413013e+001  1.823068e+001
      vertex  6.000000e+000 -1.413013e+001  1.823068e+001
    endloop
  endfacet
  facet normal  0.000000e+000  9.238796e-001  3.826832e-001
    outer loop
      vertex  6.000000e+000 -1.413013e+001  1.823068e+001
      vertex -7.000000e+000 -1.413013e+001  1.823068e+001
      vertex -7.000000e+000 -1.462805e+001  1.943276e+001
    endloop
  endfacet
  facet normal  -0.000000e+000  9.238796e-001  3.826832e-001
    outer loop
      vertex  6.000000e+000 -1.413013e+001  1.823068e+001
      vertex -7.000000e+000 -1.462805e+001  1.943276e+001
      vertex  6.000000e+000 -1.462805e+001  1.943276e+001
    endloop
  endfacet
  facet normal  0.000000e+000  3.826838e-001  9.238793e-001
    outer loop
      vertex -7.000000e+000 -1.413013e+001  1.823068e+001
      vertex  6.000000e+000 -1.292805e+001  1.773276e+001
      vertex -7.000000e+000 -1.292805e+001  1.773276e+001
    endloop
  endfacet
  facet normal  0.000000e+000 -3.826838e-001  9.238793e-001
    outer loop
      vertex -7.000000e+000 -1.292805e+001  1.773276e+001
      vertex  6.000000e+000 -1.292805e+001  1.773276e+001
      vertex  6.000000e+000 -1.172597e+001  1.823068e+001
    endloop
  endfacet
  facet normal  0.000000e+000 -3.826838e-001  9.238793e-001
    outer loop
      vertex -7.000000e+000 -1.292805e+001  1.773276e+001
      vertex  6.000000e+000 -1.172597e+001  1.823068e+001
      vertex -7.000000e+000 -1.172597e+001  1.823068e+001
    endloop
  endfacet
  facet normal  0.000000e+000 -9.238796e-001  3.826832e-001
    outer loop
      vertex -7.000000e+000 -1.172597e+001  1.823068e+001
      vertex  6.000000e+000 -1.172597e+001  1.823068e+001
      vertex  6.000000e+000 -1.122805e+001  1.943276e+001
    endloop
  endfacet
  facet normal  0.000000e+000 -9.238796e-001  3.826832e-001
    outer loop
      vertex -7.000000e+000 -1.172597e+001  1.823068e+001
      vertex  6.000000e+000 -1.122805e+001  1.943276e+001
      vertex -7.000000e+000 -1.122805e+001  1.943276e+001
    endloop
  endfacet
  facet normal -1.000000e+000  0.000000e+000  0.000000e+000
    outer loop
      vertex -1.000000e+000  7.260732e+000 -1.288281e+001
      vertex -1.000000e+000  1.078280e+001 -1.605065e+001
      vertex -1.000000e+000  6.771774e+000 -1.605065e+001
    endloop
  endfacet
  facet normal -1.000000e+000  -0.000000e+000  0.000000e+000
    outer loop
      vertex -1.000000e+000 -7.260732e+000 -1.288281e+001
      vertex -1.000000e+000  7.260732e+000 -1.288281e+001
      vertex -1.000000e+000  6.771774e+000 -1.605065e+001
    endloop
  endfacet
  facet normal -1.000000e+000  -0.000000e+000  -0.000000e+000
    outer loop
      vertex -1.000000e+000 -7.260732e+000 -1.288281e+001
      vertex -1.000000e+000  6.771774e+000 -1.605065e+001
      vertex -1.000000e+000  6.771774e+000 -2.105065e+001
    endloop
  endfacet
  facet normal -1.000000e+000  0.000000e+000  0.000000e+000
    outer loop
      vertex -1.000000e+000 -7.260732e+000 -1.288281e+001
      vertex -1.000000e+000  6.771774e+000 -2.105065e+001
      vertex -1.000000e+000 -1.078280e+001 -2.105065e+001
    endloop
  endfacet
  facet normal -1.000000e+000  0.000000e+000  0.000000e+000
    outer loop
      vertex -1.000000e+000 -7.260732e+000 -1.288281e+001
      vertex -1.000000e+000 -1.078280e+001 -2.105065e+001
      vertex -1.000000e+000 -1.078280e+001  3.435231e+001
    endloop
  endfacet
  facet normal -9.999999e-001  0.000000e+000  0.000000e+000
    outer loop
      vertex -1.000000e+000 -7.260732e+000 -1.288281e+001
      vertex -1.000000e+000 -1.078280e+001  3.435231e+001
      vertex -1.000000e+000 -7.260732e+000 -4.407763e+000
    endloop
  endfacet
  facet normal -1.000000e+000  -0.000000e+000  0.000000e+000
    outer loop
      vertex -1.000000e+000 -1.078280e+001  3.435231e+001
      vertex -1.000000e+000 -4.000000e+000  2.535231e+001
      vertex -1.000000e+000 -7.260732e+000 -4.407763e+000
    endloop
  endfacet
  facet normal -1.000000e+000  0.000000e+000  0.000000e+000
    outer loop
      vertex -1.000000e+000 -7.260732e+000 -4.407763e+000
      vertex -1.000000e+000 -4.000000e+000  2.535231e+001
      vertex -1.000000e+000 -4.000000e+000  5.352306e+000
    endloop
  endfacet
  facet normal -1.000000e+000  0.000000e+000  -0.000000e+000
    outer loop
      vertex -1.000000e+000 -7.260732e+000 -4.407763e+000
      vertex -1.000000e+000 -4.000000e+000  5.352306e+000
      vertex -1.000000e+000  7.260732e+000 -4.407763e+000
    endloop
  endfacet
  facet normal -1.000000e+000  0.000000e+000  0.000000e+000
    outer loop
      vertex -1.000000e+000  7.260732e+000 -4.407763e+000
      vertex -1.000000e+000 -4.000000e+000  5.352306e+000
      vertex -1.000000e+000  4.000000e+000  5.352306e+000
    endloop
  endfacet
  facet normal -1.000000e+000  0.000000e+000  0.000000e+000
    outer loop
      vertex -1.000000e+000  7.260732e+000 -4.407763e+000
      vertex -1.000000e+000  4.000000e+000  5.352306e+000
      vertex -1.000000e+000  4.000000e+000  2.535231e+001
    endloop
  endfacet
  facet normal -1.000000e+000  0.000000e+000  0.000000e+000
    outer loop
      vertex -1.000000e+000  1.078280e+001 -1.605065e+001
      vertex -1.000000e+000  7.260732e+000 -1.288281e+001
      vertex -1.000000e+000  1.078280e+001  3.435231e+001
    endloop
  endfacet
  facet normal -9.999999e-001  0.000000e+000  0.000000e+000
    outer loop
      vertex -1.000000e+000  1.078280e+001  3.435231e+001
      vertex -1.000000e+000  7.260732e+000 -1.288281e+001
      vertex -1.000000e+000  7.260732e+000 -4.407763e+000
    endloop
  endfacet
  facet normal -1.000000e+000  0.000000e+000  0.000000e+000
    outer loop
      vertex -1.000000e+000  1.078280e+001  3.435231e+001
      vertex -1.000000e+000  7.260732e+000 -4.407763e+000
      vertex -1.000000e+000  1.062023e+001  3.435231e+001
    endloop
  endfacet
  facet normal -1.000000e+000  0.000000e+000  0.000000e+000
    outer loop
      vertex -1.000000e+000  1.062023e+001  3.435231e+001
      vertex -1.000000e+000  7.260732e+000 -4.407763e+000
      vertex -1.000000e+000  4.000000e+000  2.535231e+001
    endloop
  endfacet
  facet normal -9.999999e-001  0.000000e+000  0.000000e+000
    outer loop
      vertex -1.000000e+000  1.062023e+001  3.435231e+001
      vertex -1.000000e+000  4.000000e+000  2.535231e+001
      vertex -1.000000e+000 -1.041336e+001  3.435231e+001
    endloop
  endfacet
  facet normal -1.000000e+000  0.000000e+000  0.000000e+000
    outer loop
      vertex -1.000000e+000 -1.041336e+001  3.435231e+001
      vertex -1.000000e+000  4.000000e+000  2.535231e+001
      vertex -1.000000e+000 -4.000000e+000  2.535231e+001
    endloop
  endfacet
  facet normal -1.000000e+000  0.000000e+000  0.000000e+000
    outer loop
      vertex -1.000000e+000 -1.041336e+001  3.435231e+001
      vertex -1.000000e+000 -4.000000e+000  2.535231e+001
      vertex -1.000000e+000 -1.078280e+001  3.435231e+001
    endloop
  endfacet
  facet normal  -0.000000e+000  0.000000e+000 -1.000000e+000
    outer loop
      vertex -1.000000e+000  4.000000e+000  2.535231e+001
      vertex  6.000000e+000  4.000000e+000  2.535231e+001
      vertex -1.000000e+000 -4.000000e+000  2.535231e+001
    endloop
  endfacet
  facet normal  0.000000e+000  0.000000e+000 -1.000000e+000
    outer loop
      vertex -1.000000e+000 -4.000000e+000  2.535231e+001
      vertex  6.000000e+000  4.000000e+000  2.535231e+001
      vertex  6.000000e+000 -4.000000e+000  2.535231e+001
    endloop
  endfacet
  facet normal  0.000000e+000 -1.000000e+000  -0.000000e+000
    outer loop
      vertex  6.000000e+000  4.000000e+000  5.352306e+000
      vertex  6.000000e+000  4.000000e+000  2.535231e+001
      vertex -1.000000e+000  4.000000e+000  5.352306e+000
    endloop
  endfacet
  facet normal  0.000000e+000 -1.000000e+000  0.000000e+000
    outer loop
      vertex -1.000000e+000  4.000000e+000  5.352306e+000
      vertex  6.000000e+000  4.000000e+000  2.535231e+001
      vertex -1.000000e+000  4.000000e+000  2.535231e+001
    endloop
  endfacet
  facet normal  0.000000e+000  0.000000e+000  1.000000e+000
    outer loop
      vertex -1.000000e+000 -4.000000e+000  5.352306e+000
      vertex  6.000000e+000 -4.000000e+000  5.352306e+000
      vertex -1.000000e+000  4.000000e+000  5.352306e+000
    endloop
  endfacet
  facet normal  -0.000000e+000  0.000000e+000  1.000000e+000
    outer loop
      vertex -1.000000e+000  4.000000e+000  5.352306e+000
      vertex  6.000000e+000 -4.000000e+000  5.352306e+000
      vertex  6.000000e+000  4.000000e+000  5.352306e+000
    endloop
  endfacet
  facet normal  0.000000e+000  1.000000e+000  -0.000000e+000
    outer loop
      vertex  6.000000e+000 -4.000000e+000  2.535231e+001
      vertex  6.000000e+000 -4.000000e+000  5.352306e+000
      vertex -1.000000e+000 -4.000000e+000  2.535231e+001
    endloop
  endfacet
  facet normal  0.000000e+000  1.000000e+000  0.000000e+000
    outer loop
      vertex -1.000000e+000 -4.000000e+000  2.535231e+001
      vertex  6.000000e+000 -4.000000e+000  5.352306e+000
      vertex -1.000000e+000 -4.000000e+000  5.352306e+000
    endloop
  endfacet
  facet normal -1.000000e+000  0.000000e+000  0.000000e+000
    outer loop
      vertex  0.000000e+000  1.822178e-015  7.330000e+001
      vertex  0.000000e+000  1.081560e+000  7.132870e+001
      vertex  0.000000e+000 -1.081560e+000  7.132870e+001
    endloop
  endfacet
  facet normal -1.000000e+000  0.000000e+000  -0.000000e+000
    outer loop
      vertex  0.000000e+000 -1.611919e+001  7.040108e+001
      vertex  0.000000e+000 -1.405295e+001  7.456632e+001
      vertex  0.000000e+000 -7.000000e+000  6.975000e+001
    endloop
  endfacet
  facet normal -1.000000e+000  0.000000e+000  0.000000e+000
    outer loop
      vertex  0.000000e+000 -1.142805e+001  4.443276e+001
      vertex  0.000000e+000 -1.165289e+001  4.522268e+001
      vertex  0.000000e+000 -7.000000e+000  4.457930e+001
    endloop
  endfacet
  facet normal -1.000000e+000  0.000000e+000  0.000000e+000
    outer loop
      vertex  0.000000e+000 -1.041336e+001  3.435231e+001
      vertex  0.000000e+000 -1.240274e+001  4.302775e+001
      vertex  0.000000e+000 -1.169558e+001  4.357776e+001
    endloop
  endfacet
  facet normal -9.999999e-001  0.000000e+000  0.000000e+000
    outer loop
      vertex  0.000000e+000 -1.041336e+001  3.435231e+001
      vertex  0.000000e+000 -1.169558e+001  4.357776e+001
      vertex  0.000000e+000 -1.142805e+001  4.443276e+001
    endloop
  endfacet
  facet normal -1.000000e+000  0.000000e+000  0.000000e+000
    outer loop
      vertex  0.000000e+000 -1.041336e+001  3.435231e+001
      vertex  0.000000e+000 -1.142805e+001  4.443276e+001
      vertex  0.000000e+000 -7.000000e+000  4.457930e+001
    endloop
  endfacet
  facet normal -1.000000e+000  0.000000e+000  -0.000000e+000
    outer loop
      vertex  0.000000e+000 -1.041336e+001  3.435231e+001
      vertex  0.000000e+000 -7.000000e+000  4.457930e+001
      vertex  0.000000e+000  7.000000e+000  4.457930e+001
    endloop
  endfacet
  facet normal -1.000000e+000  0.000000e+000  -0.000000e+000
    outer loop
      vertex  0.000000e+000 -1.041336e+001  3.435231e+001
      vertex  0.000000e+000  7.000000e+000  4.457930e+001
      vertex  0.000000e+000  1.062023e+001  3.435231e+001
    endloop
  endfacet
  facet normal -1.000000e+000  0.000000e+000  0.000000e+000
    outer loop
      vertex  0.000000e+000 -7.000000e+000  8.049194e+001
      vertex  0.000000e+000 -7.000000e+000  8.373499e+001
      vertex  0.000000e+000 -6.000000e+000  8.407878e+001
    endloop
  endfacet
  facet normal -1.000000e+000  0.000000e+000  -0.000000e+000
    outer loop
      vertex  0.000000e+000 -7.000000e+000  8.049194e+001
      vertex  0.000000e+000 -6.000000e+000  8.407878e+001
      vertex  0.000000e+000 -4.815673e-016  7.670000e+001
    endloop
  endfacet
  facet normal -1.000000e+000  -0.000000e+000  0.000000e+000
    outer loop
      vertex  0.000000e+000 -7.000000e+000  8.049194e+001
      vertex  0.000000e+000 -4.815673e-016  7.670000e+001
      vertex  0.000000e+000 -1.202082e+000  7.620208e+001
    endloop
  endfacet
  facet normal -9.999999e-001  -0.000000e+000  0.000000e+000
    outer loop
      vertex  0.000000e+000 -7.000000e+000  8.049194e+001
      vertex  0.000000e+000 -1.202082e+000  7.620208e+001
      vertex  0.000000e+000 -7.000000e+000  6.975000e+001
    endloop
  endfacet
  facet normal -1.000000e+000  0.000000e+000  0.000000e+000
    outer loop
      vertex  0.000000e+000 -7.000000e+000  8.049194e+001
      vertex  0.000000e+000 -7.000000e+000  6.975000e+001
      vertex  0.000000e+000 -1.405295e+001  7.456632e+001
    endloop
  endfacet
  facet normal -1.000000e+000  0.000000e+000  0.000000e+000
    outer loop
      vertex  0.000000e+000 -7.000000e+000  8.049194e+001
      vertex  0.000000e+000 -1.405295e+001  7.456632e+001
      vertex  0.000000e+000 -1.093549e+001  7.801595e+001
    endloop
  endfacet
  facet normal -1.000000e+000  0.000000e+000  0.000000e+000
    outer loop
      vertex  0.000000e+000 -7.000000e+000  5.257930e+001
      vertex  0.000000e+000 -7.000000e+000  4.457930e+001
      vertex  0.000000e+000 -1.165289e+001  4.522268e+001
    endloop
  endfacet
  facet normal -9.999999e-001  0.000000e+000  0.000000e+000
    outer loop
      vertex  0.000000e+000 -7.000000e+000  5.257930e+001
      vertex  0.000000e+000 -1.165289e+001  4.522268e+001
      vertex  0.000000e+000 -1.226001e+001  4.577579e+001
    endloop
  endfacet
  facet normal -1.000000e+000  0.000000e+000  0.000000e+000
    outer loop
      vertex  0.000000e+000 -7.000000e+000  5.257930e+001
      vertex  0.000000e+000 -1.226001e+001  4.577579e+001
      vertex  0.000000e+000 -1.306741e+001  4.592627e+001
    endloop
  endfacet
  facet normal -1.000000e+000  0.000000e+000  0.000000e+000
    outer loop
      vertex  0.000000e+000 -7.000000e+000  5.257930e+001
      vertex  0.000000e+000 -1.306741e+001  4.592627e+001
      vertex  0.000000e+000 -1.656993e+001  6.120032e+001
    endloop
  endfacet
  facet normal -1.000000e+000  0.000000e+000  0.000000e+000
    outer loop
      vertex  0.000000e+000 -7.000000e+000  5.257930e+001
      vertex  0.000000e+000 -1.656993e+001  6.120032e+001
      vertex  0.000000e+000 -1.697964e+001  6.583181e+001
    endloop
  endfacet
  facet normal -1.000000e+000  0.000000e+000  0.000000e+000
    outer loop
      vertex  0.000000e+000 -7.000000e+000  5.257930e+001
      vertex  0.000000e+000 -1.697964e+001  6.583181e+001
      vertex  0.000000e+000 -7.000000e+000  6.625000e+001
    endloop
  endfacet
  facet normal -1.000000e+000  0.000000e+000  0.000000e+000
    outer loop
      vertex  0.000000e+000 -7.000000e+000  5.257930e+001
      vertex  0.000000e+000 -7.000000e+000  6.625000e+001
      vertex  0.000000e+000 -2.831559e+000  6.594275e+001
    endloop
  endfacet
  facet normal -9.999999e-001  0.000000e+000  -0.000000e+000
    outer loop
      vertex  0.000000e+000 -7.000000e+000  5.257930e+001
      vertex  0.000000e+000 -2.831559e+000  6.594275e+001
      vertex  0.000000e+000 -1.081560e+000  6.467130e+001
    endloop
  endfacet
  facet normal -1.000000e+000  0.000000e+000  0.000000e+000
    outer loop
      vertex  0.000000e+000 -7.000000e+000  5.257930e+001
      vertex  0.000000e+000 -1.081560e+000  6.467130e+001
      vertex  0.000000e+000 -1.202082e+000  6.220208e+001
    endloop
  endfacet
  facet normal -1.000000e+000  0.000000e+000  0.000000e+000
    outer loop
      vertex  0.000000e+000 -7.000000e+000  5.257930e+001
      vertex  0.000000e+000 -1.202082e+000  6.220208e+001
      vertex  0.000000e+000 -1.700000e+000  6.100000e+001
    endloop
  endfacet
  facet normal -1.000000e+000  0.000000e+000  -0.000000e+000
    outer loop
      vertex  0.000000e+000 -7.000000e+000  5.257930e+001
      vertex  0.000000e+000 -1.700000e+000  6.100000e+001
      vertex  0.000000e+000 -1.202082e+000  5.979792e+001
    endloop
  endfacet
  facet normal -1.000000e+000  0.000000e+000  -0.000000e+000
    outer loop
      vertex  0.000000e+000 -7.000000e+000  5.257930e+001
      vertex  0.000000e+000 -1.202082e+000  5.979792e+001
      vertex  0.000000e+000  1.076724e-016  5.930000e+001
    endloop
  endfacet
  facet normal -1.000000e+000  0.000000e+000  -0.000000e+000
    outer loop
      vertex  0.000000e+000 -7.000000e+000  5.257930e+001
      vertex  0.000000e+000  1.076724e-016  5.930000e+001
      vertex  0.000000e+000  7.000000e+000  5.257930e+001
    endloop
  endfacet
  facet normal -9.999999e-001  0.000000e+000  -0.000000e+000
    outer loop
      vertex  0.000000e+000 -1.697964e+001  6.583181e+001
      vertex  0.000000e+000 -1.611919e+001  7.040108e+001
      vertex  0.000000e+000 -7.000000e+000  6.975000e+001
    endloop
  endfacet
  facet normal -1.000000e+000  0.000000e+000  0.000000e+000
    outer loop
      vertex  0.000000e+000 -1.697964e+001  6.583181e+001
      vertex  0.000000e+000 -7.000000e+000  6.975000e+001
      vertex  0.000000e+000 -8.237437e+000  6.923743e+001
    endloop
  endfacet
  facet normal -1.000000e+000  0.000000e+000  0.000000e+000
    outer loop
      vertex  0.000000e+000 -1.697964e+001  6.583181e+001
      vertex  0.000000e+000 -8.237437e+000  6.923743e+001
      vertex  0.000000e+000 -8.750000e+000  6.800000e+001
    endloop
  endfacet
  facet normal -1.000000e+000  0.000000e+000  -0.000000e+000
    outer loop
      vertex  0.000000e+000 -1.697964e+001  6.583181e+001
      vertex  0.000000e+000 -8.750000e+000  6.800000e+001
      vertex  0.000000e+000 -8.237437e+000  6.676257e+001
    endloop
  endfacet
  facet normal -1.000000e+000  0.000000e+000  -0.000000e+000
    outer loop
      vertex  0.000000e+000 -1.697964e+001  6.583181e+001
      vertex  0.000000e+000 -8.237437e+000  6.676257e+001
      vertex  0.000000e+000 -7.000000e+000  6.625000e+001
    endloop
  endfacet
  facet normal -9.999999e-001  0.000000e+000  0.000000e+000
    outer loop
      vertex  0.000000e+000 -7.000000e+000  6.975000e+001
      vertex  0.000000e+000 -1.202082e+000  7.620208e+001
      vertex  0.000000e+000 -1.700000e+000  7.500000e+001
    endloop
  endfacet
  facet normal -1.000000e+000  0.000000e+000  -0.000000e+000
    outer loop
      vertex  0.000000e+000 -7.000000e+000  6.975000e+001
      vertex  0.000000e+000 -1.700000e+000  7.500000e+001
      vertex  0.000000e+000 -1.202082e+000  7.379792e+001
    endloop
  endfacet
  facet normal -1.000000e+000  0.000000e+000  -0.000000e+000
    outer loop
      vertex  0.000000e+000 -7.000000e+000  6.975000e+001
      vertex  0.000000e+000 -1.202082e+000  7.379792e+001
      vertex  0.000000e+000  1.822178e-015  7.330000e+001
    endloop
  endfacet
  facet normal -1.000000e+000  0.000000e+000  0.000000e+000
    outer loop
      vertex  0.000000e+000 -7.000000e+000  6.975000e+001
      vertex  0.000000e+000  1.822178e-015  7.330000e+001
      vertex  0.000000e+000 -1.081560e+000  7.132870e+001
    endloop
  endfacet
  facet normal -1.000000e+000  0.000000e+000  0.000000e+000
    outer loop
      vertex  0.000000e+000 -7.000000e+000  6.975000e+001
      vertex  0.000000e+000 -1.081560e+000  7.132870e+001
      vertex  0.000000e+000 -2.831559e+000  7.005725e+001
    endloop
  endfacet
  facet normal -1.000000e+000  0.000000e+000  0.000000e+000
    outer loop
      vertex  0.000000e+000 -7.000000e+000  6.975000e+001
      vertex  0.000000e+000 -2.831559e+000  7.005725e+001
      vertex  0.000000e+000 -5.762563e+000  6.923743e+001
    endloop
  endfacet
  facet normal -1.000000e+000  0.000000e+000  0.000000e+000
    outer loop
      vertex  0.000000e+000 -4.815673e-016  7.670000e+001
      vertex  0.000000e+000 -6.000000e+000  8.407878e+001
      vertex  0.000000e+000 -2.027794e+000  8.489693e+001
    endloop
  endfacet
  facet normal -1.000000e+000  0.000000e+000  0.000000e+000
    outer loop
      vertex  0.000000e+000 -4.815673e-016  7.670000e+001
      vertex  0.000000e+000 -2.027794e+000  8.489693e+001
      vertex  0.000000e+000  2.027794e+000  8.489693e+001
    endloop
  endfacet
  facet normal -1.000000e+000  0.000000e+000  -0.000000e+000
    outer loop
      vertex  0.000000e+000 -4.815673e-016  7.670000e+001
      vertex  0.000000e+000  2.027794e+000  8.489693e+001
      vertex  0.000000e+000  6.000000e+000  8.407878e+001
    endloop
  endfacet
  facet normal -1.000000e+000  0.000000e+000  -0.000000e+000
    outer loop
      vertex  0.000000e+000 -4.815673e-016  7.670000e+001
      vertex  0.000000e+000  6.000000e+000  8.407878e+001
      vertex  0.000000e+000  7.000000e+000  8.373499e+001
    endloop
  endfacet
  facet normal -1.000000e+000  0.000000e+000  -0.000000e+000
    outer loop
      vertex  0.000000e+000 -4.815673e-016  7.670000e+001
      vertex  0.000000e+000  7.000000e+000  8.373499e+001
      vertex  0.000000e+000  7.000000e+000  8.049194e+001
    endloop
  endfacet
  facet normal -1.000000e+000  0.000000e+000  0.000000e+000
    outer loop
      vertex  0.000000e+000 -4.815673e-016  7.670000e+001
      vertex  0.000000e+000  7.000000e+000  8.049194e+001
      vertex  0.000000e+000  1.202082e+000  7.620208e+001
    endloop
  endfacet
  facet normal -1.000000e+000  0.000000e+000  0.000000e+000
    outer loop
      vertex  0.000000e+000  7.000000e+000  6.975000e+001
      vertex  0.000000e+000  5.762563e+000  6.923743e+001
      vertex  0.000000e+000  2.831559e+000  7.005725e+001
    endloop
  endfacet
  facet normal -1.000000e+000  0.000000e+000  0.000000e+000
    outer loop
      vertex  0.000000e+000  7.000000e+000  6.975000e+001
      vertex  0.000000e+000  2.831559e+000  7.005725e+001
      vertex  0.000000e+000  1.081560e+000  7.132870e+001
    endloop
  endfacet
  facet normal -1.000000e+000  0.000000e+000  0.000000e+000
    outer loop
      vertex  0.000000e+000  7.000000e+000  6.975000e+001
      vertex  0.000000e+000  1.081560e+000  7.132870e+001
      vertex  0.000000e+000  1.822178e-015  7.330000e+001
    endloop
  endfacet
  facet normal -1.000000e+000  0.000000e+000  0.000000e+000
    outer loop
      vertex  0.000000e+000  7.000000e+000  6.975000e+001
      vertex  0.000000e+000  1.822178e-015  7.330000e+001
      vertex  0.000000e+000  1.202082e+000  7.379792e+001
    endloop
  endfacet
  facet normal -1.000000e+000  0.000000e+000  0.000000e+000
    outer loop
      vertex  0.000000e+000  7.000000e+000  6.975000e+001
      vertex  0.000000e+000  1.202082e+000  7.379792e+001
      vertex  0.000000e+000  1.700000e+000  7.500000e+001
    endloop
  endfacet
  facet normal -1.000000e+000  0.000000e+000  0.000000e+000
    outer loop
      vertex  0.000000e+000  7.000000e+000  6.975000e+001
      vertex  0.000000e+000  1.700000e+000  7.500000e+001
      vertex  0.000000e+000  1.202082e+000  7.620208e+001
    endloop
  endfacet
  facet normal -9.999999e-001  0.000000e+000  0.000000e+000
    outer loop
      vertex  0.000000e+000  7.000000e+000  6.975000e+001
      vertex  0.000000e+000  1.202082e+000  7.620208e+001
      vertex  0.000000e+000  7.000000e+000  8.049194e+001
    endloop
  endfacet
  facet normal -9.999999e-001  0.000000e+000  0.000000e+000
    outer loop
      vertex  0.000000e+000  7.000000e+000  6.975000e+001
      vertex  0.000000e+000  7.000000e+000  8.049194e+001
      vertex  0.000000e+000  1.091643e+001  7.803194e+001
    endloop
  endfacet
  facet normal -1.000000e+000  0.000000e+000  -0.000000e+000
    outer loop
      vertex  0.000000e+000  7.000000e+000  6.975000e+001
      vertex  0.000000e+000  1.091643e+001  7.803194e+001
      vertex  0.000000e+000  1.402490e+001  7.460740e+001
    endloop
  endfacet
  facet normal -1.000000e+000  0.000000e+000  -0.000000e+000
    outer loop
      vertex  0.000000e+000  7.000000e+000  6.975000e+001
      vertex  0.000000e+000  1.402490e+001  7.460740e+001
      vertex  0.000000e+000  1.609533e+001  7.047179e+001
    endloop
  endfacet
  facet normal -1.000000e+000  0.000000e+000  -0.000000e+000
    outer loop
      vertex  0.000000e+000  7.000000e+000  6.975000e+001
      vertex  0.000000e+000  1.609533e+001  7.047179e+001
      vertex  0.000000e+000  1.697448e+001  6.593118e+001
    endloop
  endfacet
  facet normal -1.000000e+000  0.000000e+000  -0.000000e+000
    outer loop
      vertex  0.000000e+000  2.831559e+000  6.594275e+001
      vertex  0.000000e+000  3.500000e+000  6.800000e+001
      vertex  0.000000e+000  5.250000e+000  6.800000e+001
    endloop
  endfacet
  facet normal -1.000000e+000  0.000000e+000  -0.000000e+000
    outer loop
      vertex  0.000000e+000  2.831559e+000  6.594275e+001
      vertex  0.000000e+000  5.250000e+000  6.800000e+001
      vertex  0.000000e+000  5.762563e+000  6.676257e+001
    endloop
  endfacet
  facet normal -1.000000e+000  0.000000e+000  -0.000000e+000
    outer loop
      vertex  0.000000e+000  2.831559e+000  6.594275e+001
      vertex  0.000000e+000  5.762563e+000  6.676257e+001
      vertex  0.000000e+000  7.000000e+000  6.625000e+001
    endloop
  endfacet
  facet normal -1.000000e+000  0.000000e+000  -0.000000e+000
    outer loop
      vertex  0.000000e+000  2.831559e+000  6.594275e+001
      vertex  0.000000e+000  7.000000e+000  6.625000e+001
      vertex  0.000000e+000  7.000000e+000  5.257930e+001
    endloop
  endfacet
  facet normal -1.000000e+000  0.000000e+000  0.000000e+000
    outer loop
      vertex  0.000000e+000  7.000000e+000  5.257930e+001
      vertex  0.000000e+000  1.076724e-016  5.930000e+001
      vertex  0.000000e+000  1.202082e+000  5.979792e+001
    endloop
  endfacet
  facet normal -1.000000e+000  0.000000e+000  0.000000e+000
    outer loop
      vertex  0.000000e+000  7.000000e+000  5.257930e+001
      vertex  0.000000e+000  1.202082e+000  5.979792e+001
      vertex  0.000000e+000  1.700000e+000  6.100000e+001
    endloop
  endfacet
  facet normal -1.000000e+000  0.000000e+000  0.000000e+000
    outer loop
      vertex  0.000000e+000  7.000000e+000  5.257930e+001
      vertex  0.000000e+000  1.700000e+000  6.100000e+001
      vertex  0.000000e+000  1.202082e+000  6.220208e+001
    endloop
  endfacet
  facet normal -1.000000e+000  0.000000e+000  0.000000e+000
    outer loop
      vertex  0.000000e+000  7.000000e+000  5.257930e+001
      vertex  0.000000e+000  1.202082e+000  6.220208e+001
      vertex  0.000000e+000  1.081560e+000  6.467130e+001
    endloop
  endfacet
  facet normal -9.999999e-001  0.000000e+000  0.000000e+000
    outer loop
      vertex  0.000000e+000  7.000000e+000  5.257930e+001
      vertex  0.000000e+000  1.081560e+000  6.467130e+001
      vertex  0.000000e+000  2.831559e+000  6.594275e+001
    endloop
  endfacet
  facet normal -9.999999e-001  -0.000000e+000  0.000000e+000
    outer loop
      vertex  0.000000e+000  1.697448e+001  6.593118e+001
      vertex  0.000000e+000  1.659728e+001  6.132165e+001
      vertex  0.000000e+000  7.000000e+000  5.257930e+001
    endloop
  endfacet
  facet normal -1.000000e+000  0.000000e+000  0.000000e+000
    outer loop
      vertex  0.000000e+000  1.697448e+001  6.593118e+001
      vertex  0.000000e+000  7.000000e+000  5.257930e+001
      vertex  0.000000e+000  7.000000e+000  6.625000e+001
    endloop
  endfacet
  facet normal -1.000000e+000  0.000000e+000  0.000000e+000
    outer loop
      vertex  0.000000e+000  1.697448e+001  6.593118e+001
      vertex  0.000000e+000  7.000000e+000  6.625000e+001
      vertex  0.000000e+000  8.237437e+000  6.676257e+001
    endloop
  endfacet
  facet normal -1.000000e+000  0.000000e+000  0.000000e+000
    outer loop
      vertex  0.000000e+000  1.697448e+001  6.593118e+001
      vertex  0.000000e+000  8.237437e+000  6.676257e+001
      vertex  0.000000e+000  8.750000e+000  6.800000e+001
    endloop
  endfacet
  facet normal -1.000000e+000  0.000000e+000  0.000000e+000
    outer loop
      vertex  0.000000e+000  1.697448e+001  6.593118e+001
      vertex  0.000000e+000  8.750000e+000  6.800000e+001
      vertex  0.000000e+000  8.237437e+000  6.923743e+001
    endloop
  endfacet
  facet normal -1.000000e+000  0.000000e+000  0.000000e+000
    outer loop
      vertex  0.000000e+000  1.697448e+001  6.593118e+001
      vertex  0.000000e+000  8.237437e+000  6.923743e+001
      vertex  0.000000e+000  7.000000e+000  6.975000e+001
    endloop
  endfacet
  facet normal -1.000000e+000  0.000000e+000  0.000000e+000
    outer loop
      vertex  0.000000e+000  1.142805e+001  4.443276e+001
      vertex  0.000000e+000  7.000000e+000  4.457930e+001
      vertex  0.000000e+000  1.167360e+001  4.525516e+001
    endloop
  endfacet
  facet normal -1.000000e+000  -0.000000e+000  0.000000e+000
    outer loop
      vertex  0.000000e+000  1.167360e+001  4.525516e+001
      vertex  0.000000e+000  7.000000e+000  4.457930e+001
      vertex  0.000000e+000  7.000000e+000  5.257930e+001
    endloop
  endfacet
  facet normal -1.000000e+000  0.000000e+000  0.000000e+000
    outer loop
      vertex  0.000000e+000  1.167360e+001  4.525516e+001
      vertex  0.000000e+000  7.000000e+000  5.257930e+001
      vertex  0.000000e+000  1.232984e+001  4.580831e+001
    endloop
  endfacet
  facet normal -1.000000e+000  0.000000e+000  0.000000e+000
    outer loop
      vertex  0.000000e+000  1.232984e+001  4.580831e+001
      vertex  0.000000e+000  7.000000e+000  5.257930e+001
      vertex  0.000000e+000  1.659728e+001  6.132165e+001
    endloop
  endfacet
  facet normal -1.000000e+000  0.000000e+000  0.000000e+000
    outer loop
      vertex  0.000000e+000  1.232984e+001  4.580831e+001
      vertex  0.000000e+000  1.659728e+001  6.132165e+001
      vertex  0.000000e+000  1.318194e+001  4.591111e+001
    endloop
  endfacet
  facet normal -1.000000e+000  0.000000e+000  -0.000000e+000
    outer loop
      vertex  0.000000e+000 -1.202082e+000  6.220208e+001
      vertex  0.000000e+000 -1.081560e+000  6.467130e+001
      vertex  0.000000e+000 -2.196073e-015  6.270000e+001
    endloop
  endfacet
  facet normal -1.000000e+000  0.000000e+000  0.000000e+000
    outer loop
      vertex  0.000000e+000 -2.196073e-015  6.270000e+001
      vertex  0.000000e+000 -1.081560e+000  6.467130e+001
      vertex  0.000000e+000  1.081560e+000  6.467130e+001
    endloop
  endfacet
  facet normal -1.000000e+000  0.000000e+000  -0.000000e+000
    outer loop
      vertex  0.000000e+000 -2.196073e-015  6.270000e+001
      vertex  0.000000e+000  1.081560e+000  6.467130e+001
      vertex  0.000000e+000  1.202082e+000  6.220208e+001
    endloop
  endfacet
  facet normal -1.000000e+000  0.000000e+000  0.000000e+000
    outer loop
      vertex  0.000000e+000  1.253357e+001  4.298556e+001
      vertex  0.000000e+000  1.062023e+001  3.435231e+001
      vertex  0.000000e+000  1.173605e+001  4.352219e+001
    endloop
  endfacet
  facet normal -1.000000e+000  -0.000000e+000  0.000000e+000
    outer loop
      vertex  0.000000e+000  1.173605e+001  4.352219e+001
      vertex  0.000000e+000  1.062023e+001  3.435231e+001
      vertex  0.000000e+000  7.000000e+000  4.457930e+001
    endloop
  endfacet
  facet normal -1.000000e+000  0.000000e+000  0.000000e+000
    outer loop
      vertex  0.000000e+000  1.173605e+001  4.352219e+001
      vertex  0.000000e+000  7.000000e+000  4.457930e+001
      vertex  0.000000e+000  1.142805e+001  4.443276e+001
    endloop
  endfacet
  facet normal -1.000000e+000  0.000000e+000  -0.000000e+000
    outer loop
      vertex  0.000000e+000 -7.000000e+000  6.625000e+001
      vertex  0.000000e+000 -5.762563e+000  6.676257e+001
      vertex  0.000000e+000 -2.831559e+000  6.594275e+001
    endloop
  endfacet
  facet normal -1.000000e+000  0.000000e+000  0.000000e+000
    outer loop
      vertex  0.000000e+000 -2.831559e+000  6.594275e+001
      vertex  0.000000e+000 -5.762563e+000  6.676257e+001
      vertex  0.000000e+000 -5.250000e+000  6.800000e+001
    endloop
  endfacet
  facet normal -1.000000e+000  0.000000e+000  0.000000e+000
    outer loop
      vertex  0.000000e+000 -2.831559e+000  6.594275e+001
      vertex  0.000000e+000 -5.250000e+000  6.800000e+001
      vertex  0.000000e+000 -3.500000e+000  6.800000e+001
    endloop
  endfacet
  facet normal -1.000000e+000  0.000000e+000  0.000000e+000
    outer loop
      vertex  0.000000e+000 -3.500000e+000  6.800000e+001
      vertex  0.000000e+000 -5.250000e+000  6.800000e+001
      vertex  0.000000e+000 -5.762563e+000  6.923743e+001
    endloop
  endfacet
  facet normal -1.000000e+000  0.000000e+000  0.000000e+000
    outer loop
      vertex  0.000000e+000 -3.500000e+000  6.800000e+001
      vertex  0.000000e+000 -5.762563e+000  6.923743e+001
      vertex  0.000000e+000 -2.831559e+000  7.005725e+001
    endloop
  endfacet
  facet normal -1.000000e+000  0.000000e+000  0.000000e+000
    outer loop
      vertex  0.000000e+000  5.250000e+000  6.800000e+001
      vertex  0.000000e+000  3.500000e+000  6.800000e+001
      vertex  0.000000e+000  5.762563e+000  6.923743e+001
    endloop
  endfacet
  facet normal -1.000000e+000  -0.000000e+000  0.000000e+000
    outer loop
      vertex  0.000000e+000  5.762563e+000  6.923743e+001
      vertex  0.000000e+000  3.500000e+000  6.800000e+001
      vertex  0.000000e+000  2.831559e+000  7.005725e+001
    endloop
  endfacet
  facet normal  0.000000e+000  7.419241e-001 -6.704838e-001
    outer loop
      vertex  0.000000e+000 -1.405295e+001  7.456632e+001
      vertex -7.000000e+000 -1.093549e+001  7.801595e+001
      vertex  0.000000e+000 -1.093549e+001  7.801595e+001
    endloop
  endfacet
  facet normal  0.000000e+000  5.325177e-001 -8.464189e-001
    outer loop
      vertex  0.000000e+000 -1.093549e+001  7.801595e+001
      vertex -7.000000e+000 -1.093549e+001  7.801595e+001
      vertex -7.000000e+000 -7.000000e+000  8.049194e+001
    endloop
  endfacet
  facet normal  0.000000e+000  5.325177e-001 -8.464189e-001
    outer loop
      vertex  0.000000e+000 -1.093549e+001  7.801595e+001
      vertex -7.000000e+000 -7.000000e+000  8.049194e+001
      vertex  0.000000e+000 -7.000000e+000  8.049194e+001
    endloop
  endfacet
  facet normal  0.000000e+000  7.419241e-001 -6.704838e-001
    outer loop
      vertex -7.000000e+000 -1.093549e+001  7.801595e+001
      vertex  0.000000e+000 -1.405295e+001  7.456632e+001
      vertex -7.000000e+000 -1.405295e+001  7.456632e+001
    endloop
  endfacet
  facet normal  0.000000e+000  8.958324e-001 -4.443922e-001
    outer loop
      vertex -7.000000e+000 -1.405295e+001  7.456632e+001
      vertex  0.000000e+000 -1.405295e+001  7.456632e+001
      vertex  0.000000e+000 -1.611919e+001  7.040108e+001
    endloop
  endfacet
  facet normal  0.000000e+000  8.958324e-001 -4.443922e-001
    outer loop
      vertex -7.000000e+000 -1.405295e+001  7.456632e+001
      vertex  0.000000e+000 -1.611919e+001  7.040108e+001
      vertex -7.000000e+000 -1.611919e+001  7.040108e+001
    endloop
  endfacet
  facet normal  0.000000e+000  9.827274e-001 -1.850588e-001
    outer loop
      vertex -7.000000e+000 -1.611919e+001  7.040108e+001
      vertex  0.000000e+000 -1.611919e+001  7.040108e+001
      vertex  0.000000e+000 -1.697964e+001  6.583181e+001
    endloop
  endfacet
  facet normal  0.000000e+000  9.827274e-001 -1.850588e-001
    outer loop
      vertex -7.000000e+000 -1.611919e+001  7.040108e+001
      vertex  0.000000e+000 -1.697964e+001  6.583181e+001
      vertex -7.000000e+000 -1.697964e+001  6.583181e+001
    endloop
  endfacet
  facet normal  -0.000000e+000  9.961100e-001  8.811812e-002
    outer loop
      vertex -7.000000e+000 -1.697964e+001  6.583181e+001
      vertex  0.000000e+000 -1.697964e+001  6.583181e+001
      vertex  0.000000e+000 -1.656993e+001  6.120032e+001
    endloop
  endfacet
  facet normal  0.000000e+000  9.961100e-001  8.811812e-002
    outer loop
      vertex -7.000000e+000 -1.697964e+001  6.583181e+001
      vertex  0.000000e+000 -1.656993e+001  6.120032e+001
      vertex -7.000000e+000 -1.656993e+001  6.120032e+001
    endloop
  endfacet
  facet normal  0.000000e+000 -9.817670e-001 -1.900887e-001
    outer loop
      vertex  0.000000e+000  1.609533e+001  7.047179e+001
      vertex -7.000000e+000  1.697448e+001  6.593118e+001
      vertex  0.000000e+000  1.697448e+001  6.593118e+001
    endloop
  endfacet
  facet normal  0.000000e+000 -9.966687e-001  8.155732e-002
    outer loop
      vertex  0.000000e+000  1.697448e+001  6.593118e+001
      vertex -7.000000e+000  1.697448e+001  6.593118e+001
      vertex -7.000000e+000  1.659728e+001  6.132165e+001
    endloop
  endfacet
  facet normal  0.000000e+000 -9.966687e-001  8.155732e-002
    outer loop
      vertex  0.000000e+000  1.697448e+001  6.593118e+001
      vertex -7.000000e+000  1.659728e+001  6.132165e+001
      vertex  0.000000e+000  1.659728e+001  6.132165e+001
    endloop
  endfacet
  facet normal  -0.000000e+000 -9.817670e-001 -1.900887e-001
    outer loop
      vertex -7.000000e+000  1.697448e+001  6.593118e+001
      vertex  0.000000e+000  1.609533e+001  7.047179e+001
      vertex -7.000000e+000  1.609533e+001  7.047179e+001
    endloop
  endfacet
  facet normal  0.000000e+000 -8.942001e-001 -4.476672e-001
    outer loop
      vertex -7.000000e+000  1.609533e+001  7.047179e+001
      vertex  0.000000e+000  1.609533e+001  7.047179e+001
      vertex  0.000000e+000  1.402490e+001  7.460740e+001
    endloop
  endfacet
  facet normal  -0.000000e+000 -8.942001e-001 -4.476672e-001
    outer loop
      vertex -7.000000e+000  1.609533e+001  7.047179e+001
      vertex  0.000000e+000  1.402490e+001  7.460740e+001
      vertex -7.000000e+000  1.402490e+001  7.460740e+001
    endloop
  endfacet
  facet normal  0.000000e+000 -7.404510e-001 -6.721103e-001
    outer loop
      vertex -7.000000e+000  1.402490e+001  7.460740e+001
      vertex  0.000000e+000  1.402490e+001  7.460740e+001
      vertex  0.000000e+000  1.091643e+001  7.803194e+001
    endloop
  endfacet
  facet normal  -0.000000e+000 -7.404510e-001 -6.721103e-001
    outer loop
      vertex -7.000000e+000  1.402490e+001  7.460740e+001
      vertex  0.000000e+000  1.091643e+001  7.803194e+001
      vertex -7.000000e+000  1.091643e+001  7.803194e+001
    endloop
  endfacet
  facet normal  0.000000e+000 -5.318989e-001 -8.468080e-001
    outer loop
      vertex -7.000000e+000  1.091643e+001  7.803194e+001
      vertex  0.000000e+000  1.091643e+001  7.803194e+001
      vertex  0.000000e+000  7.000000e+000  8.049194e+001
    endloop
  endfacet
  facet normal  -0.000000e+000 -5.318989e-001 -8.468080e-001
    outer loop
      vertex -7.000000e+000  1.091643e+001  7.803194e+001
      vertex  0.000000e+000  7.000000e+000  8.049194e+001
      vertex -7.000000e+000  7.000000e+000  8.049194e+001
    endloop
  endfacet
  facet normal  5.930099e-003  9.519693e-001  3.061361e-001
    outer loop
      vertex  6.000000e+000  1.970771e+001  6.840681e+001
      vertex -7.000000e+000  1.826145e+001  7.315595e+001
      vertex  6.000000e+000  1.799937e+001  7.371910e+001
    endloop
  endfacet
  facet normal -5.561652e-003  8.513393e-001  5.245860e-001
    outer loop
      vertex  6.000000e+000  1.799937e+001  7.371910e+001
      vertex -7.000000e+000  1.826145e+001  7.315595e+001
      vertex -7.000000e+000  1.549552e+001  7.764471e+001
    endloop
  endfacet
  facet normal  8.342121e-003  8.303207e-001  5.572234e-001
    outer loop
      vertex  6.000000e+000  1.799937e+001  7.371910e+001
      vertex -7.000000e+000  1.549552e+001  7.764471e+001
      vertex  6.000000e+000  1.488983e+001  7.835264e+001
    endloop
  endfacet
  facet normal -7.789077e-003  6.846585e-001  7.288224e-001
    outer loop
      vertex  6.000000e+000  1.488983e+001  7.835264e+001
      vertex -7.000000e+000  1.549552e+001  7.764471e+001
      vertex -7.000000e+000  1.165268e+001  8.125469e+001
    endloop
  endfacet
  facet normal  1.038479e-002  6.440380e-001  7.649230e-001
    outer loop
      vertex  6.000000e+000  1.488983e+001  7.835264e+001
      vertex -7.000000e+000  1.165268e+001  8.125469e+001
      vertex  6.000000e+000  1.062116e+001  8.194671e+001
    endloop
  endfacet
  facet normal  3.012484e-002  1.394424e-001  9.897719e-001
    outer loop
      vertex  6.000000e+000  5.525657e+000  8.422153e+001
      vertex  0.000000e+000  2.027794e+000  8.489693e+001
      vertex  6.000000e+000 -6.123032e-015  8.500000e+001
    endloop
  endfacet
  facet normal -1.717505e-002  0.000000e+000  9.998525e-001
    outer loop
      vertex  6.000000e+000 -6.123032e-015  8.500000e+001
      vertex  0.000000e+000  2.027794e+000  8.489693e+001
      vertex  0.000000e+000 -2.027794e+000  8.489693e+001
    endloop
  endfacet
  facet normal  3.012484e-002 -1.394424e-001  9.897719e-001
    outer loop
      vertex  6.000000e+000 -6.123032e-015  8.500000e+001
      vertex  0.000000e+000 -2.027794e+000  8.489693e+001
      vertex  6.000000e+000 -5.525657e+000  8.422153e+001
    endloop
  endfacet
  facet normal  1.038479e-002 -6.440380e-001  7.649230e-001
    outer loop
      vertex  6.000000e+000 -1.488983e+001  7.835264e+001
      vertex  6.000000e+000 -1.062116e+001  8.194671e+001
      vertex -7.000000e+000 -1.165268e+001  8.125469e+001
    endloop
  endfacet
  facet normal -7.789077e-003 -6.846585e-001  7.288224e-001
    outer loop
      vertex -7.000000e+000 -1.165268e+001  8.125469e+001
      vertex -7.000000e+000 -1.549552e+001  7.764471e+001
      vertex  6.000000e+000 -1.488983e+001  7.835264e+001
    endloop
  endfacet
  facet normal  8.342121e-003 -8.303207e-001  5.572234e-001
    outer loop
      vertex  6.000000e+000 -1.799937e+001  7.371910e+001
      vertex  6.000000e+000 -1.488983e+001  7.835264e+001
      vertex -7.000000e+000 -1.549552e+001  7.764471e+001
    endloop
  endfacet
  facet normal -5.561652e-003 -8.513393e-001  5.245860e-001
    outer loop
      vertex -7.000000e+000 -1.549552e+001  7.764471e+001
      vertex -7.000000e+000 -1.826145e+001  7.315595e+001
      vertex  6.000000e+000 -1.799937e+001  7.371910e+001
    endloop
  endfacet
  facet normal  5.930099e-003 -9.519693e-001  3.061361e-001
    outer loop
      vertex  6.000000e+000 -1.970771e+001  6.840681e+001
      vertex  6.000000e+000 -1.799937e+001  7.371910e+001
      vertex -7.000000e+000 -1.826145e+001  7.315595e+001
    endloop
  endfacet
  facet normal  0.000000e+000 -4.704214e-001  8.824419e-001
    outer loop
      vertex -7.000000e+000 -7.000000e+000  8.373499e+001
      vertex -7.000000e+000 -1.165268e+001  8.125469e+001
      vertex  0.000000e+000 -7.000000e+000  8.373499e+001
    endloop
  endfacet
  facet normal -1.103867e-002 -4.574097e-001  8.891875e-001
    outer loop
      vertex  0.000000e+000 -7.000000e+000  8.373499e+001
      vertex -7.000000e+000 -1.165268e+001  8.125469e+001
      vertex  6.000000e+000 -1.062116e+001  8.194671e+001
    endloop
  endfacet
  facet normal  8.533014e-002 -3.239262e-001  9.422263e-001
    outer loop
      vertex  0.000000e+000 -7.000000e+000  8.373499e+001
      vertex  6.000000e+000 -1.062116e+001  8.194671e+001
      vertex  0.000000e+000 -6.000000e+000  8.407878e+001
    endloop
  endfacet
  facet normal  1.050323e-002 -4.076346e-001  9.130847e-001
    outer loop
      vertex  0.000000e+000 -6.000000e+000  8.407878e+001
      vertex  6.000000e+000 -1.062116e+001  8.194671e+001
      vertex  6.000000e+000 -5.525657e+000  8.422153e+001
    endloop
  endfacet
  facet normal -7.353080e-003 -2.017294e-001  9.794136e-001
    outer loop
      vertex  0.000000e+000 -6.000000e+000  8.407878e+001
      vertex  6.000000e+000 -5.525657e+000  8.422153e+001
      vertex  0.000000e+000 -2.027794e+000  8.489693e+001
    endloop
  endfacet
  facet normal  -0.000000e+000  9.995130e-001  3.120782e-002
    outer loop
      vertex  6.000000e+000  1.988185e+001  6.282930e+001
      vertex -7.000000e+000  1.988185e+001  6.282930e+001
      vertex  6.000000e+000  1.970771e+001  6.840681e+001
    endloop
  endfacet
  facet normal  3.332800e-003  9.997195e-001  2.344621e-002
    outer loop
      vertex  6.000000e+000  1.970771e+001  6.840681e+001
      vertex -7.000000e+000  1.988185e+001  6.282930e+001
      vertex -7.000000e+000  1.975823e+001  6.810036e+001
    endloop
  endfacet
  facet normal -2.965322e-003  9.588544e-001  2.838831e-001
    outer loop
      vertex  6.000000e+000  1.970771e+001  6.840681e+001
      vertex -7.000000e+000  1.975823e+001  6.810036e+001
      vertex -7.000000e+000  1.826145e+001  7.315595e+001
    endloop
  endfacet
  facet normal -9.646682e-003  4.703995e-001  8.824009e-001
    outer loop
      vertex -7.000000e+000  1.165268e+001  8.125469e+001
      vertex -7.000000e+000  7.000000e+000  8.373499e+001
      vertex  6.000000e+000  1.062116e+001  8.194671e+001
    endloop
  endfacet
  facet normal  0.000000e+000  4.427920e-001  8.966244e-001
    outer loop
      vertex  6.000000e+000  1.062116e+001  8.194671e+001
      vertex -7.000000e+000  7.000000e+000  8.373499e+001
      vertex  0.000000e+000  7.000000e+000  8.373499e+001
    endloop
  endfacet
  facet normal  2.611691e-002  4.075180e-001  9.128236e-001
    outer loop
      vertex  6.000000e+000  1.062116e+001  8.194671e+001
      vertex  0.000000e+000  7.000000e+000  8.373499e+001
      vertex  6.000000e+000  5.525657e+000  8.422153e+001
    endloop
  endfacet
  facet normal  3.203848e-003  3.251103e-001  9.456706e-001
    outer loop
      vertex  6.000000e+000  5.525657e+000  8.422153e+001
      vertex  0.000000e+000  7.000000e+000  8.373499e+001
      vertex  0.000000e+000  6.000000e+000  8.407878e+001
    endloop
  endfacet
  facet normal -7.353080e-003  2.017294e-001  9.794136e-001
    outer loop
      vertex  6.000000e+000  5.525657e+000  8.422153e+001
      vertex  0.000000e+000  6.000000e+000  8.407878e+001
      vertex  0.000000e+000  2.027794e+000  8.489693e+001
    endloop
  endfacet
  facet normal  0.000000e+000 -9.997251e-001  2.344634e-002
    outer loop
      vertex -7.000000e+000 -1.988185e+001  6.282930e+001
      vertex  6.000000e+000 -1.988185e+001  6.282930e+001
      vertex -7.000000e+000 -1.975823e+001  6.810036e+001
    endloop
  endfacet
  facet normal  3.149017e-003 -9.995079e-001  3.120766e-002
    outer loop
      vertex -7.000000e+000 -1.975823e+001  6.810036e+001
      vertex  6.000000e+000 -1.988185e+001  6.282930e+001
      vertex  6.000000e+000 -1.970771e+001  6.840681e+001
    endloop
  endfacet
  facet normal -2.965322e-003 -9.588544e-001  2.838831e-001
    outer loop
      vertex -7.000000e+000 -1.975823e+001  6.810036e+001
      vertex  6.000000e+000 -1.970771e+001  6.840681e+001
      vertex -7.000000e+000 -1.826145e+001  7.315595e+001
    endloop
  endfacet
  facet normal  0.000000e+000 -1.000000e+000  0.000000e+000
    outer loop
      vertex  0.000000e+000  7.000000e+000  8.373499e+001
      vertex -7.000000e+000  7.000000e+000  8.373499e+001
      vertex  0.000000e+000  7.000000e+000  8.049194e+001
    endloop
  endfacet
  facet normal  0.000000e+000 -1.000000e+000  0.000000e+000
    outer loop
      vertex  0.000000e+000  7.000000e+000  8.049194e+001
      vertex -7.000000e+000  7.000000e+000  8.373499e+001
      vertex -7.000000e+000  7.000000e+000  8.049194e+001
    endloop
  endfacet
  facet normal  0.000000e+000  1.000000e+000  0.000000e+000
    outer loop
      vertex  0.000000e+000 -7.000000e+000  8.049194e+001
      vertex -7.000000e+000 -7.000000e+000  8.049194e+001
      vertex  0.000000e+000 -7.000000e+000  8.373499e+001
    endloop
  endfacet
  facet normal  0.000000e+000  1.000000e+000  0.000000e+000
    outer loop
      vertex  0.000000e+000 -7.000000e+000  8.373499e+001
      vertex -7.000000e+000 -7.000000e+000  8.049194e+001
      vertex -7.000000e+000 -7.000000e+000  8.373499e+001
    endloop
  endfacet
  facet normal  0.000000e+000  0.000000e+000 -1.000000e+000
    outer loop
      vertex -1.000000e+000 -1.041336e+001  3.435231e+001
      vertex -1.000000e+000 -1.078280e+001  3.435231e+001
      vertex -1.162530e+000 -1.041336e+001  3.435231e+001
    endloop
  endfacet
  facet normal  0.000000e+000  0.000000e+000 -1.000000e+000
    outer loop
      vertex -1.162530e+000 -1.041336e+001  3.435231e+001
      vertex -1.000000e+000 -1.078280e+001  3.435231e+001
      vertex -1.162530e+000 -1.078280e+001  3.435231e+001
    endloop
  endfacet
  facet normal  0.000000e+000  0.000000e+000 -1.000000e+000
    outer loop
      vertex -5.306024e+000 -1.041336e+001  3.435231e+001
      vertex -5.727653e+000 -1.078280e+001  3.435231e+001
      vertex -7.000000e+000 -1.041336e+001  3.435231e+001
    endloop
  endfacet
  facet normal  0.000000e+000  0.000000e+000 -1.000000e+000
    outer loop
      vertex -7.000000e+000 -1.041336e+001  3.435231e+001
      vertex -5.727653e+000 -1.078280e+001  3.435231e+001
      vertex -7.000000e+000 -1.078280e+001  3.435231e+001
    endloop
  endfacet
  facet normal  0.000000e+000  0.000000e+000  1.000000e+000
    outer loop
      vertex -1.162530e+000 -1.041336e+001  3.435231e+001
      vertex -1.162530e+000 -6.782797e+000  3.435231e+001
      vertex -5.306024e+000 -1.041336e+001  3.435231e+001
    endloop
  endfacet
  facet normal  0.000000e+000  0.000000e+000 -1.000000e+000
    outer loop
      vertex -1.162530e+000 -1.078280e+001  2.935231e+001
      vertex -5.727653e+000 -1.078280e+001  2.935231e+001
      vertex -1.162530e+000 -6.782797e+000  2.935231e+001
    endloop
  endfacet
  facet normal  1.000000e+000  0.000000e+000  0.000000e+000
    outer loop
      vertex -1.162530e+000 -6.782797e+000  2.935231e+001
      vertex -1.162530e+000 -6.782797e+000  3.435231e+001
      vertex -1.162530e+000 -1.078280e+001  2.935231e+001
    endloop
  endfacet
  facet normal  1.000000e+000  0.000000e+000  0.000000e+000
    outer loop
      vertex -1.162530e+000 -1.078280e+001  2.935231e+001
      vertex -1.162530e+000 -6.782797e+000  3.435231e+001
      vertex -1.162530e+000 -1.041336e+001  3.435231e+001
    endloop
  endfacet
  facet normal  1.000000e+000  0.000000e+000  0.000000e+000
    outer loop
      vertex -1.162530e+000 -1.078280e+001  2.935231e+001
      vertex -1.162530e+000 -1.041336e+001  3.435231e+001
      vertex -1.162530e+000 -1.078280e+001  3.435231e+001
    endloop
  endfacet
  facet normal -6.590194e-001  7.521260e-001  0.000000e+000
    outer loop
      vertex -1.162530e+000 -6.782797e+000  3.435231e+001
      vertex -1.162530e+000 -6.782797e+000  2.935231e+001
      vertex -5.306024e+000 -1.041336e+001  3.435231e+001
    endloop
  endfacet
  facet normal -6.590194e-001  7.521260e-001  2.531303e-008
    outer loop
      vertex -5.306024e+000 -1.041336e+001  3.435231e+001
      vertex -1.162530e+000 -6.782797e+000  2.935231e+001
      vertex -5.727653e+000 -1.078280e+001  2.935231e+001
    endloop
  endfacet
  facet normal -6.590192e-001  7.521262e-001  0.000000e+000
    outer loop
      vertex -5.306024e+000 -1.041336e+001  3.435231e+001
      vertex -5.727653e+000 -1.078280e+001  2.935231e+001
      vertex -5.727653e+000 -1.078280e+001  3.435231e+001
    endloop
  endfacet
  facet normal  0.000000e+000  9.747015e-001  2.235104e-001
    outer loop
      vertex  0.000000e+000 -1.240274e+001  4.302775e+001
      vertex  0.000000e+000 -1.041336e+001  3.435231e+001
      vertex -1.000000e+000 -1.041336e+001  3.435231e+001
    endloop
  endfacet
  facet normal  0.000000e+000  9.747015e-001  2.235104e-001
    outer loop
      vertex  0.000000e+000 -1.240274e+001  4.302775e+001
      vertex -1.000000e+000 -1.041336e+001  3.435231e+001
      vertex -1.162530e+000 -1.041336e+001  3.435231e+001
    endloop
  endfacet
  facet normal  0.000000e+000  9.747015e-001  2.235104e-001
    outer loop
      vertex  0.000000e+000 -1.240274e+001  4.302775e+001
      vertex -1.162530e+000 -1.041336e+001  3.435231e+001
      vertex -5.306024e+000 -1.041336e+001  3.435231e+001
    endloop
  endfacet
  facet normal  0.000000e+000  9.747016e-001  2.235104e-001
    outer loop
      vertex  0.000000e+000 -1.240274e+001  4.302775e+001
      vertex -5.306024e+000 -1.041336e+001  3.435231e+001
      vertex -7.000000e+000 -1.041336e+001  3.435231e+001
    endloop
  endfacet
  facet normal -1.283746e-008  9.747016e-001  2.235104e-001
    outer loop
      vertex  0.000000e+000 -1.240274e+001  4.302775e+001
      vertex -7.000000e+000 -1.041336e+001  3.435231e+001
      vertex -7.000000e+000 -1.240272e+001  4.302766e+001
    endloop
  endfacet
  facet normal  -0.000000e+000  0.000000e+000 -1.000000e+000
    outer loop
      vertex -4.512568e+000  1.078280e+001 -2.105065e+001
      vertex  0.000000e+000  1.078280e+001 -2.105065e+001
      vertex -1.000000e+000  6.771774e+000 -2.105065e+001
    endloop
  endfacet
  facet normal  0.000000e+000  0.000000e+000 -1.000000e+000
    outer loop
      vertex -1.000000e+000  6.771774e+000 -2.105065e+001
      vertex  0.000000e+000  1.078280e+001 -2.105065e+001
      vertex  0.000000e+000 -1.078280e+001 -2.105065e+001
    endloop
  endfacet
  facet normal  0.000000e+000  0.000000e+000 -1.000000e+000
    outer loop
      vertex -1.000000e+000  6.771774e+000 -2.105065e+001
      vertex  0.000000e+000 -1.078280e+001 -2.105065e+001
      vertex -1.000000e+000 -1.078280e+001 -2.105065e+001
    endloop
  endfacet
  facet normal -7.523049e-001 -6.588151e-001  0.000000e+000
    outer loop
      vertex -1.000000e+000  6.771774e+000 -1.605065e+001
      vertex -4.512568e+000  1.078280e+001 -1.605065e+001
      vertex -1.000000e+000  6.771774e+000 -2.105065e+001
    endloop
  endfacet
  facet normal -7.523049e-001 -6.588151e-001  0.000000e+000
    outer loop
      vertex -1.000000e+000  6.771774e+000 -2.105065e+001
      vertex -4.512568e+000  1.078280e+001 -1.605065e+001
      vertex -4.512568e+000  1.078280e+001 -2.105065e+001
    endloop
  endfacet
  facet normal  -0.000000e+000  0.000000e+000  9.999999e-001
    outer loop
      vertex -1.000000e+000  1.078280e+001 -1.605065e+001
      vertex -4.512568e+000  1.078280e+001 -1.605065e+001
      vertex -1.000000e+000  6.771774e+000 -1.605065e+001
    endloop
  endfacet
  facet normal  0.000000e+000  0.000000e+000 -1.000000e+000
    outer loop
      vertex  6.000000e+000  7.260732e+000 -4.407763e+000
      vertex  6.000000e+000 -7.260732e+000 -4.407763e+000
      vertex -1.000000e+000  7.260732e+000 -4.407763e+000
    endloop
  endfacet
  facet normal  0.000000e+000  0.000000e+000 -1.000000e+000
    outer loop
      vertex -1.000000e+000  7.260732e+000 -4.407763e+000
      vertex  6.000000e+000 -7.260732e+000 -4.407763e+000
      vertex -1.000000e+000 -7.260732e+000 -4.407763e+000
    endloop
  endfacet
  facet normal  0.000000e+000 -1.000000e+000  -0.000000e+000
    outer loop
      vertex  6.000000e+000  7.260732e+000 -1.288281e+001
      vertex  6.000000e+000  7.260732e+000 -4.407763e+000
      vertex -1.000000e+000  7.260732e+000 -1.288281e+001
    endloop
  endfacet
  facet normal  0.000000e+000 -1.000000e+000  0.000000e+000
    outer loop
      vertex -1.000000e+000  7.260732e+000 -1.288281e+001
      vertex  6.000000e+000  7.260732e+000 -4.407763e+000
      vertex -1.000000e+000  7.260732e+000 -4.407763e+000
    endloop
  endfacet
  facet normal  0.000000e+000  0.000000e+000  1.000000e+000
    outer loop
      vertex  6.000000e+000 -7.260732e+000 -1.288281e+001
      vertex  6.000000e+000  7.260732e+000 -1.288281e+001
      vertex -1.000000e+000 -7.260732e+000 -1.288281e+001
    endloop
  endfacet
  facet normal  0.000000e+000  0.000000e+000  1.000000e+000
    outer loop
      vertex -1.000000e+000 -7.260732e+000 -1.288281e+001
      vertex  6.000000e+000  7.260732e+000 -1.288281e+001
      vertex -1.000000e+000  7.260732e+000 -1.288281e+001
    endloop
  endfacet
  facet normal  0.000000e+000  1.000000e+000  -0.000000e+000
    outer loop
      vertex  6.000000e+000 -7.260732e+000 -4.407763e+000
      vertex  6.000000e+000 -7.260732e+000 -1.288281e+001
      vertex -1.000000e+000 -7.260732e+000 -4.407763e+000
    endloop
  endfacet
  facet normal  0.000000e+000  1.000000e+000  0.000000e+000
    outer loop
      vertex -1.000000e+000 -7.260732e+000 -4.407763e+000
      vertex  6.000000e+000 -7.260732e+000 -1.288281e+001
      vertex -1.000000e+000 -7.260732e+000 -1.288281e+001
    endloop
  endfacet
  facet normal  0.000000e+000  0.000000e+000 -1.000000e+000
    outer loop
      vertex -1.000000e+000  1.078280e+001  3.435231e+001
      vertex -1.000000e+000  1.062023e+001  3.435231e+001
      vertex -7.000000e+000  1.078280e+001  3.435231e+001
    endloop
  endfacet
  facet normal  0.000000e+000  0.000000e+000 -1.000000e+000
    outer loop
      vertex -7.000000e+000  1.078280e+001  3.435231e+001
      vertex -1.000000e+000  1.062023e+001  3.435231e+001
      vertex -7.000000e+000  1.062023e+001  3.435231e+001
    endloop
  endfacet
  facet normal  -0.000000e+000  0.000000e+000  1.000000e+000
    outer loop
      vertex  0.000000e+000  1.062023e+001  3.435231e+001
      vertex -1.000000e+000  1.062023e+001  3.435231e+001
      vertex  0.000000e+000 -1.041336e+001  3.435231e+001
    endloop
  endfacet
  facet normal  0.000000e+000  0.000000e+000  1.000000e+000
    outer loop
      vertex  0.000000e+000 -1.041336e+001  3.435231e+001
      vertex -1.000000e+000  1.062023e+001  3.435231e+001
      vertex -1.000000e+000 -1.041336e+001  3.435231e+001
    endloop
  endfacet
  facet normal  1.236453e-007 -9.763106e-001  2.163737e-001
    outer loop
      vertex -7.000000e+000  1.253355e+001  4.298549e+001
      vertex -7.000000e+000  1.062023e+001  3.435231e+001
      vertex  0.000000e+000  1.253357e+001  4.298556e+001
    endloop
  endfacet
  facet normal  0.000000e+000 -9.763106e-001  2.163738e-001
    outer loop
      vertex  0.000000e+000  1.253357e+001  4.298556e+001
      vertex -7.000000e+000  1.062023e+001  3.435231e+001
      vertex -1.000000e+000  1.062023e+001  3.435231e+001
    endloop
  endfacet
  facet normal  0.000000e+000 -9.763106e-001  2.163738e-001
    outer loop
      vertex  0.000000e+000  1.253357e+001  4.298556e+001
      vertex -1.000000e+000  1.062023e+001  3.435231e+001
      vertex  0.000000e+000  1.062023e+001  3.435231e+001
    endloop
  endfacet
  facet normal -9.169593e-006 -4.002541e-002  9.991987e-001
    outer loop
      vertex  0.000000e+000  1.343702e+001  4.302175e+001
      vertex -7.000000e+000  1.253355e+001  4.298549e+001
      vertex  0.000000e+000  1.253357e+001  4.298556e+001
    endloop
  endfacet
  facet normal  8.731360e-006 -4.016388e-002  9.991931e-001
    outer loop
      vertex -7.000000e+000  1.253355e+001  4.298549e+001
      vertex  0.000000e+000  1.343702e+001  4.302175e+001
      vertex -7.000000e+000  1.343692e+001  4.302180e+001
    endloop
  endfacet
  facet normal  1.501435e-005 -6.070466e-001  7.946663e-001
    outer loop
      vertex -7.000000e+000  1.343692e+001  4.302180e+001
      vertex  0.000000e+000  1.343702e+001  4.302175e+001
      vertex  0.000000e+000  1.415554e+001  4.357063e+001
    endloop
  endfacet
  facet normal  2.566045e-005 -6.071121e-001  7.946162e-001
    outer loop
      vertex -7.000000e+000  1.343692e+001  4.302180e+001
      vertex  0.000000e+000  1.415554e+001  4.357063e+001
      vertex -7.000000e+000  1.415533e+001  4.357069e+001
    endloop
  endfacet
  facet normal  3.101558e-005 -9.535807e-001  3.011376e-001
    outer loop
      vertex -7.000000e+000  1.415533e+001  4.357069e+001
      vertex  0.000000e+000  1.415554e+001  4.357063e+001
      vertex  0.000000e+000  1.442780e+001  4.443276e+001
    endloop
  endfacet
  facet normal  0.000000e+000 -9.535083e-001  3.013666e-001
    outer loop
      vertex -7.000000e+000  1.415533e+001  4.357069e+001
      vertex  0.000000e+000  1.442780e+001  4.443276e+001
      vertex -7.000000e+000  1.442780e+001  4.443276e+001
    endloop
  endfacet
  facet normal  0.000000e+000 -9.393900e-001 -3.428504e-001
    outer loop
      vertex  0.000000e+000  1.442780e+001  4.443276e+001
      vertex  0.000000e+000  1.407497e+001  4.539949e+001
      vertex -7.000000e+000  1.442780e+001  4.443276e+001
    endloop
  endfacet
  facet normal  2.777752e-005 -9.393253e-001 -3.430279e-001
    outer loop
      vertex -7.000000e+000  1.442780e+001  4.443276e+001
      vertex  0.000000e+000  1.407497e+001  4.539949e+001
      vertex -7.000000e+000  1.407479e+001  4.539940e+001
    endloop
  endfacet
  facet normal  2.367447e-005 -4.971046e-001 -8.676906e-001
    outer loop
      vertex  0.000000e+000  1.407497e+001  4.539949e+001
      vertex  0.000000e+000  1.318194e+001  4.591111e+001
      vertex -7.000000e+000  1.407479e+001  4.539940e+001
    endloop
  endfacet
  facet normal  5.878426e-006 -4.972096e-001 -8.676304e-001
    outer loop
      vertex -7.000000e+000  1.407479e+001  4.539940e+001
      vertex  0.000000e+000  1.318194e+001  4.591111e+001
      vertex -7.000000e+000  1.318193e+001  4.591107e+001
    endloop
  endfacet
  facet normal  3.290854e-006  4.463051e-001 -8.948808e-001
    outer loop
      vertex  0.000000e+000 -1.306741e+001  4.592627e+001
      vertex  0.000000e+000 -1.403673e+001  4.544284e+001
      vertex -7.000000e+000 -1.306740e+001  4.592625e+001
    endloop
  endfacet
  facet normal -1.465586e-006  4.462776e-001 -8.948946e-001
    outer loop
      vertex -7.000000e+000 -1.306740e+001  4.592625e+001
      vertex  0.000000e+000 -1.403673e+001  4.544284e+001
      vertex -7.000000e+000 -1.403672e+001  4.544286e+001
    endloop
  endfacet
  facet normal  1.049016e-006  9.325475e-001 -3.610475e-001
    outer loop
      vertex  0.000000e+000 -1.403673e+001  4.544284e+001
      vertex  0.000000e+000 -1.442780e+001  4.443276e+001
      vertex -7.000000e+000 -1.403672e+001  4.544286e+001
    endloop
  endfacet
  facet normal  0.000000e+000  9.325449e-001 -3.610539e-001
    outer loop
      vertex -7.000000e+000 -1.403672e+001  4.544286e+001
      vertex  0.000000e+000 -1.442780e+001  4.443276e+001
      vertex -7.000000e+000 -1.442780e+001  4.443276e+001
    endloop
  endfacet
  facet normal -7.327627e-003  8.346314e-001  5.507601e-001
    outer loop
      vertex  0.000000e+000 -1.391517e+001  4.330356e+001
      vertex -7.000000e+000 -1.412842e+001  4.353359e+001
      vertex  0.000000e+000 -1.435433e+001  4.396907e+001
    endloop
  endfacet
  facet normal  1.096685e-002  9.487358e-001  3.158797e-001
    outer loop
      vertex  0.000000e+000 -1.435433e+001  4.396907e+001
      vertex -7.000000e+000 -1.412842e+001  4.353359e+001
      vertex -7.000000e+000 -1.442780e+001  4.443276e+001
    endloop
  endfacet
  facet normal  -0.000000e+000  9.876792e-001  1.564918e-001
    outer loop
      vertex  0.000000e+000 -1.435433e+001  4.396907e+001
      vertex -7.000000e+000 -1.442780e+001  4.443276e+001
      vertex  0.000000e+000 -1.442780e+001  4.443276e+001
    endloop
  endfacet
  facet normal  1.635952e-002  4.344265e-001  9.005587e-001
    outer loop
      vertex  0.000000e+000 -1.391517e+001  4.330356e+001
      vertex  0.000000e+000 -1.319699e+001  4.295711e+001
      vertex -7.000000e+000 -1.412842e+001  4.353359e+001
    endloop
  endfacet
  facet normal -8.191289e-003  5.700468e-001  8.215714e-001
    outer loop
      vertex -7.000000e+000 -1.412842e+001  4.353359e+001
      vertex  0.000000e+000 -1.319699e+001  4.295711e+001
      vertex -7.000000e+000 -1.334980e+001  4.299334e+001
    endloop
  endfacet
  facet normal  7.089238e-003 -8.858345e-002  9.960435e-001
    outer loop
      vertex  0.000000e+000 -1.319699e+001  4.295711e+001
      vertex  0.000000e+000 -1.240274e+001  4.302775e+001
      vertex -7.000000e+000 -1.334980e+001  4.299334e+001
    endloop
  endfacet
  facet normal -1.262938e-005 -3.621101e-002  9.993441e-001
    outer loop
      vertex -7.000000e+000 -1.334980e+001  4.299334e+001
      vertex  0.000000e+000 -1.240274e+001  4.302775e+001
      vertex -7.000000e+000 -1.240272e+001  4.302766e+001
    endloop
  endfacet
  facet normal  3.306060e-008 -9.763106e-001  2.163736e-001
    outer loop
      vertex -7.000000e+000  1.318193e+001  4.591107e+001
      vertex  0.000000e+000  1.318194e+001  4.591111e+001
      vertex -7.000000e+000  1.659728e+001  6.132165e+001
    endloop
  endfacet
  facet normal  0.000000e+000 -9.763106e-001  2.163736e-001
    outer loop
      vertex -7.000000e+000  1.659728e+001  6.132165e+001
      vertex  0.000000e+000  1.318194e+001  4.591111e+001
      vertex  0.000000e+000  1.659728e+001  6.132165e+001
    endloop
  endfacet
  facet normal  6.593417e-008  9.747015e-001  2.235104e-001
    outer loop
      vertex -7.000000e+000 -1.306740e+001  4.592625e+001
      vertex -7.000000e+000 -1.656993e+001  6.120032e+001
      vertex  0.000000e+000 -1.306741e+001  4.592627e+001
    endloop
  endfacet
  facet normal  0.000000e+000  9.747016e-001  2.235104e-001
    outer loop
      vertex  0.000000e+000 -1.306741e+001  4.592627e+001
      vertex -7.000000e+000 -1.656993e+001  6.120032e+001
      vertex  0.000000e+000 -1.656993e+001  6.120032e+001
    endloop
  endfacet
  facet normal -1.898818e-002  3.826136e-001 -9.237134e-001
    outer loop
      vertex  6.000000e+000  1.186739e+001  4.549342e+001
      vertex  0.000000e+000  1.232984e+001  4.580831e+001
      vertex  6.000000e+000  1.292805e+001  4.593276e+001
    endloop
  endfacet
  facet normal  6.436531e-003 -4.970943e-001 -8.676726e-001
    outer loop
      vertex  0.000000e+000  1.318194e+001  4.591111e+001
      vertex  0.000000e+000  1.407497e+001  4.539949e+001
      vertex  6.000000e+000  1.398871e+001  4.549342e+001
    endloop
  endfacet
  facet normal -1.285932e-002 -3.826509e-001 -9.238035e-001
    outer loop
      vertex  0.000000e+000  1.318194e+001  4.591111e+001
      vertex  6.000000e+000  1.398871e+001  4.549342e+001
      vertex  6.000000e+000  1.292805e+001  4.593276e+001
    endloop
  endfacet
  facet normal  8.649527e-003  1.197731e-001 -9.927636e-001
    outer loop
      vertex  0.000000e+000  1.318194e+001  4.591111e+001
      vertex  6.000000e+000  1.292805e+001  4.593276e+001
      vertex  0.000000e+000  1.232984e+001  4.580831e+001
    endloop
  endfacet
  facet normal -8.137341e-003 -9.393589e-001 -3.428391e-001
    outer loop
      vertex  0.000000e+000  1.407497e+001  4.539949e+001
      vertex  0.000000e+000  1.442780e+001  4.443276e+001
      vertex  6.000000e+000  1.398871e+001  4.549342e+001
    endloop
  endfacet
  facet normal  3.891438e-005 -9.238797e-001 -3.826829e-001
    outer loop
      vertex  6.000000e+000  1.398871e+001  4.549342e+001
      vertex  0.000000e+000  1.442780e+001  4.443276e+001
      vertex  6.000000e+000  1.442805e+001  4.443276e+001
    endloop
  endfacet
  facet normal  9.545662e-003  6.444615e-001 -7.645772e-001
    outer loop
      vertex  0.000000e+000  1.232984e+001  4.580831e+001
      vertex  6.000000e+000  1.186739e+001  4.549342e+001
      vertex  0.000000e+000  1.167360e+001  4.525516e+001
    endloop
  endfacet
  facet normal -1.464263e-002  9.237807e-001 -3.826419e-001
    outer loop
      vertex  0.000000e+000  1.167360e+001  4.525516e+001
      vertex  6.000000e+000  1.186739e+001  4.549342e+001
      vertex  6.000000e+000  1.142805e+001  4.443276e+001
    endloop
  endfacet
  facet normal  0.000000e+000  9.582024e-001 -2.860911e-001
    outer loop
      vertex  0.000000e+000  1.167360e+001  4.525516e+001
      vertex  6.000000e+000  1.142805e+001  4.443276e+001
      vertex  0.000000e+000  1.142805e+001  4.443276e+001
    endloop
  endfacet
  facet normal -1.875641e-002 -3.826152e-001  9.237174e-001
    outer loop
      vertex  6.000000e+000  1.398871e+001  4.337210e+001
      vertex  0.000000e+000  1.343702e+001  4.302175e+001
      vertex  6.000000e+000  1.292805e+001  4.293276e+001
    endloop
  endfacet
  facet normal  8.533428e-003  5.582404e-001  8.296353e-001
    outer loop
      vertex  0.000000e+000  1.253357e+001  4.298556e+001
      vertex  0.000000e+000  1.173605e+001  4.352219e+001
      vertex  6.000000e+000  1.186739e+001  4.337210e+001
    endloop
  endfacet
  facet normal -1.702777e-002  3.826271e-001  9.237460e-001
    outer loop
      vertex  0.000000e+000  1.253357e+001  4.298556e+001
      vertex  6.000000e+000  1.186739e+001  4.337210e+001
      vertex  6.000000e+000  1.292805e+001  4.293276e+001
    endloop
  endfacet
  facet normal  1.142363e-002 -4.002280e-002  9.991335e-001
    outer loop
      vertex  0.000000e+000  1.253357e+001  4.298556e+001
      vertex  6.000000e+000  1.292805e+001  4.293276e+001
      vertex  0.000000e+000  1.343702e+001  4.302175e+001
    endloop
  endfacet
  facet normal -1.271955e-002  9.472002e-001  3.203900e-001
    outer loop
      vertex  0.000000e+000  1.173605e+001  4.352219e+001
      vertex  0.000000e+000  1.142805e+001  4.443276e+001
      vertex  6.000000e+000  1.186739e+001  4.337210e+001
    endloop
  endfacet
  facet normal  0.000000e+000  9.238797e-001  3.826829e-001
    outer loop
      vertex  6.000000e+000  1.186739e+001  4.337210e+001
      vertex  0.000000e+000  1.142805e+001  4.443276e+001
      vertex  6.000000e+000  1.142805e+001  4.443276e+001
    endloop
  endfacet
  facet normal  9.414796e-003 -6.070196e-001  7.946310e-001
    outer loop
      vertex  0.000000e+000  1.343702e+001  4.302175e+001
      vertex  6.000000e+000  1.398871e+001  4.337210e+001
      vertex  0.000000e+000  1.415554e+001  4.357063e+001
    endloop
  endfacet
  facet normal -1.302486e-002 -9.238014e-001  3.826505e-001
    outer loop
      vertex  0.000000e+000  1.415554e+001  4.357063e+001
      vertex  6.000000e+000  1.398871e+001  4.337210e+001
      vertex  6.000000e+000  1.442805e+001  4.443276e+001
    endloop
  endfacet
  facet normal  4.016541e-005 -9.535807e-001  3.011377e-001
    outer loop
      vertex  0.000000e+000  1.415554e+001  4.357063e+001
      vertex  6.000000e+000  1.442805e+001  4.443276e+001
      vertex  0.000000e+000  1.442780e+001  4.443276e+001
    endloop
  endfacet
  facet normal  8.013342e-003 -8.858283e-002  9.960365e-001
    outer loop
      vertex  0.000000e+000 -1.240274e+001  4.302775e+001
      vertex  0.000000e+000 -1.319699e+001  4.295711e+001
      vertex  6.000000e+000 -1.292805e+001  4.293276e+001
    endloop
  endfacet
  facet normal -1.887446e-002 -3.826144e-001  9.237154e-001
    outer loop
      vertex  0.000000e+000 -1.240274e+001  4.302775e+001
      vertex  6.000000e+000 -1.292805e+001  4.293276e+001
      vertex  6.000000e+000 -1.186739e+001  4.337210e+001
    endloop
  endfacet
  facet normal  9.476578e-003 -6.139128e-001  7.893170e-001
    outer loop
      vertex  0.000000e+000 -1.240274e+001  4.302775e+001
      vertex  6.000000e+000 -1.186739e+001  4.337210e+001
      vertex  0.000000e+000 -1.169558e+001  4.357776e+001
    endloop
  endfacet
  facet normal  3.938576e-003  8.346474e-001  5.507706e-001
    outer loop
      vertex  0.000000e+000 -1.391517e+001  4.330356e+001
      vertex  0.000000e+000 -1.435433e+001  4.396907e+001
      vertex  6.000000e+000 -1.398871e+001  4.337210e+001
    endloop
  endfacet
  facet normal -4.457103e-002  9.866977e-001  1.563363e-001
    outer loop
      vertex  6.000000e+000 -1.398871e+001  4.337210e+001
      vertex  0.000000e+000 -1.435433e+001  4.396907e+001
      vertex  0.000000e+000 -1.442780e+001  4.443276e+001
    endloop
  endfacet
  facet normal  3.891438e-005  9.238797e-001  3.826829e-001
    outer loop
      vertex  6.000000e+000 -1.398871e+001  4.337210e+001
      vertex  0.000000e+000 -1.442780e+001  4.443276e+001
      vertex  6.000000e+000 -1.442805e+001  4.443276e+001
    endloop
  endfacet
  facet normal -4.963115e-003  4.344793e-001  9.006681e-001
    outer loop
      vertex  0.000000e+000 -1.391517e+001  4.330356e+001
      vertex  6.000000e+000 -1.398871e+001  4.337210e+001
      vertex  0.000000e+000 -1.319699e+001  4.295711e+001
    endloop
  endfacet
  facet normal -1.340208e-002  3.826482e-001  9.237970e-001
    outer loop
      vertex  0.000000e+000 -1.319699e+001  4.295711e+001
      vertex  6.000000e+000 -1.398871e+001  4.337210e+001
      vertex  6.000000e+000 -1.292805e+001  4.293276e+001
    endloop
  endfacet
  facet normal -1.708963e-002 -9.542311e-001  2.985815e-001
    outer loop
      vertex  0.000000e+000 -1.169558e+001  4.357776e+001
      vertex  6.000000e+000 -1.186739e+001  4.337210e+001
      vertex  0.000000e+000 -1.142805e+001  4.443276e+001
    endloop
  endfacet
  facet normal  0.000000e+000 -9.238797e-001  3.826829e-001
    outer loop
      vertex  0.000000e+000 -1.142805e+001  4.443276e+001
      vertex  6.000000e+000 -1.186739e+001  4.337210e+001
      vertex  6.000000e+000 -1.142805e+001  4.443276e+001
    endloop
  endfacet
  facet normal -1.843406e-002 -3.826175e-001 -9.237229e-001
    outer loop
      vertex  6.000000e+000 -1.292805e+001  4.593276e+001
      vertex  0.000000e+000 -1.226001e+001  4.577579e+001
      vertex  6.000000e+000 -1.186739e+001  4.549342e+001
    endloop
  endfacet
  facet normal  5.318717e-003 -1.832225e-001 -9.830571e-001
    outer loop
      vertex  0.000000e+000 -1.306741e+001  4.592627e+001
      vertex  0.000000e+000 -1.226001e+001  4.577579e+001
      vertex  6.000000e+000 -1.292805e+001  4.593276e+001
    endloop
  endfacet
  facet normal -7.888894e-003  3.826706e-001 -9.238512e-001
    outer loop
      vertex  0.000000e+000 -1.306741e+001  4.592627e+001
      vertex  6.000000e+000 -1.292805e+001  4.593276e+001
      vertex  6.000000e+000 -1.398871e+001  4.549342e+001
    endloop
  endfacet
  facet normal  3.972147e-003  4.463016e-001 -8.948738e-001
    outer loop
      vertex  0.000000e+000 -1.306741e+001  4.592627e+001
      vertex  6.000000e+000 -1.398871e+001  4.549342e+001
      vertex  0.000000e+000 -1.403673e+001  4.544284e+001
    endloop
  endfacet
  facet normal  9.280177e-003 -6.734298e-001 -7.391930e-001
    outer loop
      vertex  0.000000e+000 -1.226001e+001  4.577579e+001
      vertex  0.000000e+000 -1.165289e+001  4.522268e+001
      vertex  6.000000e+000 -1.186739e+001  4.549342e+001
    endloop
  endfacet
  facet normal -2.202509e-002 -9.615631e-001 -2.736993e-001
    outer loop
      vertex  6.000000e+000 -1.186739e+001  4.549342e+001
      vertex  0.000000e+000 -1.165289e+001  4.522268e+001
      vertex  0.000000e+000 -1.142805e+001  4.443276e+001
    endloop
  endfacet
  facet normal  0.000000e+000 -9.238797e-001 -3.826829e-001
    outer loop
      vertex  6.000000e+000 -1.186739e+001  4.549342e+001
      vertex  0.000000e+000 -1.142805e+001  4.443276e+001
      vertex  6.000000e+000 -1.142805e+001  4.443276e+001
    endloop
  endfacet
  facet normal -4.419993e-003  9.325383e-001 -3.610440e-001
    outer loop
      vertex  0.000000e+000 -1.403673e+001  4.544284e+001
      vertex  6.000000e+000 -1.398871e+001  4.549342e+001
      vertex  0.000000e+000 -1.442780e+001  4.443276e+001
    endloop
  endfacet
  facet normal  3.891438e-005  9.238797e-001 -3.826829e-001
    outer loop
      vertex  0.000000e+000 -1.442780e+001  4.443276e+001
      vertex  6.000000e+000 -1.398871e+001  4.549342e+001
      vertex  6.000000e+000 -1.442805e+001  4.443276e+001
    endloop
  endfacet
  facet normal  0.000000e+000  1.000000e+000  0.000000e+000
    outer loop
      vertex  6.000000e+000 -7.000000e+000  4.457930e+001
      vertex  0.000000e+000 -7.000000e+000  4.457930e+001
      vertex  6.000000e+000 -7.000000e+000  5.257930e+001
    endloop
  endfacet
  facet normal  0.000000e+000  1.000000e+000  0.000000e+000
    outer loop
      vertex  6.000000e+000 -7.000000e+000  5.257930e+001
      vertex  0.000000e+000 -7.000000e+000  4.457930e+001
      vertex  0.000000e+000 -7.000000e+000  5.257930e+001
    endloop
  endfacet
  facet normal  0.000000e+000  0.000000e+000  1.000000e+000
    outer loop
      vertex  6.000000e+000 -7.000000e+000  4.457930e+001
      vertex  6.000000e+000  7.000000e+000  4.457930e+001
      vertex  0.000000e+000 -7.000000e+000  4.457930e+001
    endloop
  endfacet
  facet normal  0.000000e+000  0.000000e+000  1.000000e+000
    outer loop
      vertex  0.000000e+000 -7.000000e+000  4.457930e+001
      vertex  6.000000e+000  7.000000e+000  4.457930e+001
      vertex  0.000000e+000  7.000000e+000  4.457930e+001
    endloop
  endfacet
  facet normal  0.000000e+000 -1.000000e+000  0.000000e+000
    outer loop
      vertex  6.000000e+000  7.000000e+000  5.257930e+001
      vertex  0.000000e+000  7.000000e+000  5.257930e+001
      vertex  6.000000e+000  7.000000e+000  4.457930e+001
    endloop
  endfacet
  facet normal  0.000000e+000 -1.000000e+000  0.000000e+000
    outer loop
      vertex  6.000000e+000  7.000000e+000  4.457930e+001
      vertex  0.000000e+000  7.000000e+000  5.257930e+001
      vertex  0.000000e+000  7.000000e+000  4.457930e+001
    endloop
  endfacet
  facet normal  0.000000e+000  0.000000e+000 -1.000000e+000
    outer loop
      vertex  6.000000e+000  7.000000e+000  5.257930e+001
      vertex  6.000000e+000 -7.000000e+000  5.257930e+001
      vertex  0.000000e+000  7.000000e+000  5.257930e+001
    endloop
  endfacet
  facet normal  0.000000e+000  0.000000e+000 -1.000000e+000
    outer loop
      vertex  0.000000e+000  7.000000e+000  5.257930e+001
      vertex  6.000000e+000 -7.000000e+000  5.257930e+001
      vertex  0.000000e+000 -7.000000e+000  5.257930e+001
    endloop
  endfacet
  facet normal  0.000000e+000 -3.826835e-001  9.238795e-001
    outer loop
      vertex  0.000000e+000  5.000000e+000 -2.970000e+001
      vertex  6.000000e+000  6.555635e+000 -2.905564e+001
      vertex  0.000000e+000  6.555635e+000 -2.905564e+001
    endloop
  endfacet
  facet normal  0.000000e+000 -9.238796e-001  3.826832e-001
    outer loop
      vertex  0.000000e+000  6.555635e+000 -2.905564e+001
      vertex  6.000000e+000  6.555635e+000 -2.905564e+001
      vertex  6.000000e+000  7.200000e+000 -2.750000e+001
    endloop
  endfacet
  facet normal  0.000000e+000 -9.238796e-001  3.826832e-001
    outer loop
      vertex  0.000000e+000  6.555635e+000 -2.905564e+001
      vertex  6.000000e+000  7.200000e+000 -2.750000e+001
      vertex  0.000000e+000  7.200000e+000 -2.750000e+001
    endloop
  endfacet
  facet normal  0.000000e+000 -3.826835e-001  9.238795e-001
    outer loop
      vertex  6.000000e+000  6.555635e+000 -2.905564e+001
      vertex  0.000000e+000  5.000000e+000 -2.970000e+001
      vertex  6.000000e+000  5.000000e+000 -2.970000e+001
    endloop
  endfacet
  facet normal  0.000000e+000  3.826835e-001  9.238795e-001
    outer loop
      vertex  6.000000e+000  5.000000e+000 -2.970000e+001
      vertex  0.000000e+000  5.000000e+000 -2.970000e+001
      vertex  0.000000e+000  3.444365e+000 -2.905564e+001
    endloop
  endfacet
  facet normal  -0.000000e+000  3.826835e-001  9.238795e-001
    outer loop
      vertex  6.000000e+000  5.000000e+000 -2.970000e+001
      vertex  0.000000e+000  3.444365e+000 -2.905564e+001
      vertex  6.000000e+000  3.444365e+000 -2.905564e+001
    endloop
  endfacet
  facet normal  0.000000e+000  9.238796e-001  3.826833e-001
    outer loop
      vertex  6.000000e+000  3.444365e+000 -2.905564e+001
      vertex  0.000000e+000  3.444365e+000 -2.905564e+001
      vertex  0.000000e+000  2.800000e+000 -2.750000e+001
    endloop
  endfacet
  facet normal  -0.000000e+000  9.238796e-001  3.826833e-001
    outer loop
      vertex  6.000000e+000  3.444365e+000 -2.905564e+001
      vertex  0.000000e+000  2.800000e+000 -2.750000e+001
      vertex  6.000000e+000  2.800000e+000 -2.750000e+001
    endloop
  endfacet
  facet normal  0.000000e+000  3.826835e-001 -9.238795e-001
    outer loop
      vertex  0.000000e+000  5.000000e+000 -2.530000e+001
      vertex  6.000000e+000  3.444365e+000 -2.594436e+001
      vertex  0.000000e+000  3.444365e+000 -2.594436e+001
    endloop
  endfacet
  facet normal  0.000000e+000  9.238796e-001 -3.826833e-001
    outer loop
      vertex  0.000000e+000  3.444365e+000 -2.594436e+001
      vertex  6.000000e+000  3.444365e+000 -2.594436e+001
      vertex  6.000000e+000  2.800000e+000 -2.750000e+001
    endloop
  endfacet
  facet normal  0.000000e+000  9.238796e-001 -3.826833e-001
    outer loop
      vertex  0.000000e+000  3.444365e+000 -2.594436e+001
      vertex  6.000000e+000  2.800000e+000 -2.750000e+001
      vertex  0.000000e+000  2.800000e+000 -2.750000e+001
    endloop
  endfacet
  facet normal  0.000000e+000  3.826835e-001 -9.238795e-001
    outer loop
      vertex  6.000000e+000  3.444365e+000 -2.594436e+001
      vertex  0.000000e+000  5.000000e+000 -2.530000e+001
      vertex  6.000000e+000  5.000000e+000 -2.530000e+001
    endloop
  endfacet
  facet normal  -0.000000e+000 -3.826835e-001 -9.238795e-001
    outer loop
      vertex  6.000000e+000  5.000000e+000 -2.530000e+001
      vertex  0.000000e+000  5.000000e+000 -2.530000e+001
      vertex  0.000000e+000  6.555635e+000 -2.594436e+001
    endloop
  endfacet
  facet normal  0.000000e+000 -3.826835e-001 -9.238795e-001
    outer loop
      vertex  6.000000e+000  5.000000e+000 -2.530000e+001
      vertex  0.000000e+000  6.555635e+000 -2.594436e+001
      vertex  6.000000e+000  6.555635e+000 -2.594436e+001
    endloop
  endfacet
  facet normal  -0.000000e+000 -9.238796e-001 -3.826832e-001
    outer loop
      vertex  6.000000e+000  6.555635e+000 -2.594436e+001
      vertex  0.000000e+000  6.555635e+000 -2.594436e+001
      vertex  0.000000e+000  7.200000e+000 -2.750000e+001
    endloop
  endfacet
  facet normal  0.000000e+000 -9.238796e-001 -3.826832e-001
    outer loop
      vertex  6.000000e+000  6.555635e+000 -2.594436e+001
      vertex  0.000000e+000  7.200000e+000 -2.750000e+001
      vertex  6.000000e+000  7.200000e+000 -2.750000e+001
    endloop
  endfacet
  facet normal  0.000000e+000  3.826835e-001 -9.238795e-001
    outer loop
      vertex  0.000000e+000 -5.000000e+000 -2.530000e+001
      vertex  6.000000e+000 -6.555635e+000 -2.594436e+001
      vertex  0.000000e+000 -6.555635e+000 -2.594436e+001
    endloop
  endfacet
  facet normal  0.000000e+000  9.238796e-001 -3.826832e-001
    outer loop
      vertex  0.000000e+000 -6.555635e+000 -2.594436e+001
      vertex  6.000000e+000 -6.555635e+000 -2.594436e+001
      vertex  6.000000e+000 -7.200000e+000 -2.750000e+001
    endloop
  endfacet
  facet normal  0.000000e+000  9.238796e-001 -3.826832e-001
    outer loop
      vertex  0.000000e+000 -6.555635e+000 -2.594436e+001
      vertex  6.000000e+000 -7.200000e+000 -2.750000e+001
      vertex  0.000000e+000 -7.200000e+000 -2.750000e+001
    endloop
  endfacet
  facet normal  0.000000e+000  3.826835e-001 -9.238795e-001
    outer loop
      vertex  6.000000e+000 -6.555635e+000 -2.594436e+001
      vertex  0.000000e+000 -5.000000e+000 -2.530000e+001
      vertex  6.000000e+000 -5.000000e+000 -2.530000e+001
    endloop
  endfacet
  facet normal  -0.000000e+000 -3.826835e-001 -9.238795e-001
    outer loop
      vertex  6.000000e+000 -5.000000e+000 -2.530000e+001
      vertex  0.000000e+000 -5.000000e+000 -2.530000e+001
      vertex  0.000000e+000 -3.444365e+000 -2.594436e+001
    endloop
  endfacet
  facet normal  0.000000e+000 -3.826835e-001 -9.238795e-001
    outer loop
      vertex  6.000000e+000 -5.000000e+000 -2.530000e+001
      vertex  0.000000e+000 -3.444365e+000 -2.594436e+001
      vertex  6.000000e+000 -3.444365e+000 -2.594436e+001
    endloop
  endfacet
  facet normal  -0.000000e+000 -9.238796e-001 -3.826833e-001
    outer loop
      vertex  6.000000e+000 -3.444365e+000 -2.594436e+001
      vertex  0.000000e+000 -3.444365e+000 -2.594436e+001
      vertex  0.000000e+000 -2.800000e+000 -2.750000e+001
    endloop
  endfacet
  facet normal  0.000000e+000 -9.238796e-001 -3.826833e-001
    outer loop
      vertex  6.000000e+000 -3.444365e+000 -2.594436e+001
      vertex  0.000000e+000 -2.800000e+000 -2.750000e+001
      vertex  6.000000e+000 -2.800000e+000 -2.750000e+001
    endloop
  endfacet
  facet normal  0.000000e+000 -3.826835e-001  9.238795e-001
    outer loop
      vertex  0.000000e+000 -5.000000e+000 -2.970000e+001
      vertex  6.000000e+000 -3.444365e+000 -2.905564e+001
      vertex  0.000000e+000 -3.444365e+000 -2.905564e+001
    endloop
  endfacet
  facet normal  0.000000e+000 -9.238796e-001  3.826833e-001
    outer loop
      vertex  0.000000e+000 -3.444365e+000 -2.905564e+001
      vertex  6.000000e+000 -3.444365e+000 -2.905564e+001
      vertex  6.000000e+000 -2.800000e+000 -2.750000e+001
    endloop
  endfacet
  facet normal  0.000000e+000 -9.238796e-001  3.826833e-001
    outer loop
      vertex  0.000000e+000 -3.444365e+000 -2.905564e+001
      vertex  6.000000e+000 -2.800000e+000 -2.750000e+001
      vertex  0.000000e+000 -2.800000e+000 -2.750000e+001
    endloop
  endfacet
  facet normal  0.000000e+000 -3.826835e-001  9.238795e-001
    outer loop
      vertex  6.000000e+000 -3.444365e+000 -2.905564e+001
      vertex  0.000000e+000 -5.000000e+000 -2.970000e+001
      vertex  6.000000e+000 -5.000000e+000 -2.970000e+001
    endloop
  endfacet
  facet normal  0.000000e+000  3.826835e-001  9.238795e-001
    outer loop
      vertex  6.000000e+000 -5.000000e+000 -2.970000e+001
      vertex  0.000000e+000 -5.000000e+000 -2.970000e+001
      vertex  0.000000e+000 -6.555635e+000 -2.905564e+001
    endloop
  endfacet
  facet normal  -0.000000e+000  3.826835e-001  9.238795e-001
    outer loop
      vertex  6.000000e+000 -5.000000e+000 -2.970000e+001
      vertex  0.000000e+000 -6.555635e+000 -2.905564e+001
      vertex  6.000000e+000 -6.555635e+000 -2.905564e+001
    endloop
  endfacet
  facet normal  0.000000e+000  9.238796e-001  3.826832e-001
    outer loop
      vertex  6.000000e+000 -6.555635e+000 -2.905564e+001
      vertex  0.000000e+000 -6.555635e+000 -2.905564e+001
      vertex  0.000000e+000 -7.200000e+000 -2.750000e+001
    endloop
  endfacet
  facet normal  -0.000000e+000  9.238796e-001  3.826832e-001
    outer loop
      vertex  6.000000e+000 -6.555635e+000 -2.905564e+001
      vertex  0.000000e+000 -7.200000e+000 -2.750000e+001
      vertex  6.000000e+000 -7.200000e+000 -2.750000e+001
    endloop
  endfacet
  facet normal  0.000000e+000  0.000000e+000 -1.000000e+000
    outer loop
      vertex  0.000000e+000 -1.000000e+001 -3.200000e+001
      vertex  0.000000e+000  1.000000e+001 -3.200000e+001
      vertex  6.000000e+000 -1.000000e+001 -3.200000e+001
    endloop
  endfacet
  facet normal  0.000000e+000  0.000000e+000 -1.000000e+000
    outer loop
      vertex  6.000000e+000 -1.000000e+001 -3.200000e+001
      vertex  0.000000e+000  1.000000e+001 -3.200000e+001
      vertex  6.000000e+000  1.000000e+001 -3.200000e+001
    endloop
  endfacet
endsolid CATIA STL
