solid CATIA STL
  facet normal  0.000000e+000  -0.000000e+000  1.000000e+000
    outer loop
      vertex -1.125672e+001  4.751398e+001  9.000000e+000
      vertex -1.118034e+001  4.664339e+001  9.000000e+000
      vertex -9.866773e+000  6.640879e+001  9.000000e+000
    endloop
  endfacet
  facet normal  0.000000e+000  0.000000e+000  1.000000e+000
    outer loop
      vertex -4.000000e+000 -2.000000e+001  9.000000e+000
      vertex -6.942903e+000 -2.123744e+001  9.000000e+000
      vertex  0.000000e+000 -2.000000e+001  9.000000e+000
    endloop
  endfacet
  facet normal  -0.000000e+000  0.000000e+000  1.000000e+000
    outer loop
      vertex -4.000000e+000 -2.000000e+001  9.000000e+000
      vertex -6.430340e+000 -2.000000e+001  9.000000e+000
      vertex -6.942903e+000 -2.123744e+001  9.000000e+000
    endloop
  endfacet
  facet normal  0.000000e+000  0.000000e+000  1.000000e+000
    outer loop
      vertex  4.000000e+000 -2.000000e+001  9.000000e+000
      vertex  6.942903e+000 -2.123744e+001  9.000000e+000
      vertex  6.430340e+000 -2.000000e+001  9.000000e+000
    endloop
  endfacet
  facet normal  -0.000000e+000  0.000000e+000  1.000000e+000
    outer loop
      vertex  4.000000e+000 -2.000000e+001  9.000000e+000
      vertex  0.000000e+000 -2.000000e+001  9.000000e+000
      vertex  6.942903e+000 -2.123744e+001  9.000000e+000
    endloop
  endfacet
  facet normal  -0.000000e+000  -0.000000e+000  1.000000e+000
    outer loop
      vertex  7.976845e+000  8.270315e+001  9.000000e+000
      vertex  8.043467e+000  7.674927e+001  9.000000e+000
      vertex  9.866773e+000  7.359121e+001  9.000000e+000
    endloop
  endfacet
  facet normal  0.000000e+000  0.000000e+000  1.000000e+000
    outer loop
      vertex  8.043467e+000  7.674927e+001  9.000000e+000
      vertex  7.976845e+000  8.270315e+001  9.000000e+000
      vertex  5.250000e+000  7.909327e+001  9.000000e+000
    endloop
  endfacet
  facet normal  -0.000000e+000  0.000000e+000  1.000000e+000
    outer loop
      vertex  7.976845e+000  8.270315e+001  9.000000e+000
      vertex  1.823306e+000  8.034048e+001  9.000000e+000
      vertex  5.250000e+000  7.909327e+001  9.000000e+000
    endloop
  endfacet
  facet normal  0.000000e+000  0.000000e+000  1.000000e+000
    outer loop
      vertex  3.500000e+000 -2.400000e+001  9.000000e+000
      vertex  0.000000e+000 -2.000000e+001  9.000000e+000
      vertex -3.500000e+000 -2.400000e+001  9.000000e+000
    endloop
  endfacet
  facet normal  0.000000e+000  0.000000e+000  1.000000e+000
    outer loop
      vertex  4.000000e+000  0.000000e+000  9.000000e+000
      vertex  8.180340e+000  6.750000e+000  9.000000e+000
      vertex  6.942903e+000  7.262563e+000  9.000000e+000
    endloop
  endfacet
  facet normal  0.000000e+000  0.000000e+000  1.000000e+000
    outer loop
      vertex -9.930340e+000  3.700000e+001  9.000000e+000
      vertex -8.180340e+000  1.025000e+001  9.000000e+000
      vertex -9.417777e+000  3.576256e+001  9.000000e+000
    endloop
  endfacet
  facet normal  0.000000e+000  0.000000e+000  1.000000e+000
    outer loop
      vertex -1.050000e+001  7.000000e+001  9.000000e+000
      vertex -9.866773e+000  7.359121e+001  9.000000e+000
      vertex -1.488001e+001  7.189347e+001  9.000000e+000
    endloop
  endfacet
  facet normal  0.000000e+000  0.000000e+000  1.000000e+000
    outer loop
      vertex -4.150470e+000  8.441435e+001  9.000000e+000
      vertex  4.150470e+000  8.441435e+001  9.000000e+000
      vertex  2.300382e-012  8.500000e+001  9.000000e+000
    endloop
  endfacet
  facet normal  0.000000e+000  0.000000e+000  1.000000e+000
    outer loop
      vertex  5.740577e+000 -8.763426e+001  9.000000e+000
      vertex -5.957256e+000 -8.757451e+001  9.000000e+000
      vertex -1.123842e-001 -8.839614e+001  9.000000e+000
    endloop
  endfacet
  facet normal  -0.000000e+000  0.000000e+000  1.000000e+000
    outer loop
      vertex  9.930340e+000  3.700000e+001  9.000000e+000
      vertex  9.417777e+000  3.576256e+001  9.000000e+000
      vertex  8.180340e+000  1.025000e+001  9.000000e+000
    endloop
  endfacet
  facet normal  -0.000000e+000  0.000000e+000  1.000000e+000
    outer loop
      vertex  4.000000e+000  3.000000e+001  9.000000e+000
      vertex  0.000000e+000  3.000000e+001  9.000000e+000
      vertex -4.000000e+000  2.100000e+001  9.000000e+000
    endloop
  endfacet
  facet normal  0.000000e+000  0.000000e+000  1.000000e+000
    outer loop
      vertex  4.000000e+000  3.000000e+001  9.000000e+000
      vertex -4.000000e+000  2.100000e+001  9.000000e+000
      vertex  4.000000e+000  2.100000e+001  9.000000e+000
    endloop
  endfacet
  facet normal  0.000000e+000  0.000000e+000  1.000000e+000
    outer loop
      vertex  4.000000e+000  3.000000e+001  9.000000e+000
      vertex  4.000000e+000  2.100000e+001  9.000000e+000
      vertex  8.180340e+000  3.525000e+001  9.000000e+000
    endloop
  endfacet
  facet normal  0.000000e+000  0.000000e+000  1.000000e+000
    outer loop
      vertex  4.000000e+000  3.000000e+001  9.000000e+000
      vertex  8.180340e+000  3.525000e+001  9.000000e+000
      vertex  6.942903e+000  3.576256e+001  9.000000e+000
    endloop
  endfacet
  facet normal  0.000000e+000  0.000000e+000  1.000000e+000
    outer loop
      vertex  4.000000e+000  3.000000e+001  9.000000e+000
      vertex  6.942903e+000  3.576256e+001  9.000000e+000
      vertex  6.430340e+000  3.700000e+001  9.000000e+000
    endloop
  endfacet
  facet normal  0.000000e+000  0.000000e+000  1.000000e+000
    outer loop
      vertex  4.000000e+000  5.000000e+001  9.000000e+000
      vertex  4.000000e+000  3.000000e+001  9.000000e+000
      vertex  6.430340e+000  3.700000e+001  9.000000e+000
    endloop
  endfacet
  facet normal  0.000000e+000  -0.000000e+000  1.000000e+000
    outer loop
      vertex  4.000000e+000  5.000000e+001  9.000000e+000
      vertex  6.430340e+000  3.700000e+001  9.000000e+000
      vertex  6.942903e+000  3.823744e+001  9.000000e+000
    endloop
  endfacet
  facet normal  0.000000e+000  -0.000000e+000  1.000000e+000
    outer loop
      vertex  4.000000e+000  5.000000e+001  9.000000e+000
      vertex  6.942903e+000  3.823744e+001  9.000000e+000
      vertex  8.180340e+000  3.875000e+001  9.000000e+000
    endloop
  endfacet
  facet normal  0.000000e+000  -0.000000e+000  1.000000e+000
    outer loop
      vertex -4.000000e+000  5.000000e+001  9.000000e+000
      vertex  4.000000e+000  5.000000e+001  9.000000e+000
      vertex  5.250000e+000  6.090673e+001  9.000000e+000
    endloop
  endfacet
  facet normal  0.000000e+000  0.000000e+000  1.000000e+000
    outer loop
      vertex -4.000000e+000  5.000000e+001  9.000000e+000
      vertex  5.250000e+000  6.090673e+001  9.000000e+000
      vertex  1.823306e+000  5.965952e+001  9.000000e+000
    endloop
  endfacet
  facet normal  0.000000e+000  0.000000e+000  1.000000e+000
    outer loop
      vertex -4.000000e+000  5.000000e+001  9.000000e+000
      vertex  1.823306e+000  5.965952e+001  9.000000e+000
      vertex -1.823306e+000  5.965952e+001  9.000000e+000
    endloop
  endfacet
  facet normal  0.000000e+000  0.000000e+000  1.000000e+000
    outer loop
      vertex -4.000000e+000  5.000000e+001  9.000000e+000
      vertex -1.823306e+000  5.965952e+001  9.000000e+000
      vertex -5.250000e+000  6.090673e+001  9.000000e+000
    endloop
  endfacet
  facet normal  0.000000e+000  0.000000e+000  9.999999e-001
    outer loop
      vertex -4.000000e+000  5.000000e+001  9.000000e+000
      vertex -5.250000e+000  6.090673e+001  9.000000e+000
      vertex -8.043467e+000  6.325073e+001  9.000000e+000
    endloop
  endfacet
  facet normal  0.000000e+000  0.000000e+000  1.000000e+000
    outer loop
      vertex -4.000000e+000  5.000000e+001  9.000000e+000
      vertex -8.043467e+000  6.325073e+001  9.000000e+000
      vertex -9.866773e+000  6.640879e+001  9.000000e+000
    endloop
  endfacet
  facet normal  0.000000e+000  0.000000e+000  1.000000e+000
    outer loop
      vertex -4.000000e+000  5.000000e+001  9.000000e+000
      vertex -9.866773e+000  6.640879e+001  9.000000e+000
      vertex -8.180340e+000  3.875000e+001  9.000000e+000
    endloop
  endfacet
  facet normal  -0.000000e+000  0.000000e+000  1.000000e+000
    outer loop
      vertex -4.000000e+000  5.000000e+001  9.000000e+000
      vertex -8.180340e+000  3.875000e+001  9.000000e+000
      vertex -6.942903e+000  3.823744e+001  9.000000e+000
    endloop
  endfacet
  facet normal  -0.000000e+000  0.000000e+000  1.000000e+000
    outer loop
      vertex -4.000000e+000  5.000000e+001  9.000000e+000
      vertex -6.942903e+000  3.823744e+001  9.000000e+000
      vertex -6.430340e+000  3.700000e+001  9.000000e+000
    endloop
  endfacet
  facet normal  0.000000e+000  0.000000e+000  1.000000e+000
    outer loop
      vertex -3.500000e+000 -3.810521e+001  9.000000e+000
      vertex -8.180340e+000 -2.175000e+001  9.000000e+000
      vertex -3.536647e+000 -4.798299e+001  9.000000e+000
    endloop
  endfacet
  facet normal  0.000000e+000  0.000000e+000  1.000000e+000
    outer loop
      vertex -3.500000e+000 -3.810521e+001  9.000000e+000
      vertex -3.536647e+000 -4.798299e+001  9.000000e+000
      vertex  1.618915e+000 -4.771645e+001  9.000000e+000
    endloop
  endfacet
  facet normal  0.000000e+000  -0.000000e+000  1.000000e+000
    outer loop
      vertex -3.500000e+000 -3.810521e+001  9.000000e+000
      vertex  1.618915e+000 -4.771645e+001  9.000000e+000
      vertex  3.500000e+000 -3.810521e+001  9.000000e+000
    endloop
  endfacet
  facet normal  0.000000e+000  0.000000e+000  1.000000e+000
    outer loop
      vertex -4.000000e+000  0.000000e+000  9.000000e+000
      vertex -6.942903e+000  7.262563e+000  9.000000e+000
      vertex -8.180340e+000  6.750000e+000  9.000000e+000
    endloop
  endfacet
  facet normal  0.000000e+000  0.000000e+000  1.000000e+000
    outer loop
      vertex -4.000000e+000  0.000000e+000  9.000000e+000
      vertex -8.180340e+000  6.750000e+000  9.000000e+000
      vertex -8.180340e+000 -1.825000e+001  9.000000e+000
    endloop
  endfacet
  facet normal  -0.000000e+000  0.000000e+000  1.000000e+000
    outer loop
      vertex -4.000000e+000  0.000000e+000  9.000000e+000
      vertex -8.180340e+000 -1.825000e+001  9.000000e+000
      vertex -6.942903e+000 -1.876256e+001  9.000000e+000
    endloop
  endfacet
  facet normal  -0.000000e+000  0.000000e+000  1.000000e+000
    outer loop
      vertex -4.000000e+000  0.000000e+000  9.000000e+000
      vertex -6.942903e+000 -1.876256e+001  9.000000e+000
      vertex -6.430340e+000 -2.000000e+001  9.000000e+000
    endloop
  endfacet
  facet normal  0.000000e+000  0.000000e+000  1.000000e+000
    outer loop
      vertex -4.000000e+000  0.000000e+000  9.000000e+000
      vertex -6.430340e+000 -2.000000e+001  9.000000e+000
      vertex -4.000000e+000 -2.000000e+001  9.000000e+000
    endloop
  endfacet
  facet normal  -0.000000e+000  0.000000e+000  1.000000e+000
    outer loop
      vertex  1.118034e+001  4.664339e+001  9.000000e+000
      vertex  8.180340e+000  3.875000e+001  9.000000e+000
      vertex  9.417777e+000  3.823744e+001  9.000000e+000
    endloop
  endfacet
  facet normal  -0.000000e+000  0.000000e+000  1.000000e+000
    outer loop
      vertex  1.118034e+001  4.664339e+001  9.000000e+000
      vertex  9.417777e+000  3.823744e+001  9.000000e+000
      vertex  9.930340e+000  3.700000e+001  9.000000e+000
    endloop
  endfacet
  facet normal  -0.000000e+000  0.000000e+000  1.000000e+000
    outer loop
      vertex  1.118034e+001  4.664339e+001  9.000000e+000
      vertex  9.930340e+000  3.700000e+001  9.000000e+000
      vertex  8.180340e+000  1.025000e+001  9.000000e+000
    endloop
  endfacet
  facet normal  -0.000000e+000  0.000000e+000  1.000000e+000
    outer loop
      vertex  1.118034e+001  4.664339e+001  9.000000e+000
      vertex  8.180340e+000  1.025000e+001  9.000000e+000
      vertex  9.417777e+000  9.737437e+000  9.000000e+000
    endloop
  endfacet
  facet normal  -0.000000e+000  0.000000e+000  1.000000e+000
    outer loop
      vertex  1.118034e+001  4.664339e+001  9.000000e+000
      vertex  9.417777e+000  9.737437e+000  9.000000e+000
      vertex  9.930340e+000  8.500000e+000  9.000000e+000
    endloop
  endfacet
  facet normal  -0.000000e+000  0.000000e+000  9.999999e-001
    outer loop
      vertex -1.118034e+001 -3.000000e+001  9.000000e+000
      vertex -2.089693e+001 -5.951758e+001  9.000000e+000
      vertex -1.803931e+001 -6.128313e+001  9.000000e+000
    endloop
  endfacet
  facet normal  0.000000e+000  0.000000e+000  1.000000e+000
    outer loop
      vertex -1.118034e+001 -3.000000e+001  9.000000e+000
      vertex -1.803931e+001 -6.128313e+001  9.000000e+000
      vertex -1.596112e+001 -5.655746e+001  9.000000e+000
    endloop
  endfacet
  facet normal  0.000000e+000  0.000000e+000  1.000000e+000
    outer loop
      vertex -1.118034e+001 -3.000000e+001  9.000000e+000
      vertex -1.596112e+001 -5.655746e+001  9.000000e+000
      vertex -1.267296e+001 -5.257765e+001  9.000000e+000
    endloop
  endfacet
  facet normal  0.000000e+000  0.000000e+000  1.000000e+000
    outer loop
      vertex -1.118034e+001 -3.000000e+001  9.000000e+000
      vertex -1.267296e+001 -5.257765e+001  9.000000e+000
      vertex -8.424106e+000 -4.964540e+001  9.000000e+000
    endloop
  endfacet
  facet normal  0.000000e+000  -0.000000e+000  1.000000e+000
    outer loop
      vertex -1.118034e+001 -3.000000e+001  9.000000e+000
      vertex -8.424106e+000 -4.964540e+001  9.000000e+000
      vertex -3.536647e+000 -4.798299e+001  9.000000e+000
    endloop
  endfacet
  facet normal  0.000000e+000  0.000000e+000  9.999999e-001
    outer loop
      vertex -1.118034e+001 -3.000000e+001  9.000000e+000
      vertex -3.536647e+000 -4.798299e+001  9.000000e+000
      vertex -8.180340e+000 -2.175000e+001  9.000000e+000
    endloop
  endfacet
  facet normal  0.000000e+000  0.000000e+000  1.000000e+000
    outer loop
      vertex -1.118034e+001 -3.000000e+001  9.000000e+000
      vertex -8.180340e+000 -2.175000e+001  9.000000e+000
      vertex -9.417777e+000 -2.123744e+001  9.000000e+000
    endloop
  endfacet
  facet normal  0.000000e+000  0.000000e+000  9.999999e-001
    outer loop
      vertex -1.118034e+001 -3.000000e+001  9.000000e+000
      vertex -9.417777e+000 -2.123744e+001  9.000000e+000
      vertex -9.930340e+000 -2.000000e+001  9.000000e+000
    endloop
  endfacet
  facet normal  0.000000e+000  0.000000e+000  9.999999e-001
    outer loop
      vertex -1.118034e+001 -3.000000e+001  9.000000e+000
      vertex -9.930340e+000 -2.000000e+001  9.000000e+000
      vertex -1.118034e+001  4.664339e+001  9.000000e+000
    endloop
  endfacet
  facet normal  0.000000e+000  -0.000000e+000  1.000000e+000
    outer loop
      vertex -1.118034e+001  4.664339e+001  9.000000e+000
      vertex -9.930340e+000  8.500000e+000  9.000000e+000
      vertex -9.417777e+000  9.737437e+000  9.000000e+000
    endloop
  endfacet
  facet normal  0.000000e+000  -0.000000e+000  1.000000e+000
    outer loop
      vertex -1.118034e+001  4.664339e+001  9.000000e+000
      vertex -9.417777e+000  9.737437e+000  9.000000e+000
      vertex -8.180340e+000  1.025000e+001  9.000000e+000
    endloop
  endfacet
  facet normal  0.000000e+000  0.000000e+000  1.000000e+000
    outer loop
      vertex -1.118034e+001  4.664339e+001  9.000000e+000
      vertex -8.180340e+000  1.025000e+001  9.000000e+000
      vertex -9.930340e+000  3.700000e+001  9.000000e+000
    endloop
  endfacet
  facet normal  0.000000e+000  -0.000000e+000  1.000000e+000
    outer loop
      vertex -1.118034e+001  4.664339e+001  9.000000e+000
      vertex -9.930340e+000  3.700000e+001  9.000000e+000
      vertex -9.417777e+000  3.823744e+001  9.000000e+000
    endloop
  endfacet
  facet normal  0.000000e+000  -0.000000e+000  1.000000e+000
    outer loop
      vertex -1.118034e+001  4.664339e+001  9.000000e+000
      vertex -9.417777e+000  3.823744e+001  9.000000e+000
      vertex -8.180340e+000  3.875000e+001  9.000000e+000
    endloop
  endfacet
  facet normal  0.000000e+000  0.000000e+000  1.000000e+000
    outer loop
      vertex -1.118034e+001  4.664339e+001  9.000000e+000
      vertex -8.180340e+000  3.875000e+001  9.000000e+000
      vertex -9.866773e+000  6.640879e+001  9.000000e+000
    endloop
  endfacet
  facet normal  -0.000000e+000  0.000000e+000  1.000000e+000
    outer loop
      vertex -7.976845e+000  8.270315e+001  9.000000e+000
      vertex -1.118034e+001  8.000000e+001  9.000000e+000
      vertex -8.043467e+000  7.674927e+001  9.000000e+000
    endloop
  endfacet
  facet normal  0.000000e+000  0.000000e+000  1.000000e+000
    outer loop
      vertex -7.976845e+000  8.270315e+001  9.000000e+000
      vertex -8.043467e+000  7.674927e+001  9.000000e+000
      vertex -5.250000e+000  7.909327e+001  9.000000e+000
    endloop
  endfacet
  facet normal  0.000000e+000  -0.000000e+000  1.000000e+000
    outer loop
      vertex -7.976845e+000  8.270315e+001  9.000000e+000
      vertex -5.250000e+000  7.909327e+001  9.000000e+000
      vertex -1.823306e+000  8.034048e+001  9.000000e+000
    endloop
  endfacet
  facet normal  0.000000e+000  -0.000000e+000  1.000000e+000
    outer loop
      vertex -7.976845e+000  8.270315e+001  9.000000e+000
      vertex -1.823306e+000  8.034048e+001  9.000000e+000
      vertex  1.823306e+000  8.034048e+001  9.000000e+000
    endloop
  endfacet
  facet normal  0.000000e+000  -0.000000e+000  1.000000e+000
    outer loop
      vertex -7.976845e+000  8.270315e+001  9.000000e+000
      vertex  1.823306e+000  8.034048e+001  9.000000e+000
      vertex  7.976845e+000  8.270315e+001  9.000000e+000
    endloop
  endfacet
  facet normal  0.000000e+000  0.000000e+000  1.000000e+000
    outer loop
      vertex -7.976845e+000  8.270315e+001  9.000000e+000
      vertex  7.976845e+000  8.270315e+001  9.000000e+000
      vertex  4.150470e+000  8.441435e+001  9.000000e+000
    endloop
  endfacet
  facet normal  0.000000e+000  0.000000e+000  9.999999e-001
    outer loop
      vertex -7.976845e+000  8.270315e+001  9.000000e+000
      vertex  4.150470e+000  8.441435e+001  9.000000e+000
      vertex -4.150470e+000  8.441435e+001  9.000000e+000
    endloop
  endfacet
  facet normal  0.000000e+000  -0.000000e+000  1.000000e+000
    outer loop
      vertex -8.180340e+000 -2.175000e+001  9.000000e+000
      vertex -3.500000e+000 -3.810521e+001  9.000000e+000
      vertex -3.500000e+000 -3.690424e+001  9.000000e+000
    endloop
  endfacet
  facet normal  0.000000e+000  -0.000000e+000  1.000000e+000
    outer loop
      vertex -8.180340e+000 -2.175000e+001  9.000000e+000
      vertex -3.500000e+000 -3.690424e+001  9.000000e+000
      vertex -3.500000e+000 -2.826820e+001  9.000000e+000
    endloop
  endfacet
  facet normal  0.000000e+000  -0.000000e+000  1.000000e+000
    outer loop
      vertex -8.180340e+000 -2.175000e+001  9.000000e+000
      vertex -3.500000e+000 -2.826820e+001  9.000000e+000
      vertex -3.500000e+000 -2.400000e+001  9.000000e+000
    endloop
  endfacet
  facet normal  0.000000e+000  -0.000000e+000  1.000000e+000
    outer loop
      vertex -8.180340e+000 -2.175000e+001  9.000000e+000
      vertex -3.500000e+000 -2.400000e+001  9.000000e+000
      vertex  0.000000e+000 -2.000000e+001  9.000000e+000
    endloop
  endfacet
  facet normal  0.000000e+000  0.000000e+000  1.000000e+000
    outer loop
      vertex -8.180340e+000 -2.175000e+001  9.000000e+000
      vertex  0.000000e+000 -2.000000e+001  9.000000e+000
      vertex -6.942903e+000 -2.123744e+001  9.000000e+000
    endloop
  endfacet
  facet normal  0.000000e+000  0.000000e+000  1.000000e+000
    outer loop
      vertex -4.000000e+000  3.000000e+001  9.000000e+000
      vertex -4.000000e+000  5.000000e+001  9.000000e+000
      vertex -6.430340e+000  3.700000e+001  9.000000e+000
    endloop
  endfacet
  facet normal  0.000000e+000  0.000000e+000  1.000000e+000
    outer loop
      vertex -4.000000e+000  3.000000e+001  9.000000e+000
      vertex -6.430340e+000  3.700000e+001  9.000000e+000
      vertex -6.942903e+000  3.576256e+001  9.000000e+000
    endloop
  endfacet
  facet normal  0.000000e+000  0.000000e+000  1.000000e+000
    outer loop
      vertex -4.000000e+000  3.000000e+001  9.000000e+000
      vertex -6.942903e+000  3.576256e+001  9.000000e+000
      vertex -8.180340e+000  3.525000e+001  9.000000e+000
    endloop
  endfacet
  facet normal  0.000000e+000  0.000000e+000  1.000000e+000
    outer loop
      vertex -4.000000e+000  3.000000e+001  9.000000e+000
      vertex -8.180340e+000  3.525000e+001  9.000000e+000
      vertex -4.000000e+000  2.100000e+001  9.000000e+000
    endloop
  endfacet
  facet normal  0.000000e+000  0.000000e+000  1.000000e+000
    outer loop
      vertex -4.000000e+000  3.000000e+001  9.000000e+000
      vertex -4.000000e+000  2.100000e+001  9.000000e+000
      vertex  0.000000e+000  3.000000e+001  9.000000e+000
    endloop
  endfacet
  facet normal  0.000000e+000  0.000000e+000  1.000000e+000
    outer loop
      vertex  8.180340e+000 -2.175000e+001  9.000000e+000
      vertex  6.942903e+000 -2.123744e+001  9.000000e+000
      vertex  0.000000e+000 -2.000000e+001  9.000000e+000
    endloop
  endfacet
  facet normal  0.000000e+000  0.000000e+000  1.000000e+000
    outer loop
      vertex  8.180340e+000 -2.175000e+001  9.000000e+000
      vertex  0.000000e+000 -2.000000e+001  9.000000e+000
      vertex  3.500000e+000 -2.400000e+001  9.000000e+000
    endloop
  endfacet
  facet normal  -0.000000e+000  0.000000e+000  1.000000e+000
    outer loop
      vertex  8.180340e+000 -2.175000e+001  9.000000e+000
      vertex  3.500000e+000 -2.400000e+001  9.000000e+000
      vertex  3.500000e+000 -2.826820e+001  9.000000e+000
    endloop
  endfacet
  facet normal  -0.000000e+000  0.000000e+000  1.000000e+000
    outer loop
      vertex  8.180340e+000 -2.175000e+001  9.000000e+000
      vertex  3.500000e+000 -2.826820e+001  9.000000e+000
      vertex  3.500000e+000 -3.690424e+001  9.000000e+000
    endloop
  endfacet
  facet normal  -0.000000e+000  0.000000e+000  1.000000e+000
    outer loop
      vertex  8.180340e+000 -2.175000e+001  9.000000e+000
      vertex  3.500000e+000 -3.690424e+001  9.000000e+000
      vertex  3.500000e+000 -3.810521e+001  9.000000e+000
    endloop
  endfacet
  facet normal  -0.000000e+000  0.000000e+000  1.000000e+000
    outer loop
      vertex  8.180340e+000 -2.175000e+001  9.000000e+000
      vertex  3.500000e+000 -3.810521e+001  9.000000e+000
      vertex  1.618915e+000 -4.771645e+001  9.000000e+000
    endloop
  endfacet
  facet normal  -0.000000e+000  0.000000e+000  1.000000e+000
    outer loop
      vertex  8.180340e+000 -2.175000e+001  9.000000e+000
      vertex  1.618915e+000 -4.771645e+001  9.000000e+000
      vertex  6.651752e+000 -4.886597e+001  9.000000e+000
    endloop
  endfacet
  facet normal  -0.000000e+000  0.000000e+000  1.000000e+000
    outer loop
      vertex  8.180340e+000 -2.175000e+001  9.000000e+000
      vertex  6.651752e+000 -4.886597e+001  9.000000e+000
      vertex  1.118034e+001 -5.134443e+001  9.000000e+000
    endloop
  endfacet
  facet normal  0.000000e+000  -0.000000e+000  1.000000e+000
    outer loop
      vertex  8.180340e+000 -2.175000e+001  9.000000e+000
      vertex  1.118034e+001 -5.134443e+001  9.000000e+000
      vertex  1.118034e+001 -3.000000e+001  9.000000e+000
    endloop
  endfacet
  facet normal  -0.000000e+000  0.000000e+000  1.000000e+000
    outer loop
      vertex  1.118034e+001 -3.000000e+001  9.000000e+000
      vertex  1.118034e+001 -5.134443e+001  9.000000e+000
      vertex  1.435349e+001 -5.433243e+001  9.000000e+000
    endloop
  endfacet
  facet normal  -0.000000e+000  -0.000000e+000  1.000000e+000
    outer loop
      vertex  1.118034e+001 -3.000000e+001  9.000000e+000
      vertex  1.435349e+001 -5.433243e+001  9.000000e+000
      vertex  1.675103e+001 -5.797232e+001  9.000000e+000
    endloop
  endfacet
  facet normal  -0.000000e+000  -0.000000e+000  1.000000e+000
    outer loop
      vertex  1.118034e+001 -3.000000e+001  9.000000e+000
      vertex  1.675103e+001 -5.797232e+001  9.000000e+000
      vertex  2.089693e+001 -5.951758e+001  9.000000e+000
    endloop
  endfacet
  facet normal  0.000000e+000  0.000000e+000  9.999999e-001
    outer loop
      vertex  1.118034e+001 -3.000000e+001  9.000000e+000
      vertex  1.118034e+001  4.664339e+001  9.000000e+000
      vertex  9.930340e+000 -2.000000e+001  9.000000e+000
    endloop
  endfacet
  facet normal  0.000000e+000  0.000000e+000  9.999999e-001
    outer loop
      vertex  1.118034e+001 -3.000000e+001  9.000000e+000
      vertex  9.930340e+000 -2.000000e+001  9.000000e+000
      vertex  9.417777e+000 -2.123744e+001  9.000000e+000
    endloop
  endfacet
  facet normal  0.000000e+000  0.000000e+000  1.000000e+000
    outer loop
      vertex  1.118034e+001 -3.000000e+001  9.000000e+000
      vertex  9.417777e+000 -2.123744e+001  9.000000e+000
      vertex  8.180340e+000 -2.175000e+001  9.000000e+000
    endloop
  endfacet
  facet normal  0.000000e+000  0.000000e+000  1.000000e+000
    outer loop
      vertex -6.430340e+000  8.500000e+000  9.000000e+000
      vertex -6.942903e+000  7.262563e+000  9.000000e+000
      vertex -4.000000e+000  9.000000e+000  9.000000e+000
    endloop
  endfacet
  facet normal  0.000000e+000  0.000000e+000  1.000000e+000
    outer loop
      vertex -4.000000e+000  9.000000e+000  9.000000e+000
      vertex -6.942903e+000  7.262563e+000  9.000000e+000
      vertex -4.000000e+000  0.000000e+000  9.000000e+000
    endloop
  endfacet
  facet normal  0.000000e+000  0.000000e+000  1.000000e+000
    outer loop
      vertex -4.000000e+000  9.000000e+000  9.000000e+000
      vertex -4.000000e+000  0.000000e+000  9.000000e+000
      vertex  4.000000e+000  9.000000e+000  9.000000e+000
    endloop
  endfacet
  facet normal  0.000000e+000  0.000000e+000  1.000000e+000
    outer loop
      vertex  4.000000e+000  9.000000e+000  9.000000e+000
      vertex -4.000000e+000  0.000000e+000  9.000000e+000
      vertex  4.000000e+000  0.000000e+000  9.000000e+000
    endloop
  endfacet
  facet normal  0.000000e+000  0.000000e+000  9.999999e-001
    outer loop
      vertex  4.000000e+000  9.000000e+000  9.000000e+000
      vertex  4.000000e+000  0.000000e+000  9.000000e+000
      vertex  6.430340e+000  8.500000e+000  9.000000e+000
    endloop
  endfacet
  facet normal  0.000000e+000  0.000000e+000  1.000000e+000
    outer loop
      vertex  6.430340e+000  8.500000e+000  9.000000e+000
      vertex  4.000000e+000  0.000000e+000  9.000000e+000
      vertex  6.942903e+000  7.262563e+000  9.000000e+000
    endloop
  endfacet
  facet normal  -0.000000e+000  0.000000e+000  1.000000e+000
    outer loop
      vertex -1.267296e+001 -8.021520e+001  9.000000e+000
      vertex -1.597078e+001 -8.152700e+001  9.000000e+000
      vertex -8.424106e+000 -8.314745e+001  9.000000e+000
    endloop
  endfacet
  facet normal  0.000000e+000  0.000000e+000  1.000000e+000
    outer loop
      vertex -8.424106e+000 -8.314745e+001  9.000000e+000
      vertex -1.597078e+001 -8.152700e+001  9.000000e+000
      vertex -1.137333e+001 -8.522851e+001  9.000000e+000
    endloop
  endfacet
  facet normal  0.000000e+000  0.000000e+000  9.999999e-001
    outer loop
      vertex -8.424106e+000 -8.314745e+001  9.000000e+000
      vertex -1.137333e+001 -8.522851e+001  9.000000e+000
      vertex -3.536647e+000 -8.480986e+001  9.000000e+000
    endloop
  endfacet
  facet normal  0.000000e+000  0.000000e+000  1.000000e+000
    outer loop
      vertex -3.536647e+000 -8.480986e+001  9.000000e+000
      vertex -1.137333e+001 -8.522851e+001  9.000000e+000
      vertex -5.957256e+000 -8.757451e+001  9.000000e+000
    endloop
  endfacet
  facet normal  0.000000e+000  0.000000e+000  9.999999e-001
    outer loop
      vertex -3.536647e+000 -8.480986e+001  9.000000e+000
      vertex -5.957256e+000 -8.757451e+001  9.000000e+000
      vertex  1.618915e+000 -8.507640e+001  9.000000e+000
    endloop
  endfacet
  facet normal  0.000000e+000  0.000000e+000  9.999999e-001
    outer loop
      vertex -8.043467e+000  7.674927e+001  9.000000e+000
      vertex -1.118034e+001  8.000000e+001  9.000000e+000
      vertex -9.866773e+000  7.359121e+001  9.000000e+000
    endloop
  endfacet
  facet normal  0.000000e+000  0.000000e+000  1.000000e+000
    outer loop
      vertex -9.866773e+000  7.359121e+001  9.000000e+000
      vertex -1.118034e+001  8.000000e+001  9.000000e+000
      vertex -1.364604e+001  7.622781e+001  9.000000e+000
    endloop
  endfacet
  facet normal  0.000000e+000  0.000000e+000  1.000000e+000
    outer loop
      vertex -9.866773e+000  7.359121e+001  9.000000e+000
      vertex -1.364604e+001  7.622781e+001  9.000000e+000
      vertex -1.488001e+001  7.189347e+001  9.000000e+000
    endloop
  endfacet
  facet normal  0.000000e+000  0.000000e+000  1.000000e+000
    outer loop
      vertex  1.618915e+000 -8.507640e+001  9.000000e+000
      vertex -5.957256e+000 -8.757451e+001  9.000000e+000
      vertex  6.651752e+000 -8.392687e+001  9.000000e+000
    endloop
  endfacet
  facet normal  0.000000e+000  0.000000e+000  1.000000e+000
    outer loop
      vertex  6.651752e+000 -8.392687e+001  9.000000e+000
      vertex -5.957256e+000 -8.757451e+001  9.000000e+000
      vertex  5.740577e+000 -8.763426e+001  9.000000e+000
    endloop
  endfacet
  facet normal  0.000000e+000  0.000000e+000  9.999999e-001
    outer loop
      vertex  6.651752e+000 -8.392687e+001  9.000000e+000
      vertex  5.740577e+000 -8.763426e+001  9.000000e+000
      vertex  1.118034e+001 -8.144842e+001  9.000000e+000
    endloop
  endfacet
  facet normal  0.000000e+000  0.000000e+000  1.000000e+000
    outer loop
      vertex  1.118034e+001 -8.144842e+001  9.000000e+000
      vertex  5.740577e+000 -8.763426e+001  9.000000e+000
      vertex  1.118034e+001 -8.534372e+001  9.000000e+000
    endloop
  endfacet
  facet normal  0.000000e+000  0.000000e+000  1.000000e+000
    outer loop
      vertex  1.118034e+001 -8.144842e+001  9.000000e+000
      vertex  1.118034e+001 -8.534372e+001  9.000000e+000
      vertex  1.514100e+001 -8.235732e+001  9.000000e+000
    endloop
  endfacet
  facet normal  0.000000e+000  0.000000e+000  1.000000e+000
    outer loop
      vertex  1.118034e+001  4.664339e+001  9.000000e+000
      vertex  1.125672e+001  4.751398e+001  9.000000e+000
      vertex  8.180340e+000  3.875000e+001  9.000000e+000
    endloop
  endfacet
  facet normal  0.000000e+000  0.000000e+000  1.000000e+000
    outer loop
      vertex  8.180340e+000  3.875000e+001  9.000000e+000
      vertex  1.125672e+001  4.751398e+001  9.000000e+000
      vertex  9.866773e+000  6.640879e+001  9.000000e+000
    endloop
  endfacet
  facet normal  0.000000e+000  0.000000e+000  1.000000e+000
    outer loop
      vertex  8.180340e+000  3.875000e+001  9.000000e+000
      vertex  9.866773e+000  6.640879e+001  9.000000e+000
      vertex  4.000000e+000  5.000000e+001  9.000000e+000
    endloop
  endfacet
  facet normal  0.000000e+000  0.000000e+000  1.000000e+000
    outer loop
      vertex  4.000000e+000  5.000000e+001  9.000000e+000
      vertex  9.866773e+000  6.640879e+001  9.000000e+000
      vertex  8.043467e+000  6.325073e+001  9.000000e+000
    endloop
  endfacet
  facet normal  0.000000e+000  0.000000e+000  9.999999e-001
    outer loop
      vertex  4.000000e+000  5.000000e+001  9.000000e+000
      vertex  8.043467e+000  6.325073e+001  9.000000e+000
      vertex  5.250000e+000  6.090673e+001  9.000000e+000
    endloop
  endfacet
  facet normal  0.000000e+000  0.000000e+000  1.000000e+000
    outer loop
      vertex  1.118034e+001  8.000000e+001  9.000000e+000
      vertex  7.976845e+000  8.270315e+001  9.000000e+000
      vertex  1.364604e+001  7.622781e+001  9.000000e+000
    endloop
  endfacet
  facet normal  0.000000e+000  0.000000e+000  1.000000e+000
    outer loop
      vertex  1.364604e+001  7.622781e+001  9.000000e+000
      vertex  7.976845e+000  8.270315e+001  9.000000e+000
      vertex  9.866773e+000  7.359121e+001  9.000000e+000
    endloop
  endfacet
  facet normal  -0.000000e+000  0.000000e+000  1.000000e+000
    outer loop
      vertex  1.364604e+001  7.622781e+001  9.000000e+000
      vertex  9.866773e+000  7.359121e+001  9.000000e+000
      vertex  1.488001e+001  7.189347e+001  9.000000e+000
    endloop
  endfacet
  facet normal  0.000000e+000  0.000000e+000  1.000000e+000
    outer loop
      vertex  1.488001e+001  7.189347e+001  9.000000e+000
      vertex  9.866773e+000  7.359121e+001  9.000000e+000
      vertex  1.050000e+001  7.000000e+001  9.000000e+000
    endloop
  endfacet
  facet normal  0.000000e+000  0.000000e+000  1.000000e+000
    outer loop
      vertex -1.597078e+001 -8.152700e+001  9.000000e+000
      vertex -1.267296e+001 -8.021520e+001  9.000000e+000
      vertex -1.941866e+001 -7.673642e+001  9.000000e+000
    endloop
  endfacet
  facet normal  -0.000000e+000  0.000000e+000  1.000000e+000
    outer loop
      vertex -1.941866e+001 -7.673642e+001  9.000000e+000
      vertex -1.267296e+001 -8.021520e+001  9.000000e+000
      vertex -1.596112e+001 -7.623539e+001  9.000000e+000
    endloop
  endfacet
  facet normal  0.000000e+000  0.000000e+000  1.000000e+000
    outer loop
      vertex -1.941866e+001 -7.673642e+001  9.000000e+000
      vertex -1.596112e+001 -7.623539e+001  9.000000e+000
      vertex -2.146883e+001 -7.120158e+001  9.000000e+000
    endloop
  endfacet
  facet normal  0.000000e+000  0.000000e+000  1.000000e+000
    outer loop
      vertex -2.146883e+001 -7.120158e+001  9.000000e+000
      vertex -1.596112e+001 -7.623539e+001  9.000000e+000
      vertex -1.803931e+001 -7.150972e+001  9.000000e+000
    endloop
  endfacet
  facet normal  0.000000e+000  0.000000e+000  1.000000e+000
    outer loop
      vertex -2.146883e+001 -7.120158e+001  9.000000e+000
      vertex -1.803931e+001 -7.150972e+001  9.000000e+000
      vertex -2.197369e+001 -6.532088e+001  9.000000e+000
    endloop
  endfacet
  facet normal  0.000000e+000  0.000000e+000  1.000000e+000
    outer loop
      vertex -2.197369e+001 -6.532088e+001  9.000000e+000
      vertex -1.803931e+001 -7.150972e+001  9.000000e+000
      vertex -1.875000e+001 -6.639642e+001  9.000000e+000
    endloop
  endfacet
  facet normal  0.000000e+000  0.000000e+000  1.000000e+000
    outer loop
      vertex -2.197369e+001 -6.532088e+001  9.000000e+000
      vertex -1.875000e+001 -6.639642e+001  9.000000e+000
      vertex -2.089693e+001 -5.951758e+001  9.000000e+000
    endloop
  endfacet
  facet normal  0.000000e+000  0.000000e+000  1.000000e+000
    outer loop
      vertex -2.089693e+001 -5.951758e+001  9.000000e+000
      vertex -1.875000e+001 -6.639642e+001  9.000000e+000
      vertex -1.803931e+001 -6.128313e+001  9.000000e+000
    endloop
  endfacet
  facet normal  0.000000e+000  -0.000000e+000  1.000000e+000
    outer loop
      vertex -1.118034e+001  4.664339e+001  9.000000e+000
      vertex -9.930340e+000 -2.000000e+001  9.000000e+000
      vertex -9.930340e+000  8.500000e+000  9.000000e+000
    endloop
  endfacet
  facet normal  0.000000e+000  0.000000e+000  1.000000e+000
    outer loop
      vertex -9.930340e+000  8.500000e+000  9.000000e+000
      vertex -9.930340e+000 -2.000000e+001  9.000000e+000
      vertex -9.417777e+000 -1.876256e+001  9.000000e+000
    endloop
  endfacet
  facet normal  0.000000e+000  -0.000000e+000  1.000000e+000
    outer loop
      vertex -9.930340e+000  8.500000e+000  9.000000e+000
      vertex -9.417777e+000 -1.876256e+001  9.000000e+000
      vertex -9.417777e+000  7.262563e+000  9.000000e+000
    endloop
  endfacet
  facet normal  0.000000e+000  0.000000e+000  1.000000e+000
    outer loop
      vertex -9.417777e+000  7.262563e+000  9.000000e+000
      vertex -9.417777e+000 -1.876256e+001  9.000000e+000
      vertex -8.180340e+000 -1.825000e+001  9.000000e+000
    endloop
  endfacet
  facet normal  0.000000e+000  -0.000000e+000  9.999999e-001
    outer loop
      vertex -9.417777e+000  7.262563e+000  9.000000e+000
      vertex -8.180340e+000 -1.825000e+001  9.000000e+000
      vertex -8.180340e+000  6.750000e+000  9.000000e+000
    endloop
  endfacet
  facet normal  0.000000e+000  0.000000e+000  9.999999e-001
    outer loop
      vertex -1.050000e+001  7.000000e+001  9.000000e+000
      vertex -1.488001e+001  7.189347e+001  9.000000e+000
      vertex -9.866773e+000  6.640879e+001  9.000000e+000
    endloop
  endfacet
  facet normal  0.000000e+000  0.000000e+000  9.999999e-001
    outer loop
      vertex -9.866773e+000  6.640879e+001  9.000000e+000
      vertex -1.488001e+001  7.189347e+001  9.000000e+000
      vertex -1.477087e+001  6.738822e+001  9.000000e+000
    endloop
  endfacet
  facet normal  0.000000e+000  0.000000e+000  1.000000e+000
    outer loop
      vertex -9.866773e+000  6.640879e+001  9.000000e+000
      vertex -1.477087e+001  6.738822e+001  9.000000e+000
      vertex -1.125672e+001  4.751398e+001  9.000000e+000
    endloop
  endfacet
  facet normal  0.000000e+000  0.000000e+000  9.999999e-001
    outer loop
      vertex -6.430340e+000  8.500000e+000  9.000000e+000
      vertex -4.000000e+000  9.000000e+000  9.000000e+000
      vertex -6.942903e+000  9.737437e+000  9.000000e+000
    endloop
  endfacet
  facet normal  -0.000000e+000  0.000000e+000  1.000000e+000
    outer loop
      vertex -6.942903e+000  9.737437e+000  9.000000e+000
      vertex -4.000000e+000  9.000000e+000  9.000000e+000
      vertex -4.000000e+000  2.100000e+001  9.000000e+000
    endloop
  endfacet
  facet normal  0.000000e+000  0.000000e+000  1.000000e+000
    outer loop
      vertex -6.942903e+000  9.737437e+000  9.000000e+000
      vertex -4.000000e+000  2.100000e+001  9.000000e+000
      vertex -8.180340e+000  1.025000e+001  9.000000e+000
    endloop
  endfacet
  facet normal  0.000000e+000  0.000000e+000  1.000000e+000
    outer loop
      vertex -8.180340e+000  1.025000e+001  9.000000e+000
      vertex -4.000000e+000  2.100000e+001  9.000000e+000
      vertex -8.180340e+000  3.525000e+001  9.000000e+000
    endloop
  endfacet
  facet normal  0.000000e+000  0.000000e+000  9.999999e-001
    outer loop
      vertex -8.180340e+000  1.025000e+001  9.000000e+000
      vertex -8.180340e+000  3.525000e+001  9.000000e+000
      vertex -9.417777e+000  3.576256e+001  9.000000e+000
    endloop
  endfacet
  facet normal  0.000000e+000  0.000000e+000  1.000000e+000
    outer loop
      vertex  4.000000e+000 -2.000000e+001  9.000000e+000
      vertex  6.430340e+000 -2.000000e+001  9.000000e+000
      vertex  4.000000e+000  0.000000e+000  9.000000e+000
    endloop
  endfacet
  facet normal  0.000000e+000  0.000000e+000  1.000000e+000
    outer loop
      vertex  4.000000e+000  0.000000e+000  9.000000e+000
      vertex  6.430340e+000 -2.000000e+001  9.000000e+000
      vertex  6.942903e+000 -1.876256e+001  9.000000e+000
    endloop
  endfacet
  facet normal  0.000000e+000  -0.000000e+000  1.000000e+000
    outer loop
      vertex  4.000000e+000  0.000000e+000  9.000000e+000
      vertex  6.942903e+000 -1.876256e+001  9.000000e+000
      vertex  8.180340e+000  6.750000e+000  9.000000e+000
    endloop
  endfacet
  facet normal  0.000000e+000  0.000000e+000  1.000000e+000
    outer loop
      vertex  8.180340e+000  6.750000e+000  9.000000e+000
      vertex  6.942903e+000 -1.876256e+001  9.000000e+000
      vertex  8.180340e+000 -1.825000e+001  9.000000e+000
    endloop
  endfacet
  facet normal  0.000000e+000  0.000000e+000  9.999999e-001
    outer loop
      vertex  8.180340e+000  6.750000e+000  9.000000e+000
      vertex  8.180340e+000 -1.825000e+001  9.000000e+000
      vertex  9.417777e+000  7.262563e+000  9.000000e+000
    endloop
  endfacet
  facet normal  0.000000e+000  0.000000e+000  9.999999e-001
    outer loop
      vertex  4.000000e+000  9.000000e+000  9.000000e+000
      vertex  6.430340e+000  8.500000e+000  9.000000e+000
      vertex  4.000000e+000  2.100000e+001  9.000000e+000
    endloop
  endfacet
  facet normal  0.000000e+000  0.000000e+000  1.000000e+000
    outer loop
      vertex  4.000000e+000  2.100000e+001  9.000000e+000
      vertex  6.430340e+000  8.500000e+000  9.000000e+000
      vertex  6.942903e+000  9.737437e+000  9.000000e+000
    endloop
  endfacet
  facet normal  0.000000e+000  -0.000000e+000  1.000000e+000
    outer loop
      vertex  4.000000e+000  2.100000e+001  9.000000e+000
      vertex  6.942903e+000  9.737437e+000  9.000000e+000
      vertex  8.180340e+000  3.525000e+001  9.000000e+000
    endloop
  endfacet
  facet normal  0.000000e+000  0.000000e+000  1.000000e+000
    outer loop
      vertex  8.180340e+000  3.525000e+001  9.000000e+000
      vertex  6.942903e+000  9.737437e+000  9.000000e+000
      vertex  8.180340e+000  1.025000e+001  9.000000e+000
    endloop
  endfacet
  facet normal  0.000000e+000  0.000000e+000  9.999999e-001
    outer loop
      vertex  8.180340e+000  3.525000e+001  9.000000e+000
      vertex  8.180340e+000  1.025000e+001  9.000000e+000
      vertex  9.417777e+000  3.576256e+001  9.000000e+000
    endloop
  endfacet
  facet normal  0.000000e+000  0.000000e+000  1.000000e+000
    outer loop
      vertex  1.118034e+001 -8.144842e+001  9.000000e+000
      vertex  1.514100e+001 -8.235732e+001  9.000000e+000
      vertex  1.435349e+001 -7.846042e+001  9.000000e+000
    endloop
  endfacet
  facet normal  0.000000e+000  0.000000e+000  1.000000e+000
    outer loop
      vertex  1.435349e+001 -7.846042e+001  9.000000e+000
      vertex  1.514100e+001 -8.235732e+001  9.000000e+000
      vertex  1.833192e+001 -7.855951e+001  9.000000e+000
    endloop
  endfacet
  facet normal  0.000000e+000  0.000000e+000  1.000000e+000
    outer loop
      vertex  1.435349e+001 -7.846042e+001  9.000000e+000
      vertex  1.833192e+001 -7.855951e+001  9.000000e+000
      vertex  1.675103e+001 -7.482053e+001  9.000000e+000
    endloop
  endfacet
  facet normal  -0.000000e+000  0.000000e+000  1.000000e+000
    outer loop
      vertex  1.675103e+001 -7.482053e+001  9.000000e+000
      vertex  1.833192e+001 -7.855951e+001  9.000000e+000
      vertex  2.059090e+001 -7.414336e+001  9.000000e+000
    endloop
  endfacet
  facet normal  0.000000e+000  0.000000e+000  9.999999e-001
    outer loop
      vertex  1.675103e+001 -7.482053e+001  9.000000e+000
      vertex  2.059090e+001 -7.414336e+001  9.000000e+000
      vertex  1.824341e+001 -7.072544e+001  9.000000e+000
    endloop
  endfacet
  facet normal  -0.000000e+000  0.000000e+000  1.000000e+000
    outer loop
      vertex  1.824341e+001 -7.072544e+001  9.000000e+000
      vertex  2.059090e+001 -7.414336e+001  9.000000e+000
      vertex  2.180308e+001 -6.933337e+001  9.000000e+000
    endloop
  endfacet
  facet normal  0.000000e+000  0.000000e+000  1.000000e+000
    outer loop
      vertex  1.824341e+001 -7.072544e+001  9.000000e+000
      vertex  2.180308e+001 -6.933337e+001  9.000000e+000
      vertex  1.875000e+001 -6.639642e+001  9.000000e+000
    endloop
  endfacet
  facet normal  -0.000000e+000  0.000000e+000  1.000000e+000
    outer loop
      vertex  1.875000e+001 -6.639642e+001  9.000000e+000
      vertex  2.180308e+001 -6.933337e+001  9.000000e+000
      vertex  2.190685e+001 -6.437407e+001  9.000000e+000
    endloop
  endfacet
  facet normal  0.000000e+000  0.000000e+000  1.000000e+000
    outer loop
      vertex  1.875000e+001 -6.639642e+001  9.000000e+000
      vertex  2.190685e+001 -6.437407e+001  9.000000e+000
      vertex  1.824341e+001 -6.206741e+001  9.000000e+000
    endloop
  endfacet
  facet normal  -0.000000e+000  0.000000e+000  1.000000e+000
    outer loop
      vertex  1.824341e+001 -6.206741e+001  9.000000e+000
      vertex  2.190685e+001 -6.437407e+001  9.000000e+000
      vertex  2.089693e+001 -5.951758e+001  9.000000e+000
    endloop
  endfacet
  facet normal  0.000000e+000  0.000000e+000  1.000000e+000
    outer loop
      vertex  1.824341e+001 -6.206741e+001  9.000000e+000
      vertex  2.089693e+001 -5.951758e+001  9.000000e+000
      vertex  1.675103e+001 -5.797232e+001  9.000000e+000
    endloop
  endfacet
  facet normal  0.000000e+000  0.000000e+000  1.000000e+000
    outer loop
      vertex  9.930340e+000 -2.000000e+001  9.000000e+000
      vertex  1.118034e+001  4.664339e+001  9.000000e+000
      vertex  9.417777e+000 -1.876256e+001  9.000000e+000
    endloop
  endfacet
  facet normal  0.000000e+000  0.000000e+000  1.000000e+000
    outer loop
      vertex  9.417777e+000 -1.876256e+001  9.000000e+000
      vertex  1.118034e+001  4.664339e+001  9.000000e+000
      vertex  9.930340e+000  8.500000e+000  9.000000e+000
    endloop
  endfacet
  facet normal  0.000000e+000  0.000000e+000  1.000000e+000
    outer loop
      vertex  9.417777e+000 -1.876256e+001  9.000000e+000
      vertex  9.930340e+000  8.500000e+000  9.000000e+000
      vertex  8.180340e+000 -1.825000e+001  9.000000e+000
    endloop
  endfacet
  facet normal  0.000000e+000  0.000000e+000  1.000000e+000
    outer loop
      vertex  8.180340e+000 -1.825000e+001  9.000000e+000
      vertex  9.930340e+000  8.500000e+000  9.000000e+000
      vertex  9.417777e+000  7.262563e+000  9.000000e+000
    endloop
  endfacet
  facet normal  -0.000000e+000  0.000000e+000  1.000000e+000
    outer loop
      vertex  1.488001e+001  7.189347e+001  9.000000e+000
      vertex  1.050000e+001  7.000000e+001  9.000000e+000
      vertex  1.477087e+001  6.738822e+001  9.000000e+000
    endloop
  endfacet
  facet normal  0.000000e+000  0.000000e+000  1.000000e+000
    outer loop
      vertex  1.477087e+001  6.738822e+001  9.000000e+000
      vertex  1.050000e+001  7.000000e+001  9.000000e+000
      vertex  9.866773e+000  6.640879e+001  9.000000e+000
    endloop
  endfacet
  facet normal  -0.000000e+000  0.000000e+000  1.000000e+000
    outer loop
      vertex  1.477087e+001  6.738822e+001  9.000000e+000
      vertex  9.866773e+000  6.640879e+001  9.000000e+000
      vertex  1.125672e+001  4.751398e+001  9.000000e+000
    endloop
  endfacet
  facet normal  6.271324e-008  1.643990e-001 -9.863940e-001
    outer loop
      vertex  5.180340e+000 -3.000000e+001 -1.000000e+001
      vertex  5.180340e+000  3.000000e+001  0.000000e+000
      vertex  6.430340e+000  8.500000e+000 -3.583333e+000
    endloop
  endfacet
  facet normal  2.508530e-007  1.643990e-001 -9.863940e-001
    outer loop
      vertex  5.180340e+000 -3.000000e+001 -1.000000e+001
      vertex  6.430340e+000  8.500000e+000 -3.583333e+000
      vertex  6.430340e+000 -2.000000e+001 -8.333333e+000
    endloop
  endfacet
  facet normal -1.252468e-006  1.643992e-001 -9.863938e-001
    outer loop
      vertex  5.180340e+000 -3.000000e+001 -1.000000e+001
      vertex  6.430340e+000 -2.000000e+001 -8.333333e+000
      vertex  6.774662e+000 -2.104239e+001 -8.507065e+000
    endloop
  endfacet
  facet normal  0.000000e+000  1.643990e-001 -9.863939e-001
    outer loop
      vertex  5.180340e+000 -3.000000e+001 -1.000000e+001
      vertex  6.774662e+000 -2.104239e+001 -8.507065e+000
      vertex  1.118034e+001 -3.000000e+001 -1.000000e+001
    endloop
  endfacet
  facet normal  4.904640e-007  1.643992e-001 -9.863939e-001
    outer loop
      vertex  1.118034e+001 -3.000000e+001 -1.000000e+001
      vertex  6.774662e+000 -2.104239e+001 -8.507065e+000
      vertex  7.680912e+000 -2.167722e+001 -8.612870e+000
    endloop
  endfacet
  facet normal  2.800815e-007  1.643991e-001 -9.863939e-001
    outer loop
      vertex  1.118034e+001 -3.000000e+001 -1.000000e+001
      vertex  7.680912e+000 -2.167722e+001 -8.612870e+000
      vertex  8.785648e+000 -2.164198e+001 -8.606997e+000
    endloop
  endfacet
  facet normal -2.437493e-008  1.643990e-001 -9.863939e-001
    outer loop
      vertex  1.118034e+001 -3.000000e+001 -1.000000e+001
      vertex  8.785648e+000 -2.164198e+001 -8.606997e+000
      vertex  9.647439e+000 -2.095400e+001 -8.492333e+000
    endloop
  endfacet
  facet normal -7.438569e-008  1.643990e-001 -9.863939e-001
    outer loop
      vertex  1.118034e+001 -3.000000e+001 -1.000000e+001
      vertex  9.647439e+000 -2.095400e+001 -8.492333e+000
      vertex  9.930340e+000 -2.000000e+001 -8.333333e+000
    endloop
  endfacet
  facet normal -2.508530e-007  1.643990e-001 -9.863940e-001
    outer loop
      vertex  1.118034e+001 -3.000000e+001 -1.000000e+001
      vertex  9.930340e+000 -2.000000e+001 -8.333333e+000
      vertex  9.930340e+000  8.500000e+000 -3.583333e+000
    endloop
  endfacet
  facet normal -1.301300e-007  1.643990e-001 -9.863940e-001
    outer loop
      vertex  1.118034e+001 -3.000000e+001 -1.000000e+001
      vertex  9.930340e+000  8.500000e+000 -3.583333e+000
      vertex  1.118034e+001  3.000000e+001  0.000000e+000
    endloop
  endfacet
  facet normal  0.000000e+000  1.643990e-001 -9.863939e-001
    outer loop
      vertex  5.180340e+000  3.000000e+001  0.000000e+000
      vertex  1.118034e+001  3.000000e+001  0.000000e+000
      vertex  9.930340e+000  8.500000e+000 -3.583333e+000
    endloop
  endfacet
  facet normal  1.341626e-006  1.643993e-001 -9.863939e-001
    outer loop
      vertex  5.180340e+000  3.000000e+001  0.000000e+000
      vertex  9.930340e+000  8.500000e+000 -3.583333e+000
      vertex  9.586018e+000  9.542386e+000 -3.409602e+000
    endloop
  endfacet
  facet normal -3.161166e-009  1.643990e-001 -9.863939e-001
    outer loop
      vertex  5.180340e+000  3.000000e+001  0.000000e+000
      vertex  9.586018e+000  9.542386e+000 -3.409602e+000
      vertex  8.679768e+000  1.017722e+001 -3.303797e+000
    endloop
  endfacet
  facet normal -1.412497e-007  1.643990e-001 -9.863939e-001
    outer loop
      vertex  5.180340e+000  3.000000e+001  0.000000e+000
      vertex  8.679768e+000  1.017722e+001 -3.303797e+000
      vertex  7.575031e+000  1.014198e+001 -3.309670e+000
    endloop
  endfacet
  facet normal  2.874681e-009  1.643990e-001 -9.863939e-001
    outer loop
      vertex  5.180340e+000  3.000000e+001  0.000000e+000
      vertex  7.575031e+000  1.014198e+001 -3.309670e+000
      vertex  6.713241e+000  9.454002e+000 -3.424333e+000
    endloop
  endfacet
  facet normal  1.027999e-008  1.643990e-001 -9.863939e-001
    outer loop
      vertex  5.180340e+000  3.000000e+001  0.000000e+000
      vertex  6.713241e+000  9.454002e+000 -3.424333e+000
      vertex  6.430340e+000  8.500000e+000 -3.583333e+000
    endloop
  endfacet
  facet normal  1.603101e-007  1.643990e-001 -9.863940e-001
    outer loop
      vertex  7.680912e+000  6.822779e+000 -3.862870e+000
      vertex  6.713241e+000 -1.904600e+001 -8.174333e+000
      vertex  6.774662e+000  7.457614e+000 -3.757064e+000
    endloop
  endfacet
  facet normal  6.031664e-008  1.643990e-001 -9.863939e-001
    outer loop
      vertex  6.774662e+000  7.457614e+000 -3.757064e+000
      vertex  6.713241e+000 -1.904600e+001 -8.174333e+000
      vertex  6.430340e+000 -2.000000e+001 -8.333333e+000
    endloop
  endfacet
  facet normal -1.366017e-006  1.643990e-001 -9.863939e-001
    outer loop
      vertex  6.774662e+000  7.457614e+000 -3.757064e+000
      vertex  6.430340e+000 -2.000000e+001 -8.333333e+000
      vertex  6.430340e+000  8.500000e+000 -3.583333e+000
    endloop
  endfacet
  facet normal  9.974554e-009  1.643990e-001 -9.863939e-001
    outer loop
      vertex  6.713241e+000 -1.904600e+001 -8.174333e+000
      vertex  7.680912e+000  6.822779e+000 -3.862870e+000
      vertex  7.575031e+000 -1.835802e+001 -8.059669e+000
    endloop
  endfacet
  facet normal  2.842734e-007  1.643990e-001 -9.863939e-001
    outer loop
      vertex  7.575031e+000 -1.835802e+001 -8.059669e+000
      vertex  7.680912e+000  6.822779e+000 -3.862870e+000
      vertex  8.785648e+000  6.858019e+000 -3.856997e+000
    endloop
  endfacet
  facet normal -5.685467e-007  1.643990e-001 -9.863939e-001
    outer loop
      vertex  7.575031e+000 -1.835802e+001 -8.059669e+000
      vertex  8.785648e+000  6.858019e+000 -3.856997e+000
      vertex  8.679768e+000 -1.832278e+001 -8.053797e+000
    endloop
  endfacet
  facet normal -1.994910e-008  1.643990e-001 -9.863940e-001
    outer loop
      vertex  8.679768e+000 -1.832278e+001 -8.053797e+000
      vertex  8.785648e+000  6.858019e+000 -3.856997e+000
      vertex  9.647439e+000  7.545998e+000 -3.742334e+000
    endloop
  endfacet
  facet normal  3.537176e-007  1.643990e-001 -9.863939e-001
    outer loop
      vertex  8.679768e+000 -1.832278e+001 -8.053797e+000
      vertex  9.647439e+000  7.545998e+000 -3.742334e+000
      vertex  9.586018e+000 -1.895761e+001 -8.159602e+000
    endloop
  endfacet
  facet normal -4.021118e-008  1.643990e-001 -9.863939e-001
    outer loop
      vertex  9.586018e+000 -1.895761e+001 -8.159602e+000
      vertex  9.647439e+000  7.545998e+000 -3.742334e+000
      vertex  9.930340e+000  8.500000e+000 -3.583333e+000
    endloop
  endfacet
  facet normal  9.106766e-007  1.643990e-001 -9.863939e-001
    outer loop
      vertex  9.586018e+000 -1.895761e+001 -8.159602e+000
      vertex  9.930340e+000  8.500000e+000 -3.583333e+000
      vertex  9.930340e+000 -2.000000e+001 -8.333333e+000
    endloop
  endfacet
  facet normal  6.271324e-008  1.643990e-001 -9.863940e-001
    outer loop
      vertex -1.118034e+001 -3.000000e+001 -1.000000e+001
      vertex -1.118034e+001  3.000000e+001  0.000000e+000
      vertex -9.930340e+000  8.500000e+000 -3.583333e+000
    endloop
  endfacet
  facet normal  2.508530e-007  1.643990e-001 -9.863940e-001
    outer loop
      vertex -1.118034e+001 -3.000000e+001 -1.000000e+001
      vertex -9.930340e+000  8.500000e+000 -3.583333e+000
      vertex -9.930340e+000 -2.000000e+001 -8.333333e+000
    endloop
  endfacet
  facet normal -1.252467e-006  1.643992e-001 -9.863938e-001
    outer loop
      vertex -1.118034e+001 -3.000000e+001 -1.000000e+001
      vertex -9.930340e+000 -2.000000e+001 -8.333333e+000
      vertex -9.586018e+000 -2.104239e+001 -8.507065e+000
    endloop
  endfacet
  facet normal  0.000000e+000  1.643990e-001 -9.863939e-001
    outer loop
      vertex -1.118034e+001 -3.000000e+001 -1.000000e+001
      vertex -9.586018e+000 -2.104239e+001 -8.507065e+000
      vertex -5.180340e+000 -3.000000e+001 -1.000000e+001
    endloop
  endfacet
  facet normal  4.904643e-007  1.643992e-001 -9.863939e-001
    outer loop
      vertex -5.180340e+000 -3.000000e+001 -1.000000e+001
      vertex -9.586018e+000 -2.104239e+001 -8.507065e+000
      vertex -8.679768e+000 -2.167722e+001 -8.612870e+000
    endloop
  endfacet
  facet normal  2.800815e-007  1.643991e-001 -9.863939e-001
    outer loop
      vertex -5.180340e+000 -3.000000e+001 -1.000000e+001
      vertex -8.679768e+000 -2.167722e+001 -8.612870e+000
      vertex -7.575031e+000 -2.164198e+001 -8.606997e+000
    endloop
  endfacet
  facet normal -2.437494e-008  1.643990e-001 -9.863939e-001
    outer loop
      vertex -5.180340e+000 -3.000000e+001 -1.000000e+001
      vertex -7.575031e+000 -2.164198e+001 -8.606997e+000
      vertex -6.713241e+000 -2.095400e+001 -8.492333e+000
    endloop
  endfacet
  facet normal -7.438560e-008  1.643990e-001 -9.863939e-001
    outer loop
      vertex -5.180340e+000 -3.000000e+001 -1.000000e+001
      vertex -6.713241e+000 -2.095400e+001 -8.492333e+000
      vertex -6.430340e+000 -2.000000e+001 -8.333333e+000
    endloop
  endfacet
  facet normal -2.508530e-007  1.643990e-001 -9.863940e-001
    outer loop
      vertex -5.180340e+000 -3.000000e+001 -1.000000e+001
      vertex -6.430340e+000 -2.000000e+001 -8.333333e+000
      vertex -6.430340e+000  8.500000e+000 -3.583333e+000
    endloop
  endfacet
  facet normal -1.301300e-007  1.643990e-001 -9.863940e-001
    outer loop
      vertex -5.180340e+000 -3.000000e+001 -1.000000e+001
      vertex -6.430340e+000  8.500000e+000 -3.583333e+000
      vertex -5.180340e+000  3.000000e+001  0.000000e+000
    endloop
  endfacet
  facet normal  0.000000e+000  1.643990e-001 -9.863939e-001
    outer loop
      vertex -1.118034e+001  3.000000e+001  0.000000e+000
      vertex -5.180340e+000  3.000000e+001  0.000000e+000
      vertex -6.430340e+000  8.500000e+000 -3.583333e+000
    endloop
  endfacet
  facet normal  1.341632e-006  1.643993e-001 -9.863939e-001
    outer loop
      vertex -1.118034e+001  3.000000e+001  0.000000e+000
      vertex -6.430340e+000  8.500000e+000 -3.583333e+000
      vertex -6.774662e+000  9.542386e+000 -3.409602e+000
    endloop
  endfacet
  facet normal -3.161164e-009  1.643990e-001 -9.863939e-001
    outer loop
      vertex -1.118034e+001  3.000000e+001  0.000000e+000
      vertex -6.774662e+000  9.542386e+000 -3.409602e+000
      vertex -7.680912e+000  1.017722e+001 -3.303797e+000
    endloop
  endfacet
  facet normal -1.412497e-007  1.643990e-001 -9.863939e-001
    outer loop
      vertex -1.118034e+001  3.000000e+001  0.000000e+000
      vertex -7.680912e+000  1.017722e+001 -3.303797e+000
      vertex -8.785648e+000  1.014198e+001 -3.309670e+000
    endloop
  endfacet
  facet normal  2.874679e-009  1.643990e-001 -9.863939e-001
    outer loop
      vertex -1.118034e+001  3.000000e+001  0.000000e+000
      vertex -8.785648e+000  1.014198e+001 -3.309670e+000
      vertex -9.647439e+000  9.454002e+000 -3.424333e+000
    endloop
  endfacet
  facet normal  1.028001e-008  1.643990e-001 -9.863939e-001
    outer loop
      vertex -1.118034e+001  3.000000e+001  0.000000e+000
      vertex -9.647439e+000  9.454002e+000 -3.424333e+000
      vertex -9.930340e+000  8.500000e+000 -3.583333e+000
    endloop
  endfacet
  facet normal  1.603101e-007  1.643990e-001 -9.863939e-001
    outer loop
      vertex -8.679768e+000  6.822779e+000 -3.862870e+000
      vertex -9.647439e+000 -1.904600e+001 -8.174333e+000
      vertex -9.586018e+000  7.457614e+000 -3.757064e+000
    endloop
  endfacet
  facet normal  6.031676e-008  1.643990e-001 -9.863939e-001
    outer loop
      vertex -9.586018e+000  7.457614e+000 -3.757064e+000
      vertex -9.647439e+000 -1.904600e+001 -8.174333e+000
      vertex -9.930340e+000 -2.000000e+001 -8.333333e+000
    endloop
  endfacet
  facet normal -1.366015e-006  1.643990e-001 -9.863939e-001
    outer loop
      vertex -9.586018e+000  7.457614e+000 -3.757064e+000
      vertex -9.930340e+000 -2.000000e+001 -8.333333e+000
      vertex -9.930340e+000  8.500000e+000 -3.583333e+000
    endloop
  endfacet
  facet normal  9.974549e-009  1.643990e-001 -9.863940e-001
    outer loop
      vertex -9.647439e+000 -1.904600e+001 -8.174333e+000
      vertex -8.679768e+000  6.822779e+000 -3.862870e+000
      vertex -8.785648e+000 -1.835802e+001 -8.059669e+000
    endloop
  endfacet
  facet normal  2.842734e-007  1.643990e-001 -9.863939e-001
    outer loop
      vertex -8.785648e+000 -1.835802e+001 -8.059669e+000
      vertex -8.679768e+000  6.822779e+000 -3.862870e+000
      vertex -7.575031e+000  6.858019e+000 -3.856997e+000
    endloop
  endfacet
  facet normal -5.685467e-007  1.643990e-001 -9.863939e-001
    outer loop
      vertex -8.785648e+000 -1.835802e+001 -8.059669e+000
      vertex -7.575031e+000  6.858019e+000 -3.856997e+000
      vertex -7.680912e+000 -1.832278e+001 -8.053797e+000
    endloop
  endfacet
  facet normal -1.994911e-008  1.643990e-001 -9.863939e-001
    outer loop
      vertex -7.680912e+000 -1.832278e+001 -8.053797e+000
      vertex -7.575031e+000  6.858019e+000 -3.856997e+000
      vertex -6.713241e+000  7.545998e+000 -3.742334e+000
    endloop
  endfacet
  facet normal  3.537174e-007  1.643990e-001 -9.863940e-001
    outer loop
      vertex -7.680912e+000 -1.832278e+001 -8.053797e+000
      vertex -6.713241e+000  7.545998e+000 -3.742334e+000
      vertex -6.774662e+000 -1.895761e+001 -8.159602e+000
    endloop
  endfacet
  facet normal -4.021111e-008  1.643990e-001 -9.863939e-001
    outer loop
      vertex -6.774662e+000 -1.895761e+001 -8.159602e+000
      vertex -6.713241e+000  7.545998e+000 -3.742334e+000
      vertex -6.430340e+000  8.500000e+000 -3.583333e+000
    endloop
  endfacet
  facet normal  9.106778e-007  1.643990e-001 -9.863939e-001
    outer loop
      vertex -6.774662e+000 -1.895761e+001 -8.159602e+000
      vertex -6.430340e+000  8.500000e+000 -3.583333e+000
      vertex -6.430340e+000 -2.000000e+001 -8.333333e+000
    endloop
  endfacet
  facet normal -3.826731e-001  9.238535e-001 -7.488028e-003
    outer loop
      vertex -7.575031e+000 -2.164198e+001 -8.606997e+000
      vertex -8.180340e+000 -2.175000e+001  9.000000e+000
      vertex -6.942903e+000 -2.123744e+001  9.000000e+000
    endloop
  endfacet
  facet normal -3.190929e-002  9.994781e-001  5.034790e-003
    outer loop
      vertex -8.679768e+000 -2.167722e+001 -8.612870e+000
      vertex -8.180340e+000 -2.175000e+001  9.000000e+000
      vertex -7.575031e+000 -2.164198e+001 -8.606997e+000
    endloop
  endfacet
  facet normal  3.826742e-001  9.238566e-001 -7.033553e-003
    outer loop
      vertex -9.417777e+000 -2.123744e+001  9.000000e+000
      vertex -8.180340e+000 -2.175000e+001  9.000000e+000
      vertex -8.679768e+000 -2.167722e+001 -8.612870e+000
    endloop
  endfacet
  facet normal -6.242474e-001  7.812140e-001  4.462336e-003
    outer loop
      vertex -7.575031e+000 -2.164198e+001 -8.606997e+000
      vertex -6.942903e+000 -2.123744e+001  9.000000e+000
      vertex -6.713241e+000 -2.095400e+001 -8.492333e+000
    endloop
  endfacet
  facet normal -9.238632e-001  3.826769e-001 -5.929032e-003
    outer loop
      vertex -6.713241e+000 -2.095400e+001 -8.492333e+000
      vertex -6.942903e+000 -2.123744e+001  9.000000e+000
      vertex -6.430340e+000 -2.000000e+001  9.000000e+000
    endloop
  endfacet
  facet normal -9.587341e-001  2.843044e-001  0.000000e+000
    outer loop
      vertex -6.713241e+000 -2.095400e+001 -8.492333e+000
      vertex -6.430340e+000 -2.000000e+001  9.000000e+000
      vertex -6.430340e+000 -2.000000e+001 -8.333333e+000
    endloop
  endfacet
  facet normal  5.740197e-001  8.188337e-001  3.606518e-003
    outer loop
      vertex -8.679768e+000 -2.167722e+001 -8.612870e+000
      vertex -9.586018e+000 -2.104239e+001 -8.507065e+000
      vertex -9.417777e+000 -2.123744e+001  9.000000e+000
    endloop
  endfacet
  facet normal  9.492437e-001  3.144914e-001 -5.618300e-003
    outer loop
      vertex -9.417777e+000 -2.123744e+001  9.000000e+000
      vertex -9.586018e+000 -2.104239e+001 -8.507065e+000
      vertex -9.930340e+000 -2.000000e+001 -8.333333e+000
    endloop
  endfacet
  facet normal  9.238796e-001  3.826834e-001  -0.000000e+000
    outer loop
      vertex -9.417777e+000 -2.123744e+001  9.000000e+000
      vertex -9.930340e+000 -2.000000e+001 -8.333333e+000
      vertex -9.930340e+000 -2.000000e+001  9.000000e+000
    endloop
  endfacet
  facet normal  3.826723e-001 -9.238518e-001 -7.728248e-003
    outer loop
      vertex -8.785648e+000 -1.835802e+001 -8.059669e+000
      vertex -8.180340e+000 -1.825000e+001  9.000000e+000
      vertex -9.417777e+000 -1.876256e+001  9.000000e+000
    endloop
  endfacet
  facet normal  3.185492e-002 -9.994789e-001  5.198257e-003
    outer loop
      vertex -7.680912e+000 -1.832278e+001 -8.053797e+000
      vertex -8.180340e+000 -1.825000e+001  9.000000e+000
      vertex -8.785648e+000 -1.835802e+001 -8.059669e+000
    endloop
  endfacet
  facet normal -3.826737e-001 -9.238549e-001 -7.264126e-003
    outer loop
      vertex -6.942903e+000 -1.876256e+001  9.000000e+000
      vertex -8.180340e+000 -1.825000e+001  9.000000e+000
      vertex -7.680912e+000 -1.832278e+001 -8.053797e+000
    endloop
  endfacet
  facet normal  6.235133e-001 -7.817994e-001  4.564438e-003
    outer loop
      vertex -8.785648e+000 -1.835802e+001 -8.059669e+000
      vertex -9.417777e+000 -1.876256e+001  9.000000e+000
      vertex -9.647439e+000 -1.904600e+001 -8.174333e+000
    endloop
  endfacet
  facet normal  9.238628e-001 -3.826763e-001 -6.038817e-003
    outer loop
      vertex -9.647439e+000 -1.904600e+001 -8.174333e+000
      vertex -9.417777e+000 -1.876256e+001  9.000000e+000
      vertex -9.930340e+000 -2.000000e+001  9.000000e+000
    endloop
  endfacet
  facet normal  9.587342e-001 -2.843040e-001  0.000000e+000
    outer loop
      vertex -9.647439e+000 -1.904600e+001 -8.174333e+000
      vertex -9.930340e+000 -2.000000e+001  9.000000e+000
      vertex -9.930340e+000 -2.000000e+001 -8.333333e+000
    endloop
  endfacet
  facet normal -5.734478e-001 -8.192338e-001  3.689669e-003
    outer loop
      vertex -7.680912e+000 -1.832278e+001 -8.053797e+000
      vertex -6.774662e+000 -1.895761e+001 -8.159602e+000
      vertex -6.942903e+000 -1.876256e+001  9.000000e+000
    endloop
  endfacet
  facet normal -9.498078e-001 -3.127814e-001 -5.757085e-003
    outer loop
      vertex -6.942903e+000 -1.876256e+001  9.000000e+000
      vertex -6.774662e+000 -1.895761e+001 -8.159602e+000
      vertex -6.430340e+000 -2.000000e+001 -8.333333e+000
    endloop
  endfacet
  facet normal -9.238794e-001 -3.826837e-001  0.000000e+000
    outer loop
      vertex -6.942903e+000 -1.876256e+001  9.000000e+000
      vertex -6.430340e+000 -2.000000e+001 -8.333333e+000
      vertex -6.430340e+000 -2.000000e+001  9.000000e+000
    endloop
  endfacet
  facet normal -3.826634e-001  9.238309e-001 -1.025420e-002
    outer loop
      vertex -7.575031e+000  6.858019e+000 -3.856997e+000
      vertex -8.180340e+000  6.750000e+000  9.000000e+000
      vertex -6.942903e+000  7.262563e+000  9.000000e+000
    endloop
  endfacet
  facet normal -3.191882e-002  9.994667e-001  6.894343e-003
    outer loop
      vertex -8.679768e+000  6.822779e+000 -3.862870e+000
      vertex -8.180340e+000  6.750000e+000  9.000000e+000
      vertex -7.575031e+000  6.858019e+000 -3.856997e+000
    endloop
  endfacet
  facet normal  3.826656e-001  9.238366e-001 -9.630682e-003
    outer loop
      vertex -9.417777e+000  7.262563e+000  9.000000e+000
      vertex -8.180340e+000  6.750000e+000  9.000000e+000
      vertex -8.679768e+000  6.822779e+000 -3.862870e+000
    endloop
  endfacet
  facet normal -6.243767e-001  7.810994e-001  6.120927e-003
    outer loop
      vertex -7.575031e+000  6.858019e+000 -3.856997e+000
      vertex -6.942903e+000  7.262563e+000  9.000000e+000
      vertex -6.713241e+000  7.545998e+000 -3.742334e+000
    endloop
  endfacet
  facet normal -9.238489e-001  3.826708e-001 -8.139079e-003
    outer loop
      vertex -6.713241e+000  7.545998e+000 -3.742334e+000
      vertex -6.942903e+000  7.262563e+000  9.000000e+000
      vertex -6.430340e+000  8.500000e+000  9.000000e+000
    endloop
  endfacet
  facet normal -9.587341e-001  2.843044e-001  0.000000e+000
    outer loop
      vertex -6.713241e+000  7.545998e+000 -3.742334e+000
      vertex -6.430340e+000  8.500000e+000  9.000000e+000
      vertex -6.430340e+000  8.500000e+000 -3.583333e+000
    endloop
  endfacet
  facet normal  5.741218e-001  8.187549e-001  4.946919e-003
    outer loop
      vertex -8.679768e+000  6.822779e+000 -3.862870e+000
      vertex -9.586018e+000  7.457614e+000 -3.757064e+000
      vertex -9.417777e+000  7.262563e+000  9.000000e+000
    endloop
  endfacet
  facet normal  9.491265e-001  3.148006e-001 -7.703926e-003
    outer loop
      vertex -9.417777e+000  7.262563e+000  9.000000e+000
      vertex -9.586018e+000  7.457614e+000 -3.757064e+000
      vertex -9.930340e+000  8.500000e+000 -3.583333e+000
    endloop
  endfacet
  facet normal  9.238796e-001  3.826832e-001  -0.000000e+000
    outer loop
      vertex -9.417777e+000  7.262563e+000  9.000000e+000
      vertex -9.930340e+000  8.500000e+000 -3.583333e+000
      vertex -9.930340e+000  8.500000e+000  9.000000e+000
    endloop
  endfacet
  facet normal  3.826611e-001 -9.238266e-001 -1.071006e-002
    outer loop
      vertex -8.785648e+000  1.014198e+001 -3.309670e+000
      vertex -8.180340e+000  1.025000e+001  9.000000e+000
      vertex -9.417777e+000  9.737437e+000  9.000000e+000
    endloop
  endfacet
  facet normal  3.184386e-002 -9.994669e-001  7.204574e-003
    outer loop
      vertex -7.680912e+000  1.017722e+001 -3.303797e+000
      vertex -8.180340e+000  1.025000e+001  9.000000e+000
      vertex -8.785648e+000  1.014198e+001 -3.309670e+000
    endloop
  endfacet
  facet normal -3.826638e-001 -9.238327e-001 -1.006824e-002
    outer loop
      vertex -6.942903e+000  9.737437e+000  9.000000e+000
      vertex -8.180340e+000  1.025000e+001  9.000000e+000
      vertex -7.680912e+000  1.017722e+001 -3.303797e+000
    endloop
  endfacet
  facet normal  6.233651e-001 -7.819054e-001  6.314706e-003
    outer loop
      vertex -8.785648e+000  1.014198e+001 -3.309670e+000
      vertex -9.417777e+000  9.737437e+000  9.000000e+000
      vertex -9.647439e+000  9.454002e+000 -3.424333e+000
    endloop
  endfacet
  facet normal  9.238476e-001 -3.826697e-001 -8.347383e-003
    outer loop
      vertex -9.647439e+000  9.454002e+000 -3.424333e+000
      vertex -9.417777e+000  9.737437e+000  9.000000e+000
      vertex -9.930340e+000  8.500000e+000  9.000000e+000
    endloop
  endfacet
  facet normal  9.587343e-001 -2.843040e-001  0.000000e+000
    outer loop
      vertex -9.647439e+000  9.454002e+000 -3.424333e+000
      vertex -9.930340e+000  8.500000e+000  9.000000e+000
      vertex -9.930340e+000  8.500000e+000 -3.583333e+000
    endloop
  endfacet
  facet normal -5.733340e-001 -8.193060e-001  5.104760e-003
    outer loop
      vertex -7.680912e+000  1.017722e+001 -3.303797e+000
      vertex -6.774662e+000  9.542386e+000 -3.409602e+000
      vertex -6.942903e+000  9.737437e+000  9.000000e+000
    endloop
  endfacet
  facet normal -9.499026e-001 -3.124447e-001 -7.967245e-003
    outer loop
      vertex -6.942903e+000  9.737437e+000  9.000000e+000
      vertex -6.774662e+000  9.542386e+000 -3.409602e+000
      vertex -6.430340e+000  8.500000e+000 -3.583333e+000
    endloop
  endfacet
  facet normal -9.238796e-001 -3.826834e-001  0.000000e+000
    outer loop
      vertex -6.942903e+000  9.737437e+000  9.000000e+000
      vertex -6.430340e+000  8.500000e+000 -3.583333e+000
      vertex -6.430340e+000  8.500000e+000  9.000000e+000
    endloop
  endfacet
  facet normal  3.826724e-001 -9.238518e-001 -7.728253e-003
    outer loop
      vertex  7.575031e+000 -1.835802e+001 -8.059669e+000
      vertex  8.180340e+000 -1.825000e+001  9.000000e+000
      vertex  6.942903e+000 -1.876256e+001  9.000000e+000
    endloop
  endfacet
  facet normal  3.185492e-002 -9.994789e-001  5.198257e-003
    outer loop
      vertex  8.679768e+000 -1.832278e+001 -8.053797e+000
      vertex  8.180340e+000 -1.825000e+001  9.000000e+000
      vertex  7.575031e+000 -1.835802e+001 -8.059669e+000
    endloop
  endfacet
  facet normal -3.826737e-001 -9.238551e-001 -7.264122e-003
    outer loop
      vertex  9.417777e+000 -1.876256e+001  9.000000e+000
      vertex  8.180340e+000 -1.825000e+001  9.000000e+000
      vertex  8.679768e+000 -1.832278e+001 -8.053797e+000
    endloop
  endfacet
  facet normal  6.235135e-001 -7.817991e-001  4.564432e-003
    outer loop
      vertex  7.575031e+000 -1.835802e+001 -8.059669e+000
      vertex  6.942903e+000 -1.876256e+001  9.000000e+000
      vertex  6.713241e+000 -1.904600e+001 -8.174333e+000
    endloop
  endfacet
  facet normal  9.238626e-001 -3.826766e-001 -6.038810e-003
    outer loop
      vertex  6.713241e+000 -1.904600e+001 -8.174333e+000
      vertex  6.942903e+000 -1.876256e+001  9.000000e+000
      vertex  6.430340e+000 -2.000000e+001  9.000000e+000
    endloop
  endfacet
  facet normal  9.587341e-001 -2.843044e-001  0.000000e+000
    outer loop
      vertex  6.713241e+000 -1.904600e+001 -8.174333e+000
      vertex  6.430340e+000 -2.000000e+001  9.000000e+000
      vertex  6.430340e+000 -2.000000e+001 -8.333333e+000
    endloop
  endfacet
  facet normal -5.734480e-001 -8.192337e-001  3.689697e-003
    outer loop
      vertex  8.679768e+000 -1.832278e+001 -8.053797e+000
      vertex  9.586018e+000 -1.895761e+001 -8.159602e+000
      vertex  9.417777e+000 -1.876256e+001  9.000000e+000
    endloop
  endfacet
  facet normal -9.498076e-001 -3.127818e-001 -5.757026e-003
    outer loop
      vertex  9.417777e+000 -1.876256e+001  9.000000e+000
      vertex  9.586018e+000 -1.895761e+001 -8.159602e+000
      vertex  9.930340e+000 -2.000000e+001 -8.333333e+000
    endloop
  endfacet
  facet normal -9.238796e-001 -3.826834e-001  0.000000e+000
    outer loop
      vertex  9.417777e+000 -1.876256e+001  9.000000e+000
      vertex  9.930340e+000 -2.000000e+001 -8.333333e+000
      vertex  9.930340e+000 -2.000000e+001  9.000000e+000
    endloop
  endfacet
  facet normal -3.826730e-001  9.238535e-001 -7.488023e-003
    outer loop
      vertex  8.785648e+000 -2.164198e+001 -8.606997e+000
      vertex  8.180340e+000 -2.175000e+001  9.000000e+000
      vertex  9.417777e+000 -2.123744e+001  9.000000e+000
    endloop
  endfacet
  facet normal -3.190929e-002  9.994781e-001  5.034790e-003
    outer loop
      vertex  7.680912e+000 -2.167722e+001 -8.612870e+000
      vertex  8.180340e+000 -2.175000e+001  9.000000e+000
      vertex  8.785648e+000 -2.164198e+001 -8.606997e+000
    endloop
  endfacet
  facet normal  3.826744e-001  9.238565e-001 -7.033558e-003
    outer loop
      vertex  6.942903e+000 -2.123744e+001  9.000000e+000
      vertex  8.180340e+000 -2.175000e+001  9.000000e+000
      vertex  7.680912e+000 -2.167722e+001 -8.612870e+000
    endloop
  endfacet
  facet normal -6.242472e-001  7.812141e-001  4.462341e-003
    outer loop
      vertex  8.785648e+000 -2.164198e+001 -8.606997e+000
      vertex  9.417777e+000 -2.123744e+001  9.000000e+000
      vertex  9.647439e+000 -2.095400e+001 -8.492333e+000
    endloop
  endfacet
  facet normal -9.238633e-001  3.826766e-001 -5.929039e-003
    outer loop
      vertex  9.647439e+000 -2.095400e+001 -8.492333e+000
      vertex  9.417777e+000 -2.123744e+001  9.000000e+000
      vertex  9.930340e+000 -2.000000e+001  9.000000e+000
    endloop
  endfacet
  facet normal -9.587342e-001  2.843040e-001  0.000000e+000
    outer loop
      vertex  9.647439e+000 -2.095400e+001 -8.492333e+000
      vertex  9.930340e+000 -2.000000e+001  9.000000e+000
      vertex  9.930340e+000 -2.000000e+001 -8.333333e+000
    endloop
  endfacet
  facet normal  5.740194e-001  8.188338e-001  3.606490e-003
    outer loop
      vertex  7.680912e+000 -2.167722e+001 -8.612870e+000
      vertex  6.774662e+000 -2.104239e+001 -8.507065e+000
      vertex  6.942903e+000 -2.123744e+001  9.000000e+000
    endloop
  endfacet
  facet normal  9.492438e-001  3.144910e-001 -5.618357e-003
    outer loop
      vertex  6.942903e+000 -2.123744e+001  9.000000e+000
      vertex  6.774662e+000 -2.104239e+001 -8.507065e+000
      vertex  6.430340e+000 -2.000000e+001 -8.333333e+000
    endloop
  endfacet
  facet normal  9.238794e-001  3.826837e-001  -0.000000e+000
    outer loop
      vertex  6.942903e+000 -2.123744e+001  9.000000e+000
      vertex  6.430340e+000 -2.000000e+001 -8.333333e+000
      vertex  6.430340e+000 -2.000000e+001  9.000000e+000
    endloop
  endfacet
  facet normal  3.826613e-001 -9.238266e-001 -1.071007e-002
    outer loop
      vertex  7.575031e+000  1.014198e+001 -3.309670e+000
      vertex  8.180340e+000  1.025000e+001  9.000000e+000
      vertex  6.942903e+000  9.737437e+000  9.000000e+000
    endloop
  endfacet
  facet normal  3.184386e-002 -9.994669e-001  7.204574e-003
    outer loop
      vertex  8.679768e+000  1.017722e+001 -3.303797e+000
      vertex  8.180340e+000  1.025000e+001  9.000000e+000
      vertex  7.575031e+000  1.014198e+001 -3.309670e+000
    endloop
  endfacet
  facet normal -3.826637e-001 -9.238328e-001 -1.006823e-002
    outer loop
      vertex  9.417777e+000  9.737437e+000  9.000000e+000
      vertex  8.180340e+000  1.025000e+001  9.000000e+000
      vertex  8.679768e+000  1.017722e+001 -3.303797e+000
    endloop
  endfacet
  facet normal  6.233653e-001 -7.819052e-001  6.314699e-003
    outer loop
      vertex  7.575031e+000  1.014198e+001 -3.309670e+000
      vertex  6.942903e+000  9.737437e+000  9.000000e+000
      vertex  6.713241e+000  9.454002e+000 -3.424333e+000
    endloop
  endfacet
  facet normal  9.238473e-001 -3.826700e-001 -8.347373e-003
    outer loop
      vertex  6.713241e+000  9.454002e+000 -3.424333e+000
      vertex  6.942903e+000  9.737437e+000  9.000000e+000
      vertex  6.430340e+000  8.500000e+000  9.000000e+000
    endloop
  endfacet
  facet normal  9.587341e-001 -2.843044e-001  0.000000e+000
    outer loop
      vertex  6.713241e+000  9.454002e+000 -3.424333e+000
      vertex  6.430340e+000  8.500000e+000  9.000000e+000
      vertex  6.430340e+000  8.500000e+000 -3.583333e+000
    endloop
  endfacet
  facet normal -5.733341e-001 -8.193058e-001  5.104799e-003
    outer loop
      vertex  8.679768e+000  1.017722e+001 -3.303797e+000
      vertex  9.586018e+000  9.542386e+000 -3.409602e+000
      vertex  9.417777e+000  9.737437e+000  9.000000e+000
    endloop
  endfacet
  facet normal -9.499025e-001 -3.124450e-001 -7.967164e-003
    outer loop
      vertex  9.417777e+000  9.737437e+000  9.000000e+000
      vertex  9.586018e+000  9.542386e+000 -3.409602e+000
      vertex  9.930340e+000  8.500000e+000 -3.583333e+000
    endloop
  endfacet
  facet normal -9.238797e-001 -3.826831e-001  0.000000e+000
    outer loop
      vertex  9.417777e+000  9.737437e+000  9.000000e+000
      vertex  9.930340e+000  8.500000e+000 -3.583333e+000
      vertex  9.930340e+000  8.500000e+000  9.000000e+000
    endloop
  endfacet
  facet normal -3.826633e-001  9.238310e-001 -1.025420e-002
    outer loop
      vertex  8.785648e+000  6.858019e+000 -3.856997e+000
      vertex  8.180340e+000  6.750000e+000  9.000000e+000
      vertex  9.417777e+000  7.262563e+000  9.000000e+000
    endloop
  endfacet
  facet normal -3.191882e-002  9.994667e-001  6.894343e-003
    outer loop
      vertex  7.680912e+000  6.822779e+000 -3.862870e+000
      vertex  8.180340e+000  6.750000e+000  9.000000e+000
      vertex  8.785648e+000  6.858019e+000 -3.856997e+000
    endloop
  endfacet
  facet normal  3.826658e-001  9.238366e-001 -9.630688e-003
    outer loop
      vertex  6.942903e+000  7.262563e+000  9.000000e+000
      vertex  8.180340e+000  6.750000e+000  9.000000e+000
      vertex  7.680912e+000  6.822779e+000 -3.862870e+000
    endloop
  endfacet
  facet normal -6.243764e-001  7.810996e-001  6.120934e-003
    outer loop
      vertex  8.785648e+000  6.858019e+000 -3.856997e+000
      vertex  9.417777e+000  7.262563e+000  9.000000e+000
      vertex  9.647439e+000  7.545998e+000 -3.742334e+000
    endloop
  endfacet
  facet normal -9.238489e-001  3.826705e-001 -8.139087e-003
    outer loop
      vertex  9.647439e+000  7.545998e+000 -3.742334e+000
      vertex  9.417777e+000  7.262563e+000  9.000000e+000
      vertex  9.930340e+000  8.500000e+000  9.000000e+000
    endloop
  endfacet
  facet normal -9.587343e-001  2.843040e-001  0.000000e+000
    outer loop
      vertex  9.647439e+000  7.545998e+000 -3.742334e+000
      vertex  9.930340e+000  8.500000e+000  9.000000e+000
      vertex  9.930340e+000  8.500000e+000 -3.583333e+000
    endloop
  endfacet
  facet normal  5.741217e-001  8.187551e-001  4.946881e-003
    outer loop
      vertex  7.680912e+000  6.822779e+000 -3.862870e+000
      vertex  6.774662e+000  7.457614e+000 -3.757064e+000
      vertex  6.942903e+000  7.262563e+000  9.000000e+000
    endloop
  endfacet
  facet normal  9.491267e-001  3.148002e-001 -7.704005e-003
    outer loop
      vertex  6.942903e+000  7.262563e+000  9.000000e+000
      vertex  6.774662e+000  7.457614e+000 -3.757064e+000
      vertex  6.430340e+000  8.500000e+000 -3.583333e+000
    endloop
  endfacet
  facet normal  9.238795e-001  3.826835e-001  -0.000000e+000
    outer loop
      vertex  6.942903e+000  7.262563e+000  9.000000e+000
      vertex  6.430340e+000  8.500000e+000 -3.583333e+000
      vertex  6.430340e+000  8.500000e+000  9.000000e+000
    endloop
  endfacet
  facet normal  0.000000e+000  0.000000e+000 -1.000000e+000
    outer loop
      vertex  4.000000e+000 -2.000000e+001  1.000000e+000
      vertex  3.500000e+000 -3.810521e+001  1.000000e+000
      vertex  3.500000e+000 -2.400000e+001  1.000000e+000
    endloop
  endfacet
  facet normal  0.000000e+000  0.000000e+000 -1.000000e+000
    outer loop
      vertex -3.500000e+000 -2.400000e+001  1.000000e+000
      vertex -3.500000e+000 -3.810521e+001  1.000000e+000
      vertex -4.000000e+000 -2.000000e+001  1.000000e+000
    endloop
  endfacet
  facet normal  0.000000e+000  0.000000e+000 -1.000000e+000
    outer loop
      vertex -3.500000e+000 -2.400000e+001  1.000000e+000
      vertex -4.000000e+000 -2.000000e+001  1.000000e+000
      vertex  0.000000e+000 -2.000000e+001  1.000000e+000
    endloop
  endfacet
  facet normal  0.000000e+000  -0.000000e+000 -1.000000e+000
    outer loop
      vertex -3.500000e+000 -2.400000e+001  1.000000e+000
      vertex  0.000000e+000 -2.000000e+001  1.000000e+000
      vertex  4.000000e+000 -2.000000e+001  1.000000e+000
    endloop
  endfacet
  facet normal  0.000000e+000  0.000000e+000 -1.000000e+000
    outer loop
      vertex -3.500000e+000 -2.400000e+001  1.000000e+000
      vertex  4.000000e+000 -2.000000e+001  1.000000e+000
      vertex  3.500000e+000 -2.400000e+001  1.000000e+000
    endloop
  endfacet
  facet normal  0.000000e+000  0.000000e+000 -9.999999e-001
    outer loop
      vertex -5.180340e+000 -4.000000e+001  1.000000e+000
      vertex -5.180340e+000  5.629271e+001  1.000000e+000
      vertex -4.000000e+000  5.000000e+001  1.000000e+000
    endloop
  endfacet
  facet normal  0.000000e+000  -0.000000e+000 -1.000000e+000
    outer loop
      vertex -5.180340e+000 -4.000000e+001  1.000000e+000
      vertex -4.000000e+000  5.000000e+001  1.000000e+000
      vertex -4.000000e+000  3.000000e+001  1.000000e+000
    endloop
  endfacet
  facet normal  0.000000e+000  -0.000000e+000 -1.000000e+000
    outer loop
      vertex -5.180340e+000 -4.000000e+001  1.000000e+000
      vertex -4.000000e+000  3.000000e+001  1.000000e+000
      vertex -4.000000e+000  2.100000e+001  1.000000e+000
    endloop
  endfacet
  facet normal  0.000000e+000  -0.000000e+000 -1.000000e+000
    outer loop
      vertex -5.180340e+000 -4.000000e+001  1.000000e+000
      vertex -4.000000e+000  2.100000e+001  1.000000e+000
      vertex -4.000000e+000  9.000000e+000  1.000000e+000
    endloop
  endfacet
  facet normal  0.000000e+000  -0.000000e+000 -1.000000e+000
    outer loop
      vertex -5.180340e+000 -4.000000e+001  1.000000e+000
      vertex -4.000000e+000  9.000000e+000  1.000000e+000
      vertex -4.000000e+000  0.000000e+000  1.000000e+000
    endloop
  endfacet
  facet normal  0.000000e+000  -0.000000e+000 -1.000000e+000
    outer loop
      vertex -5.180340e+000 -4.000000e+001  1.000000e+000
      vertex -4.000000e+000  0.000000e+000  1.000000e+000
      vertex -4.000000e+000 -2.000000e+001  1.000000e+000
    endloop
  endfacet
  facet normal  0.000000e+000  -0.000000e+000 -9.999999e-001
    outer loop
      vertex -5.180340e+000 -4.000000e+001  1.000000e+000
      vertex -4.000000e+000 -2.000000e+001  1.000000e+000
      vertex -3.500000e+000 -3.810521e+001  1.000000e+000
    endloop
  endfacet
  facet normal  0.000000e+000  -0.000000e+000 -1.000000e+000
    outer loop
      vertex -5.180340e+000 -4.000000e+001  1.000000e+000
      vertex -3.500000e+000 -3.810521e+001  1.000000e+000
      vertex  3.500000e+000 -3.810521e+001  1.000000e+000
    endloop
  endfacet
  facet normal  0.000000e+000  -0.000000e+000 -1.000000e+000
    outer loop
      vertex -5.180340e+000 -4.000000e+001  1.000000e+000
      vertex  3.500000e+000 -3.810521e+001  1.000000e+000
      vertex  5.180340e+000 -4.000000e+001  1.000000e+000
    endloop
  endfacet
  facet normal  0.000000e+000  0.000000e+000 -9.999999e-001
    outer loop
      vertex  5.180340e+000 -4.000000e+001  1.000000e+000
      vertex  3.500000e+000 -3.810521e+001  1.000000e+000
      vertex  4.000000e+000 -2.000000e+001  1.000000e+000
    endloop
  endfacet
  facet normal  0.000000e+000  0.000000e+000 -1.000000e+000
    outer loop
      vertex  5.180340e+000 -4.000000e+001  1.000000e+000
      vertex  4.000000e+000 -2.000000e+001  1.000000e+000
      vertex  4.000000e+000  0.000000e+000  1.000000e+000
    endloop
  endfacet
  facet normal  0.000000e+000  0.000000e+000 -1.000000e+000
    outer loop
      vertex  5.180340e+000 -4.000000e+001  1.000000e+000
      vertex  4.000000e+000  0.000000e+000  1.000000e+000
      vertex  4.000000e+000  9.000000e+000  1.000000e+000
    endloop
  endfacet
  facet normal  0.000000e+000  0.000000e+000 -1.000000e+000
    outer loop
      vertex  5.180340e+000 -4.000000e+001  1.000000e+000
      vertex  4.000000e+000  9.000000e+000  1.000000e+000
      vertex  4.000000e+000  2.100000e+001  1.000000e+000
    endloop
  endfacet
  facet normal  0.000000e+000  0.000000e+000 -1.000000e+000
    outer loop
      vertex  5.180340e+000 -4.000000e+001  1.000000e+000
      vertex  4.000000e+000  2.100000e+001  1.000000e+000
      vertex  4.000000e+000  3.000000e+001  1.000000e+000
    endloop
  endfacet
  facet normal  0.000000e+000  0.000000e+000 -1.000000e+000
    outer loop
      vertex  5.180340e+000 -4.000000e+001  1.000000e+000
      vertex  4.000000e+000  3.000000e+001  1.000000e+000
      vertex  4.000000e+000  5.000000e+001  1.000000e+000
    endloop
  endfacet
  facet normal  0.000000e+000  0.000000e+000 -1.000000e+000
    outer loop
      vertex  5.180340e+000 -4.000000e+001  1.000000e+000
      vertex  4.000000e+000  5.000000e+001  1.000000e+000
      vertex  5.180340e+000  5.629271e+001  1.000000e+000
    endloop
  endfacet
  facet normal  -0.000000e+000  0.000000e+000 -1.000000e+000
    outer loop
      vertex -4.000000e+000  9.000000e+000  1.000000e+000
      vertex  4.000000e+000  9.000000e+000  1.000000e+000
      vertex -4.000000e+000  0.000000e+000  1.000000e+000
    endloop
  endfacet
  facet normal  0.000000e+000  0.000000e+000 -1.000000e+000
    outer loop
      vertex -4.000000e+000  0.000000e+000  1.000000e+000
      vertex  4.000000e+000  9.000000e+000  1.000000e+000
      vertex  4.000000e+000  0.000000e+000  1.000000e+000
    endloop
  endfacet
  facet normal  0.000000e+000  0.000000e+000 -1.000000e+000
    outer loop
      vertex  4.000000e+000  5.000000e+001  1.000000e+000
      vertex -4.000000e+000  5.000000e+001  1.000000e+000
      vertex  5.180340e+000  5.629271e+001  1.000000e+000
    endloop
  endfacet
  facet normal  -0.000000e+000  0.000000e+000 -1.000000e+000
    outer loop
      vertex  5.180340e+000  5.629271e+001  1.000000e+000
      vertex -4.000000e+000  5.000000e+001  1.000000e+000
      vertex -5.180340e+000  5.629271e+001  1.000000e+000
    endloop
  endfacet
  facet normal  0.000000e+000  0.000000e+000 -1.000000e+000
    outer loop
      vertex  4.000000e+000  3.000000e+001  1.000000e+000
      vertex  4.000000e+000  2.100000e+001  1.000000e+000
      vertex  0.000000e+000  3.000000e+001  1.000000e+000
    endloop
  endfacet
  facet normal  0.000000e+000  -0.000000e+000 -1.000000e+000
    outer loop
      vertex  0.000000e+000  3.000000e+001  1.000000e+000
      vertex  4.000000e+000  2.100000e+001  1.000000e+000
      vertex -4.000000e+000  2.100000e+001  1.000000e+000
    endloop
  endfacet
  facet normal  0.000000e+000  0.000000e+000 -1.000000e+000
    outer loop
      vertex  0.000000e+000  3.000000e+001  1.000000e+000
      vertex -4.000000e+000  2.100000e+001  1.000000e+000
      vertex -4.000000e+000  3.000000e+001  1.000000e+000
    endloop
  endfacet
  facet normal  1.000000e+000  -0.000000e+000  0.000000e+000
    outer loop
      vertex -4.000000e+000  2.100000e+001  9.000000e+000
      vertex -4.000000e+000  9.000000e+000  9.000000e+000
      vertex -4.000000e+000  2.100000e+001  1.000000e+000
    endloop
  endfacet
  facet normal  1.000000e+000  0.000000e+000  0.000000e+000
    outer loop
      vertex -4.000000e+000  2.100000e+001  1.000000e+000
      vertex -4.000000e+000  9.000000e+000  9.000000e+000
      vertex -4.000000e+000  9.000000e+000  1.000000e+000
    endloop
  endfacet
  facet normal  0.000000e+000 -1.000000e+000  -0.000000e+000
    outer loop
      vertex  4.000000e+000  2.100000e+001  1.000000e+000
      vertex  4.000000e+000  2.100000e+001  9.000000e+000
      vertex -4.000000e+000  2.100000e+001  1.000000e+000
    endloop
  endfacet
  facet normal  0.000000e+000 -1.000000e+000  0.000000e+000
    outer loop
      vertex -4.000000e+000  2.100000e+001  1.000000e+000
      vertex  4.000000e+000  2.100000e+001  9.000000e+000
      vertex -4.000000e+000  2.100000e+001  9.000000e+000
    endloop
  endfacet
  facet normal -1.000000e+000  -0.000000e+000  0.000000e+000
    outer loop
      vertex  4.000000e+000  9.000000e+000  9.000000e+000
      vertex  4.000000e+000  2.100000e+001  9.000000e+000
      vertex  4.000000e+000  9.000000e+000  1.000000e+000
    endloop
  endfacet
  facet normal -1.000000e+000  0.000000e+000  0.000000e+000
    outer loop
      vertex  4.000000e+000  9.000000e+000  1.000000e+000
      vertex  4.000000e+000  2.100000e+001  9.000000e+000
      vertex  4.000000e+000  2.100000e+001  1.000000e+000
    endloop
  endfacet
  facet normal  0.000000e+000  1.000000e+000  0.000000e+000
    outer loop
      vertex -4.000000e+000  9.000000e+000  1.000000e+000
      vertex -4.000000e+000  9.000000e+000  9.000000e+000
      vertex  4.000000e+000  9.000000e+000  1.000000e+000
    endloop
  endfacet
  facet normal  0.000000e+000  1.000000e+000  -0.000000e+000
    outer loop
      vertex  4.000000e+000  9.000000e+000  1.000000e+000
      vertex -4.000000e+000  9.000000e+000  9.000000e+000
      vertex  4.000000e+000  9.000000e+000  9.000000e+000
    endloop
  endfacet
  facet normal  0.000000e+000 -1.000000e+000  -0.000000e+000
    outer loop
      vertex  3.500000e+000 -2.400000e+001  1.000000e+000
      vertex  3.500000e+000 -2.400000e+001  9.000000e+000
      vertex -3.500000e+000 -2.400000e+001  1.000000e+000
    endloop
  endfacet
  facet normal  0.000000e+000 -1.000000e+000  0.000000e+000
    outer loop
      vertex -3.500000e+000 -2.400000e+001  1.000000e+000
      vertex  3.500000e+000 -2.400000e+001  9.000000e+000
      vertex -3.500000e+000 -2.400000e+001  9.000000e+000
    endloop
  endfacet
  facet normal  0.000000e+000  1.000000e+000  0.000000e+000
    outer loop
      vertex -3.500000e+000 -3.810521e+001  1.000000e+000
      vertex -3.500000e+000 -3.810521e+001  9.000000e+000
      vertex  3.500000e+000 -3.810521e+001  1.000000e+000
    endloop
  endfacet
  facet normal  0.000000e+000  1.000000e+000  -0.000000e+000
    outer loop
      vertex  3.500000e+000 -3.810521e+001  1.000000e+000
      vertex -3.500000e+000 -3.810521e+001  9.000000e+000
      vertex  3.500000e+000 -3.810521e+001  9.000000e+000
    endloop
  endfacet
  facet normal -1.000000e+000  0.000000e+000  0.000000e+000
    outer loop
      vertex  3.500000e+000 -2.400000e+001  1.000000e+000
      vertex  3.500000e+000 -3.810521e+001  1.000000e+000
      vertex  3.500000e+000 -3.810521e+001  9.000000e+000
    endloop
  endfacet
  facet normal -1.000000e+000  0.000000e+000  0.000000e+000
    outer loop
      vertex  3.500000e+000 -2.400000e+001  1.000000e+000
      vertex  3.500000e+000 -3.810521e+001  9.000000e+000
      vertex  3.500000e+000 -3.690424e+001  9.000000e+000
    endloop
  endfacet
  facet normal -1.000000e+000  0.000000e+000  0.000000e+000
    outer loop
      vertex  3.500000e+000 -2.400000e+001  1.000000e+000
      vertex  3.500000e+000 -3.690424e+001  9.000000e+000
      vertex  3.500000e+000 -2.826820e+001  9.000000e+000
    endloop
  endfacet
  facet normal -1.000000e+000  0.000000e+000  0.000000e+000
    outer loop
      vertex  3.500000e+000 -2.400000e+001  1.000000e+000
      vertex  3.500000e+000 -2.826820e+001  9.000000e+000
      vertex  3.500000e+000 -2.400000e+001  9.000000e+000
    endloop
  endfacet
  facet normal  1.000000e+000  0.000000e+000  -0.000000e+000
    outer loop
      vertex -3.500000e+000 -3.810521e+001  1.000000e+000
      vertex -3.500000e+000 -2.400000e+001  1.000000e+000
      vertex -3.500000e+000 -2.400000e+001  9.000000e+000
    endloop
  endfacet
  facet normal  1.000000e+000  0.000000e+000  0.000000e+000
    outer loop
      vertex -3.500000e+000 -3.810521e+001  1.000000e+000
      vertex -3.500000e+000 -2.400000e+001  9.000000e+000
      vertex -3.500000e+000 -2.826820e+001  9.000000e+000
    endloop
  endfacet
  facet normal  1.000000e+000  0.000000e+000  0.000000e+000
    outer loop
      vertex -3.500000e+000 -3.810521e+001  1.000000e+000
      vertex -3.500000e+000 -2.826820e+001  9.000000e+000
      vertex -3.500000e+000 -3.690424e+001  9.000000e+000
    endloop
  endfacet
  facet normal  1.000000e+000  0.000000e+000  0.000000e+000
    outer loop
      vertex -3.500000e+000 -3.810521e+001  1.000000e+000
      vertex -3.500000e+000 -3.690424e+001  9.000000e+000
      vertex -3.500000e+000 -3.810521e+001  9.000000e+000
    endloop
  endfacet
  facet normal  0.000000e+000  1.000000e+000  -0.000000e+000
    outer loop
      vertex  5.180340e+000 -4.000000e+001  1.000000e+000
      vertex  5.180340e+000 -4.000000e+001 -1.477389e+001
      vertex  5.000000e+000 -4.000000e+001 -1.477389e+001
    endloop
  endfacet
  facet normal  0.000000e+000  1.000000e+000  -0.000000e+000
    outer loop
      vertex  5.180340e+000 -4.000000e+001  1.000000e+000
      vertex  5.000000e+000 -4.000000e+001 -1.477389e+001
      vertex  0.000000e+000 -4.000000e+001 -1.477389e+001
    endloop
  endfacet
  facet normal  0.000000e+000  1.000000e+000  -0.000000e+000
    outer loop
      vertex  5.180340e+000 -4.000000e+001  1.000000e+000
      vertex  0.000000e+000 -4.000000e+001 -1.477389e+001
      vertex -5.000000e+000 -4.000000e+001 -1.477389e+001
    endloop
  endfacet
  facet normal  0.000000e+000  1.000000e+000  -0.000000e+000
    outer loop
      vertex  5.180340e+000 -4.000000e+001  1.000000e+000
      vertex -5.000000e+000 -4.000000e+001 -1.477389e+001
      vertex -5.180340e+000 -4.000000e+001 -1.477389e+001
    endloop
  endfacet
  facet normal  0.000000e+000  1.000000e+000  0.000000e+000
    outer loop
      vertex  5.180340e+000 -4.000000e+001  1.000000e+000
      vertex -5.180340e+000 -4.000000e+001 -1.477389e+001
      vertex -5.180340e+000 -4.000000e+001  1.000000e+000
    endloop
  endfacet
  facet normal  1.000000e+000  0.000000e+000  0.000000e+000
    outer loop
      vertex -5.180340e+000 -3.831084e+001 -1.415542e+001
      vertex -5.180340e+000 -3.000000e+001 -1.000000e+001
      vertex -5.180340e+000 -4.000000e+001 -1.477389e+001
    endloop
  endfacet
  facet normal  1.000000e+000  0.000000e+000  0.000000e+000
    outer loop
      vertex -5.180340e+000 -4.000000e+001  1.000000e+000
      vertex -5.180340e+000 -4.000000e+001 -1.477389e+001
      vertex -5.180340e+000 -3.000000e+001 -1.000000e+001
    endloop
  endfacet
  facet normal  1.000000e+000  0.000000e+000  -0.000000e+000
    outer loop
      vertex -5.180340e+000 -4.000000e+001  1.000000e+000
      vertex -5.180340e+000 -3.000000e+001 -1.000000e+001
      vertex -5.180340e+000  3.000000e+001  0.000000e+000
    endloop
  endfacet
  facet normal  1.000000e+000  0.000000e+000  -0.000000e+000
    outer loop
      vertex -5.180340e+000 -4.000000e+001  1.000000e+000
      vertex -5.180340e+000  3.000000e+001  0.000000e+000
      vertex -5.180340e+000  5.629271e+001  0.000000e+000
    endloop
  endfacet
  facet normal  1.000000e+000  0.000000e+000  -0.000000e+000
    outer loop
      vertex -5.180340e+000 -4.000000e+001  1.000000e+000
      vertex -5.180340e+000  5.629271e+001  0.000000e+000
      vertex -5.180340e+000  5.629271e+001  1.000000e+000
    endloop
  endfacet
  facet normal -1.000000e+000  0.000000e+000  0.000000e+000
    outer loop
      vertex  5.180340e+000  5.629271e+001  1.000000e+000
      vertex  5.180340e+000  5.629271e+001  0.000000e+000
      vertex  5.180340e+000  3.000000e+001  0.000000e+000
    endloop
  endfacet
  facet normal -1.000000e+000  0.000000e+000  0.000000e+000
    outer loop
      vertex  5.180340e+000 -3.831084e+001 -1.415542e+001
      vertex  5.180340e+000 -4.000000e+001 -1.477389e+001
      vertex  5.180340e+000 -3.000000e+001 -1.000000e+001
    endloop
  endfacet
  facet normal -1.000000e+000  -0.000000e+000  0.000000e+000
    outer loop
      vertex  5.180340e+000 -4.000000e+001  1.000000e+000
      vertex  5.180340e+000  5.629271e+001  1.000000e+000
      vertex  5.180340e+000  3.000000e+001  0.000000e+000
    endloop
  endfacet
  facet normal -1.000000e+000  -0.000000e+000  0.000000e+000
    outer loop
      vertex  5.180340e+000 -4.000000e+001  1.000000e+000
      vertex  5.180340e+000  3.000000e+001  0.000000e+000
      vertex  5.180340e+000 -3.000000e+001 -1.000000e+001
    endloop
  endfacet
  facet normal -1.000000e+000  -0.000000e+000  0.000000e+000
    outer loop
      vertex  5.180340e+000 -4.000000e+001  1.000000e+000
      vertex  5.180340e+000 -3.000000e+001 -1.000000e+001
      vertex  5.180340e+000 -4.000000e+001 -1.477389e+001
    endloop
  endfacet
  facet normal  0.000000e+000  4.472135e-001 -8.944272e-001
    outer loop
      vertex  5.180340e+000 -3.000000e+001 -1.000000e+001
      vertex  1.118034e+001 -3.000000e+001 -1.000000e+001
      vertex  5.180340e+000 -3.831084e+001 -1.415542e+001
    endloop
  endfacet
  facet normal  0.000000e+000  4.472135e-001 -8.944272e-001
    outer loop
      vertex  5.180340e+000 -3.831084e+001 -1.415542e+001
      vertex  1.118034e+001 -3.000000e+001 -1.000000e+001
      vertex  1.391610e+001 -3.831084e+001 -1.415542e+001
    endloop
  endfacet
  facet normal  0.000000e+000  4.472135e-001 -8.944272e-001
    outer loop
      vertex -1.118034e+001 -3.000000e+001 -1.000000e+001
      vertex -5.180340e+000 -3.000000e+001 -1.000000e+001
      vertex -1.391610e+001 -3.831084e+001 -1.415542e+001
    endloop
  endfacet
  facet normal  0.000000e+000  4.472135e-001 -8.944272e-001
    outer loop
      vertex -1.391610e+001 -3.831084e+001 -1.415542e+001
      vertex -5.180340e+000 -3.000000e+001 -1.000000e+001
      vertex -5.180340e+000 -3.831084e+001 -1.415542e+001
    endloop
  endfacet
  facet normal  0.000000e+000  2.593000e-001 -9.657968e-001
    outer loop
      vertex -1.493341e+001 -4.140127e+001 -1.498515e+001
      vertex -1.391610e+001 -3.831084e+001 -1.415542e+001
      vertex -5.180340e+000 -3.831084e+001 -1.415542e+001
    endloop
  endfacet
  facet normal -2.904646e-002  3.436759e-001 -9.386390e-001
    outer loop
      vertex -1.493341e+001 -4.140127e+001 -1.498515e+001
      vertex -5.180340e+000 -3.831084e+001 -1.415542e+001
      vertex -5.180340e+000 -4.000000e+001 -1.477389e+001
    endloop
  endfacet
  facet normal  0.000000e+000  1.490743e-001 -9.888260e-001
    outer loop
      vertex -1.493341e+001 -4.140127e+001 -1.498515e+001
      vertex -5.180340e+000 -4.000000e+001 -1.477389e+001
      vertex -5.000000e+000 -4.000000e+001 -1.477389e+001
    endloop
  endfacet
  facet normal  0.000000e+000  1.490743e-001 -9.888259e-001
    outer loop
      vertex -1.493341e+001 -4.140127e+001 -1.498515e+001
      vertex -5.000000e+000 -4.000000e+001 -1.477389e+001
      vertex  0.000000e+000 -4.000000e+001 -1.477389e+001
    endloop
  endfacet
  facet normal  0.000000e+000  1.490743e-001 -9.888259e-001
    outer loop
      vertex -1.493341e+001 -4.140127e+001 -1.498515e+001
      vertex  0.000000e+000 -4.000000e+001 -1.477389e+001
      vertex  5.000000e+000 -4.000000e+001 -1.477389e+001
    endloop
  endfacet
  facet normal  0.000000e+000  1.490743e-001 -9.888260e-001
    outer loop
      vertex -1.493341e+001 -4.140127e+001 -1.498515e+001
      vertex  5.000000e+000 -4.000000e+001 -1.477389e+001
      vertex  5.180340e+000 -4.000000e+001 -1.477389e+001
    endloop
  endfacet
  facet normal  0.000000e+000  1.490743e-001 -9.888260e-001
    outer loop
      vertex -1.493341e+001 -4.140127e+001 -1.498515e+001
      vertex  5.180340e+000 -4.000000e+001 -1.477389e+001
      vertex  1.493341e+001 -4.140127e+001 -1.498515e+001
    endloop
  endfacet
  facet normal  0.000000e+000  2.593000e-001 -9.657968e-001
    outer loop
      vertex  1.391610e+001 -3.831084e+001 -1.415542e+001
      vertex  1.493341e+001 -4.140127e+001 -1.498515e+001
      vertex  5.180340e+000 -3.831084e+001 -1.415542e+001
    endloop
  endfacet
  facet normal  2.904646e-002  3.436759e-001 -9.386390e-001
    outer loop
      vertex  5.180340e+000 -3.831084e+001 -1.415542e+001
      vertex  1.493341e+001 -4.140127e+001 -1.498515e+001
      vertex  5.180340e+000 -4.000000e+001 -1.477389e+001
    endloop
  endfacet
  facet normal -1.000000e+000  -0.000000e+000  0.000000e+000
    outer loop
      vertex  4.000000e+000 -2.000000e+001  9.000000e+000
      vertex  4.000000e+000  0.000000e+000  9.000000e+000
      vertex  4.000000e+000 -2.000000e+001  1.000000e+000
    endloop
  endfacet
  facet normal -1.000000e+000  0.000000e+000  0.000000e+000
    outer loop
      vertex  4.000000e+000 -2.000000e+001  1.000000e+000
      vertex  4.000000e+000  0.000000e+000  9.000000e+000
      vertex  4.000000e+000  0.000000e+000  1.000000e+000
    endloop
  endfacet
  facet normal  1.000000e+000  -0.000000e+000  0.000000e+000
    outer loop
      vertex -4.000000e+000  0.000000e+000  9.000000e+000
      vertex -4.000000e+000 -2.000000e+001  9.000000e+000
      vertex -4.000000e+000  0.000000e+000  1.000000e+000
    endloop
  endfacet
  facet normal  1.000000e+000  0.000000e+000  0.000000e+000
    outer loop
      vertex -4.000000e+000  0.000000e+000  1.000000e+000
      vertex -4.000000e+000 -2.000000e+001  9.000000e+000
      vertex -4.000000e+000 -2.000000e+001  1.000000e+000
    endloop
  endfacet
  facet normal  0.000000e+000  1.000000e+000  0.000000e+000
    outer loop
      vertex -4.000000e+000 -2.000000e+001  1.000000e+000
      vertex -4.000000e+000 -2.000000e+001  9.000000e+000
      vertex  0.000000e+000 -2.000000e+001  1.000000e+000
    endloop
  endfacet
  facet normal  0.000000e+000  1.000000e+000  -0.000000e+000
    outer loop
      vertex  0.000000e+000 -2.000000e+001  1.000000e+000
      vertex -4.000000e+000 -2.000000e+001  9.000000e+000
      vertex  0.000000e+000 -2.000000e+001  9.000000e+000
    endloop
  endfacet
  facet normal  0.000000e+000  1.000000e+000  0.000000e+000
    outer loop
      vertex  0.000000e+000 -2.000000e+001  1.000000e+000
      vertex  0.000000e+000 -2.000000e+001  9.000000e+000
      vertex  4.000000e+000 -2.000000e+001  1.000000e+000
    endloop
  endfacet
  facet normal  0.000000e+000  1.000000e+000  -0.000000e+000
    outer loop
      vertex  4.000000e+000 -2.000000e+001  1.000000e+000
      vertex  0.000000e+000 -2.000000e+001  9.000000e+000
      vertex  4.000000e+000 -2.000000e+001  9.000000e+000
    endloop
  endfacet
  facet normal  0.000000e+000  -0.000000e+000 -1.000000e+000
    outer loop
      vertex -8.180340e+000  3.525000e+001  0.000000e+000
      vertex -6.942903e+000  3.576256e+001  0.000000e+000
      vertex -5.180340e+000  3.000000e+001  0.000000e+000
    endloop
  endfacet
  facet normal  0.000000e+000  -0.000000e+000 -1.000000e+000
    outer loop
      vertex -6.942903e+000  3.576256e+001  0.000000e+000
      vertex -6.430340e+000  3.700000e+001  0.000000e+000
      vertex -5.180340e+000  3.000000e+001  0.000000e+000
    endloop
  endfacet
  facet normal  -0.000000e+000  0.000000e+000 -1.000000e+000
    outer loop
      vertex  6.430340e+000  3.700000e+001  0.000000e+000
      vertex  6.942903e+000  3.576256e+001  0.000000e+000
      vertex  5.180340e+000  3.000000e+001  0.000000e+000
    endloop
  endfacet
  facet normal  -0.000000e+000  0.000000e+000 -1.000000e+000
    outer loop
      vertex  6.942903e+000  3.576256e+001  0.000000e+000
      vertex  8.180340e+000  3.525000e+001  0.000000e+000
      vertex  5.180340e+000  3.000000e+001  0.000000e+000
    endloop
  endfacet
  facet normal  -0.000000e+000  0.000000e+000 -1.000000e+000
    outer loop
      vertex -7.423363e+000  8.303432e+001  0.000000e+000
      vertex -1.823306e+000  8.034048e+001  0.000000e+000
      vertex -5.250000e+000  7.909327e+001  0.000000e+000
    endloop
  endfacet
  facet normal  0.000000e+000  0.000000e+000 -1.000000e+000
    outer loop
      vertex  8.180340e+000  3.875000e+001  0.000000e+000
      vertex  8.043467e+000  6.325073e+001  0.000000e+000
      vertex  9.866773e+000  6.640879e+001  0.000000e+000
    endloop
  endfacet
  facet normal  0.000000e+000  0.000000e+000 -1.000000e+000
    outer loop
      vertex  6.556464e+000  8.349121e+001  0.000000e+000
      vertex  5.250000e+000  7.909327e+001  0.000000e+000
      vertex  1.823306e+000  8.034048e+001  0.000000e+000
    endloop
  endfacet
  facet normal  0.000000e+000  0.000000e+000 -1.000000e+000
    outer loop
      vertex -5.180340e+000  5.629271e+001  0.000000e+000
      vertex -5.180340e+000  3.000000e+001  0.000000e+000
      vertex -6.430340e+000  3.700000e+001  0.000000e+000
    endloop
  endfacet
  facet normal  0.000000e+000  0.000000e+000 -1.000000e+000
    outer loop
      vertex -5.180340e+000  5.629271e+001  0.000000e+000
      vertex -6.430340e+000  3.700000e+001  0.000000e+000
      vertex -6.942903e+000  3.823744e+001  0.000000e+000
    endloop
  endfacet
  facet normal  0.000000e+000  0.000000e+000 -1.000000e+000
    outer loop
      vertex -5.180340e+000  5.629271e+001  0.000000e+000
      vertex -6.942903e+000  3.823744e+001  0.000000e+000
      vertex -8.180340e+000  3.875000e+001  0.000000e+000
    endloop
  endfacet
  facet normal  0.000000e+000  0.000000e+000 -1.000000e+000
    outer loop
      vertex -5.180340e+000  5.629271e+001  0.000000e+000
      vertex -8.180340e+000  3.875000e+001  0.000000e+000
      vertex -9.866773e+000  6.640879e+001  0.000000e+000
    endloop
  endfacet
  facet normal  0.000000e+000  0.000000e+000 -1.000000e+000
    outer loop
      vertex -5.180340e+000  5.629271e+001  0.000000e+000
      vertex -9.866773e+000  6.640879e+001  0.000000e+000
      vertex -8.043467e+000  6.325073e+001  0.000000e+000
    endloop
  endfacet
  facet normal  0.000000e+000  0.000000e+000 -9.999999e-001
    outer loop
      vertex -5.180340e+000  5.629271e+001  0.000000e+000
      vertex -8.043467e+000  6.325073e+001  0.000000e+000
      vertex -5.250000e+000  6.090673e+001  0.000000e+000
    endloop
  endfacet
  facet normal  0.000000e+000  0.000000e+000 -1.000000e+000
    outer loop
      vertex -5.180340e+000  5.629271e+001  0.000000e+000
      vertex -5.250000e+000  6.090673e+001  0.000000e+000
      vertex -1.823306e+000  5.965952e+001  0.000000e+000
    endloop
  endfacet
  facet normal  0.000000e+000  -0.000000e+000 -1.000000e+000
    outer loop
      vertex -1.118034e+001  3.000000e+001  0.000000e+000
      vertex -9.930340e+000  3.700000e+001  0.000000e+000
      vertex -9.417777e+000  3.576256e+001  0.000000e+000
    endloop
  endfacet
  facet normal  0.000000e+000  -0.000000e+000 -1.000000e+000
    outer loop
      vertex -1.118034e+001  3.000000e+001  0.000000e+000
      vertex -9.417777e+000  3.576256e+001  0.000000e+000
      vertex -8.180340e+000  3.525000e+001  0.000000e+000
    endloop
  endfacet
  facet normal  0.000000e+000  -0.000000e+000 -1.000000e+000
    outer loop
      vertex -1.118034e+001  3.000000e+001  0.000000e+000
      vertex -8.180340e+000  3.525000e+001  0.000000e+000
      vertex -5.180340e+000  3.000000e+001  0.000000e+000
    endloop
  endfacet
  facet normal  0.000000e+000  0.000000e+000 -1.000000e+000
    outer loop
      vertex -1.118034e+001  4.664339e+001  0.000000e+000
      vertex -1.125672e+001  4.751398e+001  0.000000e+000
      vertex -9.866773e+000  6.640879e+001  0.000000e+000
    endloop
  endfacet
  facet normal  0.000000e+000  -0.000000e+000 -1.000000e+000
    outer loop
      vertex -1.118034e+001  4.664339e+001  0.000000e+000
      vertex -9.866773e+000  6.640879e+001  0.000000e+000
      vertex -8.180340e+000  3.875000e+001  0.000000e+000
    endloop
  endfacet
  facet normal  -0.000000e+000  0.000000e+000 -1.000000e+000
    outer loop
      vertex -1.118034e+001  4.664339e+001  0.000000e+000
      vertex -8.180340e+000  3.875000e+001  0.000000e+000
      vertex -9.417777e+000  3.823744e+001  0.000000e+000
    endloop
  endfacet
  facet normal  -0.000000e+000  0.000000e+000 -1.000000e+000
    outer loop
      vertex -1.118034e+001  4.664339e+001  0.000000e+000
      vertex -9.417777e+000  3.823744e+001  0.000000e+000
      vertex -9.930340e+000  3.700000e+001  0.000000e+000
    endloop
  endfacet
  facet normal  -0.000000e+000  0.000000e+000 -1.000000e+000
    outer loop
      vertex -1.118034e+001  4.664339e+001  0.000000e+000
      vertex -9.930340e+000  3.700000e+001  0.000000e+000
      vertex -1.118034e+001  3.000000e+001  0.000000e+000
    endloop
  endfacet
  facet normal  0.000000e+000  0.000000e+000 -1.000000e+000
    outer loop
      vertex -1.477087e+001  6.738822e+001  0.000000e+000
      vertex -1.488001e+001  7.189347e+001  0.000000e+000
      vertex -9.866773e+000  7.359121e+001  0.000000e+000
    endloop
  endfacet
  facet normal  0.000000e+000  0.000000e+000 -1.000000e+000
    outer loop
      vertex -1.477087e+001  6.738822e+001  0.000000e+000
      vertex -9.866773e+000  7.359121e+001  0.000000e+000
      vertex -1.050000e+001  7.000000e+001  0.000000e+000
    endloop
  endfacet
  facet normal  0.000000e+000  -0.000000e+000 -1.000000e+000
    outer loop
      vertex -1.477087e+001  6.738822e+001  0.000000e+000
      vertex -1.050000e+001  7.000000e+001  0.000000e+000
      vertex -9.866773e+000  6.640879e+001  0.000000e+000
    endloop
  endfacet
  facet normal  -0.000000e+000  0.000000e+000 -1.000000e+000
    outer loop
      vertex -1.477087e+001  6.738822e+001  0.000000e+000
      vertex -9.866773e+000  6.640879e+001  0.000000e+000
      vertex -1.125672e+001  4.751398e+001  0.000000e+000
    endloop
  endfacet
  facet normal  0.000000e+000  0.000000e+000 -1.000000e+000
    outer loop
      vertex  1.477087e+001  6.738822e+001  0.000000e+000
      vertex  1.125672e+001  4.751398e+001  0.000000e+000
      vertex  9.866773e+000  6.640879e+001  0.000000e+000
    endloop
  endfacet
  facet normal  0.000000e+000  0.000000e+000 -1.000000e+000
    outer loop
      vertex  1.477087e+001  6.738822e+001  0.000000e+000
      vertex  9.866773e+000  6.640879e+001  0.000000e+000
      vertex  1.050000e+001  7.000000e+001  0.000000e+000
    endloop
  endfacet
  facet normal  0.000000e+000  0.000000e+000 -1.000000e+000
    outer loop
      vertex  1.477087e+001  6.738822e+001  0.000000e+000
      vertex  1.050000e+001  7.000000e+001  0.000000e+000
      vertex  9.866773e+000  7.359121e+001  0.000000e+000
    endloop
  endfacet
  facet normal  0.000000e+000  0.000000e+000 -1.000000e+000
    outer loop
      vertex  1.477087e+001  6.738822e+001  0.000000e+000
      vertex  9.866773e+000  7.359121e+001  0.000000e+000
      vertex  1.483525e+001  7.221708e+001  0.000000e+000
    endloop
  endfacet
  facet normal  0.000000e+000  0.000000e+000 -1.000000e+000
    outer loop
      vertex  1.118034e+001  4.664339e+001  0.000000e+000
      vertex  9.930340e+000  3.700000e+001  0.000000e+000
      vertex  9.417777e+000  3.823744e+001  0.000000e+000
    endloop
  endfacet
  facet normal  0.000000e+000  0.000000e+000 -1.000000e+000
    outer loop
      vertex  1.118034e+001  4.664339e+001  0.000000e+000
      vertex  9.417777e+000  3.823744e+001  0.000000e+000
      vertex  8.180340e+000  3.875000e+001  0.000000e+000
    endloop
  endfacet
  facet normal  0.000000e+000  0.000000e+000 -1.000000e+000
    outer loop
      vertex  1.118034e+001  4.664339e+001  0.000000e+000
      vertex  8.180340e+000  3.875000e+001  0.000000e+000
      vertex  9.866773e+000  6.640879e+001  0.000000e+000
    endloop
  endfacet
  facet normal  0.000000e+000  0.000000e+000 -1.000000e+000
    outer loop
      vertex  1.118034e+001  4.664339e+001  0.000000e+000
      vertex  9.866773e+000  6.640879e+001  0.000000e+000
      vertex  1.125672e+001  4.751398e+001  0.000000e+000
    endloop
  endfacet
  facet normal  0.000000e+000  0.000000e+000 -1.000000e+000
    outer loop
      vertex  1.118034e+001  3.000000e+001  0.000000e+000
      vertex  5.180340e+000  3.000000e+001  0.000000e+000
      vertex  8.180340e+000  3.525000e+001  0.000000e+000
    endloop
  endfacet
  facet normal  0.000000e+000  0.000000e+000 -1.000000e+000
    outer loop
      vertex  1.118034e+001  3.000000e+001  0.000000e+000
      vertex  8.180340e+000  3.525000e+001  0.000000e+000
      vertex  9.417777e+000  3.576256e+001  0.000000e+000
    endloop
  endfacet
  facet normal  0.000000e+000  0.000000e+000 -1.000000e+000
    outer loop
      vertex  1.118034e+001  3.000000e+001  0.000000e+000
      vertex  9.417777e+000  3.576256e+001  0.000000e+000
      vertex  9.930340e+000  3.700000e+001  0.000000e+000
    endloop
  endfacet
  facet normal  0.000000e+000  0.000000e+000 -1.000000e+000
    outer loop
      vertex  1.118034e+001  3.000000e+001  0.000000e+000
      vertex  9.930340e+000  3.700000e+001  0.000000e+000
      vertex  1.118034e+001  4.664339e+001  0.000000e+000
    endloop
  endfacet
  facet normal  0.000000e+000  0.000000e+000 -1.000000e+000
    outer loop
      vertex  5.180340e+000  5.629271e+001  0.000000e+000
      vertex -5.180340e+000  5.629271e+001  0.000000e+000
      vertex -1.823306e+000  5.965952e+001  0.000000e+000
    endloop
  endfacet
  facet normal  0.000000e+000  0.000000e+000 -9.999999e-001
    outer loop
      vertex  5.180340e+000  5.629271e+001  0.000000e+000
      vertex -1.823306e+000  5.965952e+001  0.000000e+000
      vertex  1.823306e+000  5.965952e+001  0.000000e+000
    endloop
  endfacet
  facet normal  0.000000e+000  0.000000e+000 -1.000000e+000
    outer loop
      vertex  5.180340e+000  5.629271e+001  0.000000e+000
      vertex  1.823306e+000  5.965952e+001  0.000000e+000
      vertex  5.250000e+000  6.090673e+001  0.000000e+000
    endloop
  endfacet
  facet normal  0.000000e+000  -0.000000e+000 -9.999999e-001
    outer loop
      vertex  5.180340e+000  5.629271e+001  0.000000e+000
      vertex  5.250000e+000  6.090673e+001  0.000000e+000
      vertex  8.043467e+000  6.325073e+001  0.000000e+000
    endloop
  endfacet
  facet normal  0.000000e+000  -0.000000e+000 -1.000000e+000
    outer loop
      vertex  5.180340e+000  5.629271e+001  0.000000e+000
      vertex  8.043467e+000  6.325073e+001  0.000000e+000
      vertex  8.180340e+000  3.875000e+001  0.000000e+000
    endloop
  endfacet
  facet normal  -0.000000e+000  0.000000e+000 -1.000000e+000
    outer loop
      vertex  5.180340e+000  5.629271e+001  0.000000e+000
      vertex  8.180340e+000  3.875000e+001  0.000000e+000
      vertex  6.942903e+000  3.823744e+001  0.000000e+000
    endloop
  endfacet
  facet normal  -0.000000e+000  0.000000e+000 -1.000000e+000
    outer loop
      vertex  5.180340e+000  5.629271e+001  0.000000e+000
      vertex  6.942903e+000  3.823744e+001  0.000000e+000
      vertex  6.430340e+000  3.700000e+001  0.000000e+000
    endloop
  endfacet
  facet normal  -0.000000e+000  0.000000e+000 -1.000000e+000
    outer loop
      vertex  5.180340e+000  5.629271e+001  0.000000e+000
      vertex  6.430340e+000  3.700000e+001  0.000000e+000
      vertex  5.180340e+000  3.000000e+001  0.000000e+000
    endloop
  endfacet
  facet normal  0.000000e+000  -0.000000e+000 -1.000000e+000
    outer loop
      vertex -1.488001e+001  7.189347e+001  0.000000e+000
      vertex -1.364604e+001  7.622781e+001  0.000000e+000
      vertex -9.866773e+000  7.359121e+001  0.000000e+000
    endloop
  endfacet
  facet normal  0.000000e+000  0.000000e+000 -1.000000e+000
    outer loop
      vertex -9.866773e+000  7.359121e+001  0.000000e+000
      vertex -1.364604e+001  7.622781e+001  0.000000e+000
      vertex -1.118034e+001  8.000000e+001  0.000000e+000
    endloop
  endfacet
  facet normal  0.000000e+000  0.000000e+000 -9.999999e-001
    outer loop
      vertex -9.866773e+000  7.359121e+001  0.000000e+000
      vertex -1.118034e+001  8.000000e+001  0.000000e+000
      vertex -8.043467e+000  7.674927e+001  0.000000e+000
    endloop
  endfacet
  facet normal  0.000000e+000  0.000000e+000 -1.000000e+000
    outer loop
      vertex -8.043467e+000  7.674927e+001  0.000000e+000
      vertex -1.118034e+001  8.000000e+001  0.000000e+000
      vertex -7.423363e+000  8.303432e+001  0.000000e+000
    endloop
  endfacet
  facet normal  0.000000e+000  -0.000000e+000 -1.000000e+000
    outer loop
      vertex -8.043467e+000  7.674927e+001  0.000000e+000
      vertex -7.423363e+000  8.303432e+001  0.000000e+000
      vertex -5.250000e+000  7.909327e+001  0.000000e+000
    endloop
  endfacet
  facet normal  0.000000e+000  -0.000000e+000 -1.000000e+000
    outer loop
      vertex  5.250000e+000  7.909327e+001  0.000000e+000
      vertex  6.556464e+000  8.349121e+001  0.000000e+000
      vertex  8.043467e+000  7.674927e+001  0.000000e+000
    endloop
  endfacet
  facet normal  0.000000e+000  0.000000e+000 -1.000000e+000
    outer loop
      vertex  8.043467e+000  7.674927e+001  0.000000e+000
      vertex  6.556464e+000  8.349121e+001  0.000000e+000
      vertex  1.050355e+001  8.070866e+001  0.000000e+000
    endloop
  endfacet
  facet normal  0.000000e+000  0.000000e+000 -1.000000e+000
    outer loop
      vertex  8.043467e+000  7.674927e+001  0.000000e+000
      vertex  1.050355e+001  8.070866e+001  0.000000e+000
      vertex  9.866773e+000  7.359121e+001  0.000000e+000
    endloop
  endfacet
  facet normal  0.000000e+000  0.000000e+000 -1.000000e+000
    outer loop
      vertex  9.866773e+000  7.359121e+001  0.000000e+000
      vertex  1.050355e+001  8.070866e+001  0.000000e+000
      vertex  1.336190e+001  7.681613e+001  0.000000e+000
    endloop
  endfacet
  facet normal  0.000000e+000  -0.000000e+000 -1.000000e+000
    outer loop
      vertex  9.866773e+000  7.359121e+001  0.000000e+000
      vertex  1.336190e+001  7.681613e+001  0.000000e+000
      vertex  1.483525e+001  7.221708e+001  0.000000e+000
    endloop
  endfacet
  facet normal  0.000000e+000  0.000000e+000 -1.000000e+000
    outer loop
      vertex  1.929782e+000  8.487534e+001  0.000000e+000
      vertex  6.556464e+000  8.349121e+001  0.000000e+000
      vertex -2.896929e+000  8.471761e+001  0.000000e+000
    endloop
  endfacet
  facet normal  0.000000e+000  -0.000000e+000 -1.000000e+000
    outer loop
      vertex -2.896929e+000  8.471761e+001  0.000000e+000
      vertex  6.556464e+000  8.349121e+001  0.000000e+000
      vertex -7.423363e+000  8.303432e+001  0.000000e+000
    endloop
  endfacet
  facet normal  0.000000e+000  0.000000e+000 -1.000000e+000
    outer loop
      vertex  6.556464e+000  8.349121e+001  0.000000e+000
      vertex  1.823306e+000  8.034048e+001  0.000000e+000
      vertex -7.423363e+000  8.303432e+001  0.000000e+000
    endloop
  endfacet
  facet normal  0.000000e+000  0.000000e+000 -1.000000e+000
    outer loop
      vertex -7.423363e+000  8.303432e+001  0.000000e+000
      vertex  1.823306e+000  8.034048e+001  0.000000e+000
      vertex -1.823306e+000  8.034048e+001  0.000000e+000
    endloop
  endfacet
  facet normal  0.000000e+000 -1.000000e+000  -0.000000e+000
    outer loop
      vertex  4.000000e+000  0.000000e+000  1.000000e+000
      vertex  4.000000e+000  0.000000e+000  9.000000e+000
      vertex -4.000000e+000  0.000000e+000  1.000000e+000
    endloop
  endfacet
  facet normal  0.000000e+000 -1.000000e+000  0.000000e+000
    outer loop
      vertex -4.000000e+000  0.000000e+000  1.000000e+000
      vertex  4.000000e+000  0.000000e+000  9.000000e+000
      vertex -4.000000e+000  0.000000e+000  9.000000e+000
    endloop
  endfacet
  facet normal -1.000000e+000  -0.000000e+000  0.000000e+000
    outer loop
      vertex  4.000000e+000  3.000000e+001  9.000000e+000
      vertex  4.000000e+000  5.000000e+001  9.000000e+000
      vertex  4.000000e+000  3.000000e+001  1.000000e+000
    endloop
  endfacet
  facet normal -1.000000e+000  0.000000e+000  0.000000e+000
    outer loop
      vertex  4.000000e+000  3.000000e+001  1.000000e+000
      vertex  4.000000e+000  5.000000e+001  9.000000e+000
      vertex  4.000000e+000  5.000000e+001  1.000000e+000
    endloop
  endfacet
  facet normal  0.000000e+000 -1.000000e+000  -0.000000e+000
    outer loop
      vertex  4.000000e+000  5.000000e+001  1.000000e+000
      vertex  4.000000e+000  5.000000e+001  9.000000e+000
      vertex -4.000000e+000  5.000000e+001  1.000000e+000
    endloop
  endfacet
  facet normal  0.000000e+000 -1.000000e+000  0.000000e+000
    outer loop
      vertex -4.000000e+000  5.000000e+001  1.000000e+000
      vertex  4.000000e+000  5.000000e+001  9.000000e+000
      vertex -4.000000e+000  5.000000e+001  9.000000e+000
    endloop
  endfacet
  facet normal  1.000000e+000  -0.000000e+000  0.000000e+000
    outer loop
      vertex -4.000000e+000  5.000000e+001  9.000000e+000
      vertex -4.000000e+000  3.000000e+001  9.000000e+000
      vertex -4.000000e+000  5.000000e+001  1.000000e+000
    endloop
  endfacet
  facet normal  1.000000e+000  0.000000e+000  0.000000e+000
    outer loop
      vertex -4.000000e+000  5.000000e+001  1.000000e+000
      vertex -4.000000e+000  3.000000e+001  9.000000e+000
      vertex -4.000000e+000  3.000000e+001  1.000000e+000
    endloop
  endfacet
  facet normal  0.000000e+000  1.000000e+000  0.000000e+000
    outer loop
      vertex -4.000000e+000  3.000000e+001  1.000000e+000
      vertex -4.000000e+000  3.000000e+001  9.000000e+000
      vertex  0.000000e+000  3.000000e+001  1.000000e+000
    endloop
  endfacet
  facet normal  0.000000e+000  1.000000e+000  -0.000000e+000
    outer loop
      vertex  0.000000e+000  3.000000e+001  1.000000e+000
      vertex -4.000000e+000  3.000000e+001  9.000000e+000
      vertex  0.000000e+000  3.000000e+001  9.000000e+000
    endloop
  endfacet
  facet normal  0.000000e+000  1.000000e+000  0.000000e+000
    outer loop
      vertex  0.000000e+000  3.000000e+001  1.000000e+000
      vertex  0.000000e+000  3.000000e+001  9.000000e+000
      vertex  4.000000e+000  3.000000e+001  1.000000e+000
    endloop
  endfacet
  facet normal  0.000000e+000  1.000000e+000  -0.000000e+000
    outer loop
      vertex  4.000000e+000  3.000000e+001  1.000000e+000
      vertex  0.000000e+000  3.000000e+001  9.000000e+000
      vertex  4.000000e+000  3.000000e+001  9.000000e+000
    endloop
  endfacet
  facet normal  0.000000e+000 -1.000000e+000  0.000000e+000
    outer loop
      vertex  5.180340e+000  5.629271e+001  1.000000e+000
      vertex -5.180340e+000  5.629271e+001  1.000000e+000
      vertex  5.180340e+000  5.629271e+001  0.000000e+000
    endloop
  endfacet
  facet normal  0.000000e+000 -1.000000e+000  0.000000e+000
    outer loop
      vertex  5.180340e+000  5.629271e+001  0.000000e+000
      vertex -5.180340e+000  5.629271e+001  1.000000e+000
      vertex -5.180340e+000  5.629271e+001  0.000000e+000
    endloop
  endfacet
  facet normal -3.826826e-001 -9.238799e-001  0.000000e+000
    outer loop
      vertex -8.180340e+000  3.875000e+001  9.000000e+000
      vertex -6.942903e+000  3.823744e+001  0.000000e+000
      vertex -6.942903e+000  3.823744e+001  9.000000e+000
    endloop
  endfacet
  facet normal -9.238796e-001 -3.826831e-001  -0.000000e+000
    outer loop
      vertex -6.942903e+000  3.823744e+001  9.000000e+000
      vertex -6.942903e+000  3.823744e+001  0.000000e+000
      vertex -6.430340e+000  3.700000e+001  0.000000e+000
    endloop
  endfacet
  facet normal -9.238796e-001 -3.826831e-001  0.000000e+000
    outer loop
      vertex -6.942903e+000  3.823744e+001  9.000000e+000
      vertex -6.430340e+000  3.700000e+001  0.000000e+000
      vertex -6.430340e+000  3.700000e+001  9.000000e+000
    endloop
  endfacet
  facet normal -3.826826e-001 -9.238799e-001  -0.000000e+000
    outer loop
      vertex -6.942903e+000  3.823744e+001  0.000000e+000
      vertex -8.180340e+000  3.875000e+001  9.000000e+000
      vertex -8.180340e+000  3.875000e+001  0.000000e+000
    endloop
  endfacet
  facet normal  3.826825e-001 -9.238799e-001  0.000000e+000
    outer loop
      vertex -8.180340e+000  3.875000e+001  0.000000e+000
      vertex -8.180340e+000  3.875000e+001  9.000000e+000
      vertex -9.417777e+000  3.823744e+001  9.000000e+000
    endloop
  endfacet
  facet normal  3.826825e-001 -9.238799e-001  0.000000e+000
    outer loop
      vertex -8.180340e+000  3.875000e+001  0.000000e+000
      vertex -9.417777e+000  3.823744e+001  9.000000e+000
      vertex -9.417777e+000  3.823744e+001  0.000000e+000
    endloop
  endfacet
  facet normal  9.238798e-001 -3.826829e-001  0.000000e+000
    outer loop
      vertex -9.417777e+000  3.823744e+001  0.000000e+000
      vertex -9.417777e+000  3.823744e+001  9.000000e+000
      vertex -9.930340e+000  3.700000e+001  9.000000e+000
    endloop
  endfacet
  facet normal  9.238798e-001 -3.826829e-001  0.000000e+000
    outer loop
      vertex -9.417777e+000  3.823744e+001  0.000000e+000
      vertex -9.930340e+000  3.700000e+001  9.000000e+000
      vertex -9.930340e+000  3.700000e+001  0.000000e+000
    endloop
  endfacet
  facet normal  3.826825e-001  9.238799e-001  -0.000000e+000
    outer loop
      vertex -8.180340e+000  3.525000e+001  9.000000e+000
      vertex -9.417777e+000  3.576256e+001  0.000000e+000
      vertex -9.417777e+000  3.576256e+001  9.000000e+000
    endloop
  endfacet
  facet normal  9.238798e-001  3.826829e-001  0.000000e+000
    outer loop
      vertex -9.417777e+000  3.576256e+001  9.000000e+000
      vertex -9.417777e+000  3.576256e+001  0.000000e+000
      vertex -9.930340e+000  3.700000e+001  0.000000e+000
    endloop
  endfacet
  facet normal  9.238798e-001  3.826829e-001  -0.000000e+000
    outer loop
      vertex -9.417777e+000  3.576256e+001  9.000000e+000
      vertex -9.930340e+000  3.700000e+001  0.000000e+000
      vertex -9.930340e+000  3.700000e+001  9.000000e+000
    endloop
  endfacet
  facet normal  3.826825e-001  9.238799e-001  0.000000e+000
    outer loop
      vertex -9.417777e+000  3.576256e+001  0.000000e+000
      vertex -8.180340e+000  3.525000e+001  9.000000e+000
      vertex -8.180340e+000  3.525000e+001  0.000000e+000
    endloop
  endfacet
  facet normal -3.826826e-001  9.238799e-001  0.000000e+000
    outer loop
      vertex -8.180340e+000  3.525000e+001  0.000000e+000
      vertex -8.180340e+000  3.525000e+001  9.000000e+000
      vertex -6.942903e+000  3.576256e+001  9.000000e+000
    endloop
  endfacet
  facet normal -3.826826e-001  9.238799e-001  0.000000e+000
    outer loop
      vertex -8.180340e+000  3.525000e+001  0.000000e+000
      vertex -6.942903e+000  3.576256e+001  9.000000e+000
      vertex -6.942903e+000  3.576256e+001  0.000000e+000
    endloop
  endfacet
  facet normal -9.238796e-001  3.826831e-001  0.000000e+000
    outer loop
      vertex -6.942903e+000  3.576256e+001  0.000000e+000
      vertex -6.942903e+000  3.576256e+001  9.000000e+000
      vertex -6.430340e+000  3.700000e+001  9.000000e+000
    endloop
  endfacet
  facet normal -9.238796e-001  3.826831e-001  0.000000e+000
    outer loop
      vertex -6.942903e+000  3.576256e+001  0.000000e+000
      vertex -6.430340e+000  3.700000e+001  9.000000e+000
      vertex -6.430340e+000  3.700000e+001  0.000000e+000
    endloop
  endfacet
  facet normal  3.826826e-001  9.238799e-001  -0.000000e+000
    outer loop
      vertex  8.180340e+000  3.525000e+001  9.000000e+000
      vertex  6.942903e+000  3.576256e+001  0.000000e+000
      vertex  6.942903e+000  3.576256e+001  9.000000e+000
    endloop
  endfacet
  facet normal  9.238796e-001  3.826831e-001  0.000000e+000
    outer loop
      vertex  6.942903e+000  3.576256e+001  9.000000e+000
      vertex  6.942903e+000  3.576256e+001  0.000000e+000
      vertex  6.430340e+000  3.700000e+001  0.000000e+000
    endloop
  endfacet
  facet normal  9.238796e-001  3.826831e-001  -0.000000e+000
    outer loop
      vertex  6.942903e+000  3.576256e+001  9.000000e+000
      vertex  6.430340e+000  3.700000e+001  0.000000e+000
      vertex  6.430340e+000  3.700000e+001  9.000000e+000
    endloop
  endfacet
  facet normal  3.826826e-001  9.238799e-001  0.000000e+000
    outer loop
      vertex  6.942903e+000  3.576256e+001  0.000000e+000
      vertex  8.180340e+000  3.525000e+001  9.000000e+000
      vertex  8.180340e+000  3.525000e+001  0.000000e+000
    endloop
  endfacet
  facet normal -3.826825e-001  9.238799e-001  0.000000e+000
    outer loop
      vertex  8.180340e+000  3.525000e+001  0.000000e+000
      vertex  8.180340e+000  3.525000e+001  9.000000e+000
      vertex  9.417777e+000  3.576256e+001  9.000000e+000
    endloop
  endfacet
  facet normal -3.826825e-001  9.238799e-001  0.000000e+000
    outer loop
      vertex  8.180340e+000  3.525000e+001  0.000000e+000
      vertex  9.417777e+000  3.576256e+001  9.000000e+000
      vertex  9.417777e+000  3.576256e+001  0.000000e+000
    endloop
  endfacet
  facet normal -9.238798e-001  3.826829e-001  0.000000e+000
    outer loop
      vertex  9.417777e+000  3.576256e+001  0.000000e+000
      vertex  9.417777e+000  3.576256e+001  9.000000e+000
      vertex  9.930340e+000  3.700000e+001  9.000000e+000
    endloop
  endfacet
  facet normal -9.238798e-001  3.826829e-001  0.000000e+000
    outer loop
      vertex  9.417777e+000  3.576256e+001  0.000000e+000
      vertex  9.930340e+000  3.700000e+001  9.000000e+000
      vertex  9.930340e+000  3.700000e+001  0.000000e+000
    endloop
  endfacet
  facet normal -3.826825e-001 -9.238799e-001  0.000000e+000
    outer loop
      vertex  8.180340e+000  3.875000e+001  9.000000e+000
      vertex  9.417777e+000  3.823744e+001  0.000000e+000
      vertex  9.417777e+000  3.823744e+001  9.000000e+000
    endloop
  endfacet
  facet normal -9.238798e-001 -3.826829e-001  -0.000000e+000
    outer loop
      vertex  9.417777e+000  3.823744e+001  9.000000e+000
      vertex  9.417777e+000  3.823744e+001  0.000000e+000
      vertex  9.930340e+000  3.700000e+001  0.000000e+000
    endloop
  endfacet
  facet normal -9.238798e-001 -3.826829e-001  0.000000e+000
    outer loop
      vertex  9.417777e+000  3.823744e+001  9.000000e+000
      vertex  9.930340e+000  3.700000e+001  0.000000e+000
      vertex  9.930340e+000  3.700000e+001  9.000000e+000
    endloop
  endfacet
  facet normal -3.826825e-001 -9.238799e-001  -0.000000e+000
    outer loop
      vertex  9.417777e+000  3.823744e+001  0.000000e+000
      vertex  8.180340e+000  3.875000e+001  9.000000e+000
      vertex  8.180340e+000  3.875000e+001  0.000000e+000
    endloop
  endfacet
  facet normal  3.826826e-001 -9.238799e-001  0.000000e+000
    outer loop
      vertex  8.180340e+000  3.875000e+001  0.000000e+000
      vertex  8.180340e+000  3.875000e+001  9.000000e+000
      vertex  6.942903e+000  3.823744e+001  9.000000e+000
    endloop
  endfacet
  facet normal  3.826826e-001 -9.238799e-001  0.000000e+000
    outer loop
      vertex  8.180340e+000  3.875000e+001  0.000000e+000
      vertex  6.942903e+000  3.823744e+001  9.000000e+000
      vertex  6.942903e+000  3.823744e+001  0.000000e+000
    endloop
  endfacet
  facet normal  9.238796e-001 -3.826831e-001  0.000000e+000
    outer loop
      vertex  6.942903e+000  3.823744e+001  0.000000e+000
      vertex  6.942903e+000  3.823744e+001  9.000000e+000
      vertex  6.430340e+000  3.700000e+001  9.000000e+000
    endloop
  endfacet
  facet normal  9.238796e-001 -3.826831e-001  0.000000e+000
    outer loop
      vertex  6.942903e+000  3.823744e+001  0.000000e+000
      vertex  6.430340e+000  3.700000e+001  9.000000e+000
      vertex  6.430340e+000  3.700000e+001  0.000000e+000
    endloop
  endfacet
  facet normal  0.000000e+000  0.000000e+000 -9.999999e-001
    outer loop
      vertex  1.700000e+000  7.700000e+001  3.400000e+000
      vertex  1.202082e+000  7.820208e+001  3.400000e+000
      vertex  5.250000e+000  7.909327e+001  3.400000e+000
    endloop
  endfacet
  facet normal  0.000000e+000  0.000000e+000 -1.000000e+000
    outer loop
      vertex  1.700000e+000  6.300000e+001  3.400000e+000
      vertex  5.250000e+000  6.090673e+001  3.400000e+000
      vertex  1.202082e+000  6.179792e+001  3.400000e+000
    endloop
  endfacet
  facet normal  0.000000e+000  0.000000e+000 -1.000000e+000
    outer loop
      vertex  5.250000e+000  6.090673e+001  3.400000e+000
      vertex  3.261361e-016  6.130000e+001  3.400000e+000
      vertex  1.202082e+000  6.179792e+001  3.400000e+000
    endloop
  endfacet
  facet normal  0.000000e+000  0.000000e+000 -1.000000e+000
    outer loop
      vertex -6.453415e-016  7.870000e+001  3.400000e+000
      vertex -5.250000e+000  7.909327e+001  3.400000e+000
      vertex -1.823306e+000  8.034048e+001  3.400000e+000
    endloop
  endfacet
  facet normal  -0.000000e+000  0.000000e+000 -1.000000e+000
    outer loop
      vertex -1.081560e+000  6.667130e+001  3.400000e+000
      vertex  1.081560e+000  6.667130e+001  3.400000e+000
      vertex -6.453415e-016  6.470000e+001  3.400000e+000
    endloop
  endfacet
  facet normal  0.000000e+000  0.000000e+000 -1.000000e+000
    outer loop
      vertex -2.831559e+000  7.205725e+001  3.400000e+000
      vertex -7.000000e+000  7.170000e+001  3.400000e+000
      vertex -5.250000e+000  7.909327e+001  3.400000e+000
    endloop
  endfacet
  facet normal  -0.000000e+000  0.000000e+000 -9.999999e-001
    outer loop
      vertex -5.250000e+000  7.909327e+001  3.400000e+000
      vertex -6.453415e-016  7.870000e+001  3.400000e+000
      vertex -1.202082e+000  7.820208e+001  3.400000e+000
    endloop
  endfacet
  facet normal  -0.000000e+000  0.000000e+000 -1.000000e+000
    outer loop
      vertex  3.261361e-016  6.130000e+001  3.400000e+000
      vertex  5.250000e+000  6.090673e+001  3.400000e+000
      vertex  1.823306e+000  5.965952e+001  3.400000e+000
    endloop
  endfacet
  facet normal  0.000000e+000  -0.000000e+000 -1.000000e+000
    outer loop
      vertex -9.866773e+000  7.359121e+001  3.400000e+000
      vertex -8.043467e+000  7.674927e+001  3.400000e+000
      vertex -5.250000e+000  7.909327e+001  3.400000e+000
    endloop
  endfacet
  facet normal  0.000000e+000  0.000000e+000 -1.000000e+000
    outer loop
      vertex -9.866773e+000  7.359121e+001  3.400000e+000
      vertex -5.250000e+000  7.909327e+001  3.400000e+000
      vertex -7.000000e+000  7.170000e+001  3.400000e+000
    endloop
  endfacet
  facet normal  -0.000000e+000  0.000000e+000 -1.000000e+000
    outer loop
      vertex -9.866773e+000  7.359121e+001  3.400000e+000
      vertex -7.000000e+000  7.170000e+001  3.400000e+000
      vertex -8.202082e+000  7.120208e+001  3.400000e+000
    endloop
  endfacet
  facet normal  -0.000000e+000  0.000000e+000 -1.000000e+000
    outer loop
      vertex -9.866773e+000  7.359121e+001  3.400000e+000
      vertex -8.202082e+000  7.120208e+001  3.400000e+000
      vertex -8.700000e+000  7.000000e+001  3.400000e+000
    endloop
  endfacet
  facet normal  0.000000e+000  0.000000e+000 -9.999999e-001
    outer loop
      vertex -9.866773e+000  7.359121e+001  3.400000e+000
      vertex -8.700000e+000  7.000000e+001  3.400000e+000
      vertex -1.050000e+001  7.000000e+001  3.400000e+000
    endloop
  endfacet
  facet normal  0.000000e+000  -0.000000e+000 -1.000000e+000
    outer loop
      vertex -7.000000e+000  6.830000e+001  3.400000e+000
      vertex -5.797918e+000  6.879792e+001  3.400000e+000
      vertex -2.831559e+000  6.794275e+001  3.400000e+000
    endloop
  endfacet
  facet normal  -0.000000e+000  -0.000000e+000 -1.000000e+000
    outer loop
      vertex -7.000000e+000  6.830000e+001  3.400000e+000
      vertex -2.831559e+000  6.794275e+001  3.400000e+000
      vertex -1.081560e+000  6.667130e+001  3.400000e+000
    endloop
  endfacet
  facet normal  -0.000000e+000  -0.000000e+000 -1.000000e+000
    outer loop
      vertex -7.000000e+000  6.830000e+001  3.400000e+000
      vertex -1.081560e+000  6.667130e+001  3.400000e+000
      vertex -6.453415e-016  6.470000e+001  3.400000e+000
    endloop
  endfacet
  facet normal  -0.000000e+000  0.000000e+000 -1.000000e+000
    outer loop
      vertex -7.000000e+000  6.830000e+001  3.400000e+000
      vertex -6.453415e-016  6.470000e+001  3.400000e+000
      vertex -1.202082e+000  6.420208e+001  3.400000e+000
    endloop
  endfacet
  facet normal  -0.000000e+000  0.000000e+000 -1.000000e+000
    outer loop
      vertex -7.000000e+000  6.830000e+001  3.400000e+000
      vertex -1.202082e+000  6.420208e+001  3.400000e+000
      vertex -1.700000e+000  6.300000e+001  3.400000e+000
    endloop
  endfacet
  facet normal  -0.000000e+000  -0.000000e+000 -9.999999e-001
    outer loop
      vertex -7.000000e+000  6.830000e+001  3.400000e+000
      vertex -1.700000e+000  6.300000e+001  3.400000e+000
      vertex -1.202082e+000  6.179792e+001  3.400000e+000
    endloop
  endfacet
  facet normal  -0.000000e+000  0.000000e+000 -1.000000e+000
    outer loop
      vertex -7.000000e+000  6.830000e+001  3.400000e+000
      vertex -1.202082e+000  6.179792e+001  3.400000e+000
      vertex -5.250000e+000  6.090673e+001  3.400000e+000
    endloop
  endfacet
  facet normal  0.000000e+000  0.000000e+000 -1.000000e+000
    outer loop
      vertex -7.000000e+000  6.830000e+001  3.400000e+000
      vertex -5.250000e+000  6.090673e+001  3.400000e+000
      vertex -8.043467e+000  6.325073e+001  3.400000e+000
    endloop
  endfacet
  facet normal  0.000000e+000  0.000000e+000 -1.000000e+000
    outer loop
      vertex -7.000000e+000  6.830000e+001  3.400000e+000
      vertex -8.043467e+000  6.325073e+001  3.400000e+000
      vertex -9.866773e+000  6.640879e+001  3.400000e+000
    endloop
  endfacet
  facet normal  0.000000e+000  0.000000e+000 -1.000000e+000
    outer loop
      vertex -7.000000e+000  6.830000e+001  3.400000e+000
      vertex -9.866773e+000  6.640879e+001  3.400000e+000
      vertex -8.202082e+000  6.879792e+001  3.400000e+000
    endloop
  endfacet
  facet normal  0.000000e+000  -0.000000e+000 -1.000000e+000
    outer loop
      vertex  7.000000e+000  6.830000e+001  3.400000e+000
      vertex  8.202082e+000  6.879792e+001  3.400000e+000
      vertex  9.866773e+000  6.640879e+001  3.400000e+000
    endloop
  endfacet
  facet normal  -0.000000e+000  0.000000e+000 -1.000000e+000
    outer loop
      vertex  7.000000e+000  6.830000e+001  3.400000e+000
      vertex  9.866773e+000  6.640879e+001  3.400000e+000
      vertex  8.043467e+000  6.325073e+001  3.400000e+000
    endloop
  endfacet
  facet normal  -0.000000e+000  0.000000e+000 -1.000000e+000
    outer loop
      vertex  7.000000e+000  6.830000e+001  3.400000e+000
      vertex  8.043467e+000  6.325073e+001  3.400000e+000
      vertex  5.250000e+000  6.090673e+001  3.400000e+000
    endloop
  endfacet
  facet normal  0.000000e+000  0.000000e+000 -1.000000e+000
    outer loop
      vertex  7.000000e+000  6.830000e+001  3.400000e+000
      vertex  5.250000e+000  6.090673e+001  3.400000e+000
      vertex  1.700000e+000  6.300000e+001  3.400000e+000
    endloop
  endfacet
  facet normal  0.000000e+000  0.000000e+000 -1.000000e+000
    outer loop
      vertex  7.000000e+000  6.830000e+001  3.400000e+000
      vertex  1.700000e+000  6.300000e+001  3.400000e+000
      vertex  1.202082e+000  6.420208e+001  3.400000e+000
    endloop
  endfacet
  facet normal  0.000000e+000  0.000000e+000 -1.000000e+000
    outer loop
      vertex  7.000000e+000  6.830000e+001  3.400000e+000
      vertex  1.202082e+000  6.420208e+001  3.400000e+000
      vertex -6.453415e-016  6.470000e+001  3.400000e+000
    endloop
  endfacet
  facet normal  0.000000e+000  0.000000e+000 -1.000000e+000
    outer loop
      vertex  7.000000e+000  6.830000e+001  3.400000e+000
      vertex -6.453415e-016  6.470000e+001  3.400000e+000
      vertex  1.081560e+000  6.667130e+001  3.400000e+000
    endloop
  endfacet
  facet normal  0.000000e+000  0.000000e+000 -1.000000e+000
    outer loop
      vertex  7.000000e+000  6.830000e+001  3.400000e+000
      vertex  1.081560e+000  6.667130e+001  3.400000e+000
      vertex  2.831559e+000  6.794275e+001  3.400000e+000
    endloop
  endfacet
  facet normal  0.000000e+000  0.000000e+000 -1.000000e+000
    outer loop
      vertex  7.000000e+000  6.830000e+001  3.400000e+000
      vertex  2.831559e+000  6.794275e+001  3.400000e+000
      vertex  5.797918e+000  6.879792e+001  3.400000e+000
    endloop
  endfacet
  facet normal  -0.000000e+000  0.000000e+000 -1.000000e+000
    outer loop
      vertex  2.831559e+000  7.205725e+001  3.400000e+000
      vertex  7.000000e+000  7.170000e+001  3.400000e+000
      vertex  5.797918e+000  7.120208e+001  3.400000e+000
    endloop
  endfacet
  facet normal  -0.000000e+000  0.000000e+000 -1.000000e+000
    outer loop
      vertex  2.831559e+000  7.205725e+001  3.400000e+000
      vertex  5.797918e+000  7.120208e+001  3.400000e+000
      vertex  5.300000e+000  7.000000e+001  3.400000e+000
    endloop
  endfacet
  facet normal  0.000000e+000  0.000000e+000 -1.000000e+000
    outer loop
      vertex  2.831559e+000  7.205725e+001  3.400000e+000
      vertex  5.300000e+000  7.000000e+001  3.400000e+000
      vertex  3.500000e+000  7.000000e+001  3.400000e+000
    endloop
  endfacet
  facet normal  0.000000e+000  0.000000e+000 -1.000000e+000
    outer loop
      vertex  8.043467e+000  7.674927e+001  3.400000e+000
      vertex  9.866773e+000  7.359121e+001  3.400000e+000
      vertex  5.250000e+000  7.909327e+001  3.400000e+000
    endloop
  endfacet
  facet normal  0.000000e+000  0.000000e+000 -1.000000e+000
    outer loop
      vertex  5.250000e+000  7.909327e+001  3.400000e+000
      vertex  9.866773e+000  7.359121e+001  3.400000e+000
      vertex  7.000000e+000  7.170000e+001  3.400000e+000
    endloop
  endfacet
  facet normal  0.000000e+000  0.000000e+000 -1.000000e+000
    outer loop
      vertex  5.250000e+000  7.909327e+001  3.400000e+000
      vertex  7.000000e+000  7.170000e+001  3.400000e+000
      vertex  1.700000e+000  7.700000e+001  3.400000e+000
    endloop
  endfacet
  facet normal  0.000000e+000  0.000000e+000 -1.000000e+000
    outer loop
      vertex  1.700000e+000  7.700000e+001  3.400000e+000
      vertex  7.000000e+000  7.170000e+001  3.400000e+000
      vertex  2.831559e+000  7.205725e+001  3.400000e+000
    endloop
  endfacet
  facet normal  0.000000e+000  0.000000e+000 -1.000000e+000
    outer loop
      vertex  1.700000e+000  7.700000e+001  3.400000e+000
      vertex  2.831559e+000  7.205725e+001  3.400000e+000
      vertex  1.202082e+000  7.579792e+001  3.400000e+000
    endloop
  endfacet
  facet normal  0.000000e+000  -0.000000e+000 -1.000000e+000
    outer loop
      vertex  1.202082e+000  7.579792e+001  3.400000e+000
      vertex  2.831559e+000  7.205725e+001  3.400000e+000
      vertex  1.081560e+000  7.332870e+001  3.400000e+000
    endloop
  endfacet
  facet normal  0.000000e+000  0.000000e+000 -1.000000e+000
    outer loop
      vertex  1.202082e+000  7.579792e+001  3.400000e+000
      vertex  1.081560e+000  7.332870e+001  3.400000e+000
      vertex  3.261361e-016  7.530000e+001  3.400000e+000
    endloop
  endfacet
  facet normal  0.000000e+000  -0.000000e+000 -1.000000e+000
    outer loop
      vertex  3.261361e-016  7.530000e+001  3.400000e+000
      vertex  1.081560e+000  7.332870e+001  3.400000e+000
      vertex -1.081560e+000  7.332870e+001  3.400000e+000
    endloop
  endfacet
  facet normal  -0.000000e+000  0.000000e+000 -9.999999e-001
    outer loop
      vertex -1.823306e+000  8.034048e+001  3.400000e+000
      vertex  1.823306e+000  8.034048e+001  3.400000e+000
      vertex -6.453415e-016  7.870000e+001  3.400000e+000
    endloop
  endfacet
  facet normal  0.000000e+000  0.000000e+000 -1.000000e+000
    outer loop
      vertex -6.453415e-016  7.870000e+001  3.400000e+000
      vertex  1.823306e+000  8.034048e+001  3.400000e+000
      vertex  5.250000e+000  7.909327e+001  3.400000e+000
    endloop
  endfacet
  facet normal  0.000000e+000  0.000000e+000 -1.000000e+000
    outer loop
      vertex -6.453415e-016  7.870000e+001  3.400000e+000
      vertex  5.250000e+000  7.909327e+001  3.400000e+000
      vertex  1.202082e+000  7.820208e+001  3.400000e+000
    endloop
  endfacet
  facet normal  0.000000e+000  0.000000e+000 -1.000000e+000
    outer loop
      vertex  1.823306e+000  5.965952e+001  3.400000e+000
      vertex -1.823306e+000  5.965952e+001  3.400000e+000
      vertex  3.261361e-016  6.130000e+001  3.400000e+000
    endloop
  endfacet
  facet normal  0.000000e+000  0.000000e+000 -1.000000e+000
    outer loop
      vertex  3.261361e-016  6.130000e+001  3.400000e+000
      vertex -1.823306e+000  5.965952e+001  3.400000e+000
      vertex -5.250000e+000  6.090673e+001  3.400000e+000
    endloop
  endfacet
  facet normal  0.000000e+000  0.000000e+000 -1.000000e+000
    outer loop
      vertex  3.261361e-016  6.130000e+001  3.400000e+000
      vertex -5.250000e+000  6.090673e+001  3.400000e+000
      vertex -1.202082e+000  6.179792e+001  3.400000e+000
    endloop
  endfacet
  facet normal  0.000000e+000  0.000000e+000 -1.000000e+000
    outer loop
      vertex  3.261361e-016  7.530000e+001  3.400000e+000
      vertex -1.081560e+000  7.332870e+001  3.400000e+000
      vertex -1.202082e+000  7.579792e+001  3.400000e+000
    endloop
  endfacet
  facet normal  0.000000e+000  -0.000000e+000 -1.000000e+000
    outer loop
      vertex -1.202082e+000  7.579792e+001  3.400000e+000
      vertex -1.081560e+000  7.332870e+001  3.400000e+000
      vertex -2.831559e+000  7.205725e+001  3.400000e+000
    endloop
  endfacet
  facet normal  0.000000e+000  0.000000e+000 -1.000000e+000
    outer loop
      vertex -1.202082e+000  7.579792e+001  3.400000e+000
      vertex -2.831559e+000  7.205725e+001  3.400000e+000
      vertex -1.700000e+000  7.700000e+001  3.400000e+000
    endloop
  endfacet
  facet normal  -0.000000e+000  0.000000e+000 -1.000000e+000
    outer loop
      vertex -1.700000e+000  7.700000e+001  3.400000e+000
      vertex -2.831559e+000  7.205725e+001  3.400000e+000
      vertex -5.250000e+000  7.909327e+001  3.400000e+000
    endloop
  endfacet
  facet normal  0.000000e+000  0.000000e+000 -9.999999e-001
    outer loop
      vertex -1.700000e+000  7.700000e+001  3.400000e+000
      vertex -5.250000e+000  7.909327e+001  3.400000e+000
      vertex -1.202082e+000  7.820208e+001  3.400000e+000
    endloop
  endfacet
  facet normal  0.000000e+000  0.000000e+000 -1.000000e+000
    outer loop
      vertex -8.700000e+000  7.000000e+001  3.400000e+000
      vertex -8.202082e+000  6.879792e+001  3.400000e+000
      vertex -1.050000e+001  7.000000e+001  3.400000e+000
    endloop
  endfacet
  facet normal  0.000000e+000  0.000000e+000 -1.000000e+000
    outer loop
      vertex -1.050000e+001  7.000000e+001  3.400000e+000
      vertex -8.202082e+000  6.879792e+001  3.400000e+000
      vertex -9.866773e+000  6.640879e+001  3.400000e+000
    endloop
  endfacet
  facet normal  0.000000e+000  0.000000e+000 -9.999999e-001
    outer loop
      vertex -2.831559e+000  6.794275e+001  3.400000e+000
      vertex -5.797918e+000  6.879792e+001  3.400000e+000
      vertex -3.500000e+000  7.000000e+001  3.400000e+000
    endloop
  endfacet
  facet normal  -0.000000e+000  0.000000e+000 -1.000000e+000
    outer loop
      vertex -3.500000e+000  7.000000e+001  3.400000e+000
      vertex -5.797918e+000  6.879792e+001  3.400000e+000
      vertex -5.300000e+000  7.000000e+001  3.400000e+000
    endloop
  endfacet
  facet normal  0.000000e+000  0.000000e+000 -1.000000e+000
    outer loop
      vertex -3.500000e+000  7.000000e+001  3.400000e+000
      vertex -5.300000e+000  7.000000e+001  3.400000e+000
      vertex -2.831559e+000  7.205725e+001  3.400000e+000
    endloop
  endfacet
  facet normal  0.000000e+000  0.000000e+000 -1.000000e+000
    outer loop
      vertex -2.831559e+000  7.205725e+001  3.400000e+000
      vertex -5.300000e+000  7.000000e+001  3.400000e+000
      vertex -5.797918e+000  7.120208e+001  3.400000e+000
    endloop
  endfacet
  facet normal  0.000000e+000  0.000000e+000 -1.000000e+000
    outer loop
      vertex -2.831559e+000  7.205725e+001  3.400000e+000
      vertex -5.797918e+000  7.120208e+001  3.400000e+000
      vertex -7.000000e+000  7.170000e+001  3.400000e+000
    endloop
  endfacet
  facet normal  0.000000e+000  0.000000e+000 -1.000000e+000
    outer loop
      vertex  5.300000e+000  7.000000e+001  3.400000e+000
      vertex  5.797918e+000  6.879792e+001  3.400000e+000
      vertex  3.500000e+000  7.000000e+001  3.400000e+000
    endloop
  endfacet
  facet normal  0.000000e+000  -0.000000e+000 -9.999999e-001
    outer loop
      vertex  3.500000e+000  7.000000e+001  3.400000e+000
      vertex  5.797918e+000  6.879792e+001  3.400000e+000
      vertex  2.831559e+000  6.794275e+001  3.400000e+000
    endloop
  endfacet
  facet normal  0.000000e+000  0.000000e+000 -1.000000e+000
    outer loop
      vertex  9.866773e+000  6.640879e+001  3.400000e+000
      vertex  8.202082e+000  6.879792e+001  3.400000e+000
      vertex  1.050000e+001  7.000000e+001  3.400000e+000
    endloop
  endfacet
  facet normal  -0.000000e+000  0.000000e+000 -1.000000e+000
    outer loop
      vertex  1.050000e+001  7.000000e+001  3.400000e+000
      vertex  8.202082e+000  6.879792e+001  3.400000e+000
      vertex  8.700000e+000  7.000000e+001  3.400000e+000
    endloop
  endfacet
  facet normal  0.000000e+000  0.000000e+000 -9.999999e-001
    outer loop
      vertex  1.050000e+001  7.000000e+001  3.400000e+000
      vertex  8.700000e+000  7.000000e+001  3.400000e+000
      vertex  9.866773e+000  7.359121e+001  3.400000e+000
    endloop
  endfacet
  facet normal  0.000000e+000  0.000000e+000 -1.000000e+000
    outer loop
      vertex  9.866773e+000  7.359121e+001  3.400000e+000
      vertex  8.700000e+000  7.000000e+001  3.400000e+000
      vertex  8.202082e+000  7.120208e+001  3.400000e+000
    endloop
  endfacet
  facet normal  0.000000e+000  0.000000e+000 -1.000000e+000
    outer loop
      vertex  9.866773e+000  7.359121e+001  3.400000e+000
      vertex  8.202082e+000  7.120208e+001  3.400000e+000
      vertex  7.000000e+000  7.170000e+001  3.400000e+000
    endloop
  endfacet
  facet normal  -0.000000e+000  0.000000e+000  1.000000e+000
    outer loop
      vertex  1.700000e+000  6.300000e+001  6.400000e+000
      vertex  1.202082e+000  6.179792e+001  6.400000e+000
      vertex  5.250000e+000  6.090673e+001  6.400000e+000
    endloop
  endfacet
  facet normal  0.000000e+000  0.000000e+000  9.999999e-001
    outer loop
      vertex  1.700000e+000  7.700000e+001  6.400000e+000
      vertex  5.250000e+000  7.909327e+001  6.400000e+000
      vertex  1.202082e+000  7.820208e+001  6.400000e+000
    endloop
  endfacet
  facet normal  -0.000000e+000  0.000000e+000  9.999999e-001
    outer loop
      vertex  5.250000e+000  7.909327e+001  6.400000e+000
      vertex  1.040915e-016  7.870000e+001  6.400000e+000
      vertex  1.202082e+000  7.820208e+001  6.400000e+000
    endloop
  endfacet
  facet normal  -0.000000e+000  0.000000e+000  1.000000e+000
    outer loop
      vertex -3.122746e-016  6.130000e+001  6.400000e+000
      vertex -5.250000e+000  6.090673e+001  6.400000e+000
      vertex -1.823306e+000  5.965952e+001  6.400000e+000
    endloop
  endfacet
  facet normal  0.000000e+000  0.000000e+000  1.000000e+000
    outer loop
      vertex -1.081560e+000  7.332870e+001  6.400000e+000
      vertex  1.081560e+000  7.332870e+001  6.400000e+000
      vertex -3.122746e-016  7.530000e+001  6.400000e+000
    endloop
  endfacet
  facet normal  0.000000e+000  0.000000e+000  1.000000e+000
    outer loop
      vertex -2.831559e+000  6.794275e+001  6.400000e+000
      vertex -7.000000e+000  6.830000e+001  6.400000e+000
      vertex -5.250000e+000  6.090673e+001  6.400000e+000
    endloop
  endfacet
  facet normal  0.000000e+000  0.000000e+000  1.000000e+000
    outer loop
      vertex -5.250000e+000  6.090673e+001  6.400000e+000
      vertex -3.122746e-016  6.130000e+001  6.400000e+000
      vertex -1.202082e+000  6.179792e+001  6.400000e+000
    endloop
  endfacet
  facet normal  0.000000e+000  0.000000e+000  1.000000e+000
    outer loop
      vertex  1.040915e-016  7.870000e+001  6.400000e+000
      vertex  5.250000e+000  7.909327e+001  6.400000e+000
      vertex  1.823306e+000  8.034048e+001  6.400000e+000
    endloop
  endfacet
  facet normal  -0.000000e+000  -0.000000e+000  1.000000e+000
    outer loop
      vertex -9.866773e+000  6.640879e+001  6.400000e+000
      vertex -8.043467e+000  6.325073e+001  6.400000e+000
      vertex -5.250000e+000  6.090673e+001  6.400000e+000
    endloop
  endfacet
  facet normal  0.000000e+000  0.000000e+000  1.000000e+000
    outer loop
      vertex -9.866773e+000  6.640879e+001  6.400000e+000
      vertex -5.250000e+000  6.090673e+001  6.400000e+000
      vertex -7.000000e+000  6.830000e+001  6.400000e+000
    endloop
  endfacet
  facet normal  0.000000e+000  0.000000e+000  1.000000e+000
    outer loop
      vertex -9.866773e+000  6.640879e+001  6.400000e+000
      vertex -7.000000e+000  6.830000e+001  6.400000e+000
      vertex -8.202082e+000  6.879792e+001  6.400000e+000
    endloop
  endfacet
  facet normal  0.000000e+000  0.000000e+000  1.000000e+000
    outer loop
      vertex -9.866773e+000  6.640879e+001  6.400000e+000
      vertex -8.202082e+000  6.879792e+001  6.400000e+000
      vertex -8.700000e+000  7.000000e+001  6.400000e+000
    endloop
  endfacet
  facet normal  0.000000e+000  0.000000e+000  9.999999e-001
    outer loop
      vertex -9.866773e+000  6.640879e+001  6.400000e+000
      vertex -8.700000e+000  7.000000e+001  6.400000e+000
      vertex -1.050000e+001  7.000000e+001  6.400000e+000
    endloop
  endfacet
  facet normal  0.000000e+000  -0.000000e+000  1.000000e+000
    outer loop
      vertex -7.000000e+000  7.170000e+001  6.400000e+000
      vertex -5.797918e+000  7.120208e+001  6.400000e+000
      vertex -2.831559e+000  7.205725e+001  6.400000e+000
    endloop
  endfacet
  facet normal  0.000000e+000  -0.000000e+000  1.000000e+000
    outer loop
      vertex -7.000000e+000  7.170000e+001  6.400000e+000
      vertex -2.831559e+000  7.205725e+001  6.400000e+000
      vertex -1.081560e+000  7.332870e+001  6.400000e+000
    endloop
  endfacet
  facet normal  0.000000e+000  -0.000000e+000  1.000000e+000
    outer loop
      vertex -7.000000e+000  7.170000e+001  6.400000e+000
      vertex -1.081560e+000  7.332870e+001  6.400000e+000
      vertex -3.122746e-016  7.530000e+001  6.400000e+000
    endloop
  endfacet
  facet normal  0.000000e+000  0.000000e+000  1.000000e+000
    outer loop
      vertex -7.000000e+000  7.170000e+001  6.400000e+000
      vertex -3.122746e-016  7.530000e+001  6.400000e+000
      vertex -1.202082e+000  7.579792e+001  6.400000e+000
    endloop
  endfacet
  facet normal  0.000000e+000  0.000000e+000  1.000000e+000
    outer loop
      vertex -7.000000e+000  7.170000e+001  6.400000e+000
      vertex -1.202082e+000  7.579792e+001  6.400000e+000
      vertex -1.700000e+000  7.700000e+001  6.400000e+000
    endloop
  endfacet
  facet normal  0.000000e+000  -0.000000e+000  9.999999e-001
    outer loop
      vertex -7.000000e+000  7.170000e+001  6.400000e+000
      vertex -1.700000e+000  7.700000e+001  6.400000e+000
      vertex -1.202082e+000  7.820208e+001  6.400000e+000
    endloop
  endfacet
  facet normal  0.000000e+000  0.000000e+000  1.000000e+000
    outer loop
      vertex -7.000000e+000  7.170000e+001  6.400000e+000
      vertex -1.202082e+000  7.820208e+001  6.400000e+000
      vertex -5.250000e+000  7.909327e+001  6.400000e+000
    endloop
  endfacet
  facet normal  0.000000e+000  0.000000e+000  1.000000e+000
    outer loop
      vertex -7.000000e+000  7.170000e+001  6.400000e+000
      vertex -5.250000e+000  7.909327e+001  6.400000e+000
      vertex -8.043467e+000  7.674927e+001  6.400000e+000
    endloop
  endfacet
  facet normal  0.000000e+000  0.000000e+000  1.000000e+000
    outer loop
      vertex -7.000000e+000  7.170000e+001  6.400000e+000
      vertex -8.043467e+000  7.674927e+001  6.400000e+000
      vertex -9.866773e+000  7.359121e+001  6.400000e+000
    endloop
  endfacet
  facet normal  0.000000e+000  0.000000e+000  1.000000e+000
    outer loop
      vertex -7.000000e+000  7.170000e+001  6.400000e+000
      vertex -9.866773e+000  7.359121e+001  6.400000e+000
      vertex -8.202082e+000  7.120208e+001  6.400000e+000
    endloop
  endfacet
  facet normal  0.000000e+000  -0.000000e+000  1.000000e+000
    outer loop
      vertex  7.000000e+000  7.170000e+001  6.400000e+000
      vertex  8.202082e+000  7.120208e+001  6.400000e+000
      vertex  9.866773e+000  7.359121e+001  6.400000e+000
    endloop
  endfacet
  facet normal  0.000000e+000  0.000000e+000  1.000000e+000
    outer loop
      vertex  7.000000e+000  7.170000e+001  6.400000e+000
      vertex  9.866773e+000  7.359121e+001  6.400000e+000
      vertex  8.043467e+000  7.674927e+001  6.400000e+000
    endloop
  endfacet
  facet normal  0.000000e+000  0.000000e+000  1.000000e+000
    outer loop
      vertex  7.000000e+000  7.170000e+001  6.400000e+000
      vertex  8.043467e+000  7.674927e+001  6.400000e+000
      vertex  5.250000e+000  7.909327e+001  6.400000e+000
    endloop
  endfacet
  facet normal  0.000000e+000  0.000000e+000  9.999999e-001
    outer loop
      vertex  7.000000e+000  7.170000e+001  6.400000e+000
      vertex  5.250000e+000  7.909327e+001  6.400000e+000
      vertex  1.700000e+000  7.700000e+001  6.400000e+000
    endloop
  endfacet
  facet normal  0.000000e+000  0.000000e+000  1.000000e+000
    outer loop
      vertex  7.000000e+000  7.170000e+001  6.400000e+000
      vertex  1.700000e+000  7.700000e+001  6.400000e+000
      vertex  1.202082e+000  7.579792e+001  6.400000e+000
    endloop
  endfacet
  facet normal  0.000000e+000  0.000000e+000  1.000000e+000
    outer loop
      vertex  7.000000e+000  7.170000e+001  6.400000e+000
      vertex  1.202082e+000  7.579792e+001  6.400000e+000
      vertex -3.122746e-016  7.530000e+001  6.400000e+000
    endloop
  endfacet
  facet normal  0.000000e+000  0.000000e+000  1.000000e+000
    outer loop
      vertex  7.000000e+000  7.170000e+001  6.400000e+000
      vertex -3.122746e-016  7.530000e+001  6.400000e+000
      vertex  1.081560e+000  7.332870e+001  6.400000e+000
    endloop
  endfacet
  facet normal  0.000000e+000  0.000000e+000  1.000000e+000
    outer loop
      vertex  7.000000e+000  7.170000e+001  6.400000e+000
      vertex  1.081560e+000  7.332870e+001  6.400000e+000
      vertex  2.831559e+000  7.205725e+001  6.400000e+000
    endloop
  endfacet
  facet normal  0.000000e+000  0.000000e+000  1.000000e+000
    outer loop
      vertex  7.000000e+000  7.170000e+001  6.400000e+000
      vertex  2.831559e+000  7.205725e+001  6.400000e+000
      vertex  5.797918e+000  7.120208e+001  6.400000e+000
    endloop
  endfacet
  facet normal  0.000000e+000  0.000000e+000  1.000000e+000
    outer loop
      vertex  2.831559e+000  6.794275e+001  6.400000e+000
      vertex  7.000000e+000  6.830000e+001  6.400000e+000
      vertex  5.797918e+000  6.879792e+001  6.400000e+000
    endloop
  endfacet
  facet normal  0.000000e+000  0.000000e+000  1.000000e+000
    outer loop
      vertex  2.831559e+000  6.794275e+001  6.400000e+000
      vertex  5.797918e+000  6.879792e+001  6.400000e+000
      vertex  5.300000e+000  7.000000e+001  6.400000e+000
    endloop
  endfacet
  facet normal  0.000000e+000  0.000000e+000  1.000000e+000
    outer loop
      vertex  2.831559e+000  6.794275e+001  6.400000e+000
      vertex  5.300000e+000  7.000000e+001  6.400000e+000
      vertex  3.500000e+000  7.000000e+001  6.400000e+000
    endloop
  endfacet
  facet normal  0.000000e+000  0.000000e+000  1.000000e+000
    outer loop
      vertex  8.043467e+000  6.325073e+001  6.400000e+000
      vertex  9.866773e+000  6.640879e+001  6.400000e+000
      vertex  5.250000e+000  6.090673e+001  6.400000e+000
    endloop
  endfacet
  facet normal  0.000000e+000  0.000000e+000  1.000000e+000
    outer loop
      vertex  5.250000e+000  6.090673e+001  6.400000e+000
      vertex  9.866773e+000  6.640879e+001  6.400000e+000
      vertex  7.000000e+000  6.830000e+001  6.400000e+000
    endloop
  endfacet
  facet normal  0.000000e+000  0.000000e+000  1.000000e+000
    outer loop
      vertex  5.250000e+000  6.090673e+001  6.400000e+000
      vertex  7.000000e+000  6.830000e+001  6.400000e+000
      vertex  1.700000e+000  6.300000e+001  6.400000e+000
    endloop
  endfacet
  facet normal  0.000000e+000  0.000000e+000  1.000000e+000
    outer loop
      vertex  1.700000e+000  6.300000e+001  6.400000e+000
      vertex  7.000000e+000  6.830000e+001  6.400000e+000
      vertex  2.831559e+000  6.794275e+001  6.400000e+000
    endloop
  endfacet
  facet normal  0.000000e+000  0.000000e+000  1.000000e+000
    outer loop
      vertex  1.700000e+000  6.300000e+001  6.400000e+000
      vertex  2.831559e+000  6.794275e+001  6.400000e+000
      vertex  1.202082e+000  6.420208e+001  6.400000e+000
    endloop
  endfacet
  facet normal  0.000000e+000  -0.000000e+000  1.000000e+000
    outer loop
      vertex  1.202082e+000  6.420208e+001  6.400000e+000
      vertex  2.831559e+000  6.794275e+001  6.400000e+000
      vertex  1.081560e+000  6.667130e+001  6.400000e+000
    endloop
  endfacet
  facet normal  0.000000e+000  0.000000e+000  1.000000e+000
    outer loop
      vertex  1.202082e+000  6.420208e+001  6.400000e+000
      vertex  1.081560e+000  6.667130e+001  6.400000e+000
      vertex  1.040915e-016  6.470000e+001  6.400000e+000
    endloop
  endfacet
  facet normal  0.000000e+000  -0.000000e+000  1.000000e+000
    outer loop
      vertex  1.040915e-016  6.470000e+001  6.400000e+000
      vertex  1.081560e+000  6.667130e+001  6.400000e+000
      vertex -1.081560e+000  6.667130e+001  6.400000e+000
    endloop
  endfacet
  facet normal  0.000000e+000  0.000000e+000  1.000000e+000
    outer loop
      vertex -1.823306e+000  5.965952e+001  6.400000e+000
      vertex  1.823306e+000  5.965952e+001  6.400000e+000
      vertex -3.122746e-016  6.130000e+001  6.400000e+000
    endloop
  endfacet
  facet normal  0.000000e+000  0.000000e+000  1.000000e+000
    outer loop
      vertex -3.122746e-016  6.130000e+001  6.400000e+000
      vertex  1.823306e+000  5.965952e+001  6.400000e+000
      vertex  5.250000e+000  6.090673e+001  6.400000e+000
    endloop
  endfacet
  facet normal  0.000000e+000  0.000000e+000  1.000000e+000
    outer loop
      vertex -3.122746e-016  6.130000e+001  6.400000e+000
      vertex  5.250000e+000  6.090673e+001  6.400000e+000
      vertex  1.202082e+000  6.179792e+001  6.400000e+000
    endloop
  endfacet
  facet normal  -0.000000e+000  0.000000e+000  9.999999e-001
    outer loop
      vertex  1.823306e+000  8.034048e+001  6.400000e+000
      vertex -1.823306e+000  8.034048e+001  6.400000e+000
      vertex  1.040915e-016  7.870000e+001  6.400000e+000
    endloop
  endfacet
  facet normal  0.000000e+000  0.000000e+000  1.000000e+000
    outer loop
      vertex  1.040915e-016  7.870000e+001  6.400000e+000
      vertex -1.823306e+000  8.034048e+001  6.400000e+000
      vertex -5.250000e+000  7.909327e+001  6.400000e+000
    endloop
  endfacet
  facet normal  0.000000e+000  0.000000e+000  1.000000e+000
    outer loop
      vertex  1.040915e-016  7.870000e+001  6.400000e+000
      vertex -5.250000e+000  7.909327e+001  6.400000e+000
      vertex -1.202082e+000  7.820208e+001  6.400000e+000
    endloop
  endfacet
  facet normal  0.000000e+000  0.000000e+000  1.000000e+000
    outer loop
      vertex  1.040915e-016  6.470000e+001  6.400000e+000
      vertex -1.081560e+000  6.667130e+001  6.400000e+000
      vertex -1.202082e+000  6.420208e+001  6.400000e+000
    endloop
  endfacet
  facet normal  0.000000e+000  -0.000000e+000  1.000000e+000
    outer loop
      vertex -1.202082e+000  6.420208e+001  6.400000e+000
      vertex -1.081560e+000  6.667130e+001  6.400000e+000
      vertex -2.831559e+000  6.794275e+001  6.400000e+000
    endloop
  endfacet
  facet normal  0.000000e+000  0.000000e+000  1.000000e+000
    outer loop
      vertex -1.202082e+000  6.420208e+001  6.400000e+000
      vertex -2.831559e+000  6.794275e+001  6.400000e+000
      vertex -1.700000e+000  6.300000e+001  6.400000e+000
    endloop
  endfacet
  facet normal  0.000000e+000  0.000000e+000  1.000000e+000
    outer loop
      vertex -1.700000e+000  6.300000e+001  6.400000e+000
      vertex -2.831559e+000  6.794275e+001  6.400000e+000
      vertex -5.250000e+000  6.090673e+001  6.400000e+000
    endloop
  endfacet
  facet normal  0.000000e+000  0.000000e+000  1.000000e+000
    outer loop
      vertex -1.700000e+000  6.300000e+001  6.400000e+000
      vertex -5.250000e+000  6.090673e+001  6.400000e+000
      vertex -1.202082e+000  6.179792e+001  6.400000e+000
    endloop
  endfacet
  facet normal  0.000000e+000  0.000000e+000  1.000000e+000
    outer loop
      vertex -8.700000e+000  7.000000e+001  6.400000e+000
      vertex -8.202082e+000  7.120208e+001  6.400000e+000
      vertex -1.050000e+001  7.000000e+001  6.400000e+000
    endloop
  endfacet
  facet normal  0.000000e+000  0.000000e+000  1.000000e+000
    outer loop
      vertex -1.050000e+001  7.000000e+001  6.400000e+000
      vertex -8.202082e+000  7.120208e+001  6.400000e+000
      vertex -9.866773e+000  7.359121e+001  6.400000e+000
    endloop
  endfacet
  facet normal  -0.000000e+000  0.000000e+000  9.999999e-001
    outer loop
      vertex -2.831559e+000  7.205725e+001  6.400000e+000
      vertex -5.797918e+000  7.120208e+001  6.400000e+000
      vertex -3.500000e+000  7.000000e+001  6.400000e+000
    endloop
  endfacet
  facet normal  0.000000e+000  0.000000e+000  1.000000e+000
    outer loop
      vertex -3.500000e+000  7.000000e+001  6.400000e+000
      vertex -5.797918e+000  7.120208e+001  6.400000e+000
      vertex -5.300000e+000  7.000000e+001  6.400000e+000
    endloop
  endfacet
  facet normal  -0.000000e+000  0.000000e+000  1.000000e+000
    outer loop
      vertex -3.500000e+000  7.000000e+001  6.400000e+000
      vertex -5.300000e+000  7.000000e+001  6.400000e+000
      vertex -2.831559e+000  6.794275e+001  6.400000e+000
    endloop
  endfacet
  facet normal  0.000000e+000  0.000000e+000  1.000000e+000
    outer loop
      vertex -2.831559e+000  6.794275e+001  6.400000e+000
      vertex -5.300000e+000  7.000000e+001  6.400000e+000
      vertex -5.797918e+000  6.879792e+001  6.400000e+000
    endloop
  endfacet
  facet normal  0.000000e+000  0.000000e+000  1.000000e+000
    outer loop
      vertex -2.831559e+000  6.794275e+001  6.400000e+000
      vertex -5.797918e+000  6.879792e+001  6.400000e+000
      vertex -7.000000e+000  6.830000e+001  6.400000e+000
    endloop
  endfacet
  facet normal  0.000000e+000  0.000000e+000  1.000000e+000
    outer loop
      vertex  5.300000e+000  7.000000e+001  6.400000e+000
      vertex  5.797918e+000  7.120208e+001  6.400000e+000
      vertex  3.500000e+000  7.000000e+001  6.400000e+000
    endloop
  endfacet
  facet normal  0.000000e+000  -0.000000e+000  9.999999e-001
    outer loop
      vertex  3.500000e+000  7.000000e+001  6.400000e+000
      vertex  5.797918e+000  7.120208e+001  6.400000e+000
      vertex  2.831559e+000  7.205725e+001  6.400000e+000
    endloop
  endfacet
  facet normal  -0.000000e+000  0.000000e+000  1.000000e+000
    outer loop
      vertex  9.866773e+000  7.359121e+001  6.400000e+000
      vertex  8.202082e+000  7.120208e+001  6.400000e+000
      vertex  1.050000e+001  7.000000e+001  6.400000e+000
    endloop
  endfacet
  facet normal  0.000000e+000  0.000000e+000  1.000000e+000
    outer loop
      vertex  1.050000e+001  7.000000e+001  6.400000e+000
      vertex  8.202082e+000  7.120208e+001  6.400000e+000
      vertex  8.700000e+000  7.000000e+001  6.400000e+000
    endloop
  endfacet
  facet normal  -0.000000e+000  0.000000e+000  9.999999e-001
    outer loop
      vertex  1.050000e+001  7.000000e+001  6.400000e+000
      vertex  8.700000e+000  7.000000e+001  6.400000e+000
      vertex  9.866773e+000  6.640879e+001  6.400000e+000
    endloop
  endfacet
  facet normal  0.000000e+000  0.000000e+000  1.000000e+000
    outer loop
      vertex  9.866773e+000  6.640879e+001  6.400000e+000
      vertex  8.700000e+000  7.000000e+001  6.400000e+000
      vertex  8.202082e+000  6.879792e+001  6.400000e+000
    endloop
  endfacet
  facet normal  0.000000e+000  0.000000e+000  1.000000e+000
    outer loop
      vertex  9.866773e+000  6.640879e+001  6.400000e+000
      vertex  8.202082e+000  6.879792e+001  6.400000e+000
      vertex  7.000000e+000  6.830000e+001  6.400000e+000
    endloop
  endfacet
  facet normal  5.877843e-001 -8.090177e-001  0.000000e+000
    outer loop
      vertex -1.081560e+000  7.332870e+001  3.400000e+000
      vertex -2.831559e+000  7.205725e+001  6.400000e+000
      vertex -2.831559e+000  7.205725e+001  3.400000e+000
    endloop
  endfacet
  facet normal  9.510565e-001 -3.090166e-001  0.000000e+000
    outer loop
      vertex -2.831559e+000  7.205725e+001  3.400000e+000
      vertex -2.831559e+000  7.205725e+001  6.400000e+000
      vertex -3.500000e+000  7.000000e+001  6.400000e+000
    endloop
  endfacet
  facet normal  9.510565e-001 -3.090166e-001  0.000000e+000
    outer loop
      vertex -2.831559e+000  7.205725e+001  3.400000e+000
      vertex -3.500000e+000  7.000000e+001  6.400000e+000
      vertex -3.500000e+000  7.000000e+001  3.400000e+000
    endloop
  endfacet
  facet normal  5.877843e-001 -8.090177e-001  0.000000e+000
    outer loop
      vertex -2.831559e+000  7.205725e+001  6.400000e+000
      vertex -1.081560e+000  7.332870e+001  3.400000e+000
      vertex -1.081560e+000  7.332870e+001  6.400000e+000
    endloop
  endfacet
  facet normal  0.000000e+000 -9.999999e-001  0.000000e+000
    outer loop
      vertex -1.081560e+000  7.332870e+001  6.400000e+000
      vertex -1.081560e+000  7.332870e+001  3.400000e+000
      vertex  1.081560e+000  7.332870e+001  3.400000e+000
    endloop
  endfacet
  facet normal  0.000000e+000 -9.999999e-001  0.000000e+000
    outer loop
      vertex -1.081560e+000  7.332870e+001  6.400000e+000
      vertex  1.081560e+000  7.332870e+001  3.400000e+000
      vertex  1.081560e+000  7.332870e+001  6.400000e+000
    endloop
  endfacet
  facet normal -5.877843e-001 -8.090177e-001  -0.000000e+000
    outer loop
      vertex  1.081560e+000  7.332870e+001  6.400000e+000
      vertex  1.081560e+000  7.332870e+001  3.400000e+000
      vertex  2.831559e+000  7.205725e+001  3.400000e+000
    endloop
  endfacet
  facet normal -5.877843e-001 -8.090177e-001  0.000000e+000
    outer loop
      vertex  1.081560e+000  7.332870e+001  6.400000e+000
      vertex  2.831559e+000  7.205725e+001  3.400000e+000
      vertex  2.831559e+000  7.205725e+001  6.400000e+000
    endloop
  endfacet
  facet normal -9.510565e-001 -3.090166e-001  -0.000000e+000
    outer loop
      vertex  2.831559e+000  7.205725e+001  6.400000e+000
      vertex  2.831559e+000  7.205725e+001  3.400000e+000
      vertex  3.500000e+000  7.000000e+001  3.400000e+000
    endloop
  endfacet
  facet normal -9.510565e-001 -3.090166e-001  0.000000e+000
    outer loop
      vertex  2.831559e+000  7.205725e+001  6.400000e+000
      vertex  3.500000e+000  7.000000e+001  3.400000e+000
      vertex  3.500000e+000  7.000000e+001  6.400000e+000
    endloop
  endfacet
  facet normal -5.877843e-001  8.090177e-001  0.000000e+000
    outer loop
      vertex  1.081560e+000  6.667130e+001  3.400000e+000
      vertex  2.831559e+000  6.794275e+001  6.400000e+000
      vertex  2.831559e+000  6.794275e+001  3.400000e+000
    endloop
  endfacet
  facet normal -9.510565e-001  3.090166e-001  0.000000e+000
    outer loop
      vertex  2.831559e+000  6.794275e+001  3.400000e+000
      vertex  2.831559e+000  6.794275e+001  6.400000e+000
      vertex  3.500000e+000  7.000000e+001  6.400000e+000
    endloop
  endfacet
  facet normal -9.510565e-001  3.090166e-001  0.000000e+000
    outer loop
      vertex  2.831559e+000  6.794275e+001  3.400000e+000
      vertex  3.500000e+000  7.000000e+001  6.400000e+000
      vertex  3.500000e+000  7.000000e+001  3.400000e+000
    endloop
  endfacet
  facet normal -5.877843e-001  8.090177e-001  0.000000e+000
    outer loop
      vertex  2.831559e+000  6.794275e+001  6.400000e+000
      vertex  1.081560e+000  6.667130e+001  3.400000e+000
      vertex  1.081560e+000  6.667130e+001  6.400000e+000
    endloop
  endfacet
  facet normal  0.000000e+000  9.999999e-001  0.000000e+000
    outer loop
      vertex  1.081560e+000  6.667130e+001  6.400000e+000
      vertex  1.081560e+000  6.667130e+001  3.400000e+000
      vertex -1.081560e+000  6.667130e+001  3.400000e+000
    endloop
  endfacet
  facet normal  0.000000e+000  9.999999e-001  0.000000e+000
    outer loop
      vertex  1.081560e+000  6.667130e+001  6.400000e+000
      vertex -1.081560e+000  6.667130e+001  3.400000e+000
      vertex -1.081560e+000  6.667130e+001  6.400000e+000
    endloop
  endfacet
  facet normal  5.877843e-001  8.090177e-001  0.000000e+000
    outer loop
      vertex -1.081560e+000  6.667130e+001  6.400000e+000
      vertex -1.081560e+000  6.667130e+001  3.400000e+000
      vertex -2.831559e+000  6.794275e+001  3.400000e+000
    endloop
  endfacet
  facet normal  5.877843e-001  8.090177e-001  -0.000000e+000
    outer loop
      vertex -1.081560e+000  6.667130e+001  6.400000e+000
      vertex -2.831559e+000  6.794275e+001  3.400000e+000
      vertex -2.831559e+000  6.794275e+001  6.400000e+000
    endloop
  endfacet
  facet normal  9.510565e-001  3.090166e-001  0.000000e+000
    outer loop
      vertex -2.831559e+000  6.794275e+001  6.400000e+000
      vertex -2.831559e+000  6.794275e+001  3.400000e+000
      vertex -3.500000e+000  7.000000e+001  3.400000e+000
    endloop
  endfacet
  facet normal  9.510565e-001  3.090166e-001  -0.000000e+000
    outer loop
      vertex -2.831559e+000  6.794275e+001  6.400000e+000
      vertex -3.500000e+000  7.000000e+001  3.400000e+000
      vertex -3.500000e+000  7.000000e+001  6.400000e+000
    endloop
  endfacet
  facet normal -3.826826e-001  9.238799e-001  0.000000e+000
    outer loop
      vertex -7.000000e+000  6.830000e+001  3.400000e+000
      vertex -5.797918e+000  6.879792e+001  6.400000e+000
      vertex -5.797918e+000  6.879792e+001  3.400000e+000
    endloop
  endfacet
  facet normal -9.238794e-001  3.826837e-001  0.000000e+000
    outer loop
      vertex -5.797918e+000  6.879792e+001  3.400000e+000
      vertex -5.797918e+000  6.879792e+001  6.400000e+000
      vertex -5.300000e+000  7.000000e+001  6.400000e+000
    endloop
  endfacet
  facet normal -9.238794e-001  3.826837e-001  0.000000e+000
    outer loop
      vertex -5.797918e+000  6.879792e+001  3.400000e+000
      vertex -5.300000e+000  7.000000e+001  6.400000e+000
      vertex -5.300000e+000  7.000000e+001  3.400000e+000
    endloop
  endfacet
  facet normal -3.826826e-001  9.238799e-001  0.000000e+000
    outer loop
      vertex -5.797918e+000  6.879792e+001  6.400000e+000
      vertex -7.000000e+000  6.830000e+001  3.400000e+000
      vertex -7.000000e+000  6.830000e+001  6.400000e+000
    endloop
  endfacet
  facet normal  3.826826e-001  9.238799e-001  0.000000e+000
    outer loop
      vertex -7.000000e+000  6.830000e+001  6.400000e+000
      vertex -7.000000e+000  6.830000e+001  3.400000e+000
      vertex -8.202082e+000  6.879792e+001  3.400000e+000
    endloop
  endfacet
  facet normal  3.826826e-001  9.238799e-001  -0.000000e+000
    outer loop
      vertex -7.000000e+000  6.830000e+001  6.400000e+000
      vertex -8.202082e+000  6.879792e+001  3.400000e+000
      vertex -8.202082e+000  6.879792e+001  6.400000e+000
    endloop
  endfacet
  facet normal  9.238794e-001  3.826837e-001  0.000000e+000
    outer loop
      vertex -8.202082e+000  6.879792e+001  6.400000e+000
      vertex -8.202082e+000  6.879792e+001  3.400000e+000
      vertex -8.700000e+000  7.000000e+001  3.400000e+000
    endloop
  endfacet
  facet normal  9.238794e-001  3.826837e-001  -0.000000e+000
    outer loop
      vertex -8.202082e+000  6.879792e+001  6.400000e+000
      vertex -8.700000e+000  7.000000e+001  3.400000e+000
      vertex -8.700000e+000  7.000000e+001  6.400000e+000
    endloop
  endfacet
  facet normal  3.826826e-001 -9.238799e-001  0.000000e+000
    outer loop
      vertex -7.000000e+000  7.170000e+001  3.400000e+000
      vertex -8.202082e+000  7.120208e+001  6.400000e+000
      vertex -8.202082e+000  7.120208e+001  3.400000e+000
    endloop
  endfacet
  facet normal  9.238794e-001 -3.826837e-001  0.000000e+000
    outer loop
      vertex -8.202082e+000  7.120208e+001  3.400000e+000
      vertex -8.202082e+000  7.120208e+001  6.400000e+000
      vertex -8.700000e+000  7.000000e+001  6.400000e+000
    endloop
  endfacet
  facet normal  9.238794e-001 -3.826837e-001  0.000000e+000
    outer loop
      vertex -8.202082e+000  7.120208e+001  3.400000e+000
      vertex -8.700000e+000  7.000000e+001  6.400000e+000
      vertex -8.700000e+000  7.000000e+001  3.400000e+000
    endloop
  endfacet
  facet normal  3.826826e-001 -9.238799e-001  0.000000e+000
    outer loop
      vertex -8.202082e+000  7.120208e+001  6.400000e+000
      vertex -7.000000e+000  7.170000e+001  3.400000e+000
      vertex -7.000000e+000  7.170000e+001  6.400000e+000
    endloop
  endfacet
  facet normal -3.826826e-001 -9.238799e-001  -0.000000e+000
    outer loop
      vertex -7.000000e+000  7.170000e+001  6.400000e+000
      vertex -7.000000e+000  7.170000e+001  3.400000e+000
      vertex -5.797918e+000  7.120208e+001  3.400000e+000
    endloop
  endfacet
  facet normal -3.826826e-001 -9.238799e-001  0.000000e+000
    outer loop
      vertex -7.000000e+000  7.170000e+001  6.400000e+000
      vertex -5.797918e+000  7.120208e+001  3.400000e+000
      vertex -5.797918e+000  7.120208e+001  6.400000e+000
    endloop
  endfacet
  facet normal -9.238794e-001 -3.826837e-001  -0.000000e+000
    outer loop
      vertex -5.797918e+000  7.120208e+001  6.400000e+000
      vertex -5.797918e+000  7.120208e+001  3.400000e+000
      vertex -5.300000e+000  7.000000e+001  3.400000e+000
    endloop
  endfacet
  facet normal -9.238794e-001 -3.826837e-001  0.000000e+000
    outer loop
      vertex -5.797918e+000  7.120208e+001  6.400000e+000
      vertex -5.300000e+000  7.000000e+001  3.400000e+000
      vertex -5.300000e+000  7.000000e+001  6.400000e+000
    endloop
  endfacet
  facet normal  3.826826e-001 -9.238799e-001  0.000000e+000
    outer loop
      vertex -6.453415e-016  6.470000e+001  3.400000e+000
      vertex -1.202082e+000  6.420208e+001  6.400000e+000
      vertex -1.202082e+000  6.420208e+001  3.400000e+000
    endloop
  endfacet
  facet normal  9.238793e-001 -3.826839e-001  0.000000e+000
    outer loop
      vertex -1.202082e+000  6.420208e+001  3.400000e+000
      vertex -1.202082e+000  6.420208e+001  6.400000e+000
      vertex -1.700000e+000  6.300000e+001  6.400000e+000
    endloop
  endfacet
  facet normal  9.238793e-001 -3.826839e-001  0.000000e+000
    outer loop
      vertex -1.202082e+000  6.420208e+001  3.400000e+000
      vertex -1.700000e+000  6.300000e+001  6.400000e+000
      vertex -1.700000e+000  6.300000e+001  3.400000e+000
    endloop
  endfacet
  facet normal  3.826826e-001 -9.238799e-001 -9.559832e-017
    outer loop
      vertex -1.202082e+000  6.420208e+001  6.400000e+000
      vertex -6.453415e-016  6.470000e+001  3.400000e+000
      vertex  1.040915e-016  6.470000e+001  6.400000e+000
    endloop
  endfacet
  facet normal -3.826826e-001 -9.238799e-001  9.559832e-017
    outer loop
      vertex  1.040915e-016  6.470000e+001  6.400000e+000
      vertex -6.453415e-016  6.470000e+001  3.400000e+000
      vertex  1.202082e+000  6.420208e+001  3.400000e+000
    endloop
  endfacet
  facet normal -3.826826e-001 -9.238799e-001  0.000000e+000
    outer loop
      vertex  1.040915e-016  6.470000e+001  6.400000e+000
      vertex  1.202082e+000  6.420208e+001  3.400000e+000
      vertex  1.202082e+000  6.420208e+001  6.400000e+000
    endloop
  endfacet
  facet normal -9.238793e-001 -3.826839e-001  -0.000000e+000
    outer loop
      vertex  1.202082e+000  6.420208e+001  6.400000e+000
      vertex  1.202082e+000  6.420208e+001  3.400000e+000
      vertex  1.700000e+000  6.300000e+001  3.400000e+000
    endloop
  endfacet
  facet normal -9.238793e-001 -3.826839e-001  0.000000e+000
    outer loop
      vertex  1.202082e+000  6.420208e+001  6.400000e+000
      vertex  1.700000e+000  6.300000e+001  3.400000e+000
      vertex  1.700000e+000  6.300000e+001  6.400000e+000
    endloop
  endfacet
  facet normal -3.826851e-001  9.238788e-001  0.000000e+000
    outer loop
      vertex  3.261361e-016  6.130000e+001  3.400000e+000
      vertex  1.202082e+000  6.179792e+001  6.400000e+000
      vertex  1.202082e+000  6.179792e+001  3.400000e+000
    endloop
  endfacet
  facet normal -9.238793e-001  3.826839e-001  0.000000e+000
    outer loop
      vertex  1.202082e+000  6.179792e+001  3.400000e+000
      vertex  1.202082e+000  6.179792e+001  6.400000e+000
      vertex  1.700000e+000  6.300000e+001  6.400000e+000
    endloop
  endfacet
  facet normal -9.238793e-001  3.826839e-001  0.000000e+000
    outer loop
      vertex  1.202082e+000  6.179792e+001  3.400000e+000
      vertex  1.700000e+000  6.300000e+001  6.400000e+000
      vertex  1.700000e+000  6.300000e+001  3.400000e+000
    endloop
  endfacet
  facet normal -3.826851e-001  9.238789e-001 -8.143675e-017
    outer loop
      vertex  1.202082e+000  6.179792e+001  6.400000e+000
      vertex  3.261361e-016  6.130000e+001  3.400000e+000
      vertex -3.122746e-016  6.130000e+001  6.400000e+000
    endloop
  endfacet
  facet normal  3.826851e-001  9.238789e-001  8.143675e-017
    outer loop
      vertex -3.122746e-016  6.130000e+001  6.400000e+000
      vertex  3.261361e-016  6.130000e+001  3.400000e+000
      vertex -1.202082e+000  6.179792e+001  3.400000e+000
    endloop
  endfacet
  facet normal  3.826851e-001  9.238788e-001  -0.000000e+000
    outer loop
      vertex -3.122746e-016  6.130000e+001  6.400000e+000
      vertex -1.202082e+000  6.179792e+001  3.400000e+000
      vertex -1.202082e+000  6.179792e+001  6.400000e+000
    endloop
  endfacet
  facet normal  9.238793e-001  3.826839e-001  0.000000e+000
    outer loop
      vertex -1.202082e+000  6.179792e+001  6.400000e+000
      vertex -1.202082e+000  6.179792e+001  3.400000e+000
      vertex -1.700000e+000  6.300000e+001  3.400000e+000
    endloop
  endfacet
  facet normal  9.238793e-001  3.826839e-001  -0.000000e+000
    outer loop
      vertex -1.202082e+000  6.179792e+001  6.400000e+000
      vertex -1.700000e+000  6.300000e+001  3.400000e+000
      vertex -1.700000e+000  6.300000e+001  6.400000e+000
    endloop
  endfacet
  facet normal  3.826826e-001 -9.238799e-001  0.000000e+000
    outer loop
      vertex -6.453415e-016  7.870000e+001  3.400000e+000
      vertex -1.202082e+000  7.820208e+001  6.400000e+000
      vertex -1.202082e+000  7.820208e+001  3.400000e+000
    endloop
  endfacet
  facet normal  9.238793e-001 -3.826839e-001  0.000000e+000
    outer loop
      vertex -1.202082e+000  7.820208e+001  3.400000e+000
      vertex -1.202082e+000  7.820208e+001  6.400000e+000
      vertex -1.700000e+000  7.700000e+001  6.400000e+000
    endloop
  endfacet
  facet normal  9.238793e-001 -3.826839e-001  0.000000e+000
    outer loop
      vertex -1.202082e+000  7.820208e+001  3.400000e+000
      vertex -1.700000e+000  7.700000e+001  6.400000e+000
      vertex -1.700000e+000  7.700000e+001  3.400000e+000
    endloop
  endfacet
  facet normal  3.826826e-001 -9.238799e-001 -9.559832e-017
    outer loop
      vertex -1.202082e+000  7.820208e+001  6.400000e+000
      vertex -6.453415e-016  7.870000e+001  3.400000e+000
      vertex  1.040915e-016  7.870000e+001  6.400000e+000
    endloop
  endfacet
  facet normal -3.826826e-001 -9.238799e-001  9.559832e-017
    outer loop
      vertex  1.040915e-016  7.870000e+001  6.400000e+000
      vertex -6.453415e-016  7.870000e+001  3.400000e+000
      vertex  1.202082e+000  7.820208e+001  3.400000e+000
    endloop
  endfacet
  facet normal -3.826826e-001 -9.238799e-001  0.000000e+000
    outer loop
      vertex  1.040915e-016  7.870000e+001  6.400000e+000
      vertex  1.202082e+000  7.820208e+001  3.400000e+000
      vertex  1.202082e+000  7.820208e+001  6.400000e+000
    endloop
  endfacet
  facet normal -9.238793e-001 -3.826839e-001  -0.000000e+000
    outer loop
      vertex  1.202082e+000  7.820208e+001  6.400000e+000
      vertex  1.202082e+000  7.820208e+001  3.400000e+000
      vertex  1.700000e+000  7.700000e+001  3.400000e+000
    endloop
  endfacet
  facet normal -9.238793e-001 -3.826839e-001  0.000000e+000
    outer loop
      vertex  1.202082e+000  7.820208e+001  6.400000e+000
      vertex  1.700000e+000  7.700000e+001  3.400000e+000
      vertex  1.700000e+000  7.700000e+001  6.400000e+000
    endloop
  endfacet
  facet normal -3.826826e-001  9.238799e-001  0.000000e+000
    outer loop
      vertex  3.261361e-016  7.530000e+001  3.400000e+000
      vertex  1.202082e+000  7.579792e+001  6.400000e+000
      vertex  1.202082e+000  7.579792e+001  3.400000e+000
    endloop
  endfacet
  facet normal -9.238793e-001  3.826839e-001  0.000000e+000
    outer loop
      vertex  1.202082e+000  7.579792e+001  3.400000e+000
      vertex  1.202082e+000  7.579792e+001  6.400000e+000
      vertex  1.700000e+000  7.700000e+001  6.400000e+000
    endloop
  endfacet
  facet normal -9.238793e-001  3.826839e-001  0.000000e+000
    outer loop
      vertex  1.202082e+000  7.579792e+001  3.400000e+000
      vertex  1.700000e+000  7.700000e+001  6.400000e+000
      vertex  1.700000e+000  7.700000e+001  3.400000e+000
    endloop
  endfacet
  facet normal -3.826826e-001  9.238799e-001 -8.143622e-017
    outer loop
      vertex  1.202082e+000  7.579792e+001  6.400000e+000
      vertex  3.261361e-016  7.530000e+001  3.400000e+000
      vertex -3.122746e-016  7.530000e+001  6.400000e+000
    endloop
  endfacet
  facet normal  3.826826e-001  9.238799e-001  8.143622e-017
    outer loop
      vertex -3.122746e-016  7.530000e+001  6.400000e+000
      vertex  3.261361e-016  7.530000e+001  3.400000e+000
      vertex -1.202082e+000  7.579792e+001  3.400000e+000
    endloop
  endfacet
  facet normal  3.826826e-001  9.238799e-001  -0.000000e+000
    outer loop
      vertex -3.122746e-016  7.530000e+001  6.400000e+000
      vertex -1.202082e+000  7.579792e+001  3.400000e+000
      vertex -1.202082e+000  7.579792e+001  6.400000e+000
    endloop
  endfacet
  facet normal  9.238793e-001  3.826839e-001  0.000000e+000
    outer loop
      vertex -1.202082e+000  7.579792e+001  6.400000e+000
      vertex -1.202082e+000  7.579792e+001  3.400000e+000
      vertex -1.700000e+000  7.700000e+001  3.400000e+000
    endloop
  endfacet
  facet normal  9.238793e-001  3.826839e-001  -0.000000e+000
    outer loop
      vertex -1.202082e+000  7.579792e+001  6.400000e+000
      vertex -1.700000e+000  7.700000e+001  3.400000e+000
      vertex -1.700000e+000  7.700000e+001  6.400000e+000
    endloop
  endfacet
  facet normal  3.826826e-001 -9.238799e-001  0.000000e+000
    outer loop
      vertex  7.000000e+000  7.170000e+001  3.400000e+000
      vertex  5.797918e+000  7.120208e+001  6.400000e+000
      vertex  5.797918e+000  7.120208e+001  3.400000e+000
    endloop
  endfacet
  facet normal  9.238794e-001 -3.826837e-001  0.000000e+000
    outer loop
      vertex  5.797918e+000  7.120208e+001  3.400000e+000
      vertex  5.797918e+000  7.120208e+001  6.400000e+000
      vertex  5.300000e+000  7.000000e+001  6.400000e+000
    endloop
  endfacet
  facet normal  9.238794e-001 -3.826837e-001  0.000000e+000
    outer loop
      vertex  5.797918e+000  7.120208e+001  3.400000e+000
      vertex  5.300000e+000  7.000000e+001  6.400000e+000
      vertex  5.300000e+000  7.000000e+001  3.400000e+000
    endloop
  endfacet
  facet normal  3.826826e-001 -9.238799e-001  0.000000e+000
    outer loop
      vertex  5.797918e+000  7.120208e+001  6.400000e+000
      vertex  7.000000e+000  7.170000e+001  3.400000e+000
      vertex  7.000000e+000  7.170000e+001  6.400000e+000
    endloop
  endfacet
  facet normal -3.826826e-001 -9.238799e-001  -0.000000e+000
    outer loop
      vertex  7.000000e+000  7.170000e+001  6.400000e+000
      vertex  7.000000e+000  7.170000e+001  3.400000e+000
      vertex  8.202082e+000  7.120208e+001  3.400000e+000
    endloop
  endfacet
  facet normal -3.826826e-001 -9.238799e-001  0.000000e+000
    outer loop
      vertex  7.000000e+000  7.170000e+001  6.400000e+000
      vertex  8.202082e+000  7.120208e+001  3.400000e+000
      vertex  8.202082e+000  7.120208e+001  6.400000e+000
    endloop
  endfacet
  facet normal -9.238794e-001 -3.826837e-001  -0.000000e+000
    outer loop
      vertex  8.202082e+000  7.120208e+001  6.400000e+000
      vertex  8.202082e+000  7.120208e+001  3.400000e+000
      vertex  8.700000e+000  7.000000e+001  3.400000e+000
    endloop
  endfacet
  facet normal -9.238794e-001 -3.826837e-001  0.000000e+000
    outer loop
      vertex  8.202082e+000  7.120208e+001  6.400000e+000
      vertex  8.700000e+000  7.000000e+001  3.400000e+000
      vertex  8.700000e+000  7.000000e+001  6.400000e+000
    endloop
  endfacet
  facet normal -3.826826e-001  9.238799e-001  0.000000e+000
    outer loop
      vertex  7.000000e+000  6.830000e+001  3.400000e+000
      vertex  8.202082e+000  6.879792e+001  6.400000e+000
      vertex  8.202082e+000  6.879792e+001  3.400000e+000
    endloop
  endfacet
  facet normal -9.238794e-001  3.826837e-001  0.000000e+000
    outer loop
      vertex  8.202082e+000  6.879792e+001  3.400000e+000
      vertex  8.202082e+000  6.879792e+001  6.400000e+000
      vertex  8.700000e+000  7.000000e+001  6.400000e+000
    endloop
  endfacet
  facet normal -9.238794e-001  3.826837e-001  0.000000e+000
    outer loop
      vertex  8.202082e+000  6.879792e+001  3.400000e+000
      vertex  8.700000e+000  7.000000e+001  6.400000e+000
      vertex  8.700000e+000  7.000000e+001  3.400000e+000
    endloop
  endfacet
  facet normal -3.826826e-001  9.238799e-001  0.000000e+000
    outer loop
      vertex  8.202082e+000  6.879792e+001  6.400000e+000
      vertex  7.000000e+000  6.830000e+001  3.400000e+000
      vertex  7.000000e+000  6.830000e+001  6.400000e+000
    endloop
  endfacet
  facet normal  3.826826e-001  9.238799e-001  0.000000e+000
    outer loop
      vertex  7.000000e+000  6.830000e+001  6.400000e+000
      vertex  7.000000e+000  6.830000e+001  3.400000e+000
      vertex  5.797918e+000  6.879792e+001  3.400000e+000
    endloop
  endfacet
  facet normal  3.826826e-001  9.238799e-001  -0.000000e+000
    outer loop
      vertex  7.000000e+000  6.830000e+001  6.400000e+000
      vertex  5.797918e+000  6.879792e+001  3.400000e+000
      vertex  5.797918e+000  6.879792e+001  6.400000e+000
    endloop
  endfacet
  facet normal  9.238794e-001  3.826837e-001  0.000000e+000
    outer loop
      vertex  5.797918e+000  6.879792e+001  6.400000e+000
      vertex  5.797918e+000  6.879792e+001  3.400000e+000
      vertex  5.300000e+000  7.000000e+001  3.400000e+000
    endloop
  endfacet
  facet normal  9.238794e-001  3.826837e-001  -0.000000e+000
    outer loop
      vertex  5.797918e+000  6.879792e+001  6.400000e+000
      vertex  5.300000e+000  7.000000e+001  3.400000e+000
      vertex  5.300000e+000  7.000000e+001  6.400000e+000
    endloop
  endfacet
  facet normal  3.420203e-001  9.396926e-001  -0.000000e+000
    outer loop
      vertex -1.823306e+000  5.965952e+001  3.400000e+000
      vertex -5.250000e+000  6.090673e+001  0.000000e+000
      vertex -5.250000e+000  6.090673e+001  3.400000e+000
    endloop
  endfacet
  facet normal  6.427872e-001  7.660449e-001  0.000000e+000
    outer loop
      vertex -5.250000e+000  6.090673e+001  3.400000e+000
      vertex -5.250000e+000  6.090673e+001  0.000000e+000
      vertex -8.043467e+000  6.325073e+001  0.000000e+000
    endloop
  endfacet
  facet normal  6.427872e-001  7.660449e-001  -0.000000e+000
    outer loop
      vertex -5.250000e+000  6.090673e+001  3.400000e+000
      vertex -8.043467e+000  6.325073e+001  0.000000e+000
      vertex -8.043467e+000  6.325073e+001  3.400000e+000
    endloop
  endfacet
  facet normal  8.660256e-001  4.999996e-001  0.000000e+000
    outer loop
      vertex -8.043467e+000  6.325073e+001  3.400000e+000
      vertex -8.043467e+000  6.325073e+001  0.000000e+000
      vertex -9.866773e+000  6.640879e+001  0.000000e+000
    endloop
  endfacet
  facet normal  8.660256e-001  4.999996e-001  -0.000000e+000
    outer loop
      vertex -8.043467e+000  6.325073e+001  3.400000e+000
      vertex -9.866773e+000  6.640879e+001  0.000000e+000
      vertex -9.866773e+000  6.640879e+001  3.400000e+000
    endloop
  endfacet
  facet normal  9.848078e-001  1.736482e-001  0.000000e+000
    outer loop
      vertex -9.866773e+000  6.640879e+001  3.400000e+000
      vertex -9.866773e+000  6.640879e+001  0.000000e+000
      vertex -1.050000e+001  7.000000e+001  0.000000e+000
    endloop
  endfacet
  facet normal  9.848078e-001  1.736482e-001  -0.000000e+000
    outer loop
      vertex -9.866773e+000  6.640879e+001  3.400000e+000
      vertex -1.050000e+001  7.000000e+001  0.000000e+000
      vertex -1.050000e+001  7.000000e+001  3.400000e+000
    endloop
  endfacet
  facet normal  3.420203e-001  9.396926e-001  0.000000e+000
    outer loop
      vertex -5.250000e+000  6.090673e+001  0.000000e+000
      vertex -1.823306e+000  5.965952e+001  3.400000e+000
      vertex -1.823306e+000  5.965952e+001  0.000000e+000
    endloop
  endfacet
  facet normal  0.000000e+000  1.000000e+000  0.000000e+000
    outer loop
      vertex -1.823306e+000  5.965952e+001  0.000000e+000
      vertex -1.823306e+000  5.965952e+001  3.400000e+000
      vertex  1.823306e+000  5.965952e+001  3.400000e+000
    endloop
  endfacet
  facet normal  0.000000e+000  1.000000e+000  0.000000e+000
    outer loop
      vertex -1.823306e+000  5.965952e+001  0.000000e+000
      vertex  1.823306e+000  5.965952e+001  3.400000e+000
      vertex  1.823306e+000  5.965952e+001  0.000000e+000
    endloop
  endfacet
  facet normal -3.420203e-001  9.396926e-001  0.000000e+000
    outer loop
      vertex  1.823306e+000  5.965952e+001  0.000000e+000
      vertex  1.823306e+000  5.965952e+001  3.400000e+000
      vertex  5.250000e+000  6.090673e+001  3.400000e+000
    endloop
  endfacet
  facet normal -3.420203e-001  9.396926e-001  0.000000e+000
    outer loop
      vertex  1.823306e+000  5.965952e+001  0.000000e+000
      vertex  5.250000e+000  6.090673e+001  3.400000e+000
      vertex  5.250000e+000  6.090673e+001  0.000000e+000
    endloop
  endfacet
  facet normal -6.427872e-001  7.660449e-001  0.000000e+000
    outer loop
      vertex  5.250000e+000  6.090673e+001  0.000000e+000
      vertex  5.250000e+000  6.090673e+001  3.400000e+000
      vertex  8.043467e+000  6.325073e+001  3.400000e+000
    endloop
  endfacet
  facet normal -6.427872e-001  7.660449e-001  0.000000e+000
    outer loop
      vertex  5.250000e+000  6.090673e+001  0.000000e+000
      vertex  8.043467e+000  6.325073e+001  3.400000e+000
      vertex  8.043467e+000  6.325073e+001  0.000000e+000
    endloop
  endfacet
  facet normal -8.660256e-001  4.999996e-001  0.000000e+000
    outer loop
      vertex  8.043467e+000  6.325073e+001  0.000000e+000
      vertex  8.043467e+000  6.325073e+001  3.400000e+000
      vertex  9.866773e+000  6.640879e+001  3.400000e+000
    endloop
  endfacet
  facet normal -8.660256e-001  4.999996e-001  0.000000e+000
    outer loop
      vertex  8.043467e+000  6.325073e+001  0.000000e+000
      vertex  9.866773e+000  6.640879e+001  3.400000e+000
      vertex  9.866773e+000  6.640879e+001  0.000000e+000
    endloop
  endfacet
  facet normal -9.848078e-001  1.736482e-001  0.000000e+000
    outer loop
      vertex  9.866773e+000  6.640879e+001  0.000000e+000
      vertex  9.866773e+000  6.640879e+001  3.400000e+000
      vertex  1.050000e+001  7.000000e+001  3.400000e+000
    endloop
  endfacet
  facet normal -9.848078e-001  1.736482e-001  0.000000e+000
    outer loop
      vertex  9.866773e+000  6.640879e+001  0.000000e+000
      vertex  1.050000e+001  7.000000e+001  3.400000e+000
      vertex  1.050000e+001  7.000000e+001  0.000000e+000
    endloop
  endfacet
  facet normal -3.420203e-001 -9.396926e-001  0.000000e+000
    outer loop
      vertex  1.823306e+000  8.034048e+001  3.400000e+000
      vertex  5.250000e+000  7.909327e+001  0.000000e+000
      vertex  5.250000e+000  7.909327e+001  3.400000e+000
    endloop
  endfacet
  facet normal -6.427884e-001 -7.660438e-001  -0.000000e+000
    outer loop
      vertex  5.250000e+000  7.909327e+001  3.400000e+000
      vertex  5.250000e+000  7.909327e+001  0.000000e+000
      vertex  8.043467e+000  7.674927e+001  0.000000e+000
    endloop
  endfacet
  facet normal -6.427884e-001 -7.660438e-001  0.000000e+000
    outer loop
      vertex  5.250000e+000  7.909327e+001  3.400000e+000
      vertex  8.043467e+000  7.674927e+001  0.000000e+000
      vertex  8.043467e+000  7.674927e+001  3.400000e+000
    endloop
  endfacet
  facet normal -8.660253e-001 -5.000001e-001  -0.000000e+000
    outer loop
      vertex  8.043467e+000  7.674927e+001  3.400000e+000
      vertex  8.043467e+000  7.674927e+001  0.000000e+000
      vertex  9.866773e+000  7.359121e+001  0.000000e+000
    endloop
  endfacet
  facet normal -8.660253e-001 -5.000001e-001  0.000000e+000
    outer loop
      vertex  8.043467e+000  7.674927e+001  3.400000e+000
      vertex  9.866773e+000  7.359121e+001  0.000000e+000
      vertex  9.866773e+000  7.359121e+001  3.400000e+000
    endloop
  endfacet
  facet normal -9.848078e-001 -1.736482e-001  -0.000000e+000
    outer loop
      vertex  9.866773e+000  7.359121e+001  3.400000e+000
      vertex  9.866773e+000  7.359121e+001  0.000000e+000
      vertex  1.050000e+001  7.000000e+001  0.000000e+000
    endloop
  endfacet
  facet normal -9.848078e-001 -1.736482e-001  0.000000e+000
    outer loop
      vertex  9.866773e+000  7.359121e+001  3.400000e+000
      vertex  1.050000e+001  7.000000e+001  0.000000e+000
      vertex  1.050000e+001  7.000000e+001  3.400000e+000
    endloop
  endfacet
  facet normal -3.420203e-001 -9.396926e-001  -0.000000e+000
    outer loop
      vertex  5.250000e+000  7.909327e+001  0.000000e+000
      vertex  1.823306e+000  8.034048e+001  3.400000e+000
      vertex  1.823306e+000  8.034048e+001  0.000000e+000
    endloop
  endfacet
  facet normal  0.000000e+000 -1.000000e+000  0.000000e+000
    outer loop
      vertex  1.823306e+000  8.034048e+001  0.000000e+000
      vertex  1.823306e+000  8.034048e+001  3.400000e+000
      vertex -1.823306e+000  8.034048e+001  3.400000e+000
    endloop
  endfacet
  facet normal  0.000000e+000 -1.000000e+000  0.000000e+000
    outer loop
      vertex  1.823306e+000  8.034048e+001  0.000000e+000
      vertex -1.823306e+000  8.034048e+001  3.400000e+000
      vertex -1.823306e+000  8.034048e+001  0.000000e+000
    endloop
  endfacet
  facet normal  3.420203e-001 -9.396926e-001  0.000000e+000
    outer loop
      vertex -1.823306e+000  8.034048e+001  0.000000e+000
      vertex -1.823306e+000  8.034048e+001  3.400000e+000
      vertex -5.250000e+000  7.909327e+001  3.400000e+000
    endloop
  endfacet
  facet normal  3.420203e-001 -9.396926e-001  0.000000e+000
    outer loop
      vertex -1.823306e+000  8.034048e+001  0.000000e+000
      vertex -5.250000e+000  7.909327e+001  3.400000e+000
      vertex -5.250000e+000  7.909327e+001  0.000000e+000
    endloop
  endfacet
  facet normal  6.427884e-001 -7.660438e-001  0.000000e+000
    outer loop
      vertex -5.250000e+000  7.909327e+001  0.000000e+000
      vertex -5.250000e+000  7.909327e+001  3.400000e+000
      vertex -8.043467e+000  7.674927e+001  3.400000e+000
    endloop
  endfacet
  facet normal  6.427884e-001 -7.660438e-001  0.000000e+000
    outer loop
      vertex -5.250000e+000  7.909327e+001  0.000000e+000
      vertex -8.043467e+000  7.674927e+001  3.400000e+000
      vertex -8.043467e+000  7.674927e+001  0.000000e+000
    endloop
  endfacet
  facet normal  8.660253e-001 -5.000001e-001  0.000000e+000
    outer loop
      vertex -8.043467e+000  7.674927e+001  0.000000e+000
      vertex -8.043467e+000  7.674927e+001  3.400000e+000
      vertex -9.866773e+000  7.359121e+001  3.400000e+000
    endloop
  endfacet
  facet normal  8.660253e-001 -5.000001e-001  0.000000e+000
    outer loop
      vertex -8.043467e+000  7.674927e+001  0.000000e+000
      vertex -9.866773e+000  7.359121e+001  3.400000e+000
      vertex -9.866773e+000  7.359121e+001  0.000000e+000
    endloop
  endfacet
  facet normal  9.848078e-001 -1.736482e-001  0.000000e+000
    outer loop
      vertex -9.866773e+000  7.359121e+001  0.000000e+000
      vertex -9.866773e+000  7.359121e+001  3.400000e+000
      vertex -1.050000e+001  7.000000e+001  3.400000e+000
    endloop
  endfacet
  facet normal  9.848078e-001 -1.736482e-001  0.000000e+000
    outer loop
      vertex -9.866773e+000  7.359121e+001  0.000000e+000
      vertex -1.050000e+001  7.000000e+001  3.400000e+000
      vertex -1.050000e+001  7.000000e+001  0.000000e+000
    endloop
  endfacet
  facet normal -9.848078e-001  1.736483e-001  0.000000e+000
    outer loop
      vertex  1.050000e+001  7.000000e+001  7.400000e+000
      vertex  9.866773e+000  6.640879e+001  9.000000e+000
      vertex  1.050000e+001  7.000000e+001  9.000000e+000
    endloop
  endfacet
  facet normal  9.848077e-001  1.736482e-001  0.000000e+000
    outer loop
      vertex -1.050000e+001  7.000000e+001  7.400000e+000
      vertex -9.866773e+000  6.640879e+001  6.400000e+000
      vertex -1.050000e+001  7.000000e+001  6.400000e+000
    endloop
  endfacet
  facet normal -3.420203e-001  9.396926e-001  0.000000e+000
    outer loop
      vertex  1.823306e+000  5.965952e+001  6.400000e+000
      vertex  5.250000e+000  6.090673e+001  9.000000e+000
      vertex  5.250000e+000  6.090673e+001  6.400000e+000
    endloop
  endfacet
  facet normal -6.427872e-001  7.660447e-001  0.000000e+000
    outer loop
      vertex  5.250000e+000  6.090673e+001  6.400000e+000
      vertex  5.250000e+000  6.090673e+001  9.000000e+000
      vertex  8.043467e+000  6.325073e+001  9.000000e+000
    endloop
  endfacet
  facet normal -6.427872e-001  7.660447e-001  0.000000e+000
    outer loop
      vertex  5.250000e+000  6.090673e+001  6.400000e+000
      vertex  8.043467e+000  6.325073e+001  9.000000e+000
      vertex  8.043467e+000  6.325073e+001  6.400000e+000
    endloop
  endfacet
  facet normal -8.660256e-001  4.999996e-001  0.000000e+000
    outer loop
      vertex  8.043467e+000  6.325073e+001  6.400000e+000
      vertex  8.043467e+000  6.325073e+001  9.000000e+000
      vertex  9.866773e+000  6.640879e+001  9.000000e+000
    endloop
  endfacet
  facet normal -8.660256e-001  4.999996e-001  0.000000e+000
    outer loop
      vertex  8.043467e+000  6.325073e+001  6.400000e+000
      vertex  9.866773e+000  6.640879e+001  9.000000e+000
      vertex  9.866773e+000  6.640879e+001  6.400000e+000
    endloop
  endfacet
  facet normal -9.848077e-001  1.736482e-001  0.000000e+000
    outer loop
      vertex  9.866773e+000  6.640879e+001  6.400000e+000
      vertex  9.866773e+000  6.640879e+001  9.000000e+000
      vertex  1.050000e+001  7.000000e+001  7.400000e+000
    endloop
  endfacet
  facet normal -9.848077e-001  1.736482e-001  0.000000e+000
    outer loop
      vertex  9.866773e+000  6.640879e+001  6.400000e+000
      vertex  1.050000e+001  7.000000e+001  7.400000e+000
      vertex  1.050000e+001  7.000000e+001  6.400000e+000
    endloop
  endfacet
  facet normal -3.420203e-001  9.396926e-001  0.000000e+000
    outer loop
      vertex  5.250000e+000  6.090673e+001  9.000000e+000
      vertex  1.823306e+000  5.965952e+001  6.400000e+000
      vertex  1.823306e+000  5.965952e+001  9.000000e+000
    endloop
  endfacet
  facet normal  0.000000e+000  1.000000e+000  0.000000e+000
    outer loop
      vertex  1.823306e+000  5.965952e+001  9.000000e+000
      vertex  1.823306e+000  5.965952e+001  6.400000e+000
      vertex -1.823306e+000  5.965952e+001  6.400000e+000
    endloop
  endfacet
  facet normal  0.000000e+000  1.000000e+000  0.000000e+000
    outer loop
      vertex  1.823306e+000  5.965952e+001  9.000000e+000
      vertex -1.823306e+000  5.965952e+001  6.400000e+000
      vertex -1.823306e+000  5.965952e+001  9.000000e+000
    endloop
  endfacet
  facet normal  3.420203e-001  9.396926e-001  0.000000e+000
    outer loop
      vertex -1.823306e+000  5.965952e+001  9.000000e+000
      vertex -1.823306e+000  5.965952e+001  6.400000e+000
      vertex -5.250000e+000  6.090673e+001  6.400000e+000
    endloop
  endfacet
  facet normal  3.420203e-001  9.396926e-001  -0.000000e+000
    outer loop
      vertex -1.823306e+000  5.965952e+001  9.000000e+000
      vertex -5.250000e+000  6.090673e+001  6.400000e+000
      vertex -5.250000e+000  6.090673e+001  9.000000e+000
    endloop
  endfacet
  facet normal  6.427872e-001  7.660447e-001  0.000000e+000
    outer loop
      vertex -5.250000e+000  6.090673e+001  9.000000e+000
      vertex -5.250000e+000  6.090673e+001  6.400000e+000
      vertex -8.043467e+000  6.325073e+001  6.400000e+000
    endloop
  endfacet
  facet normal  6.427872e-001  7.660447e-001  -0.000000e+000
    outer loop
      vertex -5.250000e+000  6.090673e+001  9.000000e+000
      vertex -8.043467e+000  6.325073e+001  6.400000e+000
      vertex -8.043467e+000  6.325073e+001  9.000000e+000
    endloop
  endfacet
  facet normal  8.660256e-001  4.999996e-001  0.000000e+000
    outer loop
      vertex -8.043467e+000  6.325073e+001  9.000000e+000
      vertex -8.043467e+000  6.325073e+001  6.400000e+000
      vertex -9.866773e+000  6.640879e+001  6.400000e+000
    endloop
  endfacet
  facet normal  8.660256e-001  4.999996e-001  -0.000000e+000
    outer loop
      vertex -8.043467e+000  6.325073e+001  9.000000e+000
      vertex -9.866773e+000  6.640879e+001  6.400000e+000
      vertex -9.866773e+000  6.640879e+001  9.000000e+000
    endloop
  endfacet
  facet normal  9.848077e-001  1.736482e-001  0.000000e+000
    outer loop
      vertex -9.866773e+000  6.640879e+001  9.000000e+000
      vertex -9.866773e+000  6.640879e+001  6.400000e+000
      vertex -1.050000e+001  7.000000e+001  7.400000e+000
    endloop
  endfacet
  facet normal  9.848078e-001  1.736483e-001  -0.000000e+000
    outer loop
      vertex -9.866773e+000  6.640879e+001  9.000000e+000
      vertex -1.050000e+001  7.000000e+001  7.400000e+000
      vertex -1.050000e+001  7.000000e+001  9.000000e+000
    endloop
  endfacet
  facet normal  9.848078e-001 -1.736483e-001  0.000000e+000
    outer loop
      vertex -1.050000e+001  7.000000e+001  7.400000e+000
      vertex -9.866773e+000  7.359121e+001  9.000000e+000
      vertex -1.050000e+001  7.000000e+001  9.000000e+000
    endloop
  endfacet
  facet normal -9.848077e-001 -1.736482e-001  0.000000e+000
    outer loop
      vertex  1.050000e+001  7.000000e+001  7.400000e+000
      vertex  9.866773e+000  7.359121e+001  6.400000e+000
      vertex  1.050000e+001  7.000000e+001  6.400000e+000
    endloop
  endfacet
  facet normal  3.420203e-001 -9.396926e-001  0.000000e+000
    outer loop
      vertex -1.823306e+000  8.034048e+001  6.400000e+000
      vertex -5.250000e+000  7.909327e+001  9.000000e+000
      vertex -5.250000e+000  7.909327e+001  6.400000e+000
    endloop
  endfacet
  facet normal  6.427884e-001 -7.660438e-001  0.000000e+000
    outer loop
      vertex -5.250000e+000  7.909327e+001  6.400000e+000
      vertex -5.250000e+000  7.909327e+001  9.000000e+000
      vertex -8.043467e+000  7.674927e+001  9.000000e+000
    endloop
  endfacet
  facet normal  6.427884e-001 -7.660438e-001  0.000000e+000
    outer loop
      vertex -5.250000e+000  7.909327e+001  6.400000e+000
      vertex -8.043467e+000  7.674927e+001  9.000000e+000
      vertex -8.043467e+000  7.674927e+001  6.400000e+000
    endloop
  endfacet
  facet normal  8.660254e-001 -5.000001e-001  0.000000e+000
    outer loop
      vertex -8.043467e+000  7.674927e+001  6.400000e+000
      vertex -8.043467e+000  7.674927e+001  9.000000e+000
      vertex -9.866773e+000  7.359121e+001  9.000000e+000
    endloop
  endfacet
  facet normal  8.660254e-001 -5.000001e-001  0.000000e+000
    outer loop
      vertex -8.043467e+000  7.674927e+001  6.400000e+000
      vertex -9.866773e+000  7.359121e+001  9.000000e+000
      vertex -9.866773e+000  7.359121e+001  6.400000e+000
    endloop
  endfacet
  facet normal  9.848077e-001 -1.736482e-001  0.000000e+000
    outer loop
      vertex -9.866773e+000  7.359121e+001  6.400000e+000
      vertex -9.866773e+000  7.359121e+001  9.000000e+000
      vertex -1.050000e+001  7.000000e+001  7.400000e+000
    endloop
  endfacet
  facet normal  9.848077e-001 -1.736482e-001  0.000000e+000
    outer loop
      vertex -9.866773e+000  7.359121e+001  6.400000e+000
      vertex -1.050000e+001  7.000000e+001  7.400000e+000
      vertex -1.050000e+001  7.000000e+001  6.400000e+000
    endloop
  endfacet
  facet normal  3.420203e-001 -9.396926e-001  0.000000e+000
    outer loop
      vertex -5.250000e+000  7.909327e+001  9.000000e+000
      vertex -1.823306e+000  8.034048e+001  6.400000e+000
      vertex -1.823306e+000  8.034048e+001  9.000000e+000
    endloop
  endfacet
  facet normal  0.000000e+000 -1.000000e+000  0.000000e+000
    outer loop
      vertex -1.823306e+000  8.034048e+001  9.000000e+000
      vertex -1.823306e+000  8.034048e+001  6.400000e+000
      vertex  1.823306e+000  8.034048e+001  6.400000e+000
    endloop
  endfacet
  facet normal  0.000000e+000 -1.000000e+000  0.000000e+000
    outer loop
      vertex -1.823306e+000  8.034048e+001  9.000000e+000
      vertex  1.823306e+000  8.034048e+001  6.400000e+000
      vertex  1.823306e+000  8.034048e+001  9.000000e+000
    endloop
  endfacet
  facet normal -3.420203e-001 -9.396926e-001  -0.000000e+000
    outer loop
      vertex  1.823306e+000  8.034048e+001  9.000000e+000
      vertex  1.823306e+000  8.034048e+001  6.400000e+000
      vertex  5.250000e+000  7.909327e+001  6.400000e+000
    endloop
  endfacet
  facet normal -3.420203e-001 -9.396926e-001  0.000000e+000
    outer loop
      vertex  1.823306e+000  8.034048e+001  9.000000e+000
      vertex  5.250000e+000  7.909327e+001  6.400000e+000
      vertex  5.250000e+000  7.909327e+001  9.000000e+000
    endloop
  endfacet
  facet normal -6.427884e-001 -7.660438e-001  -0.000000e+000
    outer loop
      vertex  5.250000e+000  7.909327e+001  9.000000e+000
      vertex  5.250000e+000  7.909327e+001  6.400000e+000
      vertex  8.043467e+000  7.674927e+001  6.400000e+000
    endloop
  endfacet
  facet normal -6.427884e-001 -7.660438e-001  0.000000e+000
    outer loop
      vertex  5.250000e+000  7.909327e+001  9.000000e+000
      vertex  8.043467e+000  7.674927e+001  6.400000e+000
      vertex  8.043467e+000  7.674927e+001  9.000000e+000
    endloop
  endfacet
  facet normal -8.660254e-001 -5.000001e-001  -0.000000e+000
    outer loop
      vertex  8.043467e+000  7.674927e+001  9.000000e+000
      vertex  8.043467e+000  7.674927e+001  6.400000e+000
      vertex  9.866773e+000  7.359121e+001  6.400000e+000
    endloop
  endfacet
  facet normal -8.660254e-001 -5.000001e-001  0.000000e+000
    outer loop
      vertex  8.043467e+000  7.674927e+001  9.000000e+000
      vertex  9.866773e+000  7.359121e+001  6.400000e+000
      vertex  9.866773e+000  7.359121e+001  9.000000e+000
    endloop
  endfacet
  facet normal -9.848077e-001 -1.736482e-001  -0.000000e+000
    outer loop
      vertex  9.866773e+000  7.359121e+001  9.000000e+000
      vertex  9.866773e+000  7.359121e+001  6.400000e+000
      vertex  1.050000e+001  7.000000e+001  7.400000e+000
    endloop
  endfacet
  facet normal -9.848078e-001 -1.736483e-001  0.000000e+000
    outer loop
      vertex  9.866773e+000  7.359121e+001  9.000000e+000
      vertex  1.050000e+001  7.000000e+001  7.400000e+000
      vertex  1.050000e+001  7.000000e+001  9.000000e+000
    endloop
  endfacet
  facet normal  8.634260e-001 -5.044489e-001 -5.192272e-003
    outer loop
      vertex  2.027621e+001 -7.493314e+001 -2.000000e+001
      vertex  1.833192e+001 -7.855951e+001  9.000000e+000
      vertex  1.739321e+001 -7.986773e+001 -2.000000e+001
    endloop
  endfacet
  facet normal  7.656223e-001 -6.432765e-001  4.236216e-003
    outer loop
      vertex  1.739321e+001 -7.986773e+001 -2.000000e+001
      vertex  1.833192e+001 -7.855951e+001  9.000000e+000
      vertex  1.514100e+001 -8.235732e+001  9.000000e+000
    endloop
  endfacet
  facet normal  7.043558e-001 -7.098197e-001 -6.234513e-003
    outer loop
      vertex  1.739321e+001 -7.986773e+001 -2.000000e+001
      vertex  1.514100e+001 -8.235732e+001  9.000000e+000
      vertex  1.333647e+001 -8.389324e+001 -2.000000e+001
    endloop
  endfacet
  facet normal  2.575694e-001 -9.662384e-001 -6.421628e-003
    outer loop
      vertex  2.857527e+000 -8.821006e+001 -2.000000e+001
      vertex  8.379746e+000 -8.673801e+001 -2.000000e+001
      vertex  5.740577e+000 -8.763426e+001  9.000000e+000
    endloop
  endfacet
  facet normal  1.290778e-001 -9.916108e-001  6.856199e-003
    outer loop
      vertex  5.740577e+000 -8.763426e+001  9.000000e+000
      vertex -1.123842e-001 -8.839614e+001  9.000000e+000
      vertex  2.857527e+000 -8.821006e+001 -2.000000e+001
    endloop
  endfacet
  facet normal  0.000000e+000 -9.999794e-001 -6.416451e-003
    outer loop
      vertex  2.857527e+000 -8.821006e+001 -2.000000e+001
      vertex -1.123842e-001 -8.839614e+001  9.000000e+000
      vertex -2.857527e+000 -8.821006e+001 -2.000000e+001
    endloop
  endfacet
  facet normal -1.392013e-001 -9.902406e-001  6.822845e-003
    outer loop
      vertex -2.857527e+000 -8.821006e+001 -2.000000e+001
      vertex -1.123842e-001 -8.839614e+001  9.000000e+000
      vertex -5.957256e+000 -8.757451e+001  9.000000e+000
    endloop
  endfacet
  facet normal -2.575695e-001 -9.662389e-001 -6.355215e-003
    outer loop
      vertex -2.857527e+000 -8.821006e+001 -2.000000e+001
      vertex -5.957256e+000 -8.757451e+001  9.000000e+000
      vertex -8.379746e+000 -8.673801e+001 -2.000000e+001
    endloop
  endfacet
  facet normal -3.974606e-001 -9.175946e-001  6.733608e-003
    outer loop
      vertex -8.379746e+000 -8.673801e+001 -2.000000e+001
      vertex -5.957256e+000 -8.757451e+001  9.000000e+000
      vertex -1.137333e+001 -8.522851e+001  9.000000e+000
    endloop
  endfacet
  facet normal -4.977573e-001 -8.672939e-001 -6.237969e-003
    outer loop
      vertex -8.379746e+000 -8.673801e+001 -2.000000e+001
      vertex -1.137333e+001 -8.522851e+001  9.000000e+000
      vertex -1.333647e+001 -8.389324e+001 -2.000000e+001
    endloop
  endfacet
  facet normal -6.271117e-001 -7.789015e-001  6.588522e-003
    outer loop
      vertex -1.333647e+001 -8.389324e+001 -2.000000e+001
      vertex -1.137333e+001 -8.522851e+001  9.000000e+000
      vertex -1.597078e+001 -8.152700e+001  9.000000e+000
    endloop
  endfacet
  facet normal -7.043566e-001 -7.098205e-001 -6.064876e-003
    outer loop
      vertex -1.333647e+001 -8.389324e+001 -2.000000e+001
      vertex -1.597078e+001 -8.152700e+001  9.000000e+000
      vertex -1.739321e+001 -7.986773e+001 -2.000000e+001
    endloop
  endfacet
  facet normal -8.116246e-001 -5.841443e-001  6.387298e-003
    outer loop
      vertex -1.739321e+001 -7.986773e+001 -2.000000e+001
      vertex -1.597078e+001 -8.152700e+001  9.000000e+000
      vertex -1.941866e+001 -7.673642e+001  9.000000e+000
    endloop
  endfacet
  facet normal -8.634230e-001 -5.044471e-001 -5.835854e-003
    outer loop
      vertex -1.739321e+001 -7.986773e+001 -2.000000e+001
      vertex -1.941866e+001 -7.673642e+001  9.000000e+000
      vertex -2.027621e+001 -7.493314e+001 -2.000000e+001
    endloop
  endfacet
  facet normal -9.377188e-001 -3.473412e-001  6.130294e-003
    outer loop
      vertex -2.027621e+001 -7.493314e+001 -2.000000e+001
      vertex -1.941866e+001 -7.673642e+001  9.000000e+000
      vertex -2.146883e+001 -7.120158e+001  9.000000e+000
    endloop
  endfacet
  facet normal -9.642239e-001 -2.650312e-001 -5.550895e-003
    outer loop
      vertex -2.179090e+001 -6.942246e+001 -2.000000e+001
      vertex -2.027621e+001 -7.493314e+001 -2.000000e+001
      vertex -2.146883e+001 -7.120158e+001  9.000000e+000
    endloop
  endfacet
  facet normal  3.880647e-001 -9.216068e-001  6.833561e-003
    outer loop
      vertex  1.118034e+001 -8.534372e+001  9.000000e+000
      vertex  5.740577e+000 -8.763426e+001  9.000000e+000
      vertex  8.379746e+000 -8.673801e+001 -2.000000e+001
    endloop
  endfacet
  facet normal  4.977569e-001 -8.672932e-001 -6.370998e-003
    outer loop
      vertex  1.118034e+001 -8.534372e+001  9.000000e+000
      vertex  8.379746e+000 -8.673801e+001 -2.000000e+001
      vertex  1.333647e+001 -8.389324e+001 -2.000000e+001
    endloop
  endfacet
  facet normal  6.020430e-001 -7.984491e-001  4.825952e-003
    outer loop
      vertex  1.118034e+001 -8.534372e+001  9.000000e+000
      vertex  1.333647e+001 -8.389324e+001 -2.000000e+001
      vertex  1.514100e+001 -8.235732e+001  9.000000e+000
    endloop
  endfacet
  facet normal -9.832188e-001  1.824304e-001  0.000000e+000
    outer loop
      vertex -2.197369e+001 -6.532088e+001  9.000000e+000
      vertex -2.089693e+001 -5.951758e+001  9.000000e+000
      vertex -2.089693e+001 -5.951758e+001 -2.000000e+001
    endloop
  endfacet
  facet normal -9.740813e-001  2.260166e-001  9.061461e-003
    outer loop
      vertex -2.197369e+001 -6.532088e+001  9.000000e+000
      vertex -2.089693e+001 -5.951758e+001 -2.000000e+001
      vertex -2.179090e+001 -6.337039e+001 -2.000000e+001
    endloop
  endfacet
  facet normal -9.956371e-001  9.331037e-002  0.000000e+000
    outer loop
      vertex -2.197369e+001 -6.532088e+001  9.000000e+000
      vertex -2.179090e+001 -6.337039e+001 -2.000000e+001
      vertex -2.179090e+001 -6.337039e+001 -2.100000e+001
    endloop
  endfacet
  facet normal -9.976197e-001  6.893733e-002 -1.596725e-003
    outer loop
      vertex -2.197369e+001 -6.532088e+001  9.000000e+000
      vertex -2.179090e+001 -6.337039e+001 -2.100000e+001
      vertex -2.200000e+001 -6.639642e+001 -2.100000e+001
    endloop
  endfacet
  facet normal -9.976155e-001 -6.893695e-002  3.346277e-003
    outer loop
      vertex -2.197369e+001 -6.532088e+001  9.000000e+000
      vertex -2.200000e+001 -6.639642e+001 -2.100000e+001
      vertex -2.179090e+001 -6.942246e+001 -2.100000e+001
    endloop
  endfacet
  facet normal -9.990082e-001 -4.452354e-002  0.000000e+000
    outer loop
      vertex -2.197369e+001 -6.532088e+001  9.000000e+000
      vertex -2.179090e+001 -6.942246e+001 -2.100000e+001
      vertex -2.179090e+001 -6.942246e+001 -2.000000e+001
    endloop
  endfacet
  facet normal -9.963182e-001 -8.553542e-002  5.817430e-003
    outer loop
      vertex -2.197369e+001 -6.532088e+001  9.000000e+000
      vertex -2.179090e+001 -6.942246e+001 -2.000000e+001
      vertex -2.146883e+001 -7.120158e+001  9.000000e+000
    endloop
  endfacet
  facet normal  9.741213e-001  2.260259e-001  0.000000e+000
    outer loop
      vertex  2.089693e+001 -5.951758e+001 -2.000000e+001
      vertex  2.089693e+001 -5.951758e+001  9.000000e+000
      vertex  2.179090e+001 -6.337039e+001 -2.000000e+001
    endloop
  endfacet
  facet normal  9.790498e-001  2.035969e-001  3.131735e-003
    outer loop
      vertex  2.179090e+001 -6.337039e+001 -2.000000e+001
      vertex  2.089693e+001 -5.951758e+001  9.000000e+000
      vertex  2.190685e+001 -6.437407e+001  9.000000e+000
    endloop
  endfacet
  facet normal  9.933925e-001  1.147667e-001  0.000000e+000
    outer loop
      vertex  2.179090e+001 -6.337039e+001 -2.000000e+001
      vertex  2.190685e+001 -6.437407e+001  9.000000e+000
      vertex  2.179090e+001 -6.337039e+001 -2.100000e+001
    endloop
  endfacet
  facet normal  9.976197e-001  6.893733e-002 -1.549608e-003
    outer loop
      vertex  2.179090e+001 -6.337039e+001 -2.100000e+001
      vertex  2.190685e+001 -6.437407e+001  9.000000e+000
      vertex  2.200000e+001 -6.639642e+001 -2.100000e+001
    endloop
  endfacet
  facet normal  9.975910e-001 -6.893527e-002  7.744544e-003
    outer loop
      vertex  2.200000e+001 -6.639642e+001 -2.100000e+001
      vertex  2.190685e+001 -6.437407e+001  9.000000e+000
      vertex  2.179090e+001 -6.942246e+001 -2.100000e+001
    endloop
  endfacet
  facet normal  9.997811e-001 -2.091961e-002 -3.439842e-004
    outer loop
      vertex  2.179090e+001 -6.942246e+001 -2.100000e+001
      vertex  2.190685e+001 -6.437407e+001  9.000000e+000
      vertex  2.180308e+001 -6.933337e+001  9.000000e+000
    endloop
  endfacet
  facet normal  9.907756e-001 -1.355126e-001  0.000000e+000
    outer loop
      vertex  2.179090e+001 -6.942246e+001 -2.100000e+001
      vertex  2.180308e+001 -6.933337e+001  9.000000e+000
      vertex  2.179090e+001 -6.942246e+001 -2.000000e+001
    endloop
  endfacet
  facet normal  9.642386e-001 -2.650353e-001  4.090807e-004
    outer loop
      vertex  2.179090e+001 -6.942246e+001 -2.000000e+001
      vertex  2.180308e+001 -6.933337e+001  9.000000e+000
      vertex  2.027621e+001 -7.493314e+001 -2.000000e+001
    endloop
  endfacet
  facet normal  9.696742e-001 -2.443711e-001 -3.867268e-003
    outer loop
      vertex  2.027621e+001 -7.493314e+001 -2.000000e+001
      vertex  2.180308e+001 -6.933337e+001  9.000000e+000
      vertex  2.059090e+001 -7.414336e+001  9.000000e+000
    endloop
  endfacet
  facet normal  8.902817e-001 -4.554020e-001  2.741429e-003
    outer loop
      vertex  2.027621e+001 -7.493314e+001 -2.000000e+001
      vertex  2.059090e+001 -7.414336e+001  9.000000e+000
      vertex  1.833192e+001 -7.855951e+001  9.000000e+000
    endloop
  endfacet
  facet normal  0.000000e+000  0.000000e+000 -1.000000e+000
    outer loop
      vertex -2.179090e+001 -6.942246e+001 -2.100000e+001
      vertex -2.200000e+001 -6.639642e+001 -2.100000e+001
      vertex -1.550000e+001 -6.814642e+001 -2.100000e+001
    endloop
  endfacet
  facet normal  0.000000e+000  0.000000e+000 -1.000000e+000
    outer loop
      vertex -1.673744e+001 -6.763387e+001 -2.100000e+001
      vertex -1.550000e+001 -6.814642e+001 -2.100000e+001
      vertex -2.200000e+001 -6.639642e+001 -2.100000e+001
    endloop
  endfacet
  facet normal  0.000000e+000  0.000000e+000 -1.000000e+000
    outer loop
      vertex -1.725000e+001 -6.639642e+001 -2.100000e+001
      vertex -1.673744e+001 -6.763387e+001 -2.100000e+001
      vertex -2.200000e+001 -6.639642e+001 -2.100000e+001
    endloop
  endfacet
  facet normal  0.000000e+000  0.000000e+000 -1.000000e+000
    outer loop
      vertex -1.000000e+001 -6.942246e+001 -2.100000e+001
      vertex -2.179090e+001 -6.942246e+001 -2.100000e+001
      vertex -1.550000e+001 -6.814642e+001 -2.100000e+001
    endloop
  endfacet
  facet normal  0.000000e+000  0.000000e+000 -1.000000e+000
    outer loop
      vertex -1.000000e+001 -6.942246e+001 -2.100000e+001
      vertex -1.550000e+001 -6.814642e+001 -2.100000e+001
      vertex -1.426256e+001 -6.763387e+001 -2.100000e+001
    endloop
  endfacet
  facet normal  0.000000e+000  0.000000e+000 -9.999999e-001
    outer loop
      vertex -1.000000e+001 -6.942246e+001 -2.100000e+001
      vertex -1.426256e+001 -6.763387e+001 -2.100000e+001
      vertex -1.000000e+001 -6.337039e+001 -2.100000e+001
    endloop
  endfacet
  facet normal  -0.000000e+000  0.000000e+000 -1.000000e+000
    outer loop
      vertex -2.179090e+001 -6.337039e+001 -2.100000e+001
      vertex -1.000000e+001 -6.337039e+001 -2.100000e+001
      vertex -1.550000e+001 -6.464642e+001 -2.100000e+001
    endloop
  endfacet
  facet normal  -0.000000e+000  0.000000e+000 -1.000000e+000
    outer loop
      vertex -2.179090e+001 -6.337039e+001 -2.100000e+001
      vertex -1.550000e+001 -6.464642e+001 -2.100000e+001
      vertex -1.673744e+001 -6.515899e+001 -2.100000e+001
    endloop
  endfacet
  facet normal  -0.000000e+000  0.000000e+000 -1.000000e+000
    outer loop
      vertex -2.179090e+001 -6.337039e+001 -2.100000e+001
      vertex -1.673744e+001 -6.515899e+001 -2.100000e+001
      vertex -1.725000e+001 -6.639642e+001 -2.100000e+001
    endloop
  endfacet
  facet normal  0.000000e+000  0.000000e+000 -1.000000e+000
    outer loop
      vertex -2.179090e+001 -6.337039e+001 -2.100000e+001
      vertex -1.725000e+001 -6.639642e+001 -2.100000e+001
      vertex -2.200000e+001 -6.639642e+001 -2.100000e+001
    endloop
  endfacet
  facet normal  0.000000e+000  0.000000e+000 -1.000000e+000
    outer loop
      vertex -1.000000e+001 -6.337039e+001 -2.100000e+001
      vertex -1.426256e+001 -6.763387e+001 -2.100000e+001
      vertex -1.375000e+001 -6.639642e+001 -2.100000e+001
    endloop
  endfacet
  facet normal  0.000000e+000  0.000000e+000 -1.000000e+000
    outer loop
      vertex -1.000000e+001 -6.337039e+001 -2.100000e+001
      vertex -1.375000e+001 -6.639642e+001 -2.100000e+001
      vertex -1.426256e+001 -6.515899e+001 -2.100000e+001
    endloop
  endfacet
  facet normal  0.000000e+000  0.000000e+000 -1.000000e+000
    outer loop
      vertex -1.000000e+001 -6.337039e+001 -2.100000e+001
      vertex -1.426256e+001 -6.515899e+001 -2.100000e+001
      vertex -1.550000e+001 -6.464642e+001 -2.100000e+001
    endloop
  endfacet
  facet normal  0.000000e+000  0.000000e+000 -1.000000e+000
    outer loop
      vertex  2.179090e+001 -6.337039e+001 -2.100000e+001
      vertex  2.200000e+001 -6.639642e+001 -2.100000e+001
      vertex  1.725000e+001 -6.639642e+001 -2.100000e+001
    endloop
  endfacet
  facet normal  0.000000e+000  0.000000e+000 -1.000000e+000
    outer loop
      vertex  2.179090e+001 -6.337039e+001 -2.100000e+001
      vertex  1.725000e+001 -6.639642e+001 -2.100000e+001
      vertex  1.673744e+001 -6.515899e+001 -2.100000e+001
    endloop
  endfacet
  facet normal  0.000000e+000  0.000000e+000 -1.000000e+000
    outer loop
      vertex  2.179090e+001 -6.337039e+001 -2.100000e+001
      vertex  1.673744e+001 -6.515899e+001 -2.100000e+001
      vertex  1.550000e+001 -6.464642e+001 -2.100000e+001
    endloop
  endfacet
  facet normal  0.000000e+000  0.000000e+000 -1.000000e+000
    outer loop
      vertex  2.179090e+001 -6.337039e+001 -2.100000e+001
      vertex  1.550000e+001 -6.464642e+001 -2.100000e+001
      vertex  1.000000e+001 -6.337039e+001 -2.100000e+001
    endloop
  endfacet
  facet normal  0.000000e+000  0.000000e+000 -9.999999e-001
    outer loop
      vertex  1.000000e+001 -6.942246e+001 -2.100000e+001
      vertex  1.000000e+001 -6.337039e+001 -2.100000e+001
      vertex  1.426256e+001 -6.763387e+001 -2.100000e+001
    endloop
  endfacet
  facet normal  0.000000e+000  -0.000000e+000 -1.000000e+000
    outer loop
      vertex  1.000000e+001 -6.942246e+001 -2.100000e+001
      vertex  1.426256e+001 -6.763387e+001 -2.100000e+001
      vertex  1.550000e+001 -6.814642e+001 -2.100000e+001
    endloop
  endfacet
  facet normal  0.000000e+000  -0.000000e+000 -1.000000e+000
    outer loop
      vertex  1.000000e+001 -6.942246e+001 -2.100000e+001
      vertex  1.550000e+001 -6.814642e+001 -2.100000e+001
      vertex  2.179090e+001 -6.942246e+001 -2.100000e+001
    endloop
  endfacet
  facet normal  -0.000000e+000  0.000000e+000 -1.000000e+000
    outer loop
      vertex  1.000000e+001 -6.337039e+001 -2.100000e+001
      vertex  1.550000e+001 -6.464642e+001 -2.100000e+001
      vertex  1.426256e+001 -6.515899e+001 -2.100000e+001
    endloop
  endfacet
  facet normal  -0.000000e+000  0.000000e+000 -1.000000e+000
    outer loop
      vertex  1.000000e+001 -6.337039e+001 -2.100000e+001
      vertex  1.426256e+001 -6.515899e+001 -2.100000e+001
      vertex  1.375000e+001 -6.639642e+001 -2.100000e+001
    endloop
  endfacet
  facet normal  -0.000000e+000  -0.000000e+000 -1.000000e+000
    outer loop
      vertex  1.000000e+001 -6.337039e+001 -2.100000e+001
      vertex  1.375000e+001 -6.639642e+001 -2.100000e+001
      vertex  1.426256e+001 -6.763387e+001 -2.100000e+001
    endloop
  endfacet
  facet normal  0.000000e+000  0.000000e+000 -1.000000e+000
    outer loop
      vertex  2.179090e+001 -6.942246e+001 -2.100000e+001
      vertex  1.550000e+001 -6.814642e+001 -2.100000e+001
      vertex  2.200000e+001 -6.639642e+001 -2.100000e+001
    endloop
  endfacet
  facet normal  0.000000e+000  0.000000e+000 -1.000000e+000
    outer loop
      vertex  2.200000e+001 -6.639642e+001 -2.100000e+001
      vertex  1.550000e+001 -6.814642e+001 -2.100000e+001
      vertex  1.673744e+001 -6.763387e+001 -2.100000e+001
    endloop
  endfacet
  facet normal  0.000000e+000  0.000000e+000 -1.000000e+000
    outer loop
      vertex  2.200000e+001 -6.639642e+001 -2.100000e+001
      vertex  1.673744e+001 -6.763387e+001 -2.100000e+001
      vertex  1.725000e+001 -6.639642e+001 -2.100000e+001
    endloop
  endfacet
  facet normal  0.000000e+000  1.000000e+000  -0.000000e+000
    outer loop
      vertex -1.000000e+001 -6.337039e+001 -2.000000e+001
      vertex -1.000000e+001 -6.337039e+001 -2.100000e+001
      vertex -1.850421e+001 -6.337039e+001 -2.000000e+001
    endloop
  endfacet
  facet normal  0.000000e+000  1.000000e+000  0.000000e+000
    outer loop
      vertex -1.850421e+001 -6.337039e+001 -2.000000e+001
      vertex -1.000000e+001 -6.337039e+001 -2.100000e+001
      vertex -2.179090e+001 -6.337039e+001 -2.100000e+001
    endloop
  endfacet
  facet normal  0.000000e+000  1.000000e+000  0.000000e+000
    outer loop
      vertex -1.850421e+001 -6.337039e+001 -2.000000e+001
      vertex -2.179090e+001 -6.337039e+001 -2.100000e+001
      vertex -2.179090e+001 -6.337039e+001 -2.000000e+001
    endloop
  endfacet
  facet normal  0.000000e+000 -1.000000e+000  0.000000e+000
    outer loop
      vertex -2.179090e+001 -6.942246e+001 -2.000000e+001
      vertex -2.179090e+001 -6.942246e+001 -2.100000e+001
      vertex -1.850421e+001 -6.942246e+001 -2.000000e+001
    endloop
  endfacet
  facet normal  0.000000e+000 -1.000000e+000  -0.000000e+000
    outer loop
      vertex -1.850421e+001 -6.942246e+001 -2.000000e+001
      vertex -2.179090e+001 -6.942246e+001 -2.100000e+001
      vertex -1.000000e+001 -6.942246e+001 -2.100000e+001
    endloop
  endfacet
  facet normal  0.000000e+000 -1.000000e+000  0.000000e+000
    outer loop
      vertex -1.850421e+001 -6.942246e+001 -2.000000e+001
      vertex -1.000000e+001 -6.942246e+001 -2.100000e+001
      vertex -1.000000e+001 -6.942246e+001 -2.000000e+001
    endloop
  endfacet
  facet normal  0.000000e+000 -1.000000e+000  0.000000e+000
    outer loop
      vertex  1.000000e+001 -6.942246e+001 -2.000000e+001
      vertex  1.000000e+001 -6.942246e+001 -2.100000e+001
      vertex  1.850421e+001 -6.942246e+001 -2.000000e+001
    endloop
  endfacet
  facet normal  0.000000e+000 -1.000000e+000  -0.000000e+000
    outer loop
      vertex  1.850421e+001 -6.942246e+001 -2.000000e+001
      vertex  1.000000e+001 -6.942246e+001 -2.100000e+001
      vertex  2.179090e+001 -6.942246e+001 -2.100000e+001
    endloop
  endfacet
  facet normal  0.000000e+000 -1.000000e+000  0.000000e+000
    outer loop
      vertex  1.850421e+001 -6.942246e+001 -2.000000e+001
      vertex  2.179090e+001 -6.942246e+001 -2.100000e+001
      vertex  2.179090e+001 -6.942246e+001 -2.000000e+001
    endloop
  endfacet
  facet normal  0.000000e+000  1.000000e+000  -0.000000e+000
    outer loop
      vertex  2.179090e+001 -6.337039e+001 -2.000000e+001
      vertex  2.179090e+001 -6.337039e+001 -2.100000e+001
      vertex  1.850421e+001 -6.337039e+001 -2.000000e+001
    endloop
  endfacet
  facet normal  0.000000e+000  1.000000e+000  0.000000e+000
    outer loop
      vertex  1.850421e+001 -6.337039e+001 -2.000000e+001
      vertex  2.179090e+001 -6.337039e+001 -2.100000e+001
      vertex  1.000000e+001 -6.337039e+001 -2.100000e+001
    endloop
  endfacet
  facet normal  0.000000e+000  1.000000e+000  0.000000e+000
    outer loop
      vertex  1.850421e+001 -6.337039e+001 -2.000000e+001
      vertex  1.000000e+001 -6.337039e+001 -2.100000e+001
      vertex  1.000000e+001 -6.337039e+001 -2.000000e+001
    endloop
  endfacet
  facet normal  0.000000e+000  -0.000000e+000 -1.000000e+000
    outer loop
      vertex  5.213010e+000 -8.440717e+001 -2.000000e+001
      vertex  1.001496e+001 -8.224771e+001 -2.000000e+001
      vertex  1.333647e+001 -8.389324e+001 -2.000000e+001
    endloop
  endfacet
  facet normal  0.000000e+000  0.000000e+000 -1.000000e+000
    outer loop
      vertex  1.333647e+001 -8.389324e+001 -2.000000e+001
      vertex  1.001496e+001 -8.224771e+001 -2.000000e+001
      vertex  1.402719e+001 -7.883831e+001 -2.000000e+001
    endloop
  endfacet
  facet normal  0.000000e+000  -0.000000e+000 -1.000000e+000
    outer loop
      vertex  1.333647e+001 -8.389324e+001 -2.000000e+001
      vertex  1.402719e+001 -7.883831e+001 -2.000000e+001
      vertex  1.739321e+001 -7.986773e+001 -2.000000e+001
    endloop
  endfacet
  facet normal  0.000000e+000  0.000000e+000 -1.000000e+000
    outer loop
      vertex  1.739321e+001 -7.986773e+001 -2.000000e+001
      vertex  1.402719e+001 -7.883831e+001 -2.000000e+001
      vertex  1.693332e+001 -7.444783e+001 -2.000000e+001
    endloop
  endfacet
  facet normal  0.000000e+000  0.000000e+000 -1.000000e+000
    outer loop
      vertex  1.739321e+001 -7.986773e+001 -2.000000e+001
      vertex  1.693332e+001 -7.444783e+001 -2.000000e+001
      vertex  2.027621e+001 -7.493314e+001 -2.000000e+001
    endloop
  endfacet
  facet normal  0.000000e+000  0.000000e+000 -1.000000e+000
    outer loop
      vertex  2.027621e+001 -7.493314e+001 -2.000000e+001
      vertex  1.693332e+001 -7.444783e+001 -2.000000e+001
      vertex  1.850421e+001 -6.942246e+001 -2.000000e+001
    endloop
  endfacet
  facet normal  0.000000e+000  0.000000e+000 -1.000000e+000
    outer loop
      vertex  2.027621e+001 -7.493314e+001 -2.000000e+001
      vertex  1.850421e+001 -6.942246e+001 -2.000000e+001
      vertex  2.179090e+001 -6.942246e+001 -2.000000e+001
    endloop
  endfacet
  facet normal  0.000000e+000  -0.000000e+000 -1.000000e+000
    outer loop
      vertex -8.379746e+000 -8.673801e+001 -2.000000e+001
      vertex  1.148068e-015 -8.514642e+001 -2.000000e+001
      vertex  8.379746e+000 -8.673801e+001 -2.000000e+001
    endloop
  endfacet
  facet normal  0.000000e+000  0.000000e+000 -1.000000e+000
    outer loop
      vertex  8.379746e+000 -8.673801e+001 -2.000000e+001
      vertex  1.148068e-015 -8.514642e+001 -2.000000e+001
      vertex  5.213010e+000 -8.440717e+001 -2.000000e+001
    endloop
  endfacet
  facet normal  0.000000e+000  0.000000e+000 -1.000000e+000
    outer loop
      vertex  8.379746e+000 -8.673801e+001 -2.000000e+001
      vertex  5.213010e+000 -8.440717e+001 -2.000000e+001
      vertex  1.333647e+001 -8.389324e+001 -2.000000e+001
    endloop
  endfacet
  facet normal  0.000000e+000  0.000000e+000 -1.000000e+000
    outer loop
      vertex -5.213010e+000 -8.440717e+001 -2.000000e+001
      vertex -1.333647e+001 -8.389324e+001 -2.000000e+001
      vertex -1.001496e+001 -8.224771e+001 -2.000000e+001
    endloop
  endfacet
  facet normal  -0.000000e+000  0.000000e+000 -1.000000e+000
    outer loop
      vertex -1.001496e+001 -8.224771e+001 -2.000000e+001
      vertex -1.333647e+001 -8.389324e+001 -2.000000e+001
      vertex -1.739321e+001 -7.986773e+001 -2.000000e+001
    endloop
  endfacet
  facet normal  0.000000e+000  0.000000e+000 -1.000000e+000
    outer loop
      vertex -1.001496e+001 -8.224771e+001 -2.000000e+001
      vertex -1.739321e+001 -7.986773e+001 -2.000000e+001
      vertex -1.402719e+001 -7.883831e+001 -2.000000e+001
    endloop
  endfacet
  facet normal  -0.000000e+000  0.000000e+000 -1.000000e+000
    outer loop
      vertex -1.402719e+001 -7.883831e+001 -2.000000e+001
      vertex -1.739321e+001 -7.986773e+001 -2.000000e+001
      vertex -2.027621e+001 -7.493314e+001 -2.000000e+001
    endloop
  endfacet
  facet normal  0.000000e+000  0.000000e+000 -1.000000e+000
    outer loop
      vertex -1.402719e+001 -7.883831e+001 -2.000000e+001
      vertex -2.027621e+001 -7.493314e+001 -2.000000e+001
      vertex -1.693332e+001 -7.444783e+001 -2.000000e+001
    endloop
  endfacet
  facet normal  -0.000000e+000  0.000000e+000 -1.000000e+000
    outer loop
      vertex -1.693332e+001 -7.444783e+001 -2.000000e+001
      vertex -2.027621e+001 -7.493314e+001 -2.000000e+001
      vertex -2.179090e+001 -6.942246e+001 -2.000000e+001
    endloop
  endfacet
  facet normal  0.000000e+000  0.000000e+000 -1.000000e+000
    outer loop
      vertex -1.693332e+001 -7.444783e+001 -2.000000e+001
      vertex -2.179090e+001 -6.942246e+001 -2.000000e+001
      vertex -1.850421e+001 -6.942246e+001 -2.000000e+001
    endloop
  endfacet
  facet normal  0.000000e+000  0.000000e+000 -1.000000e+000
    outer loop
      vertex -8.379746e+000 -8.673801e+001 -2.000000e+001
      vertex -1.333647e+001 -8.389324e+001 -2.000000e+001
      vertex  1.148068e-015 -8.514642e+001 -2.000000e+001
    endloop
  endfacet
  facet normal  0.000000e+000  0.000000e+000 -1.000000e+000
    outer loop
      vertex  1.148068e-015 -8.514642e+001 -2.000000e+001
      vertex -1.333647e+001 -8.389324e+001 -2.000000e+001
      vertex -5.213010e+000 -8.440717e+001 -2.000000e+001
    endloop
  endfacet
  facet normal  0.000000e+000  0.000000e+000 -1.000000e+000
    outer loop
      vertex -2.857527e+000 -8.821006e+001 -2.000000e+001
      vertex -8.379746e+000 -8.673801e+001 -2.000000e+001
      vertex  2.857527e+000 -8.821006e+001 -2.000000e+001
    endloop
  endfacet
  facet normal  0.000000e+000  0.000000e+000 -9.999999e-001
    outer loop
      vertex  2.857527e+000 -8.821006e+001 -2.000000e+001
      vertex -8.379746e+000 -8.673801e+001 -2.000000e+001
      vertex  8.379746e+000 -8.673801e+001 -2.000000e+001
    endloop
  endfacet
  facet normal  0.000000e+000  0.000000e+000 -1.000000e+000
    outer loop
      vertex -2.089693e+001 -5.951758e+001 -2.000000e+001
      vertex -1.001496e+001 -5.054514e+001 -2.000000e+001
      vertex -1.402719e+001 -5.395454e+001 -2.000000e+001
    endloop
  endfacet
  facet normal  0.000000e+000  0.000000e+000 -1.000000e+000
    outer loop
      vertex -2.089693e+001 -5.951758e+001 -2.000000e+001
      vertex -1.402719e+001 -5.395454e+001 -2.000000e+001
      vertex -1.693332e+001 -5.834502e+001 -2.000000e+001
    endloop
  endfacet
  facet normal  0.000000e+000  0.000000e+000 -1.000000e+000
    outer loop
      vertex -2.089693e+001 -5.951758e+001 -2.000000e+001
      vertex -1.693332e+001 -5.834502e+001 -2.000000e+001
      vertex -1.850421e+001 -6.337039e+001 -2.000000e+001
    endloop
  endfacet
  facet normal  0.000000e+000  0.000000e+000 -1.000000e+000
    outer loop
      vertex -2.089693e+001 -5.951758e+001 -2.000000e+001
      vertex -1.850421e+001 -6.337039e+001 -2.000000e+001
      vertex -2.179090e+001 -6.337039e+001 -2.000000e+001
    endloop
  endfacet
  facet normal  0.000000e+000  0.000000e+000 -1.000000e+000
    outer loop
      vertex  1.657930e+001 -4.640127e+001 -2.000000e+001
      vertex  2.089693e+001 -5.951758e+001 -2.000000e+001
      vertex  1.402719e+001 -5.395454e+001 -2.000000e+001
    endloop
  endfacet
  facet normal  0.000000e+000  0.000000e+000 -1.000000e+000
    outer loop
      vertex  1.657930e+001 -4.640127e+001 -2.000000e+001
      vertex  1.402719e+001 -5.395454e+001 -2.000000e+001
      vertex  1.001496e+001 -5.054514e+001 -2.000000e+001
    endloop
  endfacet
  facet normal  0.000000e+000  0.000000e+000 -1.000000e+000
    outer loop
      vertex  1.657930e+001 -4.640127e+001 -2.000000e+001
      vertex  1.001496e+001 -5.054514e+001 -2.000000e+001
      vertex  5.213010e+000 -4.838568e+001 -2.000000e+001
    endloop
  endfacet
  facet normal  0.000000e+000  0.000000e+000 -1.000000e+000
    outer loop
      vertex  1.657930e+001 -4.640127e+001 -2.000000e+001
      vertex  5.213010e+000 -4.838568e+001 -2.000000e+001
      vertex -3.444205e-015 -4.764643e+001 -2.000000e+001
    endloop
  endfacet
  facet normal  -0.000000e+000  0.000000e+000 -1.000000e+000
    outer loop
      vertex -1.657930e+001 -4.640127e+001 -2.000000e+001
      vertex  1.657930e+001 -4.640127e+001 -2.000000e+001
      vertex -3.444205e-015 -4.764643e+001 -2.000000e+001
    endloop
  endfacet
  facet normal  -0.000000e+000  0.000000e+000 -1.000000e+000
    outer loop
      vertex -1.657930e+001 -4.640127e+001 -2.000000e+001
      vertex -3.444205e-015 -4.764643e+001 -2.000000e+001
      vertex -5.213010e+000 -4.838568e+001 -2.000000e+001
    endloop
  endfacet
  facet normal  -0.000000e+000  0.000000e+000 -1.000000e+000
    outer loop
      vertex -1.657930e+001 -4.640127e+001 -2.000000e+001
      vertex -5.213010e+000 -4.838568e+001 -2.000000e+001
      vertex -1.001496e+001 -5.054514e+001 -2.000000e+001
    endloop
  endfacet
  facet normal  -0.000000e+000  0.000000e+000 -9.999999e-001
    outer loop
      vertex -1.657930e+001 -4.640127e+001 -2.000000e+001
      vertex -1.001496e+001 -5.054514e+001 -2.000000e+001
      vertex -2.089693e+001 -5.951758e+001 -2.000000e+001
    endloop
  endfacet
  facet normal  0.000000e+000  0.000000e+000 -1.000000e+000
    outer loop
      vertex  1.402719e+001 -5.395454e+001 -2.000000e+001
      vertex  2.089693e+001 -5.951758e+001 -2.000000e+001
      vertex  1.693332e+001 -5.834502e+001 -2.000000e+001
    endloop
  endfacet
  facet normal  0.000000e+000  0.000000e+000 -1.000000e+000
    outer loop
      vertex  1.693332e+001 -5.834502e+001 -2.000000e+001
      vertex  2.089693e+001 -5.951758e+001 -2.000000e+001
      vertex  2.179090e+001 -6.337039e+001 -2.000000e+001
    endloop
  endfacet
  facet normal  0.000000e+000  0.000000e+000 -1.000000e+000
    outer loop
      vertex  1.693332e+001 -5.834502e+001 -2.000000e+001
      vertex  2.179090e+001 -6.337039e+001 -2.000000e+001
      vertex  1.850421e+001 -6.337039e+001 -2.000000e+001
    endloop
  endfacet
  facet normal  0.000000e+000  -0.000000e+000  9.999999e-001
    outer loop
      vertex -1.850421e+001 -6.337039e+001 -2.000000e+001
      vertex -1.673744e+001 -6.515899e+001 -2.000000e+001
      vertex -1.550000e+001 -6.464642e+001 -2.000000e+001
    endloop
  endfacet
  facet normal  0.000000e+000  0.000000e+000  1.000000e+000
    outer loop
      vertex -1.850421e+001 -6.337039e+001 -2.000000e+001
      vertex -1.875000e+001 -6.639642e+001 -2.000000e+001
      vertex -1.673744e+001 -6.515899e+001 -2.000000e+001
    endloop
  endfacet
  facet normal  0.000000e+000  0.000000e+000  1.000000e+000
    outer loop
      vertex -1.725000e+001 -6.639642e+001 -2.000000e+001
      vertex -1.673744e+001 -6.515899e+001 -2.000000e+001
      vertex -1.875000e+001 -6.639642e+001 -2.000000e+001
    endloop
  endfacet
  facet normal  0.000000e+000  0.000000e+000  1.000000e+000
    outer loop
      vertex -1.850421e+001 -6.942246e+001 -2.000000e+001
      vertex -1.000000e+001 -6.942246e+001 -2.000000e+001
      vertex -1.550000e+001 -6.814642e+001 -2.000000e+001
    endloop
  endfacet
  facet normal  0.000000e+000  0.000000e+000  1.000000e+000
    outer loop
      vertex -1.850421e+001 -6.942246e+001 -2.000000e+001
      vertex -1.550000e+001 -6.814642e+001 -2.000000e+001
      vertex -1.673744e+001 -6.763387e+001 -2.000000e+001
    endloop
  endfacet
  facet normal  0.000000e+000  0.000000e+000  1.000000e+000
    outer loop
      vertex -1.850421e+001 -6.942246e+001 -2.000000e+001
      vertex -1.673744e+001 -6.763387e+001 -2.000000e+001
      vertex -1.725000e+001 -6.639642e+001 -2.000000e+001
    endloop
  endfacet
  facet normal  0.000000e+000  0.000000e+000  1.000000e+000
    outer loop
      vertex -1.850421e+001 -6.942246e+001 -2.000000e+001
      vertex -1.725000e+001 -6.639642e+001 -2.000000e+001
      vertex -1.875000e+001 -6.639642e+001 -2.000000e+001
    endloop
  endfacet
  facet normal  -0.000000e+000  0.000000e+000  1.000000e+000
    outer loop
      vertex -1.000000e+001 -6.337039e+001 -2.000000e+001
      vertex -1.850421e+001 -6.337039e+001 -2.000000e+001
      vertex -1.550000e+001 -6.464642e+001 -2.000000e+001
    endloop
  endfacet
  facet normal  -0.000000e+000  0.000000e+000  1.000000e+000
    outer loop
      vertex -1.000000e+001 -6.337039e+001 -2.000000e+001
      vertex -1.550000e+001 -6.464642e+001 -2.000000e+001
      vertex -1.426256e+001 -6.515899e+001 -2.000000e+001
    endloop
  endfacet
  facet normal  -0.000000e+000  0.000000e+000  9.999999e-001
    outer loop
      vertex -1.000000e+001 -6.337039e+001 -2.000000e+001
      vertex -1.426256e+001 -6.515899e+001 -2.000000e+001
      vertex -1.000000e+001 -6.942246e+001 -2.000000e+001
    endloop
  endfacet
  facet normal  0.000000e+000  0.000000e+000  1.000000e+000
    outer loop
      vertex -1.000000e+001 -6.942246e+001 -2.000000e+001
      vertex -1.426256e+001 -6.515899e+001 -2.000000e+001
      vertex -1.375000e+001 -6.639642e+001 -2.000000e+001
    endloop
  endfacet
  facet normal  0.000000e+000  0.000000e+000  1.000000e+000
    outer loop
      vertex -1.000000e+001 -6.942246e+001 -2.000000e+001
      vertex -1.375000e+001 -6.639642e+001 -2.000000e+001
      vertex -1.426256e+001 -6.763387e+001 -2.000000e+001
    endloop
  endfacet
  facet normal  0.000000e+000  0.000000e+000  1.000000e+000
    outer loop
      vertex -1.000000e+001 -6.942246e+001 -2.000000e+001
      vertex -1.426256e+001 -6.763387e+001 -2.000000e+001
      vertex -1.550000e+001 -6.814642e+001 -2.000000e+001
    endloop
  endfacet
  facet normal  0.000000e+000  0.000000e+000  1.000000e+000
    outer loop
      vertex  1.850421e+001 -6.942246e+001 -2.000000e+001
      vertex  1.875000e+001 -6.639642e+001 -2.000000e+001
      vertex  1.725000e+001 -6.639642e+001 -2.000000e+001
    endloop
  endfacet
  facet normal  0.000000e+000  0.000000e+000  1.000000e+000
    outer loop
      vertex  1.850421e+001 -6.942246e+001 -2.000000e+001
      vertex  1.725000e+001 -6.639642e+001 -2.000000e+001
      vertex  1.673744e+001 -6.763387e+001 -2.000000e+001
    endloop
  endfacet
  facet normal  0.000000e+000  0.000000e+000  1.000000e+000
    outer loop
      vertex  1.850421e+001 -6.942246e+001 -2.000000e+001
      vertex  1.673744e+001 -6.763387e+001 -2.000000e+001
      vertex  1.550000e+001 -6.814642e+001 -2.000000e+001
    endloop
  endfacet
  facet normal  0.000000e+000  0.000000e+000  1.000000e+000
    outer loop
      vertex  1.850421e+001 -6.942246e+001 -2.000000e+001
      vertex  1.550000e+001 -6.814642e+001 -2.000000e+001
      vertex  1.000000e+001 -6.942246e+001 -2.000000e+001
    endloop
  endfacet
  facet normal  0.000000e+000  0.000000e+000  9.999999e-001
    outer loop
      vertex  1.000000e+001 -6.337039e+001 -2.000000e+001
      vertex  1.000000e+001 -6.942246e+001 -2.000000e+001
      vertex  1.426256e+001 -6.515899e+001 -2.000000e+001
    endloop
  endfacet
  facet normal  0.000000e+000  -0.000000e+000  1.000000e+000
    outer loop
      vertex  1.000000e+001 -6.337039e+001 -2.000000e+001
      vertex  1.426256e+001 -6.515899e+001 -2.000000e+001
      vertex  1.550000e+001 -6.464642e+001 -2.000000e+001
    endloop
  endfacet
  facet normal  0.000000e+000  -0.000000e+000  1.000000e+000
    outer loop
      vertex  1.000000e+001 -6.337039e+001 -2.000000e+001
      vertex  1.550000e+001 -6.464642e+001 -2.000000e+001
      vertex  1.850421e+001 -6.337039e+001 -2.000000e+001
    endloop
  endfacet
  facet normal  0.000000e+000  0.000000e+000  1.000000e+000
    outer loop
      vertex  1.000000e+001 -6.942246e+001 -2.000000e+001
      vertex  1.550000e+001 -6.814642e+001 -2.000000e+001
      vertex  1.426256e+001 -6.763387e+001 -2.000000e+001
    endloop
  endfacet
  facet normal  0.000000e+000  0.000000e+000  1.000000e+000
    outer loop
      vertex  1.000000e+001 -6.942246e+001 -2.000000e+001
      vertex  1.426256e+001 -6.763387e+001 -2.000000e+001
      vertex  1.375000e+001 -6.639642e+001 -2.000000e+001
    endloop
  endfacet
  facet normal  0.000000e+000  -0.000000e+000  1.000000e+000
    outer loop
      vertex  1.000000e+001 -6.942246e+001 -2.000000e+001
      vertex  1.375000e+001 -6.639642e+001 -2.000000e+001
      vertex  1.426256e+001 -6.515899e+001 -2.000000e+001
    endloop
  endfacet
  facet normal  0.000000e+000  0.000000e+000  1.000000e+000
    outer loop
      vertex  1.725000e+001 -6.639642e+001 -2.000000e+001
      vertex  1.875000e+001 -6.639642e+001 -2.000000e+001
      vertex  1.673744e+001 -6.515899e+001 -2.000000e+001
    endloop
  endfacet
  facet normal  -0.000000e+000  0.000000e+000  1.000000e+000
    outer loop
      vertex  1.673744e+001 -6.515899e+001 -2.000000e+001
      vertex  1.875000e+001 -6.639642e+001 -2.000000e+001
      vertex  1.850421e+001 -6.337039e+001 -2.000000e+001
    endloop
  endfacet
  facet normal  0.000000e+000  0.000000e+000  9.999999e-001
    outer loop
      vertex  1.673744e+001 -6.515899e+001 -2.000000e+001
      vertex  1.850421e+001 -6.337039e+001 -2.000000e+001
      vertex  1.550000e+001 -6.464642e+001 -2.000000e+001
    endloop
  endfacet
  facet normal  9.153779e-001  4.025529e-001 -5.874088e-003
    outer loop
      vertex -1.596112e+001 -7.623539e+001  9.000000e+000
      vertex -1.693332e+001 -7.444783e+001 -2.000000e+001
      vertex -1.803931e+001 -7.150972e+001  9.000000e+000
    endloop
  endfacet
  facet normal  8.338581e-001  5.519454e-001  6.067358e-003
    outer loop
      vertex -1.402719e+001 -7.883831e+001 -2.000000e+001
      vertex -1.693332e+001 -7.444783e+001 -2.000000e+001
      vertex -1.596112e+001 -7.623539e+001  9.000000e+000
    endloop
  endfacet
  facet normal  7.709028e-001  6.369267e-001 -5.758528e-003
    outer loop
      vertex -1.267296e+001 -8.021520e+001  9.000000e+000
      vertex -1.402719e+001 -7.883831e+001 -2.000000e+001
      vertex -1.596112e+001 -7.623539e+001  9.000000e+000
    endloop
  endfacet
  facet normal  6.475273e-001  7.620190e-001  5.942055e-003
    outer loop
      vertex -1.001496e+001 -8.224771e+001 -2.000000e+001
      vertex -1.402719e+001 -7.883831e+001 -2.000000e+001
      vertex -1.267296e+001 -8.021520e+001  9.000000e+000
    endloop
  endfacet
  facet normal  5.679874e-001  8.230181e-001 -5.623417e-003
    outer loop
      vertex -8.424106e+000 -8.314745e+001  9.000000e+000
      vertex -1.001496e+001 -8.224771e+001 -2.000000e+001
      vertex -1.267296e+001 -8.021520e+001  9.000000e+000
    endloop
  endfacet
  facet normal  4.101345e-001  9.120067e-001  5.796829e-003
    outer loop
      vertex -5.213010e+000 -8.440717e+001 -2.000000e+001
      vertex -1.001496e+001 -8.224771e+001 -2.000000e+001
      vertex -8.424106e+000 -8.314745e+001  9.000000e+000
    endloop
  endfacet
  facet normal  3.220144e-001  9.467190e-001 -5.468336e-003
    outer loop
      vertex -3.536647e+000 -8.480986e+001  9.000000e+000
      vertex -5.213010e+000 -8.440717e+001 -2.000000e+001
      vertex -8.424106e+000 -8.314745e+001  9.000000e+000
    endloop
  endfacet
  facet normal  1.404018e-001  9.900786e-001  5.631981e-003
    outer loop
      vertex  1.148068e-015 -8.514642e+001 -2.000000e+001
      vertex -5.213010e+000 -8.440717e+001 -2.000000e+001
      vertex -3.536647e+000 -8.480986e+001  9.000000e+000
    endloop
  endfacet
  facet normal  5.162993e-002  9.986523e-001 -5.293541e-003
    outer loop
      vertex  1.618915e+000 -8.507640e+001  9.000000e+000
      vertex  1.148068e-015 -8.514642e+001 -2.000000e+001
      vertex -3.536647e+000 -8.480986e+001  9.000000e+000
    endloop
  endfacet
  facet normal -1.404019e-001  9.900797e-001  5.447270e-003
    outer loop
      vertex  5.213010e+000 -8.440717e+001 -2.000000e+001
      vertex  1.148068e-015 -8.514642e+001 -2.000000e+001
      vertex  1.618915e+000 -8.507640e+001  9.000000e+000
    endloop
  endfacet
  facet normal -2.226683e-001  9.748809e-001 -5.099103e-003
    outer loop
      vertex  6.651752e+000 -8.392687e+001  9.000000e+000
      vertex  5.213010e+000 -8.440717e+001 -2.000000e+001
      vertex  1.618915e+000 -8.507640e+001  9.000000e+000
    endloop
  endfacet
  facet normal -4.101357e-001  9.120094e-001  5.242773e-003
    outer loop
      vertex  1.001496e+001 -8.224771e+001 -2.000000e+001
      vertex  5.213010e+000 -8.440717e+001 -2.000000e+001
      vertex  6.651752e+000 -8.392687e+001  9.000000e+000
    endloop
  endfacet
  facet normal -6.855471e-001  7.280261e-001 -1.773142e-003
    outer loop
      vertex  1.118034e+001 -8.144842e+001  9.000000e+000
      vertex  1.435349e+001 -7.846042e+001  9.000000e+000
      vertex  1.402719e+001 -7.883831e+001 -2.000000e+001
    endloop
  endfacet
  facet normal -6.475306e-001  7.620230e-001  5.018669e-003
    outer loop
      vertex  1.118034e+001 -8.144842e+001  9.000000e+000
      vertex  1.402719e+001 -7.883831e+001 -2.000000e+001
      vertex  1.001496e+001 -8.224771e+001 -2.000000e+001
    endloop
  endfacet
  facet normal -4.800874e-001  8.772070e-001 -4.884831e-003
    outer loop
      vertex  1.118034e+001 -8.144842e+001  9.000000e+000
      vertex  1.001496e+001 -8.224771e+001 -2.000000e+001
      vertex  6.651752e+000 -8.392687e+001  9.000000e+000
    endloop
  endfacet
  facet normal  9.544371e-001  2.983481e-001  6.172964e-003
    outer loop
      vertex -1.693332e+001 -7.444783e+001 -2.000000e+001
      vertex -1.850421e+001 -6.942246e+001 -2.000000e+001
      vertex -1.803931e+001 -7.150972e+001  9.000000e+000
    endloop
  endfacet
  facet normal  9.966660e-001  8.095560e-002 -1.015069e-002
    outer loop
      vertex -1.803931e+001 -7.150972e+001  9.000000e+000
      vertex -1.850421e+001 -6.942246e+001 -2.000000e+001
      vertex -1.875000e+001 -6.639642e+001 -2.000000e+001
    endloop
  endfacet
  facet normal  9.904788e-001  1.376652e-001  -0.000000e+000
    outer loop
      vertex -1.803931e+001 -7.150972e+001  9.000000e+000
      vertex -1.875000e+001 -6.639642e+001 -2.000000e+001
      vertex -1.875000e+001 -6.639642e+001  9.000000e+000
    endloop
  endfacet
  facet normal -9.395519e-001  3.424034e-001 -1.505534e-003
    outer loop
      vertex  1.824341e+001 -7.072544e+001  9.000000e+000
      vertex  1.693332e+001 -7.444783e+001 -2.000000e+001
      vertex  1.675103e+001 -7.482053e+001  9.000000e+000
    endloop
  endfacet
  facet normal -8.338720e-001  5.519547e-001  1.851893e-003
    outer loop
      vertex  1.675103e+001 -7.482053e+001  9.000000e+000
      vertex  1.693332e+001 -7.444783e+001 -2.000000e+001
      vertex  1.402719e+001 -7.883831e+001 -2.000000e+001
    endloop
  endfacet
  facet normal -8.351114e-001  5.500764e-001  2.228530e-003
    outer loop
      vertex  1.675103e+001 -7.482053e+001  9.000000e+000
      vertex  1.402719e+001 -7.883831e+001 -2.000000e+001
      vertex  1.435349e+001 -7.846042e+001  9.000000e+000
    endloop
  endfacet
  facet normal -9.544443e-001  2.983504e-001  4.821823e-003
    outer loop
      vertex  1.693332e+001 -7.444783e+001 -2.000000e+001
      vertex  1.824341e+001 -7.072544e+001  9.000000e+000
      vertex  1.850421e+001 -6.942246e+001 -2.000000e+001
    endloop
  endfacet
  facet normal -9.932157e-001  1.162271e-001 -3.709691e-003
    outer loop
      vertex  1.850421e+001 -6.942246e+001 -2.000000e+001
      vertex  1.824341e+001 -7.072544e+001  9.000000e+000
      vertex  1.875000e+001 -6.639642e+001  9.000000e+000
    endloop
  endfacet
  facet normal -9.967174e-001  8.095977e-002  0.000000e+000
    outer loop
      vertex  1.850421e+001 -6.942246e+001 -2.000000e+001
      vertex  1.875000e+001 -6.639642e+001  9.000000e+000
      vertex  1.875000e+001 -6.639642e+001 -2.000000e+001
    endloop
  endfacet
  facet normal -4.101363e-001 -9.120092e-001  5.242927e-003
    outer loop
      vertex  6.651752e+000 -4.886597e+001  9.000000e+000
      vertex  5.213010e+000 -4.838568e+001 -2.000000e+001
      vertex  1.001496e+001 -5.054514e+001 -2.000000e+001
    endloop
  endfacet
  facet normal -2.226683e-001 -9.748809e-001 -5.098974e-003
    outer loop
      vertex  5.213010e+000 -4.838568e+001 -2.000000e+001
      vertex  6.651752e+000 -4.886597e+001  9.000000e+000
      vertex  1.618915e+000 -4.771645e+001  9.000000e+000
    endloop
  endfacet
  facet normal -1.404019e-001 -9.900797e-001  5.447400e-003
    outer loop
      vertex  1.618915e+000 -4.771645e+001  9.000000e+000
      vertex -3.444205e-015 -4.764643e+001 -2.000000e+001
      vertex  5.213010e+000 -4.838568e+001 -2.000000e+001
    endloop
  endfacet
  facet normal  5.163067e-002 -9.986522e-001 -5.293451e-003
    outer loop
      vertex -3.444205e-015 -4.764643e+001 -2.000000e+001
      vertex  1.618915e+000 -4.771645e+001  9.000000e+000
      vertex -3.536647e+000 -4.798299e+001  9.000000e+000
    endloop
  endfacet
  facet normal  1.404018e-001 -9.900786e-001  5.631981e-003
    outer loop
      vertex -3.536647e+000 -4.798299e+001  9.000000e+000
      vertex -5.213010e+000 -4.838568e+001 -2.000000e+001
      vertex -3.444205e-015 -4.764643e+001 -2.000000e+001
    endloop
  endfacet
  facet normal  3.220145e-001 -9.467190e-001 -5.468338e-003
    outer loop
      vertex -5.213010e+000 -4.838568e+001 -2.000000e+001
      vertex -3.536647e+000 -4.798299e+001  9.000000e+000
      vertex -8.424106e+000 -4.964540e+001  9.000000e+000
    endloop
  endfacet
  facet normal  4.101351e-001 -9.120063e-001  5.796907e-003
    outer loop
      vertex -8.424106e+000 -4.964540e+001  9.000000e+000
      vertex -1.001496e+001 -5.054514e+001 -2.000000e+001
      vertex -5.213010e+000 -4.838568e+001 -2.000000e+001
    endloop
  endfacet
  facet normal  5.679874e-001 -8.230181e-001 -5.623308e-003
    outer loop
      vertex -1.001496e+001 -5.054514e+001 -2.000000e+001
      vertex -8.424106e+000 -4.964540e+001  9.000000e+000
      vertex -1.267296e+001 -5.257765e+001  9.000000e+000
    endloop
  endfacet
  facet normal  6.475269e-001 -7.620195e-001  5.942092e-003
    outer loop
      vertex -1.267296e+001 -5.257765e+001  9.000000e+000
      vertex -1.402719e+001 -5.395454e+001 -2.000000e+001
      vertex -1.001496e+001 -5.054514e+001 -2.000000e+001
    endloop
  endfacet
  facet normal  7.709028e-001 -6.369267e-001 -5.758528e-003
    outer loop
      vertex -1.402719e+001 -5.395454e+001 -2.000000e+001
      vertex -1.267296e+001 -5.257765e+001  9.000000e+000
      vertex -1.596112e+001 -5.655746e+001  9.000000e+000
    endloop
  endfacet
  facet normal  8.338584e-001 -5.519451e-001  6.067403e-003
    outer loop
      vertex -1.596112e+001 -5.655746e+001  9.000000e+000
      vertex -1.693332e+001 -5.834502e+001 -2.000000e+001
      vertex -1.402719e+001 -5.395454e+001 -2.000000e+001
    endloop
  endfacet
  facet normal  9.153779e-001 -4.025529e-001 -5.874034e-003
    outer loop
      vertex -1.693332e+001 -5.834502e+001 -2.000000e+001
      vertex -1.596112e+001 -5.655746e+001  9.000000e+000
      vertex -1.803931e+001 -6.128313e+001  9.000000e+000
    endloop
  endfacet
  facet normal -4.800880e-001 -8.772067e-001 -4.884684e-003
    outer loop
      vertex  1.118034e+001 -5.134443e+001  9.000000e+000
      vertex  6.651752e+000 -4.886597e+001  9.000000e+000
      vertex  1.001496e+001 -5.054514e+001 -2.000000e+001
    endloop
  endfacet
  facet normal -6.475302e-001 -7.620233e-001  5.018743e-003
    outer loop
      vertex  1.118034e+001 -5.134443e+001  9.000000e+000
      vertex  1.001496e+001 -5.054514e+001 -2.000000e+001
      vertex  1.402719e+001 -5.395454e+001 -2.000000e+001
    endloop
  endfacet
  facet normal -6.855471e-001 -7.280261e-001 -1.773142e-003
    outer loop
      vertex  1.118034e+001 -5.134443e+001  9.000000e+000
      vertex  1.402719e+001 -5.395454e+001 -2.000000e+001
      vertex  1.435349e+001 -5.433243e+001  9.000000e+000
    endloop
  endfacet
  facet normal -9.544442e-001 -2.983505e-001  4.821832e-003
    outer loop
      vertex  1.693332e+001 -5.834502e+001 -2.000000e+001
      vertex  1.850421e+001 -6.337039e+001 -2.000000e+001
      vertex  1.824341e+001 -6.206741e+001  9.000000e+000
    endloop
  endfacet
  facet normal -9.967031e-001 -8.095872e-002 -5.325673e-003
    outer loop
      vertex  1.824341e+001 -6.206741e+001  9.000000e+000
      vertex  1.850421e+001 -6.337039e+001 -2.000000e+001
      vertex  1.875000e+001 -6.639642e+001 -2.000000e+001
    endloop
  endfacet
  facet normal -9.932226e-001 -1.162280e-001  0.000000e+000
    outer loop
      vertex  1.824341e+001 -6.206741e+001  9.000000e+000
      vertex  1.875000e+001 -6.639642e+001 -2.000000e+001
      vertex  1.875000e+001 -6.639642e+001  9.000000e+000
    endloop
  endfacet
  facet normal -9.395517e-001 -3.424037e-001 -1.505529e-003
    outer loop
      vertex  1.824341e+001 -6.206741e+001  9.000000e+000
      vertex  1.675103e+001 -5.797232e+001  9.000000e+000
      vertex  1.693332e+001 -5.834502e+001 -2.000000e+001
    endloop
  endfacet
  facet normal -8.351124e-001 -5.500764e-001  1.819957e-003
    outer loop
      vertex  1.693332e+001 -5.834502e+001 -2.000000e+001
      vertex  1.675103e+001 -5.797232e+001  9.000000e+000
      vertex  1.435349e+001 -5.433243e+001  9.000000e+000
    endloop
  endfacet
  facet normal -8.338717e-001 -5.519540e-001  2.190115e-003
    outer loop
      vertex  1.693332e+001 -5.834502e+001 -2.000000e+001
      vertex  1.435349e+001 -5.433243e+001  9.000000e+000
      vertex  1.402719e+001 -5.395454e+001 -2.000000e+001
    endloop
  endfacet
  facet normal  9.544371e-001 -2.983483e-001  6.172981e-003
    outer loop
      vertex -1.693332e+001 -5.834502e+001 -2.000000e+001
      vertex -1.803931e+001 -6.128313e+001  9.000000e+000
      vertex -1.850421e+001 -6.337039e+001 -2.000000e+001
    endloop
  endfacet
  facet normal  9.904611e-001 -1.376628e-001 -5.969755e-003
    outer loop
      vertex -1.850421e+001 -6.337039e+001 -2.000000e+001
      vertex -1.803931e+001 -6.128313e+001  9.000000e+000
      vertex -1.875000e+001 -6.639642e+001  9.000000e+000
    endloop
  endfacet
  facet normal  9.967174e-001 -8.095988e-002  0.000000e+000
    outer loop
      vertex -1.850421e+001 -6.337039e+001 -2.000000e+001
      vertex -1.875000e+001 -6.639642e+001  9.000000e+000
      vertex -1.875000e+001 -6.639642e+001 -2.000000e+001
    endloop
  endfacet
  facet normal -3.826849e-001 -9.238790e-001  0.000000e+000
    outer loop
      vertex -1.550000e+001 -6.464642e+001 -2.000000e+001
      vertex -1.426256e+001 -6.515899e+001 -2.100000e+001
      vertex -1.426256e+001 -6.515899e+001 -2.000000e+001
    endloop
  endfacet
  facet normal -9.238794e-001 -3.826838e-001  -0.000000e+000
    outer loop
      vertex -1.426256e+001 -6.515899e+001 -2.000000e+001
      vertex -1.426256e+001 -6.515899e+001 -2.100000e+001
      vertex -1.375000e+001 -6.639642e+001 -2.100000e+001
    endloop
  endfacet
  facet normal -9.238794e-001 -3.826838e-001  0.000000e+000
    outer loop
      vertex -1.426256e+001 -6.515899e+001 -2.000000e+001
      vertex -1.375000e+001 -6.639642e+001 -2.100000e+001
      vertex -1.375000e+001 -6.639642e+001 -2.000000e+001
    endloop
  endfacet
  facet normal -3.826849e-001 -9.238790e-001  -0.000000e+000
    outer loop
      vertex -1.426256e+001 -6.515899e+001 -2.100000e+001
      vertex -1.550000e+001 -6.464642e+001 -2.000000e+001
      vertex -1.550000e+001 -6.464642e+001 -2.100000e+001
    endloop
  endfacet
  facet normal  3.826852e-001 -9.238788e-001  0.000000e+000
    outer loop
      vertex -1.550000e+001 -6.464642e+001 -2.100000e+001
      vertex -1.550000e+001 -6.464642e+001 -2.000000e+001
      vertex -1.673744e+001 -6.515899e+001 -2.000000e+001
    endloop
  endfacet
  facet normal  3.826852e-001 -9.238788e-001  0.000000e+000
    outer loop
      vertex -1.550000e+001 -6.464642e+001 -2.100000e+001
      vertex -1.673744e+001 -6.515899e+001 -2.000000e+001
      vertex -1.673744e+001 -6.515899e+001 -2.100000e+001
    endloop
  endfacet
  facet normal  9.238791e-001 -3.826844e-001  0.000000e+000
    outer loop
      vertex -1.673744e+001 -6.515899e+001 -2.100000e+001
      vertex -1.673744e+001 -6.515899e+001 -2.000000e+001
      vertex -1.725000e+001 -6.639642e+001 -2.000000e+001
    endloop
  endfacet
  facet normal  9.238791e-001 -3.826844e-001  0.000000e+000
    outer loop
      vertex -1.673744e+001 -6.515899e+001 -2.100000e+001
      vertex -1.725000e+001 -6.639642e+001 -2.000000e+001
      vertex -1.725000e+001 -6.639642e+001 -2.100000e+001
    endloop
  endfacet
  facet normal  3.826803e-001  9.238808e-001  -0.000000e+000
    outer loop
      vertex -1.550000e+001 -6.814642e+001 -2.000000e+001
      vertex -1.673744e+001 -6.763387e+001 -2.100000e+001
      vertex -1.673744e+001 -6.763387e+001 -2.000000e+001
    endloop
  endfacet
  facet normal  9.238800e-001  3.826825e-001  0.000000e+000
    outer loop
      vertex -1.673744e+001 -6.763387e+001 -2.000000e+001
      vertex -1.673744e+001 -6.763387e+001 -2.100000e+001
      vertex -1.725000e+001 -6.639642e+001 -2.100000e+001
    endloop
  endfacet
  facet normal  9.238800e-001  3.826825e-001  -0.000000e+000
    outer loop
      vertex -1.673744e+001 -6.763387e+001 -2.000000e+001
      vertex -1.725000e+001 -6.639642e+001 -2.100000e+001
      vertex -1.725000e+001 -6.639642e+001 -2.000000e+001
    endloop
  endfacet
  facet normal  3.826803e-001  9.238808e-001  0.000000e+000
    outer loop
      vertex -1.673744e+001 -6.763387e+001 -2.100000e+001
      vertex -1.550000e+001 -6.814642e+001 -2.000000e+001
      vertex -1.550000e+001 -6.814642e+001 -2.100000e+001
    endloop
  endfacet
  facet normal -3.826801e-001  9.238809e-001  0.000000e+000
    outer loop
      vertex -1.550000e+001 -6.814642e+001 -2.100000e+001
      vertex -1.550000e+001 -6.814642e+001 -2.000000e+001
      vertex -1.426256e+001 -6.763387e+001 -2.000000e+001
    endloop
  endfacet
  facet normal -3.826801e-001  9.238809e-001  0.000000e+000
    outer loop
      vertex -1.550000e+001 -6.814642e+001 -2.100000e+001
      vertex -1.426256e+001 -6.763387e+001 -2.000000e+001
      vertex -1.426256e+001 -6.763387e+001 -2.100000e+001
    endloop
  endfacet
  facet normal -9.238802e-001  3.826818e-001  0.000000e+000
    outer loop
      vertex -1.426256e+001 -6.763387e+001 -2.100000e+001
      vertex -1.426256e+001 -6.763387e+001 -2.000000e+001
      vertex -1.375000e+001 -6.639642e+001 -2.000000e+001
    endloop
  endfacet
  facet normal -9.238802e-001  3.826818e-001  0.000000e+000
    outer loop
      vertex -1.426256e+001 -6.763387e+001 -2.100000e+001
      vertex -1.375000e+001 -6.639642e+001 -2.000000e+001
      vertex -1.375000e+001 -6.639642e+001 -2.100000e+001
    endloop
  endfacet
  facet normal  1.000000e+000  0.000000e+000  0.000000e+000
    outer loop
      vertex -1.000000e+001 -6.942246e+001 -2.100000e+001
      vertex -1.000000e+001 -6.337039e+001 -2.100000e+001
      vertex -1.000000e+001 -6.942246e+001 -2.000000e+001
    endloop
  endfacet
  facet normal  1.000000e+000  -0.000000e+000  0.000000e+000
    outer loop
      vertex -1.000000e+001 -6.942246e+001 -2.000000e+001
      vertex -1.000000e+001 -6.337039e+001 -2.100000e+001
      vertex -1.000000e+001 -6.337039e+001 -2.000000e+001
    endloop
  endfacet
  facet normal  3.826801e-001  9.238809e-001  -0.000000e+000
    outer loop
      vertex  1.550000e+001 -6.814642e+001 -2.000000e+001
      vertex  1.426256e+001 -6.763387e+001 -2.100000e+001
      vertex  1.426256e+001 -6.763387e+001 -2.000000e+001
    endloop
  endfacet
  facet normal  9.238802e-001  3.826818e-001  0.000000e+000
    outer loop
      vertex  1.426256e+001 -6.763387e+001 -2.000000e+001
      vertex  1.426256e+001 -6.763387e+001 -2.100000e+001
      vertex  1.375000e+001 -6.639642e+001 -2.100000e+001
    endloop
  endfacet
  facet normal  9.238802e-001  3.826818e-001  -0.000000e+000
    outer loop
      vertex  1.426256e+001 -6.763387e+001 -2.000000e+001
      vertex  1.375000e+001 -6.639642e+001 -2.100000e+001
      vertex  1.375000e+001 -6.639642e+001 -2.000000e+001
    endloop
  endfacet
  facet normal  3.826801e-001  9.238809e-001  0.000000e+000
    outer loop
      vertex  1.426256e+001 -6.763387e+001 -2.100000e+001
      vertex  1.550000e+001 -6.814642e+001 -2.000000e+001
      vertex  1.550000e+001 -6.814642e+001 -2.100000e+001
    endloop
  endfacet
  facet normal -3.826803e-001  9.238808e-001  0.000000e+000
    outer loop
      vertex  1.550000e+001 -6.814642e+001 -2.100000e+001
      vertex  1.550000e+001 -6.814642e+001 -2.000000e+001
      vertex  1.673744e+001 -6.763387e+001 -2.000000e+001
    endloop
  endfacet
  facet normal -3.826803e-001  9.238808e-001  0.000000e+000
    outer loop
      vertex  1.550000e+001 -6.814642e+001 -2.100000e+001
      vertex  1.673744e+001 -6.763387e+001 -2.000000e+001
      vertex  1.673744e+001 -6.763387e+001 -2.100000e+001
    endloop
  endfacet
  facet normal -9.238800e-001  3.826825e-001  0.000000e+000
    outer loop
      vertex  1.673744e+001 -6.763387e+001 -2.100000e+001
      vertex  1.673744e+001 -6.763387e+001 -2.000000e+001
      vertex  1.725000e+001 -6.639642e+001 -2.000000e+001
    endloop
  endfacet
  facet normal -9.238800e-001  3.826825e-001  0.000000e+000
    outer loop
      vertex  1.673744e+001 -6.763387e+001 -2.100000e+001
      vertex  1.725000e+001 -6.639642e+001 -2.000000e+001
      vertex  1.725000e+001 -6.639642e+001 -2.100000e+001
    endloop
  endfacet
  facet normal -3.826852e-001 -9.238788e-001  0.000000e+000
    outer loop
      vertex  1.550000e+001 -6.464642e+001 -2.000000e+001
      vertex  1.673744e+001 -6.515899e+001 -2.100000e+001
      vertex  1.673744e+001 -6.515899e+001 -2.000000e+001
    endloop
  endfacet
  facet normal -9.238791e-001 -3.826844e-001  -0.000000e+000
    outer loop
      vertex  1.673744e+001 -6.515899e+001 -2.000000e+001
      vertex  1.673744e+001 -6.515899e+001 -2.100000e+001
      vertex  1.725000e+001 -6.639642e+001 -2.100000e+001
    endloop
  endfacet
  facet normal -9.238791e-001 -3.826844e-001  0.000000e+000
    outer loop
      vertex  1.673744e+001 -6.515899e+001 -2.000000e+001
      vertex  1.725000e+001 -6.639642e+001 -2.100000e+001
      vertex  1.725000e+001 -6.639642e+001 -2.000000e+001
    endloop
  endfacet
  facet normal -3.826852e-001 -9.238788e-001  -0.000000e+000
    outer loop
      vertex  1.673744e+001 -6.515899e+001 -2.100000e+001
      vertex  1.550000e+001 -6.464642e+001 -2.000000e+001
      vertex  1.550000e+001 -6.464642e+001 -2.100000e+001
    endloop
  endfacet
  facet normal  3.826849e-001 -9.238790e-001  0.000000e+000
    outer loop
      vertex  1.550000e+001 -6.464642e+001 -2.100000e+001
      vertex  1.550000e+001 -6.464642e+001 -2.000000e+001
      vertex  1.426256e+001 -6.515899e+001 -2.000000e+001
    endloop
  endfacet
  facet normal  3.826849e-001 -9.238790e-001  0.000000e+000
    outer loop
      vertex  1.550000e+001 -6.464642e+001 -2.100000e+001
      vertex  1.426256e+001 -6.515899e+001 -2.000000e+001
      vertex  1.426256e+001 -6.515899e+001 -2.100000e+001
    endloop
  endfacet
  facet normal  9.238794e-001 -3.826838e-001  0.000000e+000
    outer loop
      vertex  1.426256e+001 -6.515899e+001 -2.100000e+001
      vertex  1.426256e+001 -6.515899e+001 -2.000000e+001
      vertex  1.375000e+001 -6.639642e+001 -2.000000e+001
    endloop
  endfacet
  facet normal  9.238794e-001 -3.826838e-001  0.000000e+000
    outer loop
      vertex  1.426256e+001 -6.515899e+001 -2.100000e+001
      vertex  1.375000e+001 -6.639642e+001 -2.000000e+001
      vertex  1.375000e+001 -6.639642e+001 -2.100000e+001
    endloop
  endfacet
  facet normal -1.000000e+000  0.000000e+000  0.000000e+000
    outer loop
      vertex  1.000000e+001 -6.942246e+001 -2.100000e+001
      vertex  1.000000e+001 -6.942246e+001 -2.000000e+001
      vertex  1.000000e+001 -6.337039e+001 -2.100000e+001
    endloop
  endfacet
  facet normal -1.000000e+000  0.000000e+000  0.000000e+000
    outer loop
      vertex  1.000000e+001 -6.337039e+001 -2.100000e+001
      vertex  1.000000e+001 -6.942246e+001 -2.000000e+001
      vertex  1.000000e+001 -6.337039e+001 -2.000000e+001
    endloop
  endfacet
  facet normal -3.485065e-001  9.371529e-001 -1.696362e-002
    outer loop
      vertex -7.423363e+000  8.303432e+001  0.000000e+000
      vertex -4.150470e+000  8.441435e+001  9.000000e+000
      vertex -2.896929e+000  8.471761e+001  0.000000e+000
    endloop
  endfacet
  facet normal -1.397063e-001  9.900954e-001  1.390244e-002
    outer loop
      vertex -2.896929e+000  8.471761e+001  0.000000e+000
      vertex -4.150470e+000  8.441435e+001  9.000000e+000
      vertex  2.300382e-012  8.500000e+001  9.000000e+000
    endloop
  endfacet
  facet normal -3.265564e-002  9.992493e-001 -2.084237e-002
    outer loop
      vertex -2.896929e+000  8.471761e+001  0.000000e+000
      vertex  2.300382e-012  8.500000e+001  9.000000e+000
      vertex  1.929782e+000  8.487534e+001  0.000000e+000
    endloop
  endfacet
  facet normal  1.397014e-001  9.900604e-001  1.624173e-002
    outer loop
      vertex  1.929782e+000  8.487534e+001  0.000000e+000
      vertex  2.300382e-012  8.500000e+001  9.000000e+000
      vertex  4.150470e+000  8.441435e+001  9.000000e+000
    endloop
  endfacet
  facet normal  2.865451e-001  9.578224e-001 -2.164219e-002
    outer loop
      vertex  1.929782e+000  8.487534e+001  0.000000e+000
      vertex  4.150470e+000  8.441435e+001  9.000000e+000
      vertex  6.556464e+000  8.349121e+001  0.000000e+000
    endloop
  endfacet
  facet normal  4.081987e-001  9.127614e-001  1.550176e-002
    outer loop
      vertex  4.150470e+000  8.441435e+001  9.000000e+000
      vertex  7.976845e+000  8.270315e+001  9.000000e+000
      vertex  6.556464e+000  8.349121e+001  0.000000e+000
    endloop
  endfacet
  facet normal  5.760736e-001  8.171685e-001 -1.936265e-002
    outer loop
      vertex  1.050355e+001  8.070866e+001  0.000000e+000
      vertex  6.556464e+000  8.349121e+001  0.000000e+000
      vertex  7.976845e+000  8.270315e+001  9.000000e+000
    endloop
  endfacet
  facet normal  9.522762e-001  3.050700e-001 -1.012231e-002
    outer loop
      vertex  1.483525e+001  7.221708e+001  0.000000e+000
      vertex  1.336190e+001  7.681613e+001  0.000000e+000
      vertex  1.364604e+001  7.622781e+001  9.000000e+000
    endloop
  endfacet
  facet normal  8.370075e-001  5.471116e-001  9.339013e-003
    outer loop
      vertex  1.118034e+001  8.000000e+001  9.000000e+000
      vertex  1.364604e+001  7.622781e+001  9.000000e+000
      vertex  1.336190e+001  7.681613e+001  0.000000e+000
    endloop
  endfacet
  facet normal  8.059475e-001  5.918213e-001 -1.400645e-002
    outer loop
      vertex  1.118034e+001  8.000000e+001  9.000000e+000
      vertex  1.336190e+001  7.681613e+001  0.000000e+000
      vertex  1.050355e+001  8.070866e+001  0.000000e+000
    endloop
  endfacet
  facet normal  6.448547e-001  7.642159e-001  1.168205e-002
    outer loop
      vertex  1.118034e+001  8.000000e+001  9.000000e+000
      vertex  1.050355e+001  8.070866e+001  0.000000e+000
      vertex  7.976845e+000  8.270315e+001  9.000000e+000
    endloop
  endfacet
  facet normal -6.283175e-001  7.779571e-001  0.000000e+000
    outer loop
      vertex -1.118034e+001  8.000000e+001  0.000000e+000
      vertex -1.118034e+001  8.000000e+001  9.000000e+000
      vertex -7.423363e+000  8.303432e+001  0.000000e+000
    endloop
  endfacet
  facet normal -6.448559e-001  7.642172e-001 -1.153616e-002
    outer loop
      vertex -7.423363e+000  8.303432e+001  0.000000e+000
      vertex -1.118034e+001  8.000000e+001  9.000000e+000
      vertex -7.976845e+000  8.270315e+001  9.000000e+000
    endloop
  endfacet
  facet normal -4.082331e-001  9.128383e-001  8.484551e-003
    outer loop
      vertex -7.423363e+000  8.303432e+001  0.000000e+000
      vertex -7.976845e+000  8.270315e+001  9.000000e+000
      vertex -4.150470e+000  8.441435e+001  9.000000e+000
    endloop
  endfacet
  facet normal  9.997066e-001 -2.421848e-002  0.000000e+000
    outer loop
      vertex  1.477087e+001  6.738822e+001  9.000000e+000
      vertex  1.477087e+001  6.738822e+001  0.000000e+000
      vertex  1.488001e+001  7.189347e+001  9.000000e+000
    endloop
  endfacet
  facet normal  9.998962e-001 -1.333031e-002 -5.452736e-003
    outer loop
      vertex  1.488001e+001  7.189347e+001  9.000000e+000
      vertex  1.477087e+001  6.738822e+001  0.000000e+000
      vertex  1.483525e+001  7.221708e+001  0.000000e+000
    endloop
  endfacet
  facet normal  9.617697e-001  2.738126e-001  5.061553e-003
    outer loop
      vertex  1.488001e+001  7.189347e+001  9.000000e+000
      vertex  1.483525e+001  7.221708e+001  0.000000e+000
      vertex  1.364604e+001  7.622781e+001  9.000000e+000
    endloop
  endfacet
  facet normal -9.997066e-001 -2.421848e-002  -0.000000e+000
    outer loop
      vertex -1.477087e+001  6.738822e+001  0.000000e+000
      vertex -1.477087e+001  6.738822e+001  9.000000e+000
      vertex -1.488001e+001  7.189347e+001  0.000000e+000
    endloop
  endfacet
  facet normal -9.997066e-001 -2.421848e-002  0.000000e+000
    outer loop
      vertex -1.488001e+001  7.189347e+001  0.000000e+000
      vertex -1.477087e+001  6.738822e+001  9.000000e+000
      vertex -1.488001e+001  7.189347e+001  9.000000e+000
    endloop
  endfacet
  facet normal -9.617820e-001  2.738161e-001  0.000000e+000
    outer loop
      vertex -1.488001e+001  7.189347e+001  0.000000e+000
      vertex -1.488001e+001  7.189347e+001  9.000000e+000
      vertex -1.364604e+001  7.622781e+001  0.000000e+000
    endloop
  endfacet
  facet normal -9.617820e-001  2.738161e-001  0.000000e+000
    outer loop
      vertex -1.364604e+001  7.622781e+001  0.000000e+000
      vertex -1.488001e+001  7.189347e+001  9.000000e+000
      vertex -1.364604e+001  7.622781e+001  9.000000e+000
    endloop
  endfacet
  facet normal -8.370441e-001  5.471355e-001  0.000000e+000
    outer loop
      vertex -1.364604e+001  7.622781e+001  0.000000e+000
      vertex -1.364604e+001  7.622781e+001  9.000000e+000
      vertex -1.118034e+001  8.000000e+001  0.000000e+000
    endloop
  endfacet
  facet normal -8.370441e-001  5.471355e-001  0.000000e+000
    outer loop
      vertex -1.118034e+001  8.000000e+001  0.000000e+000
      vertex -1.364604e+001  7.622781e+001  9.000000e+000
      vertex -1.118034e+001  8.000000e+001  9.000000e+000
    endloop
  endfacet
  facet normal -9.847247e-001 -1.741186e-001  0.000000e+000
    outer loop
      vertex -1.477087e+001  6.738822e+001  9.000000e+000
      vertex -1.477087e+001  6.738822e+001  0.000000e+000
      vertex -1.125672e+001  4.751398e+001  9.000000e+000
    endloop
  endfacet
  facet normal -9.847247e-001 -1.741186e-001  -0.000000e+000
    outer loop
      vertex -1.125672e+001  4.751398e+001  9.000000e+000
      vertex -1.477087e+001  6.738822e+001  0.000000e+000
      vertex -1.125672e+001  4.751398e+001  0.000000e+000
    endloop
  endfacet
  facet normal -9.961739e-001 -8.739437e-002  0.000000e+000
    outer loop
      vertex -1.125672e+001  4.751398e+001  0.000000e+000
      vertex -1.118034e+001  4.664339e+001  0.000000e+000
      vertex -1.125672e+001  4.751398e+001  9.000000e+000
    endloop
  endfacet
  facet normal -9.961739e-001 -8.739437e-002  0.000000e+000
    outer loop
      vertex -1.125672e+001  4.751398e+001  9.000000e+000
      vertex -1.118034e+001  4.664339e+001  0.000000e+000
      vertex -1.118034e+001  4.664339e+001  9.000000e+000
    endloop
  endfacet
  facet normal -1.000000e+000  0.000000e+000  0.000000e+000
    outer loop
      vertex -1.118034e+001  3.000000e+001  0.000000e+000
      vertex -1.118034e+001 -3.000000e+001 -1.000000e+001
      vertex -1.118034e+001 -3.000000e+001  0.000000e+000
    endloop
  endfacet
  facet normal -1.000000e+000  0.000000e+000  0.000000e+000
    outer loop
      vertex -1.118034e+001  3.000000e+001  0.000000e+000
      vertex -1.118034e+001 -3.000000e+001  0.000000e+000
      vertex -1.118034e+001 -3.000000e+001  9.000000e+000
    endloop
  endfacet
  facet normal -1.000000e+000  0.000000e+000  0.000000e+000
    outer loop
      vertex -1.118034e+001  3.000000e+001  0.000000e+000
      vertex -1.118034e+001 -3.000000e+001  9.000000e+000
      vertex -1.118034e+001  4.664339e+001  9.000000e+000
    endloop
  endfacet
  facet normal -1.000000e+000  0.000000e+000  -0.000000e+000
    outer loop
      vertex -1.118034e+001  3.000000e+001  0.000000e+000
      vertex -1.118034e+001  4.664339e+001  9.000000e+000
      vertex -1.118034e+001  4.664339e+001  0.000000e+000
    endloop
  endfacet
  facet normal -9.498604e-001  3.126745e-001  0.000000e+000
    outer loop
      vertex -1.493341e+001 -4.140127e+001 -1.498515e+001
      vertex -1.493341e+001 -4.140127e+001 -1.500000e+001
      vertex -1.657930e+001 -4.640127e+001 -2.000000e+001
    endloop
  endfacet
  facet normal -9.498603e-001  3.126747e-001 -3.086621e-007
    outer loop
      vertex -1.493341e+001 -4.140127e+001 -1.498515e+001
      vertex -1.657930e+001 -4.640127e+001 -2.000000e+001
      vertex -2.089693e+001 -5.951758e+001 -2.000000e+001
    endloop
  endfacet
  facet normal -9.498603e-001  3.126746e-001  3.691309e-007
    outer loop
      vertex -1.493341e+001 -4.140127e+001 -1.498515e+001
      vertex -2.089693e+001 -5.951758e+001 -2.000000e+001
      vertex -1.118034e+001 -3.000000e+001 -1.000000e+001
    endloop
  endfacet
  facet normal -9.498601e-001  3.126752e-001 -1.408300e-006
    outer loop
      vertex -1.493341e+001 -4.140127e+001 -1.498515e+001
      vertex -1.118034e+001 -3.000000e+001 -1.000000e+001
      vertex -1.391610e+001 -3.831084e+001 -1.415542e+001
    endloop
  endfacet
  facet normal -9.498603e-001  3.126747e-001  0.000000e+000
    outer loop
      vertex -1.118034e+001 -3.000000e+001  9.000000e+000
      vertex -1.118034e+001 -3.000000e+001  0.000000e+000
      vertex -2.089693e+001 -5.951758e+001  9.000000e+000
    endloop
  endfacet
  facet normal -9.498603e-001  3.126747e-001  0.000000e+000
    outer loop
      vertex -2.089693e+001 -5.951758e+001  9.000000e+000
      vertex -1.118034e+001 -3.000000e+001  0.000000e+000
      vertex -1.118034e+001 -3.000000e+001 -1.000000e+001
    endloop
  endfacet
  facet normal -9.498602e-001  3.126746e-001  0.000000e+000
    outer loop
      vertex -2.089693e+001 -5.951758e+001  9.000000e+000
      vertex -1.118034e+001 -3.000000e+001 -1.000000e+001
      vertex -2.089693e+001 -5.951758e+001 -2.000000e+001
    endloop
  endfacet
  facet normal  1.000000e+000  -0.000000e+000  0.000000e+000
    outer loop
      vertex  1.118034e+001  3.000000e+001  0.000000e+000
      vertex  1.118034e+001 -3.000000e+001  0.000000e+000
      vertex  1.118034e+001 -3.000000e+001 -1.000000e+001
    endloop
  endfacet
  facet normal  1.000000e+000  0.000000e+000  0.000000e+000
    outer loop
      vertex  1.118034e+001 -3.000000e+001  9.000000e+000
      vertex  1.118034e+001 -3.000000e+001  0.000000e+000
      vertex  1.118034e+001  4.664339e+001  9.000000e+000
    endloop
  endfacet
  facet normal  1.000000e+000  0.000000e+000  0.000000e+000
    outer loop
      vertex  1.118034e+001  4.664339e+001  9.000000e+000
      vertex  1.118034e+001 -3.000000e+001  0.000000e+000
      vertex  1.118034e+001  3.000000e+001  0.000000e+000
    endloop
  endfacet
  facet normal  1.000000e+000  0.000000e+000  0.000000e+000
    outer loop
      vertex  1.118034e+001  4.664339e+001  9.000000e+000
      vertex  1.118034e+001  3.000000e+001  0.000000e+000
      vertex  1.118034e+001  4.664339e+001  0.000000e+000
    endloop
  endfacet
  facet normal  9.961739e-001 -8.739437e-002  0.000000e+000
    outer loop
      vertex  1.118034e+001  4.664339e+001  0.000000e+000
      vertex  1.125672e+001  4.751398e+001  0.000000e+000
      vertex  1.118034e+001  4.664339e+001  9.000000e+000
    endloop
  endfacet
  facet normal  9.961739e-001 -8.739437e-002  0.000000e+000
    outer loop
      vertex  1.118034e+001  4.664339e+001  9.000000e+000
      vertex  1.125672e+001  4.751398e+001  0.000000e+000
      vertex  1.125672e+001  4.751398e+001  9.000000e+000
    endloop
  endfacet
  facet normal  9.498601e-001  3.126752e-001 -1.408300e-006
    outer loop
      vertex  1.493341e+001 -4.140127e+001 -1.498515e+001
      vertex  1.391610e+001 -3.831084e+001 -1.415542e+001
      vertex  1.118034e+001 -3.000000e+001 -1.000000e+001
    endloop
  endfacet
  facet normal  9.498603e-001  3.126746e-001  3.691309e-007
    outer loop
      vertex  1.493341e+001 -4.140127e+001 -1.498515e+001
      vertex  1.118034e+001 -3.000000e+001 -1.000000e+001
      vertex  2.089693e+001 -5.951758e+001 -2.000000e+001
    endloop
  endfacet
  facet normal  9.498603e-001  3.126747e-001 -3.086621e-007
    outer loop
      vertex  1.493341e+001 -4.140127e+001 -1.498515e+001
      vertex  2.089693e+001 -5.951758e+001 -2.000000e+001
      vertex  1.657930e+001 -4.640127e+001 -2.000000e+001
    endloop
  endfacet
  facet normal  9.498604e-001  3.126745e-001  0.000000e+000
    outer loop
      vertex  1.493341e+001 -4.140127e+001 -1.498515e+001
      vertex  1.657930e+001 -4.640127e+001 -2.000000e+001
      vertex  1.493341e+001 -4.140127e+001 -1.500000e+001
    endloop
  endfacet
  facet normal  9.498602e-001  3.126746e-001  0.000000e+000
    outer loop
      vertex  2.089693e+001 -5.951758e+001 -2.000000e+001
      vertex  1.118034e+001 -3.000000e+001 -1.000000e+001
      vertex  2.089693e+001 -5.951758e+001  9.000000e+000
    endloop
  endfacet
  facet normal  9.498603e-001  3.126747e-001  0.000000e+000
    outer loop
      vertex  2.089693e+001 -5.951758e+001  9.000000e+000
      vertex  1.118034e+001 -3.000000e+001 -1.000000e+001
      vertex  1.118034e+001 -3.000000e+001  0.000000e+000
    endloop
  endfacet
  facet normal  9.498603e-001  3.126747e-001  -0.000000e+000
    outer loop
      vertex  2.089693e+001 -5.951758e+001  9.000000e+000
      vertex  1.118034e+001 -3.000000e+001  0.000000e+000
      vertex  1.118034e+001 -3.000000e+001  9.000000e+000
    endloop
  endfacet
  facet normal  9.847247e-001 -1.741186e-001  0.000000e+000
    outer loop
      vertex  1.477087e+001  6.738822e+001  9.000000e+000
      vertex  1.125672e+001  4.751398e+001  9.000000e+000
      vertex  1.477087e+001  6.738822e+001  0.000000e+000
    endloop
  endfacet
  facet normal  9.847247e-001 -1.741186e-001  0.000000e+000
    outer loop
      vertex  1.477087e+001  6.738822e+001  0.000000e+000
      vertex  1.125672e+001  4.751398e+001  9.000000e+000
      vertex  1.125672e+001  4.751398e+001  0.000000e+000
    endloop
  endfacet
  facet normal  0.000000e+000  1.000000e+000  -0.000000e+000
    outer loop
      vertex  1.493341e+001 -4.140127e+001 -1.498515e+001
      vertex  1.493341e+001 -4.140127e+001 -1.500000e+001
      vertex -1.493341e+001 -4.140127e+001 -1.498515e+001
    endloop
  endfacet
  facet normal  0.000000e+000  1.000000e+000  0.000000e+000
    outer loop
      vertex -1.493341e+001 -4.140127e+001 -1.498515e+001
      vertex  1.493341e+001 -4.140127e+001 -1.500000e+001
      vertex -1.493341e+001 -4.140127e+001 -1.500000e+001
    endloop
  endfacet
  facet normal  0.000000e+000  7.071068e-001 -7.071068e-001
    outer loop
      vertex  1.493341e+001 -4.140127e+001 -1.500000e+001
      vertex  1.657930e+001 -4.640127e+001 -2.000000e+001
      vertex -1.493341e+001 -4.140127e+001 -1.500000e+001
    endloop
  endfacet
  facet normal  0.000000e+000  7.071068e-001 -7.071068e-001
    outer loop
      vertex -1.493341e+001 -4.140127e+001 -1.500000e+001
      vertex  1.657930e+001 -4.640127e+001 -2.000000e+001
      vertex -1.657930e+001 -4.640127e+001 -2.000000e+001
    endloop
  endfacet
endsolid CATIA STL
