ISO-10303-21;
HEADER;
FILE_DESCRIPTION(('CATIA V5 STEP Exchange'),'2;1');

FILE_NAME('C:\\Users\\explorer\\Desktop\\Product1.stl.stp','2026-08-07T06:17:11+00:00',('none'),('none'),'CATIA Version 5 Release 21 GA (IN-10)','CATIA V5 STEP AP203','none');

FILE_SCHEMA(('CONFIG_CONTROL_DESIGN'));

ENDSEC;
/* file written by CATIA V5R21 */
DATA;
#5=PRODUCT('Product1','','',(#2)) ;
#56=PRODUCT('Part1','','',(#2)) ;
#1=APPLICATION_CONTEXT('configuration controlled 3D design of mechanical parts and assemblies') ;
#17=PRODUCT_DEFINITION('',' ',#6,#3) ;
#19=SECURITY_CLASSIFICATION(' ',' ',#18) ;
#18=SECURITY_CLASSIFICATION_LEVEL('unclassified') ;
#63=CARTESIAN_POINT('Axis2P3D Location',(0.,-62.3775100708,4.)) ;
#68=CARTESIAN_POINT('Line Origine',(2.5,-62.3775100708,4.)) ;
#72=CARTESIAN_POINT('Vertex',(0.,-62.3775100708,4.)) ;
#74=CARTESIAN_POINT('Vertex',(5.,-62.3775100708,4.)) ;
#77=CARTESIAN_POINT('Line Origine',(0.,-62.3775100708,1.)) ;
#81=CARTESIAN_POINT('Vertex',(0.,-62.3775100708,-2.)) ;
#84=CARTESIAN_POINT('Line Origine',(2.31036228425,-62.3775100708,-2.)) ;
#88=CARTESIAN_POINT('Vertex',(4.62072456849,-62.3775100708,-2.)) ;
#91=CARTESIAN_POINT('Axis2P3D Location',(7.,-62.3775100708,-3.04835510254)) ;
#95=CARTESIAN_POINT('Vertex',(5.,-62.3775100708,-1.38703032936)) ;
#98=CARTESIAN_POINT('Line Origine',(5.,-62.3775100708,1.30648483502)) ;
#111=CARTESIAN_POINT('Axis2P3D Location',(0.,0.,0.)) ;
#116=CARTESIAN_POINT('Line Origine',(0.,103.,1.42108547152E-014)) ;
#120=CARTESIAN_POINT('Vertex',(0.,103.,-40.)) ;
#122=CARTESIAN_POINT('Vertex',(0.,103.,40.)) ;
#125=CARTESIAN_POINT('Line Origine',(0.,-1.42108547152E-014,-40.)) ;
#129=CARTESIAN_POINT('Vertex',(0.,-103.,-40.)) ;
#132=CARTESIAN_POINT('Line Origine',(0.,-103.,-2.84217094304E-014)) ;
#136=CARTESIAN_POINT('Vertex',(0.,-103.,40.)) ;
#139=CARTESIAN_POINT('Line Origine',(0.,-1.42108547152E-014,40.)) ;
#150=CARTESIAN_POINT('Line Origine',(0.,55.0618400574,-13.1065517664)) ;
#154=CARTESIAN_POINT('Vertex',(0.,55.0618400574,-1.21310353279)) ;
#156=CARTESIAN_POINT('Vertex',(0.,55.0618400574,-25.)) ;
#159=CARTESIAN_POINT('Line Origine',(0.,27.5309200287,-1.21310353279)) ;
#163=CARTESIAN_POINT('Vertex',(0.,-9.67723372104E-016,-1.21310353279)) ;
#166=CARTESIAN_POINT('Line Origine',(0.,-27.5309200287,-1.21310353279)) ;
#170=CARTESIAN_POINT('Vertex',(0.,-55.0618400574,-1.21310353279)) ;
#173=CARTESIAN_POINT('Line Origine',(0.,-55.0618400574,-13.1065517664)) ;
#177=CARTESIAN_POINT('Vertex',(0.,-55.0618400574,-25.)) ;
#180=CARTESIAN_POINT('Line Origine',(0.,-27.5309200287,-25.)) ;
#184=CARTESIAN_POINT('Vertex',(0.,-3.06885199275E-015,-25.)) ;
#187=CARTESIAN_POINT('Line Origine',(0.,27.5309200287,-25.)) ;
#200=CARTESIAN_POINT('Axis2P3D Location',(0.,0.,-32.5)) ;
#204=CARTESIAN_POINT('Vertex',(0.,1.65,-32.5)) ;
#206=CARTESIAN_POINT('Vertex',(0.,-1.65,-32.5)) ;
#209=CARTESIAN_POINT('Axis2P3D Location',(0.,0.,-32.5)) ;
#218=CARTESIAN_POINT('Axis2P3D Location',(0.,-15.,-32.5)) ;
#222=CARTESIAN_POINT('Vertex',(0.,-13.35,-32.5)) ;
#224=CARTESIAN_POINT('Vertex',(0.,-16.65,-32.5)) ;
#227=CARTESIAN_POINT('Axis2P3D Location',(0.,-15.,-32.5)) ;
#236=CARTESIAN_POINT('Axis2P3D Location',(0.,15.,-32.5)) ;
#240=CARTESIAN_POINT('Vertex',(0.,13.35,-32.5)) ;
#242=CARTESIAN_POINT('Vertex',(0.,16.65,-32.5)) ;
#245=CARTESIAN_POINT('Axis2P3D Location',(0.,15.,-32.5)) ;
#254=CARTESIAN_POINT('Axis2P3D Location',(0.,0.,5.77055168152)) ;
#258=CARTESIAN_POINT('Vertex',(0.,2.65,5.77055168152)) ;
#260=CARTESIAN_POINT('Vertex',(0.,-2.65,5.77055168152)) ;
#263=CARTESIAN_POINT('Axis2P3D Location',(0.,0.,5.77055168152)) ;
#272=CARTESIAN_POINT('Axis2P3D Location',(0.,0.,17.7705516815)) ;
#276=CARTESIAN_POINT('Vertex',(0.,2.65,17.7705516815)) ;
#278=CARTESIAN_POINT('Vertex',(0.,-2.65,17.7705516815)) ;
#281=CARTESIAN_POINT('Axis2P3D Location',(0.,0.,17.7705516815)) ;
#290=CARTESIAN_POINT('Axis2P3D Location',(0.,0.,29.7705516815)) ;
#294=CARTESIAN_POINT('Vertex',(0.,2.65,29.7705516815)) ;
#296=CARTESIAN_POINT('Vertex',(0.,-2.65,29.7705516815)) ;
#299=CARTESIAN_POINT('Axis2P3D Location',(0.,0.,29.7705516815)) ;
#308=CARTESIAN_POINT('Axis2P3D Location',(0.,-23.1680755615,29.7705516815)) ;
#312=CARTESIAN_POINT('Vertex',(0.,-21.6680755615,29.7705516815)) ;
#314=CARTESIAN_POINT('Vertex',(0.,-24.6680755615,29.7705516815)) ;
#317=CARTESIAN_POINT('Axis2P3D Location',(0.,-23.1680755615,29.7705516815)) ;
#326=CARTESIAN_POINT('Axis2P3D Location',(0.,-23.1680755615,17.7705516815)) ;
#330=CARTESIAN_POINT('Vertex',(0.,-21.6680755615,17.7705516815)) ;
#332=CARTESIAN_POINT('Vertex',(0.,-24.6680755615,17.7705516815)) ;
#335=CARTESIAN_POINT('Axis2P3D Location',(0.,-23.1680755615,17.7705516815)) ;
#344=CARTESIAN_POINT('Axis2P3D Location',(0.,-23.1680755615,5.77055168152)) ;
#348=CARTESIAN_POINT('Vertex',(0.,-21.6680755615,5.77055168152)) ;
#350=CARTESIAN_POINT('Vertex',(0.,-24.6680755615,5.77055168152)) ;
#353=CARTESIAN_POINT('Axis2P3D Location',(0.,-23.1680755615,5.77055168152)) ;
#362=CARTESIAN_POINT('Axis2P3D Location',(0.,-36.4353942871,29.7705516815)) ;
#366=CARTESIAN_POINT('Vertex',(0.,-34.6853942871,29.7705516815)) ;
#368=CARTESIAN_POINT('Vertex',(0.,-38.1853942871,29.7705516815)) ;
#371=CARTESIAN_POINT('Axis2P3D Location',(0.,-36.4353942871,29.7705516815)) ;
#380=CARTESIAN_POINT('Axis2P3D Location',(0.,-36.4350755615,17.7705516815)) ;
#384=CARTESIAN_POINT('Vertex',(0.,-34.6850755615,17.7705516815)) ;
#386=CARTESIAN_POINT('Vertex',(0.,-38.1850755615,17.7705516815)) ;
#389=CARTESIAN_POINT('Axis2P3D Location',(0.,-36.4350755615,17.7705516815)) ;
#398=CARTESIAN_POINT('Axis2P3D Location',(0.,-36.4350755615,5.77055168152)) ;
#402=CARTESIAN_POINT('Vertex',(0.,-34.6850755615,5.77055168152)) ;
#404=CARTESIAN_POINT('Vertex',(0.,-38.1850755615,5.77055168152)) ;
#407=CARTESIAN_POINT('Axis2P3D Location',(0.,-36.4350755615,5.77055168152)) ;
#416=CARTESIAN_POINT('Axis2P3D Location',(0.,23.1680755615,29.7705516815)) ;
#420=CARTESIAN_POINT('Vertex',(0.,21.6680755615,29.7705516815)) ;
#422=CARTESIAN_POINT('Vertex',(0.,24.6680755615,29.7705516815)) ;
#425=CARTESIAN_POINT('Axis2P3D Location',(0.,23.1680755615,29.7705516815)) ;
#434=CARTESIAN_POINT('Axis2P3D Location',(0.,23.1680755615,17.7705516815)) ;
#438=CARTESIAN_POINT('Vertex',(0.,21.6680755615,17.7705516815)) ;
#440=CARTESIAN_POINT('Vertex',(0.,24.6680755615,17.7705516815)) ;
#443=CARTESIAN_POINT('Axis2P3D Location',(0.,23.1680755615,17.7705516815)) ;
#452=CARTESIAN_POINT('Axis2P3D Location',(0.,23.1680755615,5.77055168152)) ;
#456=CARTESIAN_POINT('Vertex',(0.,21.6680755615,5.77055168152)) ;
#458=CARTESIAN_POINT('Vertex',(0.,24.6680755615,5.77055168152)) ;
#461=CARTESIAN_POINT('Axis2P3D Location',(0.,23.1680755615,5.77055168152)) ;
#470=CARTESIAN_POINT('Axis2P3D Location',(0.,36.4350755615,5.77055168152)) ;
#474=CARTESIAN_POINT('Vertex',(0.,34.6850755615,5.77055168152)) ;
#476=CARTESIAN_POINT('Vertex',(0.,38.1850755615,5.77055168152)) ;
#479=CARTESIAN_POINT('Axis2P3D Location',(0.,36.4350755615,5.77055168152)) ;
#488=CARTESIAN_POINT('Axis2P3D Location',(0.,36.4350755615,17.7705516815)) ;
#492=CARTESIAN_POINT('Vertex',(0.,34.6850755615,17.7705516815)) ;
#494=CARTESIAN_POINT('Vertex',(0.,38.1850755615,17.7705516815)) ;
#497=CARTESIAN_POINT('Axis2P3D Location',(0.,36.4350755615,17.7705516815)) ;
#506=CARTESIAN_POINT('Axis2P3D Location',(0.,36.4353942871,29.7705516815)) ;
#510=CARTESIAN_POINT('Vertex',(0.,34.6853942871,29.7705516815)) ;
#512=CARTESIAN_POINT('Vertex',(0.,38.1853942871,29.7705516815)) ;
#515=CARTESIAN_POINT('Axis2P3D Location',(0.,36.4353942871,29.7705516815)) ;
#524=CARTESIAN_POINT('Axis2P3D Location',(0.,11.4798126221,24.1255950928)) ;
#528=CARTESIAN_POINT('Vertex',(0.,14.7298126221,24.1255950928)) ;
#530=CARTESIAN_POINT('Vertex',(0.,8.22981262207,24.1255950928)) ;
#533=CARTESIAN_POINT('Axis2P3D Location',(0.,11.4798126221,24.1255950928)) ;
#542=CARTESIAN_POINT('Axis2P3D Location',(0.,11.4798126221,12.7157020569)) ;
#546=CARTESIAN_POINT('Vertex',(0.,14.7298126221,12.7157020569)) ;
#548=CARTESIAN_POINT('Vertex',(0.,8.22981262207,12.7157020569)) ;
#551=CARTESIAN_POINT('Axis2P3D Location',(0.,11.4798126221,12.7157020569)) ;
#560=CARTESIAN_POINT('Axis2P3D Location',(0.,-11.4798126221,24.1255950928)) ;
#564=CARTESIAN_POINT('Vertex',(0.,-14.7298126221,24.1255950928)) ;
#566=CARTESIAN_POINT('Vertex',(0.,-8.22981262207,24.1255950928)) ;
#569=CARTESIAN_POINT('Axis2P3D Location',(0.,-11.4798126221,24.1255950928)) ;
#578=CARTESIAN_POINT('Axis2P3D Location',(0.,-11.4798126221,12.7157020569)) ;
#582=CARTESIAN_POINT('Vertex',(0.,-14.7298126221,12.7157020569)) ;
#584=CARTESIAN_POINT('Vertex',(0.,-8.22981262207,12.7157020569)) ;
#587=CARTESIAN_POINT('Axis2P3D Location',(0.,-11.4798126221,12.7157020569)) ;
#596=CARTESIAN_POINT('Line Origine',(0.,-70.3775100708,4.)) ;
#600=CARTESIAN_POINT('Vertex',(0.,-78.3775100708,4.)) ;
#603=CARTESIAN_POINT('Line Origine',(0.,-78.3775100708,1.)) ;
#607=CARTESIAN_POINT('Vertex',(0.,-78.3775100708,-2.)) ;
#610=CARTESIAN_POINT('Line Origine',(0.,-70.3775100708,-2.)) ;
#621=CARTESIAN_POINT('Line Origine',(0.,70.3775100708,-2.)) ;
#625=CARTESIAN_POINT('Vertex',(0.,78.3775100708,-2.)) ;
#627=CARTESIAN_POINT('Vertex',(0.,62.3775100708,-2.)) ;
#630=CARTESIAN_POINT('Line Origine',(0.,78.3775100708,1.)) ;
#634=CARTESIAN_POINT('Vertex',(0.,78.3775100708,4.)) ;
#637=CARTESIAN_POINT('Line Origine',(0.,70.3775100708,4.)) ;
#641=CARTESIAN_POINT('Vertex',(0.,62.3775100708,4.)) ;
#644=CARTESIAN_POINT('Line Origine',(0.,62.3775100708,1.)) ;
#656=CARTESIAN_POINT('Axis2P3D Location',(0.,-62.3775100708,-2.)) ;
#661=CARTESIAN_POINT('Line Origine',(2.31036228425,-78.3775100708,-2.)) ;
#665=CARTESIAN_POINT('Vertex',(4.62072456849,-78.3775100708,-2.)) ;
#668=CARTESIAN_POINT('Line Origine',(4.62072456849,-70.3775100708,-2.)) ;
#680=CARTESIAN_POINT('Axis2P3D Location',(7.,0.66000000156,-3.04835510254)) ;
#685=CARTESIAN_POINT('Axis2P3D Location',(7.,-100.,-3.04835510254)) ;
#689=CARTESIAN_POINT('Vertex',(5.,-100.,-4.70967987448)) ;
#691=CARTESIAN_POINT('Vertex',(9.6,-100.,-3.04835510254)) ;
#694=CARTESIAN_POINT('Line Origine',(5.,0.66000000156,-4.70967987512)) ;
#698=CARTESIAN_POINT('Vertex',(5.,-55.0618400574,-4.70967987462)) ;
#701=CARTESIAN_POINT('Axis2P3D Location',(7.,-55.0618400574,-3.04835510254)) ;
#705=CARTESIAN_POINT('Vertex',(4.4,-55.0618400574,-3.04835510254)) ;
#708=CARTESIAN_POINT('Line Origine',(4.4,0.66000000156,-3.04835510254)) ;
#712=CARTESIAN_POINT('Vertex',(4.4,-103.,-3.04835510254)) ;
#715=CARTESIAN_POINT('Axis2P3D Location',(7.,-103.,-3.04835510254)) ;
#719=CARTESIAN_POINT('Vertex',(9.6,-103.,-3.04835510254)) ;
#722=CARTESIAN_POINT('Line Origine',(9.6,0.66000000156,-3.04835510254)) ;
#736=CARTESIAN_POINT('Axis2P3D Location',(5.,0.,0.)) ;
#741=CARTESIAN_POINT('Line Origine',(5.,100.,-16.5241775513)) ;
#745=CARTESIAN_POINT('Vertex',(5.,100.,-4.70967987512)) ;
#747=CARTESIAN_POINT('Vertex',(5.,100.,-28.3386752274)) ;
#750=CARTESIAN_POINT('Line Origine',(5.,77.5309200287,-4.70967987505)) ;
#754=CARTESIAN_POINT('Vertex',(5.,55.0618400574,-4.70967987498)) ;
#757=CARTESIAN_POINT('Line Origine',(5.,55.0618400574,-14.8548399375)) ;
#761=CARTESIAN_POINT('Vertex',(5.,55.0618400574,-25.)) ;
#764=CARTESIAN_POINT('Line Origine',(5.,27.5309200287,-25.)) ;
#768=CARTESIAN_POINT('Vertex',(5.,-3.06885199275E-015,-25.)) ;
#771=CARTESIAN_POINT('Line Origine',(5.,-27.5309200287,-25.)) ;
#775=CARTESIAN_POINT('Vertex',(5.,-55.0618400574,-25.)) ;
#778=CARTESIAN_POINT('Line Origine',(5.,-55.0618400574,-14.8548399373)) ;
#783=CARTESIAN_POINT('Line Origine',(5.,-100.,-16.5241775509)) ;
#787=CARTESIAN_POINT('Vertex',(5.,-100.,-28.3386752274)) ;
#790=CARTESIAN_POINT('Line Origine',(5.,-1.42108547152E-014,-28.3386752274)) ;
#807=CARTESIAN_POINT('Axis2P3D Location',(7.,0.66000000156,-30.)) ;
#812=CARTESIAN_POINT('Line Origine',(9.6,0.66000000156,-30.)) ;
#816=CARTESIAN_POINT('Vertex',(9.6,-103.,-30.)) ;
#818=CARTESIAN_POINT('Vertex',(9.6,-100.,-30.)) ;
#821=CARTESIAN_POINT('Axis2P3D Location',(7.,-103.,-30.)) ;
#825=CARTESIAN_POINT('Vertex',(4.4,-103.,-30.)) ;
#828=CARTESIAN_POINT('Line Origine',(4.4,0.66000000156,-30.)) ;
#832=CARTESIAN_POINT('Vertex',(4.4,103.,-30.)) ;
#835=CARTESIAN_POINT('Axis2P3D Location',(7.,103.,-30.)) ;
#839=CARTESIAN_POINT('Vertex',(9.6,103.,-30.)) ;
#842=CARTESIAN_POINT('Line Origine',(9.6,0.66000000156,-30.)) ;
#846=CARTESIAN_POINT('Vertex',(9.6,100.,-30.)) ;
#849=CARTESIAN_POINT('Axis2P3D Location',(7.,100.,-30.)) ;
#854=CARTESIAN_POINT('Axis2P3D Location',(7.,-100.,-30.)) ;
#870=CARTESIAN_POINT('Axis2P3D Location',(7.,78.3775100708,-3.04835510254)) ;
#874=CARTESIAN_POINT('Vertex',(4.62072456849,78.3775100708,-2.)) ;
#876=CARTESIAN_POINT('Vertex',(5.,78.3775100708,-1.38703032988)) ;
#879=CARTESIAN_POINT('Line Origine',(4.62072456849,0.66000000156,-2.)) ;
#883=CARTESIAN_POINT('Vertex',(4.62072456849,62.3775100708,-2.)) ;
#886=CARTESIAN_POINT('Axis2P3D Location',(7.,62.3775100708,-3.04835510254)) ;
#890=CARTESIAN_POINT('Vertex',(5.,62.3775100708,-1.38703032982)) ;
#893=CARTESIAN_POINT('Line Origine',(5.,0.66000000156,-1.38703032996)) ;
#897=CARTESIAN_POINT('Vertex',(5.,55.0618400574,-1.38703032979)) ;
#900=CARTESIAN_POINT('Axis2P3D Location',(7.,55.0618400574,-3.04835510254)) ;
#904=CARTESIAN_POINT('Vertex',(4.4,55.0618400574,-3.04835510254)) ;
#907=CARTESIAN_POINT('Line Origine',(4.4,0.66000000156,-3.04835510254)) ;
#911=CARTESIAN_POINT('Vertex',(4.4,103.,-3.04835510254)) ;
#914=CARTESIAN_POINT('Axis2P3D Location',(7.,103.,-3.04835510254)) ;
#918=CARTESIAN_POINT('Vertex',(9.6,103.,-3.04835510254)) ;
#921=CARTESIAN_POINT('Line Origine',(9.6,0.66000000156,-3.04835510254)) ;
#925=CARTESIAN_POINT('Vertex',(9.6,100.,-3.04835510254)) ;
#928=CARTESIAN_POINT('Axis2P3D Location',(7.,100.,-3.04835510254)) ;
#932=CARTESIAN_POINT('Vertex',(5.,100.,-1.38703032996)) ;
#935=CARTESIAN_POINT('Line Origine',(5.,0.66000000156,-1.38703032996)) ;
#953=CARTESIAN_POINT('Axis2P3D Location',(5.,1.13686837722E-013,38.)) ;
#958=CARTESIAN_POINT('Axis2P3D Location',(5.,103.,38.)) ;
#962=CARTESIAN_POINT('Vertex',(7.,103.,38.)) ;
#964=CARTESIAN_POINT('Vertex',(5.,103.,40.)) ;
#967=CARTESIAN_POINT('Line Origine',(5.,1.13686837722E-013,40.)) ;
#971=CARTESIAN_POINT('Vertex',(5.,100.,40.)) ;
#974=CARTESIAN_POINT('Axis2P3D Location',(5.,100.,38.)) ;
#978=CARTESIAN_POINT('Vertex',(7.,100.,38.)) ;
#981=CARTESIAN_POINT('Line Origine',(7.,1.13686837722E-013,38.)) ;
#993=CARTESIAN_POINT('Axis2P3D Location',(5.,0.,38.)) ;
#998=CARTESIAN_POINT('Axis2P3D Location',(5.,-100.,38.)) ;
#1002=CARTESIAN_POINT('Vertex',(7.,-100.,38.)) ;
#1004=CARTESIAN_POINT('Vertex',(5.,-100.,40.)) ;
#1007=CARTESIAN_POINT('Line Origine',(5.,0.,40.)) ;
#1011=CARTESIAN_POINT('Vertex',(5.,-103.,40.)) ;
#1014=CARTESIAN_POINT('Axis2P3D Location',(5.,-103.,38.)) ;
#1018=CARTESIAN_POINT('Vertex',(7.,-103.,38.)) ;
#1021=CARTESIAN_POINT('Line Origine',(7.,0.,38.)) ;
#1033=CARTESIAN_POINT('Axis2P3D Location',(7.,-103.,45.1605987549)) ;
#1038=CARTESIAN_POINT('Line Origine',(7.,100.,34.6677238142)) ;
#1042=CARTESIAN_POINT('Vertex',(7.,100.,31.3354476284)) ;
#1045=CARTESIAN_POINT('Line Origine',(7.,101.5,31.3354476284)) ;
#1049=CARTESIAN_POINT('Vertex',(7.,103.,31.3354476284)) ;
#1052=CARTESIAN_POINT('Line Origine',(7.,103.,34.6677238142)) ;
#1064=CARTESIAN_POINT('Line Origine',(7.,-103.,34.6677238142)) ;
#1068=CARTESIAN_POINT('Vertex',(7.,-103.,31.3354476284)) ;
#1071=CARTESIAN_POINT('Line Origine',(7.,-101.5,31.3354476284)) ;
#1075=CARTESIAN_POINT('Vertex',(7.,-100.,31.3354476284)) ;
#1078=CARTESIAN_POINT('Line Origine',(7.,-100.,34.6677238142)) ;
#1090=CARTESIAN_POINT('Axis2P3D Location',(23.,0.66000000156,-30.)) ;
#1095=CARTESIAN_POINT('Line Origine',(20.4,0.66000000156,-30.)) ;
#1099=CARTESIAN_POINT('Vertex',(20.4,100.,-30.)) ;
#1101=CARTESIAN_POINT('Vertex',(20.4,103.,-30.)) ;
#1104=CARTESIAN_POINT('Axis2P3D Location',(23.,103.,-30.)) ;
#1108=CARTESIAN_POINT('Vertex',(25.6,103.,-30.)) ;
#1111=CARTESIAN_POINT('Line Origine',(25.6,0.66000000156,-30.)) ;
#1115=CARTESIAN_POINT('Vertex',(25.6,100.,-30.)) ;
#1118=CARTESIAN_POINT('Axis2P3D Location',(23.,100.,-30.)) ;
#1130=CARTESIAN_POINT('Axis2P3D Location',(23.,103.,-30.)) ;
#1135=CARTESIAN_POINT('Axis2P3D Location',(23.,100.,-30.)) ;
#1147=CARTESIAN_POINT('Axis2P3D Location',(15.,0.66000000156,-16.)) ;
#1152=CARTESIAN_POINT('Line Origine',(12.4,0.66000000156,-16.)) ;
#1156=CARTESIAN_POINT('Vertex',(12.4,100.,-16.)) ;
#1158=CARTESIAN_POINT('Vertex',(12.4,103.,-16.)) ;
#1161=CARTESIAN_POINT('Axis2P3D Location',(15.,103.,-16.)) ;
#1165=CARTESIAN_POINT('Vertex',(17.6,103.,-16.)) ;
#1168=CARTESIAN_POINT('Line Origine',(17.6,0.66000000156,-16.)) ;
#1172=CARTESIAN_POINT('Vertex',(17.6,100.,-16.)) ;
#1175=CARTESIAN_POINT('Axis2P3D Location',(15.,100.,-16.)) ;
#1187=CARTESIAN_POINT('Axis2P3D Location',(15.,103.,-16.)) ;
#1192=CARTESIAN_POINT('Axis2P3D Location',(15.,100.,-16.)) ;
#1204=CARTESIAN_POINT('Axis2P3D Location',(23.,0.66000000156,-3.04835510254)) ;
#1209=CARTESIAN_POINT('Line Origine',(20.4,0.66000000156,-3.04835510254)) ;
#1213=CARTESIAN_POINT('Vertex',(20.4,100.,-3.04835510254)) ;
#1215=CARTESIAN_POINT('Vertex',(20.4,103.,-3.04835510254)) ;
#1218=CARTESIAN_POINT('Axis2P3D Location',(23.,103.,-3.04835510254)) ;
#1222=CARTESIAN_POINT('Vertex',(25.6,103.,-3.04835510254)) ;
#1225=CARTESIAN_POINT('Line Origine',(25.6,0.66000000156,-3.04835510254)) ;
#1229=CARTESIAN_POINT('Vertex',(25.6,100.,-3.04835510254)) ;
#1232=CARTESIAN_POINT('Axis2P3D Location',(23.,100.,-3.04835510254)) ;
#1244=CARTESIAN_POINT('Axis2P3D Location',(23.,103.,-3.04835510254)) ;
#1249=CARTESIAN_POINT('Axis2P3D Location',(23.,100.,-3.04835510254)) ;
#1261=CARTESIAN_POINT('Axis2P3D Location',(15.,0.66000000156,9.)) ;
#1266=CARTESIAN_POINT('Line Origine',(12.4,0.66000000156,9.)) ;
#1270=CARTESIAN_POINT('Vertex',(12.4,100.,9.)) ;
#1272=CARTESIAN_POINT('Vertex',(12.4,103.,9.)) ;
#1275=CARTESIAN_POINT('Axis2P3D Location',(15.,103.,9.)) ;
#1279=CARTESIAN_POINT('Vertex',(17.6,103.,9.)) ;
#1282=CARTESIAN_POINT('Line Origine',(17.6,0.66000000156,9.)) ;
#1286=CARTESIAN_POINT('Vertex',(17.6,100.,9.)) ;
#1289=CARTESIAN_POINT('Axis2P3D Location',(15.,100.,9.)) ;
#1301=CARTESIAN_POINT('Axis2P3D Location',(15.,103.,9.)) ;
#1306=CARTESIAN_POINT('Axis2P3D Location',(15.,100.,9.)) ;
#1318=CARTESIAN_POINT('Axis2P3D Location',(7.,-103.,27.9149169922)) ;
#1323=CARTESIAN_POINT('Line Origine',(18.5,100.,18.9574584961)) ;
#1327=CARTESIAN_POINT('Vertex',(27.3014771473,100.,12.101904909)) ;
#1329=CARTESIAN_POINT('Vertex',(9.69852285271,100.,25.8130120832)) ;
#1332=CARTESIAN_POINT('Line Origine',(27.3014771473,101.5,12.101904909)) ;
#1336=CARTESIAN_POINT('Vertex',(27.3014771473,103.,12.101904909)) ;
#1339=CARTESIAN_POINT('Line Origine',(18.5,103.,18.9574584961)) ;
#1343=CARTESIAN_POINT('Vertex',(9.69852285271,103.,25.8130120832)) ;
#1346=CARTESIAN_POINT('Line Origine',(9.69852285271,101.5,25.8130120832)) ;
#1358=CARTESIAN_POINT('Axis2P3D Location',(23.,101.5,6.57946936379)) ;
#1363=CARTESIAN_POINT('Axis2P3D Location',(23.,103.,6.57946936379)) ;
#1367=CARTESIAN_POINT('Vertex',(30.,103.,6.57946936379)) ;
#1370=CARTESIAN_POINT('Axis2P3D Location',(23.,100.,6.57946936379)) ;
#1374=CARTESIAN_POINT('Vertex',(30.,100.,6.57946936379)) ;
#1377=CARTESIAN_POINT('Line Origine',(30.,101.5,6.57946936379)) ;
#1389=CARTESIAN_POINT('Axis2P3D Location',(30.,0.,0.)) ;
#1394=CARTESIAN_POINT('Line Origine',(30.,100.,-16.7102653181)) ;
#1398=CARTESIAN_POINT('Vertex',(30.,100.,-40.)) ;
#1401=CARTESIAN_POINT('Line Origine',(30.,101.5,-40.)) ;
#1405=CARTESIAN_POINT('Vertex',(30.,103.,-40.)) ;
#1408=CARTESIAN_POINT('Line Origine',(30.,103.,-16.7102653181)) ;
#1420=CARTESIAN_POINT('Line Origine',(5.,-7.5,-31.6613247725)) ;
#1424=CARTESIAN_POINT('Vertex',(5.,-13.579040764,-31.6613255402)) ;
#1426=CARTESIAN_POINT('Vertex',(5.,-1.42095923601,-31.6613255402)) ;
#1429=CARTESIAN_POINT('Axis2P3D Location',(5.,-15.,-32.5)) ;
#1433=CARTESIAN_POINT('Vertex',(5.,-13.35,-32.5)) ;
#1436=CARTESIAN_POINT('Axis2P3D Location',(5.,-15.,-32.5)) ;
#1440=CARTESIAN_POINT('Vertex',(5.,-16.65,-32.5)) ;
#1443=CARTESIAN_POINT('Axis2P3D Location',(5.,-15.,-32.5)) ;
#1447=CARTESIAN_POINT('Vertex',(5.,-16.420959236,-31.6613255402)) ;
#1450=CARTESIAN_POINT('Line Origine',(5.,-58.2104793915,-31.6613247725)) ;
#1454=CARTESIAN_POINT('Vertex',(5.,-100.,-31.6613247725)) ;
#1457=CARTESIAN_POINT('Line Origine',(5.,-100.,-35.8306623862)) ;
#1461=CARTESIAN_POINT('Vertex',(5.,-100.,-40.)) ;
#1464=CARTESIAN_POINT('Line Origine',(5.,-1.42108547152E-014,-40.)) ;
#1468=CARTESIAN_POINT('Vertex',(5.,100.,-40.)) ;
#1471=CARTESIAN_POINT('Line Origine',(5.,100.,-35.8306623863)) ;
#1475=CARTESIAN_POINT('Vertex',(5.,100.,-31.6613247726)) ;
#1478=CARTESIAN_POINT('Line Origine',(5.,58.2104793915,-31.6613247726)) ;
#1482=CARTESIAN_POINT('Vertex',(5.,16.420959236,-31.6613255402)) ;
#1485=CARTESIAN_POINT('Axis2P3D Location',(5.,15.,-32.5)) ;
#1489=CARTESIAN_POINT('Vertex',(5.,16.65,-32.5)) ;
#1492=CARTESIAN_POINT('Axis2P3D Location',(5.,15.,-32.5)) ;
#1496=CARTESIAN_POINT('Vertex',(5.,13.35,-32.5)) ;
#1499=CARTESIAN_POINT('Axis2P3D Location',(5.,15.,-32.5)) ;
#1503=CARTESIAN_POINT('Vertex',(5.,13.579040764,-31.6613255402)) ;
#1506=CARTESIAN_POINT('Line Origine',(5.,7.5,-31.6613247725)) ;
#1510=CARTESIAN_POINT('Vertex',(5.,1.42095923601,-31.6613255402)) ;
#1513=CARTESIAN_POINT('Axis2P3D Location',(5.,-3.33066907388E-016,-32.5)) ;
#1517=CARTESIAN_POINT('Vertex',(5.,1.65,-32.5)) ;
#1520=CARTESIAN_POINT('Axis2P3D Location',(5.,3.33066907388E-016,-32.5)) ;
#1524=CARTESIAN_POINT('Vertex',(5.,-1.65,-32.5)) ;
#1527=CARTESIAN_POINT('Axis2P3D Location',(5.,-3.33066907388E-016,-32.5)) ;
#1551=CARTESIAN_POINT('Axis2P3D Location',(15.,-100.,9.)) ;
#1555=CARTESIAN_POINT('Vertex',(12.4,-100.,9.)) ;
#1557=CARTESIAN_POINT('Vertex',(17.6,-100.,9.)) ;
#1560=CARTESIAN_POINT('Line Origine',(12.4,0.66000000156,9.)) ;
#1564=CARTESIAN_POINT('Vertex',(12.4,-103.,9.)) ;
#1567=CARTESIAN_POINT('Axis2P3D Location',(15.,-103.,9.)) ;
#1571=CARTESIAN_POINT('Vertex',(17.6,-103.,9.)) ;
#1574=CARTESIAN_POINT('Line Origine',(17.6,0.66000000156,9.)) ;
#1586=CARTESIAN_POINT('Axis2P3D Location',(15.,-100.,9.)) ;
#1591=CARTESIAN_POINT('Axis2P3D Location',(15.,-103.,9.)) ;
#1603=CARTESIAN_POINT('Axis2P3D Location',(23.,-100.,-3.04835510254)) ;
#1607=CARTESIAN_POINT('Vertex',(20.4,-100.,-3.04835510254)) ;
#1609=CARTESIAN_POINT('Vertex',(25.6,-100.,-3.04835510254)) ;
#1612=CARTESIAN_POINT('Line Origine',(20.4,0.66000000156,-3.04835510254)) ;
#1616=CARTESIAN_POINT('Vertex',(20.4,-103.,-3.04835510254)) ;
#1619=CARTESIAN_POINT('Axis2P3D Location',(23.,-103.,-3.04835510254)) ;
#1623=CARTESIAN_POINT('Vertex',(25.6,-103.,-3.04835510254)) ;
#1626=CARTESIAN_POINT('Line Origine',(25.6,0.66000000156,-3.04835510254)) ;
#1638=CARTESIAN_POINT('Axis2P3D Location',(23.,-100.,-3.04835510254)) ;
#1643=CARTESIAN_POINT('Axis2P3D Location',(23.,-103.,-3.04835510254)) ;
#1655=CARTESIAN_POINT('Axis2P3D Location',(15.,-100.,-16.)) ;
#1659=CARTESIAN_POINT('Vertex',(12.4,-100.,-16.)) ;
#1661=CARTESIAN_POINT('Vertex',(17.6,-100.,-16.)) ;
#1664=CARTESIAN_POINT('Line Origine',(12.4,0.66000000156,-16.)) ;
#1668=CARTESIAN_POINT('Vertex',(12.4,-103.,-16.)) ;
#1671=CARTESIAN_POINT('Axis2P3D Location',(15.,-103.,-16.)) ;
#1675=CARTESIAN_POINT('Vertex',(17.6,-103.,-16.)) ;
#1678=CARTESIAN_POINT('Line Origine',(17.6,0.66000000156,-16.)) ;
#1690=CARTESIAN_POINT('Axis2P3D Location',(15.,-100.,-16.)) ;
#1695=CARTESIAN_POINT('Axis2P3D Location',(15.,-103.,-16.)) ;
#1707=CARTESIAN_POINT('Axis2P3D Location',(23.,-100.,-30.)) ;
#1711=CARTESIAN_POINT('Vertex',(20.4,-100.,-30.)) ;
#1713=CARTESIAN_POINT('Vertex',(25.6,-100.,-30.)) ;
#1716=CARTESIAN_POINT('Line Origine',(20.4,0.66000000156,-30.)) ;
#1720=CARTESIAN_POINT('Vertex',(20.4,-103.,-30.)) ;
#1723=CARTESIAN_POINT('Axis2P3D Location',(23.,-103.,-30.)) ;
#1727=CARTESIAN_POINT('Vertex',(25.6,-103.,-30.)) ;
#1730=CARTESIAN_POINT('Line Origine',(25.6,0.66000000156,-30.)) ;
#1742=CARTESIAN_POINT('Axis2P3D Location',(23.,-100.,-30.)) ;
#1747=CARTESIAN_POINT('Axis2P3D Location',(23.,-103.,-30.)) ;
#1759=CARTESIAN_POINT('Line Origine',(30.,-103.,-16.7102653181)) ;
#1763=CARTESIAN_POINT('Vertex',(30.,-103.,6.57946936379)) ;
#1765=CARTESIAN_POINT('Vertex',(30.,-103.,-40.)) ;
#1768=CARTESIAN_POINT('Line Origine',(30.,-101.5,-40.)) ;
#1772=CARTESIAN_POINT('Vertex',(30.,-100.,-40.)) ;
#1775=CARTESIAN_POINT('Line Origine',(30.,-100.,-16.7102653181)) ;
#1779=CARTESIAN_POINT('Vertex',(30.,-100.,6.57946936379)) ;
#1782=CARTESIAN_POINT('Line Origine',(30.,-101.5,6.57946936379)) ;
#1794=CARTESIAN_POINT('Axis2P3D Location',(23.,-101.5,6.57946936379)) ;
#1799=CARTESIAN_POINT('Axis2P3D Location',(23.,-100.,6.57946936379)) ;
#1803=CARTESIAN_POINT('Vertex',(27.3014771473,-100.,12.101904909)) ;
#1806=CARTESIAN_POINT('Line Origine',(27.3014771473,-101.5,12.101904909)) ;
#1810=CARTESIAN_POINT('Vertex',(27.3014771473,-103.,12.101904909)) ;
#1813=CARTESIAN_POINT('Axis2P3D Location',(23.,-103.,6.57946936379)) ;
#1825=CARTESIAN_POINT('Line Origine',(18.5,-103.,18.9574584961)) ;
#1829=CARTESIAN_POINT('Vertex',(9.69852285271,-103.,25.8130120832)) ;
#1832=CARTESIAN_POINT('Line Origine',(18.5,-100.,18.9574584961)) ;
#1836=CARTESIAN_POINT('Vertex',(9.69852285271,-100.,25.8130120832)) ;
#1839=CARTESIAN_POINT('Line Origine',(9.69852285271,-101.5,25.8130120832)) ;
#1851=CARTESIAN_POINT('Axis2P3D Location',(14.,-101.5,31.3354476284)) ;
#1856=CARTESIAN_POINT('Axis2P3D Location',(14.,-100.,31.3354476284)) ;
#1861=CARTESIAN_POINT('Axis2P3D Location',(14.,-103.,31.3354476284)) ;
#1873=CARTESIAN_POINT('Axis2P3D Location',(14.,101.5,31.3354476284)) ;
#1878=CARTESIAN_POINT('Axis2P3D Location',(14.,103.,31.3354476284)) ;
#1883=CARTESIAN_POINT('Axis2P3D Location',(14.,100.,31.3354476284)) ;
#1895=CARTESIAN_POINT('Axis2P3D Location',(7.,103.,-30.)) ;
#1900=CARTESIAN_POINT('Axis2P3D Location',(7.,-103.,-30.)) ;
#1905=CARTESIAN_POINT('Axis2P3D Location',(7.,-100.,-30.)) ;
#1911=CARTESIAN_POINT('Control Point',(5.00000063759,-16.420959236,-31.6613255402)) ;
#1912=CARTESIAN_POINT('Control Point',(4.90961454107,-16.3567365382,-31.5525135517)) ;
#1913=CARTESIAN_POINT('Control Point',(4.83087920001,-16.2778620295,-31.4426718942)) ;
#1914=CARTESIAN_POINT('Control Point',(4.76510578494,-16.1831870949,-31.3361733888)) ;
#1915=CARTESIAN_POINT('Control Point',(4.63661479798,-15.9193294988,-31.1002365752)) ;
#1916=CARTESIAN_POINT('Control Point',(4.57105318136,-15.5845066593,-30.933772811)) ;
#1917=CARTESIAN_POINT('Control Point',(4.54985606487,-15.3721327609,-30.870047315)) ;
#1918=CARTESIAN_POINT('Control Point',(4.53567581683,-15.0454566099,-30.8293063337)) ;
#1919=CARTESIAN_POINT('Control Point',(4.54921493067,-14.7223101018,-30.8682897128)) ;
#1920=CARTESIAN_POINT('Control Point',(4.55670960667,-14.61761012,-30.8896309233)) ;
#1921=CARTESIAN_POINT('Control Point',(4.59217752126,-14.2844909548,-30.9861316626)) ;
#1922=CARTESIAN_POINT('Control Point',(4.66885145866,-13.9884514133,-31.1644302343)) ;
#1923=CARTESIAN_POINT('Control Point',(4.74785680784,-13.8132574324,-31.3216294334)) ;
#1924=CARTESIAN_POINT('Control Point',(4.85994100759,-13.6785583628,-31.4927136914)) ;
#1925=CARTESIAN_POINT('Control Point',(5.00000063759,-13.579040764,-31.6613255402)) ;
#1928=CARTESIAN_POINT('Control Point',(5.00000063759,-1.42095923601,-31.6613255402)) ;
#1929=CARTESIAN_POINT('Control Point',(4.90961454107,-1.35673653821,-31.5525135517)) ;
#1930=CARTESIAN_POINT('Control Point',(4.83087920001,-1.27786202951,-31.4426718942)) ;
#1931=CARTESIAN_POINT('Control Point',(4.76510578494,-1.18318709494,-31.3361733888)) ;
#1932=CARTESIAN_POINT('Control Point',(4.63661479798,-0.919329498846,-31.1002365752)) ;
#1933=CARTESIAN_POINT('Control Point',(4.57105318136,-0.584506659283,-30.933772811)) ;
#1934=CARTESIAN_POINT('Control Point',(4.54985606487,-0.372132760903,-30.870047315)) ;
#1935=CARTESIAN_POINT('Control Point',(4.53567581683,-0.0454566099276,-30.8293063337)) ;
#1936=CARTESIAN_POINT('Control Point',(4.54921493067,0.277689898143,-30.8682897128)) ;
#1937=CARTESIAN_POINT('Control Point',(4.55670960667,0.382389880001,-30.8896309233)) ;
#1938=CARTESIAN_POINT('Control Point',(4.59217752126,0.715509045134,-30.9861316626)) ;
#1939=CARTESIAN_POINT('Control Point',(4.66885145865,1.01154858673,-31.1644302343)) ;
#1940=CARTESIAN_POINT('Control Point',(4.74785680784,1.18674256756,-31.3216294334)) ;
#1941=CARTESIAN_POINT('Control Point',(4.85994100759,1.3214416372,-31.4927136914)) ;
#1942=CARTESIAN_POINT('Control Point',(5.00000063759,1.42095923601,-31.6613255402)) ;
#1945=CARTESIAN_POINT('Control Point',(5.00000063759,13.579040764,-31.6613255402)) ;
#1946=CARTESIAN_POINT('Control Point',(4.90961454107,13.6432634618,-31.5525135517)) ;
#1947=CARTESIAN_POINT('Control Point',(4.83087920002,13.7221379705,-31.4426718942)) ;
#1948=CARTESIAN_POINT('Control Point',(4.76510578494,13.8168129051,-31.3361733888)) ;
#1949=CARTESIAN_POINT('Control Point',(4.63661479798,14.0806705012,-31.1002365752)) ;
#1950=CARTESIAN_POINT('Control Point',(4.57105318136,14.4154933407,-30.933772811)) ;
#1951=CARTESIAN_POINT('Control Point',(4.54985606487,14.6278672391,-30.870047315)) ;
#1952=CARTESIAN_POINT('Control Point',(4.53567581683,14.9545433901,-30.8293063337)) ;
#1953=CARTESIAN_POINT('Control Point',(4.54921493067,15.2776898981,-30.8682897128)) ;
#1954=CARTESIAN_POINT('Control Point',(4.55670960667,15.38238988,-30.8896309233)) ;
#1955=CARTESIAN_POINT('Control Point',(4.59217752126,15.7155090451,-30.9861316626)) ;
#1956=CARTESIAN_POINT('Control Point',(4.66885145866,16.0115485867,-31.1644302343)) ;
#1957=CARTESIAN_POINT('Control Point',(4.74785680783,16.1867425675,-31.3216294333)) ;
#1958=CARTESIAN_POINT('Control Point',(4.85994100759,16.3214416372,-31.4927136914)) ;
#1959=CARTESIAN_POINT('Control Point',(5.00000063759,16.420959236,-31.6613255402)) ;
#1961=CARTESIAN_POINT('Axis2P3D Location',(7.,100.,-30.)) ;
#1983=CARTESIAN_POINT('Axis2P3D Location',(7.,103.,-3.04835510254)) ;
#1988=CARTESIAN_POINT('Axis2P3D Location',(7.,55.0618400574,-3.04835510254)) ;
#1993=CARTESIAN_POINT('Axis2P3D Location',(7.,100.,-3.04835510254)) ;
#2007=CARTESIAN_POINT('Axis2P3D Location',(5.,100.,40.)) ;
#2012=CARTESIAN_POINT('Line Origine',(17.5,100.,-40.)) ;
#2017=CARTESIAN_POINT('Line Origine',(5.,100.,19.306484835)) ;
#2055=CARTESIAN_POINT('Axis2P3D Location',(5.,-100.,40.)) ;
#2060=CARTESIAN_POINT('Axis2P3D Location',(7.,-100.,-3.04835510254)) ;
#2064=CARTESIAN_POINT('Vertex',(5.,-100.,-1.38703032922)) ;
#2067=CARTESIAN_POINT('Line Origine',(5.,-100.,19.3064848354)) ;
#2072=CARTESIAN_POINT('Line Origine',(17.5,-100.,-40.)) ;
#2110=CARTESIAN_POINT('Line Origine',(2.31036228425,78.3775100708,-2.)) ;
#2115=CARTESIAN_POINT('Line Origine',(2.31036228425,62.3775100708,-2.)) ;
#2127=CARTESIAN_POINT('Axis2P3D Location',(0.,78.3775100708,-2.)) ;
#2132=CARTESIAN_POINT('Line Origine',(5.,78.3775100708,1.30648483502)) ;
#2136=CARTESIAN_POINT('Vertex',(5.,78.3775100708,4.)) ;
#2139=CARTESIAN_POINT('Line Origine',(2.5,78.3775100708,4.)) ;
#2152=CARTESIAN_POINT('Axis2P3D Location',(0.,-78.3775100708,4.)) ;
#2157=CARTESIAN_POINT('Line Origine',(2.5,62.3775100708,4.)) ;
#2161=CARTESIAN_POINT('Vertex',(5.,62.3775100708,4.)) ;
#2164=CARTESIAN_POINT('Line Origine',(5.,70.3775100708,4.)) ;
#2176=CARTESIAN_POINT('Axis2P3D Location',(0.,62.3775100708,4.)) ;
#2181=CARTESIAN_POINT('Line Origine',(5.,62.3775100708,1.30648483502)) ;
#2194=CARTESIAN_POINT('Axis2P3D Location',(0.,-78.3775100708,-2.)) ;
#2199=CARTESIAN_POINT('Line Origine',(2.5,-78.3775100708,4.)) ;
#2203=CARTESIAN_POINT('Vertex',(5.,-78.3775100708,4.)) ;
#2206=CARTESIAN_POINT('Line Origine',(5.,-78.3775100708,1.30648483502)) ;
#2210=CARTESIAN_POINT('Vertex',(5.,-78.3775100708,-1.3870303293)) ;
#2213=CARTESIAN_POINT('Axis2P3D Location',(7.,-78.3775100708,-3.04835510254)) ;
#2226=CARTESIAN_POINT('Axis2P3D Location',(15.6600000002,-11.4798126221,12.7157020569)) ;
#2231=CARTESIAN_POINT('Axis2P3D Location',(5.,-11.4798126221,12.7157020569)) ;
#2235=CARTESIAN_POINT('Vertex',(5.,-8.22981262207,12.7157020569)) ;
#2237=CARTESIAN_POINT('Vertex',(5.,-14.7298126221,12.7157020569)) ;
#2240=CARTESIAN_POINT('Line Origine',(15.6600000002,-14.7298126221,12.7157020569)) ;
#2245=CARTESIAN_POINT('Line Origine',(15.6600000002,-8.22981262207,12.7157020569)) ;
#2257=CARTESIAN_POINT('Axis2P3D Location',(5.,-11.4798126221,12.7157020569)) ;
#2269=CARTESIAN_POINT('Axis2P3D Location',(15.6600000002,-11.4798126221,24.1255950928)) ;
#2274=CARTESIAN_POINT('Axis2P3D Location',(5.,-11.4798126221,24.1255950928)) ;
#2278=CARTESIAN_POINT('Vertex',(5.,-8.22981262207,24.1255950928)) ;
#2280=CARTESIAN_POINT('Vertex',(5.,-14.7298126221,24.1255950928)) ;
#2283=CARTESIAN_POINT('Line Origine',(15.6600000002,-14.7298126221,24.1255950928)) ;
#2288=CARTESIAN_POINT('Line Origine',(15.6600000002,-8.22981262207,24.1255950928)) ;
#2300=CARTESIAN_POINT('Axis2P3D Location',(5.,-11.4798126221,24.1255950928)) ;
#2312=CARTESIAN_POINT('Axis2P3D Location',(15.6600000002,11.4798126221,12.7157020569)) ;
#2317=CARTESIAN_POINT('Axis2P3D Location',(5.,11.4798126221,12.7157020569)) ;
#2321=CARTESIAN_POINT('Vertex',(5.,8.22981262207,12.7157020569)) ;
#2323=CARTESIAN_POINT('Vertex',(5.,14.7298126221,12.7157020569)) ;
#2326=CARTESIAN_POINT('Line Origine',(15.6600000002,14.7298126221,12.7157020569)) ;
#2331=CARTESIAN_POINT('Line Origine',(15.6600000002,8.22981262207,12.7157020569)) ;
#2343=CARTESIAN_POINT('Axis2P3D Location',(5.,11.4798126221,12.7157020569)) ;
#2355=CARTESIAN_POINT('Axis2P3D Location',(15.6600000002,11.4798126221,24.1255950928)) ;
#2360=CARTESIAN_POINT('Axis2P3D Location',(5.,11.4798126221,24.1255950928)) ;
#2364=CARTESIAN_POINT('Vertex',(5.,8.22981262207,24.1255950928)) ;
#2366=CARTESIAN_POINT('Vertex',(5.,14.7298126221,24.1255950928)) ;
#2369=CARTESIAN_POINT('Line Origine',(15.6600000002,14.7298126221,24.1255950928)) ;
#2374=CARTESIAN_POINT('Line Origine',(15.6600000002,8.22981262207,24.1255950928)) ;
#2386=CARTESIAN_POINT('Axis2P3D Location',(5.,11.4798126221,24.1255950928)) ;
#2398=CARTESIAN_POINT('Axis2P3D Location',(15.6600000002,36.4353942871,29.7705516815)) ;
#2403=CARTESIAN_POINT('Axis2P3D Location',(5.,36.4353942871,29.7705516815)) ;
#2407=CARTESIAN_POINT('Vertex',(5.,38.1853942871,29.7705516815)) ;
#2409=CARTESIAN_POINT('Vertex',(5.,34.6853942871,29.7705516815)) ;
#2412=CARTESIAN_POINT('Line Origine',(15.6600000002,34.6853942871,29.7705516815)) ;
#2417=CARTESIAN_POINT('Line Origine',(15.6600000002,38.1853942871,29.7705516815)) ;
#2429=CARTESIAN_POINT('Axis2P3D Location',(5.,36.4353942871,29.7705516815)) ;
#2441=CARTESIAN_POINT('Axis2P3D Location',(15.6600000002,36.4350755615,17.7705516815)) ;
#2446=CARTESIAN_POINT('Axis2P3D Location',(5.,36.4350755615,17.7705516815)) ;
#2450=CARTESIAN_POINT('Vertex',(5.,38.1850755615,17.7705516815)) ;
#2452=CARTESIAN_POINT('Vertex',(5.,34.6850755615,17.7705516815)) ;
#2455=CARTESIAN_POINT('Line Origine',(15.6600000002,34.6850755615,17.7705516815)) ;
#2460=CARTESIAN_POINT('Line Origine',(15.6600000002,38.1850755615,17.7705516815)) ;
#2472=CARTESIAN_POINT('Axis2P3D Location',(5.,36.4350755615,17.7705516815)) ;
#2484=CARTESIAN_POINT('Axis2P3D Location',(15.6600000002,36.4350755615,5.77055168152)) ;
#2489=CARTESIAN_POINT('Axis2P3D Location',(5.,36.4350755615,5.77055168152)) ;
#2493=CARTESIAN_POINT('Vertex',(5.,38.1850755615,5.77055168152)) ;
#2495=CARTESIAN_POINT('Vertex',(5.,34.6850755615,5.77055168152)) ;
#2498=CARTESIAN_POINT('Line Origine',(15.6600000002,34.6850755615,5.77055168152)) ;
#2503=CARTESIAN_POINT('Line Origine',(15.6600000002,38.1850755615,5.77055168152)) ;
#2515=CARTESIAN_POINT('Axis2P3D Location',(5.,36.4350755615,5.77055168152)) ;
#2527=CARTESIAN_POINT('Axis2P3D Location',(15.6600000002,23.1680755615,5.77055168152)) ;
#2532=CARTESIAN_POINT('Axis2P3D Location',(5.,23.1680755615,5.77055168152)) ;
#2536=CARTESIAN_POINT('Vertex',(5.,24.6680755615,5.77055168152)) ;
#2538=CARTESIAN_POINT('Vertex',(5.,21.6680755615,5.77055168152)) ;
#2541=CARTESIAN_POINT('Line Origine',(15.6600000002,21.6680755615,5.77055168152)) ;
#2546=CARTESIAN_POINT('Line Origine',(15.6600000002,24.6680755615,5.77055168152)) ;
#2558=CARTESIAN_POINT('Axis2P3D Location',(5.,23.1680755615,5.77055168152)) ;
#2570=CARTESIAN_POINT('Axis2P3D Location',(15.6600000002,23.1680755615,17.7705516815)) ;
#2575=CARTESIAN_POINT('Axis2P3D Location',(5.,23.1680755615,17.7705516815)) ;
#2579=CARTESIAN_POINT('Vertex',(5.,24.6680755615,17.7705516815)) ;
#2581=CARTESIAN_POINT('Vertex',(5.,21.6680755615,17.7705516815)) ;
#2584=CARTESIAN_POINT('Line Origine',(15.6600000002,21.6680755615,17.7705516815)) ;
#2589=CARTESIAN_POINT('Line Origine',(15.6600000002,24.6680755615,17.7705516815)) ;
#2601=CARTESIAN_POINT('Axis2P3D Location',(5.,23.1680755615,17.7705516815)) ;
#2613=CARTESIAN_POINT('Axis2P3D Location',(15.6600000002,23.1680755615,29.7705516815)) ;
#2618=CARTESIAN_POINT('Axis2P3D Location',(5.,23.1680755615,29.7705516815)) ;
#2622=CARTESIAN_POINT('Vertex',(5.,24.6680755615,29.7705516815)) ;
#2624=CARTESIAN_POINT('Vertex',(5.,21.6680755615,29.7705516815)) ;
#2627=CARTESIAN_POINT('Line Origine',(15.6600000002,21.6680755615,29.7705516815)) ;
#2632=CARTESIAN_POINT('Line Origine',(15.6600000002,24.6680755615,29.7705516815)) ;
#2644=CARTESIAN_POINT('Axis2P3D Location',(5.,23.1680755615,29.7705516815)) ;
#2656=CARTESIAN_POINT('Axis2P3D Location',(15.6600000002,-36.4350755615,5.77055168152)) ;
#2661=CARTESIAN_POINT('Axis2P3D Location',(5.,-36.4350755615,5.77055168152)) ;
#2665=CARTESIAN_POINT('Vertex',(5.,-38.1850755615,5.77055168152)) ;
#2667=CARTESIAN_POINT('Vertex',(5.,-34.6850755615,5.77055168152)) ;
#2670=CARTESIAN_POINT('Line Origine',(15.6600000002,-34.6850755615,5.77055168152)) ;
#2675=CARTESIAN_POINT('Line Origine',(15.6600000002,-38.1850755615,5.77055168152)) ;
#2687=CARTESIAN_POINT('Axis2P3D Location',(5.,-36.4350755615,5.77055168152)) ;
#2699=CARTESIAN_POINT('Axis2P3D Location',(15.6600000002,-36.4350755615,17.7705516815)) ;
#2704=CARTESIAN_POINT('Axis2P3D Location',(5.,-36.4350755615,17.7705516815)) ;
#2708=CARTESIAN_POINT('Vertex',(5.,-38.1850755615,17.7705516815)) ;
#2710=CARTESIAN_POINT('Vertex',(5.,-34.6850755615,17.7705516815)) ;
#2713=CARTESIAN_POINT('Line Origine',(15.6600000002,-34.6850755615,17.7705516815)) ;
#2718=CARTESIAN_POINT('Line Origine',(15.6600000002,-38.1850755615,17.7705516815)) ;
#2730=CARTESIAN_POINT('Axis2P3D Location',(5.,-36.4350755615,17.7705516815)) ;
#2742=CARTESIAN_POINT('Axis2P3D Location',(15.6600000002,-36.4353942871,29.7705516815)) ;
#2747=CARTESIAN_POINT('Axis2P3D Location',(5.,-36.4353942871,29.7705516815)) ;
#2751=CARTESIAN_POINT('Vertex',(5.,-38.1853942871,29.7705516815)) ;
#2753=CARTESIAN_POINT('Vertex',(5.,-34.6853942871,29.7705516815)) ;
#2756=CARTESIAN_POINT('Line Origine',(15.6600000002,-34.6853942871,29.7705516815)) ;
#2761=CARTESIAN_POINT('Line Origine',(15.6600000002,-38.1853942871,29.7705516815)) ;
#2773=CARTESIAN_POINT('Axis2P3D Location',(5.,-36.4353942871,29.7705516815)) ;
#2785=CARTESIAN_POINT('Axis2P3D Location',(15.6600000002,-23.1680755615,5.77055168152)) ;
#2790=CARTESIAN_POINT('Axis2P3D Location',(5.,-23.1680755615,5.77055168152)) ;
#2794=CARTESIAN_POINT('Vertex',(5.,-24.6680755615,5.77055168152)) ;
#2796=CARTESIAN_POINT('Vertex',(5.,-21.6680755615,5.77055168152)) ;
#2799=CARTESIAN_POINT('Line Origine',(15.6600000002,-21.6680755615,5.77055168152)) ;
#2804=CARTESIAN_POINT('Line Origine',(15.6600000002,-24.6680755615,5.77055168152)) ;
#2816=CARTESIAN_POINT('Axis2P3D Location',(5.,-23.1680755615,5.77055168152)) ;
#2828=CARTESIAN_POINT('Axis2P3D Location',(15.6600000002,-23.1680755615,17.7705516815)) ;
#2833=CARTESIAN_POINT('Axis2P3D Location',(5.,-23.1680755615,17.7705516815)) ;
#2837=CARTESIAN_POINT('Vertex',(5.,-24.6680755615,17.7705516815)) ;
#2839=CARTESIAN_POINT('Vertex',(5.,-21.6680755615,17.7705516815)) ;
#2842=CARTESIAN_POINT('Line Origine',(15.6600000002,-21.6680755615,17.7705516815)) ;
#2847=CARTESIAN_POINT('Line Origine',(15.6600000002,-24.6680755615,17.7705516815)) ;
#2859=CARTESIAN_POINT('Axis2P3D Location',(5.,-23.1680755615,17.7705516815)) ;
#2871=CARTESIAN_POINT('Axis2P3D Location',(15.6600000002,-23.1680755615,29.7705516815)) ;
#2876=CARTESIAN_POINT('Axis2P3D Location',(5.,-23.1680755615,29.7705516815)) ;
#2880=CARTESIAN_POINT('Vertex',(5.,-24.6680755615,29.7705516815)) ;
#2882=CARTESIAN_POINT('Vertex',(5.,-21.6680755615,29.7705516815)) ;
#2885=CARTESIAN_POINT('Line Origine',(15.6600000002,-21.6680755615,29.7705516815)) ;
#2890=CARTESIAN_POINT('Line Origine',(15.6600000002,-24.6680755615,29.7705516815)) ;
#2902=CARTESIAN_POINT('Axis2P3D Location',(5.,-23.1680755615,29.7705516815)) ;
#2914=CARTESIAN_POINT('Axis2P3D Location',(15.6600000002,0.,29.7705516815)) ;
#2919=CARTESIAN_POINT('Axis2P3D Location',(5.,0.,29.7705516815)) ;
#2923=CARTESIAN_POINT('Vertex',(5.,-2.65,29.7705516815)) ;
#2925=CARTESIAN_POINT('Vertex',(5.,2.65,29.7705516815)) ;
#2928=CARTESIAN_POINT('Line Origine',(15.6600000002,2.65,29.7705516815)) ;
#2933=CARTESIAN_POINT('Line Origine',(15.6600000002,-2.65,29.7705516815)) ;
#2945=CARTESIAN_POINT('Axis2P3D Location',(5.,0.,29.7705516815)) ;
#2957=CARTESIAN_POINT('Axis2P3D Location',(15.6600000002,0.,17.7705516815)) ;
#2962=CARTESIAN_POINT('Axis2P3D Location',(5.,0.,17.7705516815)) ;
#2966=CARTESIAN_POINT('Vertex',(5.,-2.65,17.7705516815)) ;
#2968=CARTESIAN_POINT('Vertex',(5.,2.65,17.7705516815)) ;
#2971=CARTESIAN_POINT('Line Origine',(15.6600000002,2.65,17.7705516815)) ;
#2976=CARTESIAN_POINT('Line Origine',(15.6600000002,-2.65,17.7705516815)) ;
#2988=CARTESIAN_POINT('Axis2P3D Location',(5.,0.,17.7705516815)) ;
#3000=CARTESIAN_POINT('Axis2P3D Location',(15.6600000002,0.,5.77055168152)) ;
#3005=CARTESIAN_POINT('Axis2P3D Location',(5.,0.,5.77055168152)) ;
#3009=CARTESIAN_POINT('Vertex',(5.,-2.65,5.77055168152)) ;
#3011=CARTESIAN_POINT('Vertex',(5.,2.65,5.77055168152)) ;
#3014=CARTESIAN_POINT('Line Origine',(15.6600000002,2.65,5.77055168152)) ;
#3019=CARTESIAN_POINT('Line Origine',(15.6600000002,-2.65,5.77055168152)) ;
#3031=CARTESIAN_POINT('Axis2P3D Location',(5.,0.,5.77055168152)) ;
#3043=CARTESIAN_POINT('Axis2P3D Location',(15.6600000002,15.,-32.5)) ;
#3048=CARTESIAN_POINT('Line Origine',(15.6600000002,13.35,-32.5)) ;
#3053=CARTESIAN_POINT('Line Origine',(15.6600000002,16.65,-32.5)) ;
#3074=CARTESIAN_POINT('Axis2P3D Location',(15.6600000002,-15.,-32.5)) ;
#3079=CARTESIAN_POINT('Line Origine',(15.6600000002,-13.35,-32.5)) ;
#3084=CARTESIAN_POINT('Line Origine',(15.6600000002,-16.65,-32.5)) ;
#3105=CARTESIAN_POINT('Axis2P3D Location',(15.6600000002,0.,-32.5)) ;
#3110=CARTESIAN_POINT('Line Origine',(15.6600000002,1.65,-32.5)) ;
#3115=CARTESIAN_POINT('Line Origine',(15.6600000002,-1.65,-32.5)) ;
#3136=CARTESIAN_POINT('Axis2P3D Location',(0.,55.0618400574,-25.)) ;
#3141=CARTESIAN_POINT('Line Origine',(5.,55.0618400574,-1.30006693129)) ;
#3145=CARTESIAN_POINT('Vertex',(5.,55.0618400574,-1.21310353279)) ;
#3148=CARTESIAN_POINT('Line Origine',(2.5,55.0618400574,-1.21310353279)) ;
#3153=CARTESIAN_POINT('Line Origine',(2.5,55.0618400574,-25.)) ;
#3168=CARTESIAN_POINT('Axis2P3D Location',(0.,-55.0618400574,-1.21310353279)) ;
#3173=CARTESIAN_POINT('Line Origine',(2.5,0.,-1.21310353279)) ;
#3177=CARTESIAN_POINT('Vertex',(5.,0.,-1.21310353279)) ;
#3180=CARTESIAN_POINT('Line Origine',(5.,27.5309200287,-1.21310353279)) ;
#3192=CARTESIAN_POINT('Line Origine',(2.5,-55.0618400574,-1.21310353279)) ;
#3196=CARTESIAN_POINT('Vertex',(5.,-55.0618400574,-1.21310353279)) ;
#3199=CARTESIAN_POINT('Line Origine',(5.,-27.5309200287,-1.21310353279)) ;
#3211=CARTESIAN_POINT('Axis2P3D Location',(0.,-55.0618400574,-25.)) ;
#3216=CARTESIAN_POINT('Line Origine',(2.5,-55.0618400574,-25.)) ;
#3221=CARTESIAN_POINT('Line Origine',(5.,-55.0618400574,-1.30006693109)) ;
#3225=CARTESIAN_POINT('Vertex',(5.,-55.0618400574,-1.38703032938)) ;
#3228=CARTESIAN_POINT('Axis2P3D Location',(7.,-55.0618400574,-3.04835510254)) ;
#3243=CARTESIAN_POINT('Axis2P3D Location',(0.,-3.06885199275E-015,-25.)) ;
#3248=CARTESIAN_POINT('Line Origine',(2.5,-3.06885199275E-015,-25.)) ;
#3267=CARTESIAN_POINT('Axis2P3D Location',(0.,103.,40.)) ;
#3272=CARTESIAN_POINT('Line Origine',(15.,103.,-40.)) ;
#3277=CARTESIAN_POINT('Line Origine',(2.5,103.,40.)) ;
#3318=CARTESIAN_POINT('Axis2P3D Location',(0.,103.,-40.)) ;
#3323=CARTESIAN_POINT('Line Origine',(15.,-103.,-40.)) ;
#3339=CARTESIAN_POINT('Axis2P3D Location',(0.,-103.,-40.)) ;
#3344=CARTESIAN_POINT('Line Origine',(2.5,-103.,40.)) ;
#3372=CARTESIAN_POINT('Axis2P3D Location',(7.,-103.,-3.04835510254)) ;
#3390=CARTESIAN_POINT('Axis2P3D Location',(0.,-103.,40.)) ;
#3395=CARTESIAN_POINT('Line Origine',(5.,2.84217094304E-014,40.)) ;
#3409=CARTESIAN_POINT('Line Origine',(5.,-58.7196750641,-1.38703032937)) ;
#3414=CARTESIAN_POINT('Line Origine',(5.,-89.1887550354,-1.38703032926)) ;
#3419=CARTESIAN_POINT('Line Origine',(5.,-70.3775100708,4.)) ;
#3550=CARTESIAN_POINT('NONE',(0.,0.,0.)) ;
#3551=CARTESIAN_POINT('NONE',(0.,0.,0.)) ;
#64=DIRECTION('Axis2P3D Direction',(0.,-1.,0.)) ;
#65=DIRECTION('Axis2P3D XDirection',(0.,-0.,-1.)) ;
#69=DIRECTION('Vector Direction',(1.,0.,0.)) ;
#78=DIRECTION('Vector Direction',(0.,0.,-1.)) ;
#85=DIRECTION('Vector Direction',(1.,0.,0.)) ;
#92=DIRECTION('Axis2P3D Direction',(0.,-1.,0.)) ;
#99=DIRECTION('Vector Direction',(0.,0.,-1.)) ;
#112=DIRECTION('Axis2P3D Direction',(1.,0.,0.)) ;
#113=DIRECTION('Axis2P3D XDirection',(0.,1.,0.)) ;
#117=DIRECTION('Vector Direction',(0.,0.,-1.)) ;
#126=DIRECTION('Vector Direction',(0.,-1.,0.)) ;
#133=DIRECTION('Vector Direction',(0.,0.,1.)) ;
#140=DIRECTION('Vector Direction',(0.,1.,0.)) ;
#151=DIRECTION('Vector Direction',(0.,0.,1.)) ;
#160=DIRECTION('Vector Direction',(0.,-1.,0.)) ;
#167=DIRECTION('Vector Direction',(0.,1.,0.)) ;
#174=DIRECTION('Vector Direction',(0.,0.,1.)) ;
#181=DIRECTION('Vector Direction',(0.,-1.,0.)) ;
#188=DIRECTION('Vector Direction',(0.,1.,0.)) ;
#201=DIRECTION('Axis2P3D Direction',(1.,0.,0.)) ;
#210=DIRECTION('Axis2P3D Direction',(1.,0.,0.)) ;
#219=DIRECTION('Axis2P3D Direction',(1.,0.,0.)) ;
#228=DIRECTION('Axis2P3D Direction',(1.,0.,0.)) ;
#237=DIRECTION('Axis2P3D Direction',(1.,0.,0.)) ;
#246=DIRECTION('Axis2P3D Direction',(1.,0.,0.)) ;
#255=DIRECTION('Axis2P3D Direction',(1.,0.,0.)) ;
#264=DIRECTION('Axis2P3D Direction',(1.,0.,0.)) ;
#273=DIRECTION('Axis2P3D Direction',(1.,0.,0.)) ;
#282=DIRECTION('Axis2P3D Direction',(1.,0.,0.)) ;
#291=DIRECTION('Axis2P3D Direction',(1.,0.,0.)) ;
#300=DIRECTION('Axis2P3D Direction',(1.,0.,0.)) ;
#309=DIRECTION('Axis2P3D Direction',(1.,0.,0.)) ;
#318=DIRECTION('Axis2P3D Direction',(1.,0.,0.)) ;
#327=DIRECTION('Axis2P3D Direction',(1.,0.,0.)) ;
#336=DIRECTION('Axis2P3D Direction',(1.,0.,0.)) ;
#345=DIRECTION('Axis2P3D Direction',(1.,0.,0.)) ;
#354=DIRECTION('Axis2P3D Direction',(1.,0.,0.)) ;
#363=DIRECTION('Axis2P3D Direction',(1.,0.,0.)) ;
#372=DIRECTION('Axis2P3D Direction',(1.,0.,0.)) ;
#381=DIRECTION('Axis2P3D Direction',(1.,0.,0.)) ;
#390=DIRECTION('Axis2P3D Direction',(1.,0.,0.)) ;
#399=DIRECTION('Axis2P3D Direction',(1.,0.,0.)) ;
#408=DIRECTION('Axis2P3D Direction',(1.,0.,0.)) ;
#417=DIRECTION('Axis2P3D Direction',(1.,0.,0.)) ;
#426=DIRECTION('Axis2P3D Direction',(1.,0.,0.)) ;
#435=DIRECTION('Axis2P3D Direction',(1.,0.,0.)) ;
#444=DIRECTION('Axis2P3D Direction',(1.,0.,0.)) ;
#453=DIRECTION('Axis2P3D Direction',(1.,0.,0.)) ;
#462=DIRECTION('Axis2P3D Direction',(1.,0.,0.)) ;
#471=DIRECTION('Axis2P3D Direction',(1.,0.,0.)) ;
#480=DIRECTION('Axis2P3D Direction',(1.,0.,0.)) ;
#489=DIRECTION('Axis2P3D Direction',(1.,0.,0.)) ;
#498=DIRECTION('Axis2P3D Direction',(1.,0.,0.)) ;
#507=DIRECTION('Axis2P3D Direction',(1.,0.,0.)) ;
#516=DIRECTION('Axis2P3D Direction',(1.,0.,0.)) ;
#525=DIRECTION('Axis2P3D Direction',(1.,0.,0.)) ;
#534=DIRECTION('Axis2P3D Direction',(1.,0.,0.)) ;
#543=DIRECTION('Axis2P3D Direction',(1.,0.,0.)) ;
#552=DIRECTION('Axis2P3D Direction',(1.,0.,0.)) ;
#561=DIRECTION('Axis2P3D Direction',(1.,0.,0.)) ;
#570=DIRECTION('Axis2P3D Direction',(1.,0.,0.)) ;
#579=DIRECTION('Axis2P3D Direction',(1.,0.,0.)) ;
#588=DIRECTION('Axis2P3D Direction',(1.,0.,0.)) ;
#597=DIRECTION('Vector Direction',(0.,1.,0.)) ;
#604=DIRECTION('Vector Direction',(0.,0.,1.)) ;
#611=DIRECTION('Vector Direction',(0.,-1.,0.)) ;
#622=DIRECTION('Vector Direction',(0.,1.,0.)) ;
#631=DIRECTION('Vector Direction',(0.,0.,1.)) ;
#638=DIRECTION('Vector Direction',(0.,-1.,0.)) ;
#645=DIRECTION('Vector Direction',(0.,0.,-1.)) ;
#657=DIRECTION('Axis2P3D Direction',(-0.,0.,1.)) ;
#658=DIRECTION('Axis2P3D XDirection',(0.,-1.,0.)) ;
#662=DIRECTION('Vector Direction',(1.,0.,0.)) ;
#669=DIRECTION('Vector Direction',(0.,-1.,0.)) ;
#681=DIRECTION('Axis2P3D Direction',(0.,-1.,0.)) ;
#682=DIRECTION('Axis2P3D XDirection',(1.,0.,0.)) ;
#686=DIRECTION('Axis2P3D Direction',(0.,-1.,0.)) ;
#695=DIRECTION('Vector Direction',(0.,-1.,0.)) ;
#702=DIRECTION('Axis2P3D Direction',(0.,-1.,0.)) ;
#709=DIRECTION('Vector Direction',(0.,-1.,0.)) ;
#716=DIRECTION('Axis2P3D Direction',(0.,-1.,0.)) ;
#723=DIRECTION('Vector Direction',(0.,-1.,0.)) ;
#737=DIRECTION('Axis2P3D Direction',(1.,0.,0.)) ;
#738=DIRECTION('Axis2P3D XDirection',(0.,1.,0.)) ;
#742=DIRECTION('Vector Direction',(0.,0.,-1.)) ;
#751=DIRECTION('Vector Direction',(0.,1.,-3.23447347973E-012)) ;
#758=DIRECTION('Vector Direction',(0.,0.,1.)) ;
#765=DIRECTION('Vector Direction',(0.,-1.,0.)) ;
#772=DIRECTION('Vector Direction',(0.,-1.,0.)) ;
#779=DIRECTION('Vector Direction',(0.,0.,1.)) ;
#784=DIRECTION('Vector Direction',(0.,0.,-1.)) ;
#791=DIRECTION('Vector Direction',(0.,1.,0.)) ;
#808=DIRECTION('Axis2P3D Direction',(0.,-1.,0.)) ;
#809=DIRECTION('Axis2P3D XDirection',(1.,0.,0.)) ;
#813=DIRECTION('Vector Direction',(0.,-1.,0.)) ;
#822=DIRECTION('Axis2P3D Direction',(0.,-1.,0.)) ;
#829=DIRECTION('Vector Direction',(0.,-1.,0.)) ;
#836=DIRECTION('Axis2P3D Direction',(0.,-1.,0.)) ;
#843=DIRECTION('Vector Direction',(0.,-1.,0.)) ;
#850=DIRECTION('Axis2P3D Direction',(0.,-1.,0.)) ;
#855=DIRECTION('Axis2P3D Direction',(0.,-1.,0.)) ;
#871=DIRECTION('Axis2P3D Direction',(0.,-1.,0.)) ;
#880=DIRECTION('Vector Direction',(0.,-1.,0.)) ;
#887=DIRECTION('Axis2P3D Direction',(0.,-1.,0.)) ;
#894=DIRECTION('Vector Direction',(0.,-1.,0.)) ;
#901=DIRECTION('Axis2P3D Direction',(0.,-1.,0.)) ;
#908=DIRECTION('Vector Direction',(0.,-1.,0.)) ;
#915=DIRECTION('Axis2P3D Direction',(0.,-1.,0.)) ;
#922=DIRECTION('Vector Direction',(0.,-1.,0.)) ;
#929=DIRECTION('Axis2P3D Direction',(0.,-1.,0.)) ;
#936=DIRECTION('Vector Direction',(0.,-1.,0.)) ;
#954=DIRECTION('Axis2P3D Direction',(-0.,1.,0.)) ;
#955=DIRECTION('Axis2P3D XDirection',(-1.83690953073E-016,-0.,1.)) ;
#959=DIRECTION('Axis2P3D Direction',(-0.,1.,0.)) ;
#968=DIRECTION('Vector Direction',(0.,1.,0.)) ;
#975=DIRECTION('Axis2P3D Direction',(-0.,1.,0.)) ;
#982=DIRECTION('Vector Direction',(0.,1.,0.)) ;
#994=DIRECTION('Axis2P3D Direction',(-0.,1.,0.)) ;
#995=DIRECTION('Axis2P3D XDirection',(-1.83690953073E-016,-0.,1.)) ;
#999=DIRECTION('Axis2P3D Direction',(-0.,1.,0.)) ;
#1008=DIRECTION('Vector Direction',(0.,1.,0.)) ;
#1015=DIRECTION('Axis2P3D Direction',(-0.,1.,0.)) ;
#1022=DIRECTION('Vector Direction',(0.,1.,0.)) ;
#1034=DIRECTION('Axis2P3D Direction',(1.,-0.,0.)) ;
#1035=DIRECTION('Axis2P3D XDirection',(0.,0.,-1.)) ;
#1039=DIRECTION('Vector Direction',(0.,0.,1.)) ;
#1046=DIRECTION('Vector Direction',(0.,1.,0.)) ;
#1053=DIRECTION('Vector Direction',(0.,0.,1.)) ;
#1065=DIRECTION('Vector Direction',(0.,0.,-1.)) ;
#1072=DIRECTION('Vector Direction',(0.,1.,0.)) ;
#1079=DIRECTION('Vector Direction',(0.,0.,1.)) ;
#1091=DIRECTION('Axis2P3D Direction',(0.,-1.,0.)) ;
#1092=DIRECTION('Axis2P3D XDirection',(1.,0.,0.)) ;
#1096=DIRECTION('Vector Direction',(0.,-1.,0.)) ;
#1105=DIRECTION('Axis2P3D Direction',(0.,-1.,0.)) ;
#1112=DIRECTION('Vector Direction',(0.,-1.,0.)) ;
#1119=DIRECTION('Axis2P3D Direction',(0.,-1.,0.)) ;
#1131=DIRECTION('Axis2P3D Direction',(0.,-1.,0.)) ;
#1136=DIRECTION('Axis2P3D Direction',(0.,-1.,0.)) ;
#1148=DIRECTION('Axis2P3D Direction',(0.,-1.,0.)) ;
#1149=DIRECTION('Axis2P3D XDirection',(1.,0.,0.)) ;
#1153=DIRECTION('Vector Direction',(0.,-1.,0.)) ;
#1162=DIRECTION('Axis2P3D Direction',(0.,-1.,0.)) ;
#1169=DIRECTION('Vector Direction',(0.,-1.,0.)) ;
#1176=DIRECTION('Axis2P3D Direction',(0.,-1.,0.)) ;
#1188=DIRECTION('Axis2P3D Direction',(0.,-1.,0.)) ;
#1193=DIRECTION('Axis2P3D Direction',(0.,-1.,0.)) ;
#1205=DIRECTION('Axis2P3D Direction',(0.,-1.,0.)) ;
#1206=DIRECTION('Axis2P3D XDirection',(1.,0.,0.)) ;
#1210=DIRECTION('Vector Direction',(0.,-1.,0.)) ;
#1219=DIRECTION('Axis2P3D Direction',(0.,-1.,0.)) ;
#1226=DIRECTION('Vector Direction',(0.,-1.,0.)) ;
#1233=DIRECTION('Axis2P3D Direction',(0.,-1.,0.)) ;
#1245=DIRECTION('Axis2P3D Direction',(0.,-1.,0.)) ;
#1250=DIRECTION('Axis2P3D Direction',(0.,-1.,0.)) ;
#1262=DIRECTION('Axis2P3D Direction',(0.,-1.,0.)) ;
#1263=DIRECTION('Axis2P3D XDirection',(1.,0.,0.)) ;
#1267=DIRECTION('Vector Direction',(0.,-1.,0.)) ;
#1276=DIRECTION('Axis2P3D Direction',(0.,-1.,0.)) ;
#1283=DIRECTION('Vector Direction',(0.,-1.,0.)) ;
#1290=DIRECTION('Axis2P3D Direction',(0.,-1.,0.)) ;
#1302=DIRECTION('Axis2P3D Direction',(0.,-1.,0.)) ;
#1307=DIRECTION('Axis2P3D Direction',(0.,-1.,0.)) ;
#1319=DIRECTION('Axis2P3D Direction',(0.614496735327,-0.,0.788919363606)) ;
#1320=DIRECTION('Axis2P3D XDirection',(0.788919363606,0.,-0.614496735327)) ;
#1324=DIRECTION('Vector Direction',(-0.788919363606,0.,0.614496735327)) ;
#1333=DIRECTION('Vector Direction',(0.,1.,0.)) ;
#1340=DIRECTION('Vector Direction',(-0.788919363606,0.,0.614496735327)) ;
#1347=DIRECTION('Vector Direction',(0.,1.,0.)) ;
#1359=DIRECTION('Axis2P3D Direction',(-0.,1.,0.)) ;
#1360=DIRECTION('Axis2P3D XDirection',(0.614496735327,0.,0.788919363606)) ;
#1364=DIRECTION('Axis2P3D Direction',(-0.,1.,0.)) ;
#1371=DIRECTION('Axis2P3D Direction',(-0.,1.,0.)) ;
#1378=DIRECTION('Vector Direction',(0.,1.,0.)) ;
#1390=DIRECTION('Axis2P3D Direction',(1.,0.,0.)) ;
#1391=DIRECTION('Axis2P3D XDirection',(0.,1.,0.)) ;
#1395=DIRECTION('Vector Direction',(0.,0.,-1.)) ;
#1402=DIRECTION('Vector Direction',(0.,-1.,0.)) ;
#1409=DIRECTION('Vector Direction',(0.,0.,1.)) ;
#1421=DIRECTION('Vector Direction',(0.,1.,-5.73900506348E-013)) ;
#1430=DIRECTION('Axis2P3D Direction',(1.,0.,0.)) ;
#1437=DIRECTION('Axis2P3D Direction',(1.,0.,0.)) ;
#1444=DIRECTION('Axis2P3D Direction',(1.,0.,0.)) ;
#1451=DIRECTION('Vector Direction',(0.,1.,-5.73677600399E-013)) ;
#1458=DIRECTION('Vector Direction',(0.,0.,-1.)) ;
#1465=DIRECTION('Vector Direction',(0.,-1.,0.)) ;
#1472=DIRECTION('Vector Direction',(0.,0.,-1.)) ;
#1479=DIRECTION('Vector Direction',(0.,1.,-5.736776004E-013)) ;
#1486=DIRECTION('Axis2P3D Direction',(1.,0.,0.)) ;
#1493=DIRECTION('Axis2P3D Direction',(1.,0.,0.)) ;
#1500=DIRECTION('Axis2P3D Direction',(1.,0.,0.)) ;
#1507=DIRECTION('Vector Direction',(0.,1.,-5.73900506349E-013)) ;
#1514=DIRECTION('Axis2P3D Direction',(1.,0.,0.)) ;
#1521=DIRECTION('Axis2P3D Direction',(1.,0.,0.)) ;
#1528=DIRECTION('Axis2P3D Direction',(1.,0.,0.)) ;
#1552=DIRECTION('Axis2P3D Direction',(0.,-1.,0.)) ;
#1561=DIRECTION('Vector Direction',(0.,-1.,0.)) ;
#1568=DIRECTION('Axis2P3D Direction',(0.,-1.,0.)) ;
#1575=DIRECTION('Vector Direction',(0.,-1.,0.)) ;
#1587=DIRECTION('Axis2P3D Direction',(0.,-1.,0.)) ;
#1592=DIRECTION('Axis2P3D Direction',(0.,-1.,0.)) ;
#1604=DIRECTION('Axis2P3D Direction',(0.,-1.,0.)) ;
#1613=DIRECTION('Vector Direction',(0.,-1.,0.)) ;
#1620=DIRECTION('Axis2P3D Direction',(0.,-1.,0.)) ;
#1627=DIRECTION('Vector Direction',(0.,-1.,0.)) ;
#1639=DIRECTION('Axis2P3D Direction',(0.,-1.,0.)) ;
#1644=DIRECTION('Axis2P3D Direction',(0.,-1.,0.)) ;
#1656=DIRECTION('Axis2P3D Direction',(0.,-1.,0.)) ;
#1665=DIRECTION('Vector Direction',(0.,-1.,0.)) ;
#1672=DIRECTION('Axis2P3D Direction',(0.,-1.,0.)) ;
#1679=DIRECTION('Vector Direction',(0.,-1.,0.)) ;
#1691=DIRECTION('Axis2P3D Direction',(0.,-1.,0.)) ;
#1696=DIRECTION('Axis2P3D Direction',(0.,-1.,0.)) ;
#1708=DIRECTION('Axis2P3D Direction',(0.,-1.,0.)) ;
#1717=DIRECTION('Vector Direction',(0.,-1.,0.)) ;
#1724=DIRECTION('Axis2P3D Direction',(0.,-1.,0.)) ;
#1731=DIRECTION('Vector Direction',(0.,-1.,0.)) ;
#1743=DIRECTION('Axis2P3D Direction',(0.,-1.,0.)) ;
#1748=DIRECTION('Axis2P3D Direction',(0.,-1.,0.)) ;
#1760=DIRECTION('Vector Direction',(0.,0.,1.)) ;
#1769=DIRECTION('Vector Direction',(0.,1.,0.)) ;
#1776=DIRECTION('Vector Direction',(0.,0.,-1.)) ;
#1783=DIRECTION('Vector Direction',(0.,1.,0.)) ;
#1795=DIRECTION('Axis2P3D Direction',(-0.,1.,0.)) ;
#1796=DIRECTION('Axis2P3D XDirection',(0.614496735327,0.,0.788919363606)) ;
#1800=DIRECTION('Axis2P3D Direction',(-0.,1.,0.)) ;
#1807=DIRECTION('Vector Direction',(0.,1.,0.)) ;
#1814=DIRECTION('Axis2P3D Direction',(-0.,1.,0.)) ;
#1826=DIRECTION('Vector Direction',(0.788919363606,0.,-0.614496735327)) ;
#1833=DIRECTION('Vector Direction',(-0.788919363606,2.54757656484E-015,0.614496735327)) ;
#1840=DIRECTION('Vector Direction',(0.,1.,0.)) ;
#1852=DIRECTION('Axis2P3D Direction',(0.,1.,0.)) ;
#1853=DIRECTION('Axis2P3D XDirection',(-0.614496735327,0.,-0.788919363606)) ;
#1857=DIRECTION('Axis2P3D Direction',(0.,1.,0.)) ;
#1862=DIRECTION('Axis2P3D Direction',(0.,1.,0.)) ;
#1874=DIRECTION('Axis2P3D Direction',(0.,1.,0.)) ;
#1875=DIRECTION('Axis2P3D XDirection',(-0.614496735327,0.,-0.788919363606)) ;
#1879=DIRECTION('Axis2P3D Direction',(0.,1.,0.)) ;
#1884=DIRECTION('Axis2P3D Direction',(0.,1.,0.)) ;
#1896=DIRECTION('Axis2P3D Direction',(0.,-1.,0.)) ;
#1901=DIRECTION('Axis2P3D Direction',(0.,-1.,0.)) ;
#1906=DIRECTION('Axis2P3D Direction',(0.,-1.,0.)) ;
#1962=DIRECTION('Axis2P3D Direction',(0.,-1.,0.)) ;
#1984=DIRECTION('Axis2P3D Direction',(0.,-1.,0.)) ;
#1989=DIRECTION('Axis2P3D Direction',(0.,-1.,0.)) ;
#1994=DIRECTION('Axis2P3D Direction',(0.,-1.,0.)) ;
#2008=DIRECTION('Axis2P3D Direction',(0.,-1.,0.)) ;
#2009=DIRECTION('Axis2P3D XDirection',(0.,0.,-1.)) ;
#2013=DIRECTION('Vector Direction',(1.,0.,0.)) ;
#2018=DIRECTION('Vector Direction',(0.,0.,-1.)) ;
#2056=DIRECTION('Axis2P3D Direction',(0.,-1.,0.)) ;
#2057=DIRECTION('Axis2P3D XDirection',(0.,0.,-1.)) ;
#2061=DIRECTION('Axis2P3D Direction',(0.,-1.,0.)) ;
#2068=DIRECTION('Vector Direction',(0.,0.,-1.)) ;
#2073=DIRECTION('Vector Direction',(1.,0.,0.)) ;
#2111=DIRECTION('Vector Direction',(1.,0.,0.)) ;
#2116=DIRECTION('Vector Direction',(1.,0.,0.)) ;
#2128=DIRECTION('Axis2P3D Direction',(0.,1.,0.)) ;
#2129=DIRECTION('Axis2P3D XDirection',(0.,0.,1.)) ;
#2133=DIRECTION('Vector Direction',(0.,0.,-1.)) ;
#2140=DIRECTION('Vector Direction',(1.,0.,0.)) ;
#2153=DIRECTION('Axis2P3D Direction',(0.,0.,-1.)) ;
#2154=DIRECTION('Axis2P3D XDirection',(0.,1.,0.)) ;
#2158=DIRECTION('Vector Direction',(1.,0.,0.)) ;
#2165=DIRECTION('Vector Direction',(0.,1.,0.)) ;
#2177=DIRECTION('Axis2P3D Direction',(0.,-1.,0.)) ;
#2178=DIRECTION('Axis2P3D XDirection',(0.,-0.,-1.)) ;
#2182=DIRECTION('Vector Direction',(0.,0.,-1.)) ;
#2195=DIRECTION('Axis2P3D Direction',(0.,1.,0.)) ;
#2196=DIRECTION('Axis2P3D XDirection',(0.,0.,1.)) ;
#2200=DIRECTION('Vector Direction',(1.,0.,0.)) ;
#2207=DIRECTION('Vector Direction',(0.,0.,-1.)) ;
#2214=DIRECTION('Axis2P3D Direction',(0.,1.,0.)) ;
#2227=DIRECTION('Axis2P3D Direction',(-1.,-0.,0.)) ;
#2228=DIRECTION('Axis2P3D XDirection',(-0.,1.,-3.21628574468E-016)) ;
#2232=DIRECTION('Axis2P3D Direction',(-1.,-0.,0.)) ;
#2241=DIRECTION('Vector Direction',(-1.,0.,0.)) ;
#2246=DIRECTION('Vector Direction',(-1.,0.,0.)) ;
#2258=DIRECTION('Axis2P3D Direction',(-1.,-0.,0.)) ;
#2270=DIRECTION('Axis2P3D Direction',(-1.,-0.,0.)) ;
#2271=DIRECTION('Axis2P3D XDirection',(-0.,1.,-3.21628574468E-016)) ;
#2275=DIRECTION('Axis2P3D Direction',(-1.,-0.,0.)) ;
#2284=DIRECTION('Vector Direction',(-1.,0.,0.)) ;
#2289=DIRECTION('Vector Direction',(-1.,0.,0.)) ;
#2301=DIRECTION('Axis2P3D Direction',(-1.,-0.,0.)) ;
#2313=DIRECTION('Axis2P3D Direction',(-1.,-0.,0.)) ;
#2314=DIRECTION('Axis2P3D XDirection',(0.,-1.,0.)) ;
#2318=DIRECTION('Axis2P3D Direction',(-1.,-0.,0.)) ;
#2327=DIRECTION('Vector Direction',(-1.,0.,0.)) ;
#2332=DIRECTION('Vector Direction',(-1.,0.,0.)) ;
#2344=DIRECTION('Axis2P3D Direction',(-1.,-0.,0.)) ;
#2356=DIRECTION('Axis2P3D Direction',(-1.,-0.,0.)) ;
#2357=DIRECTION('Axis2P3D XDirection',(0.,-1.,0.)) ;
#2361=DIRECTION('Axis2P3D Direction',(-1.,-0.,0.)) ;
#2370=DIRECTION('Vector Direction',(-1.,0.,0.)) ;
#2375=DIRECTION('Vector Direction',(-1.,0.,0.)) ;
#2387=DIRECTION('Axis2P3D Direction',(-1.,-0.,0.)) ;
#2399=DIRECTION('Axis2P3D Direction',(-1.,-0.,0.)) ;
#2400=DIRECTION('Axis2P3D XDirection',(0.,1.,1.22460635382E-016)) ;
#2404=DIRECTION('Axis2P3D Direction',(-1.,-0.,0.)) ;
#2413=DIRECTION('Vector Direction',(-1.,0.,0.)) ;
#2418=DIRECTION('Vector Direction',(-1.,0.,0.)) ;
#2430=DIRECTION('Axis2P3D Direction',(-1.,-0.,0.)) ;
#2442=DIRECTION('Axis2P3D Direction',(-1.,-0.,0.)) ;
#2443=DIRECTION('Axis2P3D XDirection',(0.,1.,1.22460635382E-016)) ;
#2447=DIRECTION('Axis2P3D Direction',(-1.,-0.,0.)) ;
#2456=DIRECTION('Vector Direction',(-1.,0.,0.)) ;
#2461=DIRECTION('Vector Direction',(-1.,0.,0.)) ;
#2473=DIRECTION('Axis2P3D Direction',(-1.,-0.,0.)) ;
#2485=DIRECTION('Axis2P3D Direction',(-1.,-0.,0.)) ;
#2486=DIRECTION('Axis2P3D XDirection',(0.,1.,1.22460635382E-016)) ;
#2490=DIRECTION('Axis2P3D Direction',(-1.,-0.,0.)) ;
#2499=DIRECTION('Vector Direction',(-1.,0.,0.)) ;
#2504=DIRECTION('Vector Direction',(-1.,0.,0.)) ;
#2516=DIRECTION('Axis2P3D Direction',(-1.,-0.,0.)) ;
#2528=DIRECTION('Axis2P3D Direction',(-1.,-0.,0.)) ;
#2529=DIRECTION('Axis2P3D XDirection',(0.,1.,1.22460635382E-016)) ;
#2533=DIRECTION('Axis2P3D Direction',(-1.,-0.,0.)) ;
#2542=DIRECTION('Vector Direction',(-1.,0.,0.)) ;
#2547=DIRECTION('Vector Direction',(-1.,0.,0.)) ;
#2559=DIRECTION('Axis2P3D Direction',(-1.,-0.,0.)) ;
#2571=DIRECTION('Axis2P3D Direction',(-1.,-0.,0.)) ;
#2572=DIRECTION('Axis2P3D XDirection',(0.,1.,1.22460635382E-016)) ;
#2576=DIRECTION('Axis2P3D Direction',(-1.,-0.,0.)) ;
#2585=DIRECTION('Vector Direction',(-1.,0.,0.)) ;
#2590=DIRECTION('Vector Direction',(-1.,0.,0.)) ;
#2602=DIRECTION('Axis2P3D Direction',(-1.,-0.,0.)) ;
#2614=DIRECTION('Axis2P3D Direction',(-1.,-0.,0.)) ;
#2615=DIRECTION('Axis2P3D XDirection',(0.,1.,1.22460635382E-016)) ;
#2619=DIRECTION('Axis2P3D Direction',(-1.,-0.,0.)) ;
#2628=DIRECTION('Vector Direction',(-1.,0.,0.)) ;
#2633=DIRECTION('Vector Direction',(-1.,0.,0.)) ;
#2645=DIRECTION('Axis2P3D Direction',(-1.,-0.,0.)) ;
#2657=DIRECTION('Axis2P3D Direction',(-1.,-0.,0.)) ;
#2658=DIRECTION('Axis2P3D XDirection',(0.,-1.,0.)) ;
#2662=DIRECTION('Axis2P3D Direction',(-1.,-0.,0.)) ;
#2671=DIRECTION('Vector Direction',(-1.,0.,0.)) ;
#2676=DIRECTION('Vector Direction',(-1.,0.,0.)) ;
#2688=DIRECTION('Axis2P3D Direction',(-1.,-0.,0.)) ;
#2700=DIRECTION('Axis2P3D Direction',(-1.,-0.,0.)) ;
#2701=DIRECTION('Axis2P3D XDirection',(0.,-1.,0.)) ;
#2705=DIRECTION('Axis2P3D Direction',(-1.,-0.,0.)) ;
#2714=DIRECTION('Vector Direction',(-1.,0.,0.)) ;
#2719=DIRECTION('Vector Direction',(-1.,0.,0.)) ;
#2731=DIRECTION('Axis2P3D Direction',(-1.,-0.,0.)) ;
#2743=DIRECTION('Axis2P3D Direction',(-1.,-0.,0.)) ;
#2744=DIRECTION('Axis2P3D XDirection',(0.,-1.,0.)) ;
#2748=DIRECTION('Axis2P3D Direction',(-1.,-0.,0.)) ;
#2757=DIRECTION('Vector Direction',(-1.,0.,0.)) ;
#2762=DIRECTION('Vector Direction',(-1.,0.,0.)) ;
#2774=DIRECTION('Axis2P3D Direction',(-1.,-0.,0.)) ;
#2786=DIRECTION('Axis2P3D Direction',(-1.,-0.,0.)) ;
#2787=DIRECTION('Axis2P3D XDirection',(0.,-1.,0.)) ;
#2791=DIRECTION('Axis2P3D Direction',(-1.,-0.,0.)) ;
#2800=DIRECTION('Vector Direction',(-1.,0.,0.)) ;
#2805=DIRECTION('Vector Direction',(-1.,0.,0.)) ;
#2817=DIRECTION('Axis2P3D Direction',(-1.,-0.,0.)) ;
#2829=DIRECTION('Axis2P3D Direction',(-1.,-0.,0.)) ;
#2830=DIRECTION('Axis2P3D XDirection',(0.,-1.,0.)) ;
#2834=DIRECTION('Axis2P3D Direction',(-1.,-0.,0.)) ;
#2843=DIRECTION('Vector Direction',(-1.,0.,0.)) ;
#2848=DIRECTION('Vector Direction',(-1.,0.,0.)) ;
#2860=DIRECTION('Axis2P3D Direction',(-1.,-0.,0.)) ;
#2872=DIRECTION('Axis2P3D Direction',(-1.,-0.,0.)) ;
#2873=DIRECTION('Axis2P3D XDirection',(0.,-1.,0.)) ;
#2877=DIRECTION('Axis2P3D Direction',(-1.,-0.,0.)) ;
#2886=DIRECTION('Vector Direction',(-1.,0.,0.)) ;
#2891=DIRECTION('Vector Direction',(-1.,0.,0.)) ;
#2903=DIRECTION('Axis2P3D Direction',(-1.,-0.,0.)) ;
#2915=DIRECTION('Axis2P3D Direction',(-1.,-0.,0.)) ;
#2916=DIRECTION('Axis2P3D XDirection',(0.,-1.,0.)) ;
#2920=DIRECTION('Axis2P3D Direction',(-1.,-0.,0.)) ;
#2929=DIRECTION('Vector Direction',(-1.,0.,0.)) ;
#2934=DIRECTION('Vector Direction',(-1.,0.,0.)) ;
#2946=DIRECTION('Axis2P3D Direction',(-1.,-0.,0.)) ;
#2958=DIRECTION('Axis2P3D Direction',(-1.,-0.,0.)) ;
#2959=DIRECTION('Axis2P3D XDirection',(0.,-1.,0.)) ;
#2963=DIRECTION('Axis2P3D Direction',(-1.,-0.,0.)) ;
#2972=DIRECTION('Vector Direction',(-1.,0.,0.)) ;
#2977=DIRECTION('Vector Direction',(-1.,0.,0.)) ;
#2989=DIRECTION('Axis2P3D Direction',(-1.,-0.,0.)) ;
#3001=DIRECTION('Axis2P3D Direction',(-1.,-0.,0.)) ;
#3002=DIRECTION('Axis2P3D XDirection',(0.,-1.,0.)) ;
#3006=DIRECTION('Axis2P3D Direction',(-1.,-0.,0.)) ;
#3015=DIRECTION('Vector Direction',(-1.,0.,0.)) ;
#3020=DIRECTION('Vector Direction',(-1.,0.,0.)) ;
#3032=DIRECTION('Axis2P3D Direction',(-1.,-0.,0.)) ;
#3044=DIRECTION('Axis2P3D Direction',(-1.,-0.,0.)) ;
#3045=DIRECTION('Axis2P3D XDirection',(0.,1.,1.22460635382E-016)) ;
#3049=DIRECTION('Vector Direction',(-1.,0.,0.)) ;
#3054=DIRECTION('Vector Direction',(-1.,0.,0.)) ;
#3075=DIRECTION('Axis2P3D Direction',(-1.,-0.,0.)) ;
#3076=DIRECTION('Axis2P3D XDirection',(0.,-1.,0.)) ;
#3080=DIRECTION('Vector Direction',(-1.,0.,0.)) ;
#3085=DIRECTION('Vector Direction',(-1.,0.,0.)) ;
#3106=DIRECTION('Axis2P3D Direction',(-1.,-0.,0.)) ;
#3107=DIRECTION('Axis2P3D XDirection',(0.,-1.,0.)) ;
#3111=DIRECTION('Vector Direction',(-1.,0.,0.)) ;
#3116=DIRECTION('Vector Direction',(-1.,0.,0.)) ;
#3137=DIRECTION('Axis2P3D Direction',(0.,1.,0.)) ;
#3138=DIRECTION('Axis2P3D XDirection',(0.,0.,1.)) ;
#3142=DIRECTION('Vector Direction',(0.,0.,1.)) ;
#3149=DIRECTION('Vector Direction',(1.,0.,0.)) ;
#3154=DIRECTION('Vector Direction',(1.,0.,0.)) ;
#3169=DIRECTION('Axis2P3D Direction',(0.,0.,-1.)) ;
#3170=DIRECTION('Axis2P3D XDirection',(0.,1.,0.)) ;
#3174=DIRECTION('Vector Direction',(1.,0.,0.)) ;
#3181=DIRECTION('Vector Direction',(0.,1.,0.)) ;
#3193=DIRECTION('Vector Direction',(1.,0.,0.)) ;
#3200=DIRECTION('Vector Direction',(0.,1.,0.)) ;
#3212=DIRECTION('Axis2P3D Direction',(0.,1.,0.)) ;
#3213=DIRECTION('Axis2P3D XDirection',(0.,0.,1.)) ;
#3217=DIRECTION('Vector Direction',(1.,0.,0.)) ;
#3222=DIRECTION('Vector Direction',(0.,0.,1.)) ;
#3229=DIRECTION('Axis2P3D Direction',(0.,1.,0.)) ;
#3244=DIRECTION('Axis2P3D Direction',(-0.,0.,1.)) ;
#3245=DIRECTION('Axis2P3D XDirection',(0.,-1.,0.)) ;
#3249=DIRECTION('Vector Direction',(1.,0.,0.)) ;
#3268=DIRECTION('Axis2P3D Direction',(0.,-1.,0.)) ;
#3269=DIRECTION('Axis2P3D XDirection',(0.,0.,-1.)) ;
#3273=DIRECTION('Vector Direction',(1.,0.,0.)) ;
#3278=DIRECTION('Vector Direction',(1.,0.,0.)) ;
#3319=DIRECTION('Axis2P3D Direction',(-0.,0.,1.)) ;
#3320=DIRECTION('Axis2P3D XDirection',(0.,-1.,0.)) ;
#3324=DIRECTION('Vector Direction',(1.,0.,0.)) ;
#3340=DIRECTION('Axis2P3D Direction',(0.,1.,0.)) ;
#3341=DIRECTION('Axis2P3D XDirection',(0.,0.,1.)) ;
#3345=DIRECTION('Vector Direction',(1.,0.,0.)) ;
#3373=DIRECTION('Axis2P3D Direction',(0.,1.,0.)) ;
#3391=DIRECTION('Axis2P3D Direction',(0.,0.,-1.)) ;
#3392=DIRECTION('Axis2P3D XDirection',(0.,1.,0.)) ;
#3396=DIRECTION('Vector Direction',(0.,1.,0.)) ;
#3410=DIRECTION('Vector Direction',(0.,1.,-3.6862098993E-012)) ;
#3415=DIRECTION('Vector Direction',(0.,1.,-3.68621429099E-012)) ;
#3420=DIRECTION('Vector Direction',(0.,1.,0.)) ;
#3552=DIRECTION('NONE',(1.,0.,0.)) ;
#3553=DIRECTION('NONE',(0.,0.,1.)) ;
#3554=DIRECTION('NONE',(1.,0.,0.)) ;
#3555=DIRECTION('NONE',(0.,0.,1.)) ;
#66=AXIS2_PLACEMENT_3D('Plane Axis2P3D',#63,#64,#65) ;
#93=AXIS2_PLACEMENT_3D('Circle Axis2P3D',#91,#92,$) ;
#114=AXIS2_PLACEMENT_3D('Plane Axis2P3D',#111,#112,#113) ;
#202=AXIS2_PLACEMENT_3D('Circle Axis2P3D',#200,#201,$) ;
#211=AXIS2_PLACEMENT_3D('Circle Axis2P3D',#209,#210,$) ;
#220=AXIS2_PLACEMENT_3D('Circle Axis2P3D',#218,#219,$) ;
#229=AXIS2_PLACEMENT_3D('Circle Axis2P3D',#227,#228,$) ;
#238=AXIS2_PLACEMENT_3D('Circle Axis2P3D',#236,#237,$) ;
#247=AXIS2_PLACEMENT_3D('Circle Axis2P3D',#245,#246,$) ;
#256=AXIS2_PLACEMENT_3D('Circle Axis2P3D',#254,#255,$) ;
#265=AXIS2_PLACEMENT_3D('Circle Axis2P3D',#263,#264,$) ;
#274=AXIS2_PLACEMENT_3D('Circle Axis2P3D',#272,#273,$) ;
#283=AXIS2_PLACEMENT_3D('Circle Axis2P3D',#281,#282,$) ;
#292=AXIS2_PLACEMENT_3D('Circle Axis2P3D',#290,#291,$) ;
#301=AXIS2_PLACEMENT_3D('Circle Axis2P3D',#299,#300,$) ;
#310=AXIS2_PLACEMENT_3D('Circle Axis2P3D',#308,#309,$) ;
#319=AXIS2_PLACEMENT_3D('Circle Axis2P3D',#317,#318,$) ;
#328=AXIS2_PLACEMENT_3D('Circle Axis2P3D',#326,#327,$) ;
#337=AXIS2_PLACEMENT_3D('Circle Axis2P3D',#335,#336,$) ;
#346=AXIS2_PLACEMENT_3D('Circle Axis2P3D',#344,#345,$) ;
#355=AXIS2_PLACEMENT_3D('Circle Axis2P3D',#353,#354,$) ;
#364=AXIS2_PLACEMENT_3D('Circle Axis2P3D',#362,#363,$) ;
#373=AXIS2_PLACEMENT_3D('Circle Axis2P3D',#371,#372,$) ;
#382=AXIS2_PLACEMENT_3D('Circle Axis2P3D',#380,#381,$) ;
#391=AXIS2_PLACEMENT_3D('Circle Axis2P3D',#389,#390,$) ;
#400=AXIS2_PLACEMENT_3D('Circle Axis2P3D',#398,#399,$) ;
#409=AXIS2_PLACEMENT_3D('Circle Axis2P3D',#407,#408,$) ;
#418=AXIS2_PLACEMENT_3D('Circle Axis2P3D',#416,#417,$) ;
#427=AXIS2_PLACEMENT_3D('Circle Axis2P3D',#425,#426,$) ;
#436=AXIS2_PLACEMENT_3D('Circle Axis2P3D',#434,#435,$) ;
#445=AXIS2_PLACEMENT_3D('Circle Axis2P3D',#443,#444,$) ;
#454=AXIS2_PLACEMENT_3D('Circle Axis2P3D',#452,#453,$) ;
#463=AXIS2_PLACEMENT_3D('Circle Axis2P3D',#461,#462,$) ;
#472=AXIS2_PLACEMENT_3D('Circle Axis2P3D',#470,#471,$) ;
#481=AXIS2_PLACEMENT_3D('Circle Axis2P3D',#479,#480,$) ;
#490=AXIS2_PLACEMENT_3D('Circle Axis2P3D',#488,#489,$) ;
#499=AXIS2_PLACEMENT_3D('Circle Axis2P3D',#497,#498,$) ;
#508=AXIS2_PLACEMENT_3D('Circle Axis2P3D',#506,#507,$) ;
#517=AXIS2_PLACEMENT_3D('Circle Axis2P3D',#515,#516,$) ;
#526=AXIS2_PLACEMENT_3D('Circle Axis2P3D',#524,#525,$) ;
#535=AXIS2_PLACEMENT_3D('Circle Axis2P3D',#533,#534,$) ;
#544=AXIS2_PLACEMENT_3D('Circle Axis2P3D',#542,#543,$) ;
#553=AXIS2_PLACEMENT_3D('Circle Axis2P3D',#551,#552,$) ;
#562=AXIS2_PLACEMENT_3D('Circle Axis2P3D',#560,#561,$) ;
#571=AXIS2_PLACEMENT_3D('Circle Axis2P3D',#569,#570,$) ;
#580=AXIS2_PLACEMENT_3D('Circle Axis2P3D',#578,#579,$) ;
#589=AXIS2_PLACEMENT_3D('Circle Axis2P3D',#587,#588,$) ;
#659=AXIS2_PLACEMENT_3D('Plane Axis2P3D',#656,#657,#658) ;
#683=AXIS2_PLACEMENT_3D('Cylinder Axis2P3D',#680,#681,#682) ;
#687=AXIS2_PLACEMENT_3D('Circle Axis2P3D',#685,#686,$) ;
#703=AXIS2_PLACEMENT_3D('Circle Axis2P3D',#701,#702,$) ;
#717=AXIS2_PLACEMENT_3D('Circle Axis2P3D',#715,#716,$) ;
#739=AXIS2_PLACEMENT_3D('Plane Axis2P3D',#736,#737,#738) ;
#810=AXIS2_PLACEMENT_3D('Cylinder Axis2P3D',#807,#808,#809) ;
#823=AXIS2_PLACEMENT_3D('Circle Axis2P3D',#821,#822,$) ;
#837=AXIS2_PLACEMENT_3D('Circle Axis2P3D',#835,#836,$) ;
#851=AXIS2_PLACEMENT_3D('Circle Axis2P3D',#849,#850,$) ;
#856=AXIS2_PLACEMENT_3D('Circle Axis2P3D',#854,#855,$) ;
#872=AXIS2_PLACEMENT_3D('Circle Axis2P3D',#870,#871,$) ;
#888=AXIS2_PLACEMENT_3D('Circle Axis2P3D',#886,#887,$) ;
#902=AXIS2_PLACEMENT_3D('Circle Axis2P3D',#900,#901,$) ;
#916=AXIS2_PLACEMENT_3D('Circle Axis2P3D',#914,#915,$) ;
#930=AXIS2_PLACEMENT_3D('Circle Axis2P3D',#928,#929,$) ;
#956=AXIS2_PLACEMENT_3D('Cylinder Axis2P3D',#953,#954,#955) ;
#960=AXIS2_PLACEMENT_3D('Circle Axis2P3D',#958,#959,$) ;
#976=AXIS2_PLACEMENT_3D('Circle Axis2P3D',#974,#975,$) ;
#996=AXIS2_PLACEMENT_3D('Cylinder Axis2P3D',#993,#994,#995) ;
#1000=AXIS2_PLACEMENT_3D('Circle Axis2P3D',#998,#999,$) ;
#1016=AXIS2_PLACEMENT_3D('Circle Axis2P3D',#1014,#1015,$) ;
#1036=AXIS2_PLACEMENT_3D('Plane Axis2P3D',#1033,#1034,#1035) ;
#1093=AXIS2_PLACEMENT_3D('Cylinder Axis2P3D',#1090,#1091,#1092) ;
#1106=AXIS2_PLACEMENT_3D('Circle Axis2P3D',#1104,#1105,$) ;
#1120=AXIS2_PLACEMENT_3D('Circle Axis2P3D',#1118,#1119,$) ;
#1132=AXIS2_PLACEMENT_3D('Circle Axis2P3D',#1130,#1131,$) ;
#1137=AXIS2_PLACEMENT_3D('Circle Axis2P3D',#1135,#1136,$) ;
#1150=AXIS2_PLACEMENT_3D('Cylinder Axis2P3D',#1147,#1148,#1149) ;
#1163=AXIS2_PLACEMENT_3D('Circle Axis2P3D',#1161,#1162,$) ;
#1177=AXIS2_PLACEMENT_3D('Circle Axis2P3D',#1175,#1176,$) ;
#1189=AXIS2_PLACEMENT_3D('Circle Axis2P3D',#1187,#1188,$) ;
#1194=AXIS2_PLACEMENT_3D('Circle Axis2P3D',#1192,#1193,$) ;
#1207=AXIS2_PLACEMENT_3D('Cylinder Axis2P3D',#1204,#1205,#1206) ;
#1220=AXIS2_PLACEMENT_3D('Circle Axis2P3D',#1218,#1219,$) ;
#1234=AXIS2_PLACEMENT_3D('Circle Axis2P3D',#1232,#1233,$) ;
#1246=AXIS2_PLACEMENT_3D('Circle Axis2P3D',#1244,#1245,$) ;
#1251=AXIS2_PLACEMENT_3D('Circle Axis2P3D',#1249,#1250,$) ;
#1264=AXIS2_PLACEMENT_3D('Cylinder Axis2P3D',#1261,#1262,#1263) ;
#1277=AXIS2_PLACEMENT_3D('Circle Axis2P3D',#1275,#1276,$) ;
#1291=AXIS2_PLACEMENT_3D('Circle Axis2P3D',#1289,#1290,$) ;
#1303=AXIS2_PLACEMENT_3D('Circle Axis2P3D',#1301,#1302,$) ;
#1308=AXIS2_PLACEMENT_3D('Circle Axis2P3D',#1306,#1307,$) ;
#1321=AXIS2_PLACEMENT_3D('Plane Axis2P3D',#1318,#1319,#1320) ;
#1361=AXIS2_PLACEMENT_3D('Cylinder Axis2P3D',#1358,#1359,#1360) ;
#1365=AXIS2_PLACEMENT_3D('Circle Axis2P3D',#1363,#1364,$) ;
#1372=AXIS2_PLACEMENT_3D('Circle Axis2P3D',#1370,#1371,$) ;
#1392=AXIS2_PLACEMENT_3D('Plane Axis2P3D',#1389,#1390,#1391) ;
#1431=AXIS2_PLACEMENT_3D('Circle Axis2P3D',#1429,#1430,$) ;
#1438=AXIS2_PLACEMENT_3D('Circle Axis2P3D',#1436,#1437,$) ;
#1445=AXIS2_PLACEMENT_3D('Circle Axis2P3D',#1443,#1444,$) ;
#1487=AXIS2_PLACEMENT_3D('Circle Axis2P3D',#1485,#1486,$) ;
#1494=AXIS2_PLACEMENT_3D('Circle Axis2P3D',#1492,#1493,$) ;
#1501=AXIS2_PLACEMENT_3D('Circle Axis2P3D',#1499,#1500,$) ;
#1515=AXIS2_PLACEMENT_3D('Circle Axis2P3D',#1513,#1514,$) ;
#1522=AXIS2_PLACEMENT_3D('Circle Axis2P3D',#1520,#1521,$) ;
#1529=AXIS2_PLACEMENT_3D('Circle Axis2P3D',#1527,#1528,$) ;
#1553=AXIS2_PLACEMENT_3D('Circle Axis2P3D',#1551,#1552,$) ;
#1569=AXIS2_PLACEMENT_3D('Circle Axis2P3D',#1567,#1568,$) ;
#1588=AXIS2_PLACEMENT_3D('Circle Axis2P3D',#1586,#1587,$) ;
#1593=AXIS2_PLACEMENT_3D('Circle Axis2P3D',#1591,#1592,$) ;
#1605=AXIS2_PLACEMENT_3D('Circle Axis2P3D',#1603,#1604,$) ;
#1621=AXIS2_PLACEMENT_3D('Circle Axis2P3D',#1619,#1620,$) ;
#1640=AXIS2_PLACEMENT_3D('Circle Axis2P3D',#1638,#1639,$) ;
#1645=AXIS2_PLACEMENT_3D('Circle Axis2P3D',#1643,#1644,$) ;
#1657=AXIS2_PLACEMENT_3D('Circle Axis2P3D',#1655,#1656,$) ;
#1673=AXIS2_PLACEMENT_3D('Circle Axis2P3D',#1671,#1672,$) ;
#1692=AXIS2_PLACEMENT_3D('Circle Axis2P3D',#1690,#1691,$) ;
#1697=AXIS2_PLACEMENT_3D('Circle Axis2P3D',#1695,#1696,$) ;
#1709=AXIS2_PLACEMENT_3D('Circle Axis2P3D',#1707,#1708,$) ;
#1725=AXIS2_PLACEMENT_3D('Circle Axis2P3D',#1723,#1724,$) ;
#1744=AXIS2_PLACEMENT_3D('Circle Axis2P3D',#1742,#1743,$) ;
#1749=AXIS2_PLACEMENT_3D('Circle Axis2P3D',#1747,#1748,$) ;
#1797=AXIS2_PLACEMENT_3D('Cylinder Axis2P3D',#1794,#1795,#1796) ;
#1801=AXIS2_PLACEMENT_3D('Circle Axis2P3D',#1799,#1800,$) ;
#1815=AXIS2_PLACEMENT_3D('Circle Axis2P3D',#1813,#1814,$) ;
#1854=AXIS2_PLACEMENT_3D('Cylinder Axis2P3D',#1851,#1852,#1853) ;
#1858=AXIS2_PLACEMENT_3D('Circle Axis2P3D',#1856,#1857,$) ;
#1863=AXIS2_PLACEMENT_3D('Circle Axis2P3D',#1861,#1862,$) ;
#1876=AXIS2_PLACEMENT_3D('Cylinder Axis2P3D',#1873,#1874,#1875) ;
#1880=AXIS2_PLACEMENT_3D('Circle Axis2P3D',#1878,#1879,$) ;
#1885=AXIS2_PLACEMENT_3D('Circle Axis2P3D',#1883,#1884,$) ;
#1897=AXIS2_PLACEMENT_3D('Circle Axis2P3D',#1895,#1896,$) ;
#1902=AXIS2_PLACEMENT_3D('Circle Axis2P3D',#1900,#1901,$) ;
#1907=AXIS2_PLACEMENT_3D('Circle Axis2P3D',#1905,#1906,$) ;
#1963=AXIS2_PLACEMENT_3D('Circle Axis2P3D',#1961,#1962,$) ;
#1985=AXIS2_PLACEMENT_3D('Circle Axis2P3D',#1983,#1984,$) ;
#1990=AXIS2_PLACEMENT_3D('Circle Axis2P3D',#1988,#1989,$) ;
#1995=AXIS2_PLACEMENT_3D('Circle Axis2P3D',#1993,#1994,$) ;
#2010=AXIS2_PLACEMENT_3D('Plane Axis2P3D',#2007,#2008,#2009) ;
#2058=AXIS2_PLACEMENT_3D('Plane Axis2P3D',#2055,#2056,#2057) ;
#2062=AXIS2_PLACEMENT_3D('Circle Axis2P3D',#2060,#2061,$) ;
#2130=AXIS2_PLACEMENT_3D('Plane Axis2P3D',#2127,#2128,#2129) ;
#2155=AXIS2_PLACEMENT_3D('Plane Axis2P3D',#2152,#2153,#2154) ;
#2179=AXIS2_PLACEMENT_3D('Plane Axis2P3D',#2176,#2177,#2178) ;
#2197=AXIS2_PLACEMENT_3D('Plane Axis2P3D',#2194,#2195,#2196) ;
#2215=AXIS2_PLACEMENT_3D('Circle Axis2P3D',#2213,#2214,$) ;
#2229=AXIS2_PLACEMENT_3D('Cylinder Axis2P3D',#2226,#2227,#2228) ;
#2233=AXIS2_PLACEMENT_3D('Circle Axis2P3D',#2231,#2232,$) ;
#2259=AXIS2_PLACEMENT_3D('Circle Axis2P3D',#2257,#2258,$) ;
#2272=AXIS2_PLACEMENT_3D('Cylinder Axis2P3D',#2269,#2270,#2271) ;
#2276=AXIS2_PLACEMENT_3D('Circle Axis2P3D',#2274,#2275,$) ;
#2302=AXIS2_PLACEMENT_3D('Circle Axis2P3D',#2300,#2301,$) ;
#2315=AXIS2_PLACEMENT_3D('Cylinder Axis2P3D',#2312,#2313,#2314) ;
#2319=AXIS2_PLACEMENT_3D('Circle Axis2P3D',#2317,#2318,$) ;
#2345=AXIS2_PLACEMENT_3D('Circle Axis2P3D',#2343,#2344,$) ;
#2358=AXIS2_PLACEMENT_3D('Cylinder Axis2P3D',#2355,#2356,#2357) ;
#2362=AXIS2_PLACEMENT_3D('Circle Axis2P3D',#2360,#2361,$) ;
#2388=AXIS2_PLACEMENT_3D('Circle Axis2P3D',#2386,#2387,$) ;
#2401=AXIS2_PLACEMENT_3D('Cylinder Axis2P3D',#2398,#2399,#2400) ;
#2405=AXIS2_PLACEMENT_3D('Circle Axis2P3D',#2403,#2404,$) ;
#2431=AXIS2_PLACEMENT_3D('Circle Axis2P3D',#2429,#2430,$) ;
#2444=AXIS2_PLACEMENT_3D('Cylinder Axis2P3D',#2441,#2442,#2443) ;
#2448=AXIS2_PLACEMENT_3D('Circle Axis2P3D',#2446,#2447,$) ;
#2474=AXIS2_PLACEMENT_3D('Circle Axis2P3D',#2472,#2473,$) ;
#2487=AXIS2_PLACEMENT_3D('Cylinder Axis2P3D',#2484,#2485,#2486) ;
#2491=AXIS2_PLACEMENT_3D('Circle Axis2P3D',#2489,#2490,$) ;
#2517=AXIS2_PLACEMENT_3D('Circle Axis2P3D',#2515,#2516,$) ;
#2530=AXIS2_PLACEMENT_3D('Cylinder Axis2P3D',#2527,#2528,#2529) ;
#2534=AXIS2_PLACEMENT_3D('Circle Axis2P3D',#2532,#2533,$) ;
#2560=AXIS2_PLACEMENT_3D('Circle Axis2P3D',#2558,#2559,$) ;
#2573=AXIS2_PLACEMENT_3D('Cylinder Axis2P3D',#2570,#2571,#2572) ;
#2577=AXIS2_PLACEMENT_3D('Circle Axis2P3D',#2575,#2576,$) ;
#2603=AXIS2_PLACEMENT_3D('Circle Axis2P3D',#2601,#2602,$) ;
#2616=AXIS2_PLACEMENT_3D('Cylinder Axis2P3D',#2613,#2614,#2615) ;
#2620=AXIS2_PLACEMENT_3D('Circle Axis2P3D',#2618,#2619,$) ;
#2646=AXIS2_PLACEMENT_3D('Circle Axis2P3D',#2644,#2645,$) ;
#2659=AXIS2_PLACEMENT_3D('Cylinder Axis2P3D',#2656,#2657,#2658) ;
#2663=AXIS2_PLACEMENT_3D('Circle Axis2P3D',#2661,#2662,$) ;
#2689=AXIS2_PLACEMENT_3D('Circle Axis2P3D',#2687,#2688,$) ;
#2702=AXIS2_PLACEMENT_3D('Cylinder Axis2P3D',#2699,#2700,#2701) ;
#2706=AXIS2_PLACEMENT_3D('Circle Axis2P3D',#2704,#2705,$) ;
#2732=AXIS2_PLACEMENT_3D('Circle Axis2P3D',#2730,#2731,$) ;
#2745=AXIS2_PLACEMENT_3D('Cylinder Axis2P3D',#2742,#2743,#2744) ;
#2749=AXIS2_PLACEMENT_3D('Circle Axis2P3D',#2747,#2748,$) ;
#2775=AXIS2_PLACEMENT_3D('Circle Axis2P3D',#2773,#2774,$) ;
#2788=AXIS2_PLACEMENT_3D('Cylinder Axis2P3D',#2785,#2786,#2787) ;
#2792=AXIS2_PLACEMENT_3D('Circle Axis2P3D',#2790,#2791,$) ;
#2818=AXIS2_PLACEMENT_3D('Circle Axis2P3D',#2816,#2817,$) ;
#2831=AXIS2_PLACEMENT_3D('Cylinder Axis2P3D',#2828,#2829,#2830) ;
#2835=AXIS2_PLACEMENT_3D('Circle Axis2P3D',#2833,#2834,$) ;
#2861=AXIS2_PLACEMENT_3D('Circle Axis2P3D',#2859,#2860,$) ;
#2874=AXIS2_PLACEMENT_3D('Cylinder Axis2P3D',#2871,#2872,#2873) ;
#2878=AXIS2_PLACEMENT_3D('Circle Axis2P3D',#2876,#2877,$) ;
#2904=AXIS2_PLACEMENT_3D('Circle Axis2P3D',#2902,#2903,$) ;
#2917=AXIS2_PLACEMENT_3D('Cylinder Axis2P3D',#2914,#2915,#2916) ;
#2921=AXIS2_PLACEMENT_3D('Circle Axis2P3D',#2919,#2920,$) ;
#2947=AXIS2_PLACEMENT_3D('Circle Axis2P3D',#2945,#2946,$) ;
#2960=AXIS2_PLACEMENT_3D('Cylinder Axis2P3D',#2957,#2958,#2959) ;
#2964=AXIS2_PLACEMENT_3D('Circle Axis2P3D',#2962,#2963,$) ;
#2990=AXIS2_PLACEMENT_3D('Circle Axis2P3D',#2988,#2989,$) ;
#3003=AXIS2_PLACEMENT_3D('Cylinder Axis2P3D',#3000,#3001,#3002) ;
#3007=AXIS2_PLACEMENT_3D('Circle Axis2P3D',#3005,#3006,$) ;
#3033=AXIS2_PLACEMENT_3D('Circle Axis2P3D',#3031,#3032,$) ;
#3046=AXIS2_PLACEMENT_3D('Cylinder Axis2P3D',#3043,#3044,#3045) ;
#3077=AXIS2_PLACEMENT_3D('Cylinder Axis2P3D',#3074,#3075,#3076) ;
#3108=AXIS2_PLACEMENT_3D('Cylinder Axis2P3D',#3105,#3106,#3107) ;
#3139=AXIS2_PLACEMENT_3D('Plane Axis2P3D',#3136,#3137,#3138) ;
#3171=AXIS2_PLACEMENT_3D('Plane Axis2P3D',#3168,#3169,#3170) ;
#3214=AXIS2_PLACEMENT_3D('Plane Axis2P3D',#3211,#3212,#3213) ;
#3230=AXIS2_PLACEMENT_3D('Circle Axis2P3D',#3228,#3229,$) ;
#3246=AXIS2_PLACEMENT_3D('Plane Axis2P3D',#3243,#3244,#3245) ;
#3270=AXIS2_PLACEMENT_3D('Plane Axis2P3D',#3267,#3268,#3269) ;
#3321=AXIS2_PLACEMENT_3D('Plane Axis2P3D',#3318,#3319,#3320) ;
#3342=AXIS2_PLACEMENT_3D('Plane Axis2P3D',#3339,#3340,#3341) ;
#3374=AXIS2_PLACEMENT_3D('Circle Axis2P3D',#3372,#3373,$) ;
#3393=AXIS2_PLACEMENT_3D('Plane Axis2P3D',#3390,#3391,#3392) ;
#3548=AXIS2_PLACEMENT_3D(' ',#3551,#3555,#3554) ;
#3549=AXIS2_PLACEMENT_3D(' ',#3550,#3553,#3552) ;
#45=PRODUCT_DEFINITION_SHAPE(' ',' ',#17) ;
#61=PRODUCT_DEFINITION_SHAPE(' ',' ',#58) ;
#3544=PRODUCT_DEFINITION_SHAPE(' ',' ',#3543) ;
#34=APPROVAL_PERSON_ORGANIZATION(#28,#24,#22) ;
#28=PERSON_AND_ORGANIZATION(#25,#26) ;
#25=PERSON(' ',' ',' ',$,$,$) ;
#26=ORGANIZATION(' ',' ',' ') ;
#24=APPROVAL(#23,' ') ;
#23=APPROVAL_STATUS('not_yet_approved') ;
#22=APPROVAL_ROLE('APPROVER') ;
#13=DATE_AND_TIME(#11,#12) ;
#12=LOCAL_TIME(14,17,11.,#10) ;
#10=COORDINATED_UNIVERSAL_TIME_OFFSET(0,0,.AHEAD.) ;
#104=ORIENTED_EDGE('',*,*,#76,.F.) ;
#105=ORIENTED_EDGE('',*,*,#83,.T.) ;
#106=ORIENTED_EDGE('',*,*,#90,.T.) ;
#107=ORIENTED_EDGE('',*,*,#97,.F.) ;
#108=ORIENTED_EDGE('',*,*,#102,.F.) ;
#145=ORIENTED_EDGE('',*,*,#124,.F.) ;
#146=ORIENTED_EDGE('',*,*,#131,.F.) ;
#147=ORIENTED_EDGE('',*,*,#138,.F.) ;
#148=ORIENTED_EDGE('',*,*,#143,.F.) ;
#193=ORIENTED_EDGE('',*,*,#158,.F.) ;
#194=ORIENTED_EDGE('',*,*,#165,.F.) ;
#195=ORIENTED_EDGE('',*,*,#172,.F.) ;
#196=ORIENTED_EDGE('',*,*,#179,.F.) ;
#197=ORIENTED_EDGE('',*,*,#186,.F.) ;
#198=ORIENTED_EDGE('',*,*,#191,.F.) ;
#215=ORIENTED_EDGE('',*,*,#208,.F.) ;
#216=ORIENTED_EDGE('',*,*,#213,.F.) ;
#233=ORIENTED_EDGE('',*,*,#226,.F.) ;
#234=ORIENTED_EDGE('',*,*,#231,.F.) ;
#251=ORIENTED_EDGE('',*,*,#244,.F.) ;
#252=ORIENTED_EDGE('',*,*,#249,.F.) ;
#269=ORIENTED_EDGE('',*,*,#262,.F.) ;
#270=ORIENTED_EDGE('',*,*,#267,.F.) ;
#287=ORIENTED_EDGE('',*,*,#280,.F.) ;
#288=ORIENTED_EDGE('',*,*,#285,.F.) ;
#305=ORIENTED_EDGE('',*,*,#298,.F.) ;
#306=ORIENTED_EDGE('',*,*,#303,.F.) ;
#323=ORIENTED_EDGE('',*,*,#316,.F.) ;
#324=ORIENTED_EDGE('',*,*,#321,.F.) ;
#341=ORIENTED_EDGE('',*,*,#334,.F.) ;
#342=ORIENTED_EDGE('',*,*,#339,.F.) ;
#359=ORIENTED_EDGE('',*,*,#352,.F.) ;
#360=ORIENTED_EDGE('',*,*,#357,.F.) ;
#377=ORIENTED_EDGE('',*,*,#370,.F.) ;
#378=ORIENTED_EDGE('',*,*,#375,.F.) ;
#395=ORIENTED_EDGE('',*,*,#388,.F.) ;
#396=ORIENTED_EDGE('',*,*,#393,.F.) ;
#413=ORIENTED_EDGE('',*,*,#406,.F.) ;
#414=ORIENTED_EDGE('',*,*,#411,.F.) ;
#431=ORIENTED_EDGE('',*,*,#424,.F.) ;
#432=ORIENTED_EDGE('',*,*,#429,.F.) ;
#449=ORIENTED_EDGE('',*,*,#442,.F.) ;
#450=ORIENTED_EDGE('',*,*,#447,.F.) ;
#467=ORIENTED_EDGE('',*,*,#460,.F.) ;
#468=ORIENTED_EDGE('',*,*,#465,.F.) ;
#485=ORIENTED_EDGE('',*,*,#478,.F.) ;
#486=ORIENTED_EDGE('',*,*,#483,.F.) ;
#503=ORIENTED_EDGE('',*,*,#496,.F.) ;
#504=ORIENTED_EDGE('',*,*,#501,.F.) ;
#521=ORIENTED_EDGE('',*,*,#514,.F.) ;
#522=ORIENTED_EDGE('',*,*,#519,.F.) ;
#539=ORIENTED_EDGE('',*,*,#532,.F.) ;
#540=ORIENTED_EDGE('',*,*,#537,.F.) ;
#557=ORIENTED_EDGE('',*,*,#550,.F.) ;
#558=ORIENTED_EDGE('',*,*,#555,.F.) ;
#575=ORIENTED_EDGE('',*,*,#568,.F.) ;
#576=ORIENTED_EDGE('',*,*,#573,.F.) ;
#593=ORIENTED_EDGE('',*,*,#586,.F.) ;
#594=ORIENTED_EDGE('',*,*,#591,.F.) ;
#616=ORIENTED_EDGE('',*,*,#602,.F.) ;
#617=ORIENTED_EDGE('',*,*,#609,.F.) ;
#618=ORIENTED_EDGE('',*,*,#614,.F.) ;
#619=ORIENTED_EDGE('',*,*,#83,.F.) ;
#650=ORIENTED_EDGE('',*,*,#629,.F.) ;
#651=ORIENTED_EDGE('',*,*,#636,.F.) ;
#652=ORIENTED_EDGE('',*,*,#643,.F.) ;
#653=ORIENTED_EDGE('',*,*,#648,.F.) ;
#674=ORIENTED_EDGE('',*,*,#90,.F.) ;
#675=ORIENTED_EDGE('',*,*,#614,.T.) ;
#676=ORIENTED_EDGE('',*,*,#667,.T.) ;
#677=ORIENTED_EDGE('',*,*,#672,.F.) ;
#728=ORIENTED_EDGE('',*,*,#693,.F.) ;
#729=ORIENTED_EDGE('',*,*,#700,.T.) ;
#730=ORIENTED_EDGE('',*,*,#707,.T.) ;
#731=ORIENTED_EDGE('',*,*,#714,.F.) ;
#732=ORIENTED_EDGE('',*,*,#721,.T.) ;
#733=ORIENTED_EDGE('',*,*,#726,.T.) ;
#796=ORIENTED_EDGE('',*,*,#749,.F.) ;
#797=ORIENTED_EDGE('',*,*,#756,.F.) ;
#798=ORIENTED_EDGE('',*,*,#763,.F.) ;
#799=ORIENTED_EDGE('',*,*,#770,.T.) ;
#800=ORIENTED_EDGE('',*,*,#777,.T.) ;
#801=ORIENTED_EDGE('',*,*,#782,.T.) ;
#802=ORIENTED_EDGE('',*,*,#700,.F.) ;
#803=ORIENTED_EDGE('',*,*,#789,.F.) ;
#804=ORIENTED_EDGE('',*,*,#794,.T.) ;
#860=ORIENTED_EDGE('',*,*,#820,.F.) ;
#861=ORIENTED_EDGE('',*,*,#827,.T.) ;
#862=ORIENTED_EDGE('',*,*,#834,.T.) ;
#863=ORIENTED_EDGE('',*,*,#841,.F.) ;
#864=ORIENTED_EDGE('',*,*,#848,.F.) ;
#865=ORIENTED_EDGE('',*,*,#853,.T.) ;
#866=ORIENTED_EDGE('',*,*,#794,.F.) ;
#867=ORIENTED_EDGE('',*,*,#858,.F.) ;
#941=ORIENTED_EDGE('',*,*,#878,.F.) ;
#942=ORIENTED_EDGE('',*,*,#885,.T.) ;
#943=ORIENTED_EDGE('',*,*,#892,.F.) ;
#944=ORIENTED_EDGE('',*,*,#899,.F.) ;
#945=ORIENTED_EDGE('',*,*,#906,.F.) ;
#946=ORIENTED_EDGE('',*,*,#913,.T.) ;
#947=ORIENTED_EDGE('',*,*,#920,.F.) ;
#948=ORIENTED_EDGE('',*,*,#927,.F.) ;
#949=ORIENTED_EDGE('',*,*,#934,.T.) ;
#950=ORIENTED_EDGE('',*,*,#939,.F.) ;
#987=ORIENTED_EDGE('',*,*,#966,.T.) ;
#988=ORIENTED_EDGE('',*,*,#973,.F.) ;
#989=ORIENTED_EDGE('',*,*,#980,.T.) ;
#990=ORIENTED_EDGE('',*,*,#985,.T.) ;
#1027=ORIENTED_EDGE('',*,*,#1006,.T.) ;
#1028=ORIENTED_EDGE('',*,*,#1013,.F.) ;
#1029=ORIENTED_EDGE('',*,*,#1020,.T.) ;
#1030=ORIENTED_EDGE('',*,*,#1025,.T.) ;
#1058=ORIENTED_EDGE('',*,*,#1044,.F.) ;
#1059=ORIENTED_EDGE('',*,*,#1051,.F.) ;
#1060=ORIENTED_EDGE('',*,*,#1056,.T.) ;
#1061=ORIENTED_EDGE('',*,*,#985,.F.) ;
#1084=ORIENTED_EDGE('',*,*,#1070,.T.) ;
#1085=ORIENTED_EDGE('',*,*,#1077,.F.) ;
#1086=ORIENTED_EDGE('',*,*,#1082,.T.) ;
#1087=ORIENTED_EDGE('',*,*,#1025,.F.) ;
#1124=ORIENTED_EDGE('',*,*,#1103,.T.) ;
#1125=ORIENTED_EDGE('',*,*,#1110,.F.) ;
#1126=ORIENTED_EDGE('',*,*,#1117,.F.) ;
#1127=ORIENTED_EDGE('',*,*,#1122,.T.) ;
#1141=ORIENTED_EDGE('',*,*,#1117,.T.) ;
#1142=ORIENTED_EDGE('',*,*,#1134,.F.) ;
#1143=ORIENTED_EDGE('',*,*,#1103,.F.) ;
#1144=ORIENTED_EDGE('',*,*,#1139,.T.) ;
#1181=ORIENTED_EDGE('',*,*,#1160,.T.) ;
#1182=ORIENTED_EDGE('',*,*,#1167,.F.) ;
#1183=ORIENTED_EDGE('',*,*,#1174,.F.) ;
#1184=ORIENTED_EDGE('',*,*,#1179,.T.) ;
#1198=ORIENTED_EDGE('',*,*,#1174,.T.) ;
#1199=ORIENTED_EDGE('',*,*,#1191,.F.) ;
#1200=ORIENTED_EDGE('',*,*,#1160,.F.) ;
#1201=ORIENTED_EDGE('',*,*,#1196,.T.) ;
#1238=ORIENTED_EDGE('',*,*,#1217,.T.) ;
#1239=ORIENTED_EDGE('',*,*,#1224,.F.) ;
#1240=ORIENTED_EDGE('',*,*,#1231,.F.) ;
#1241=ORIENTED_EDGE('',*,*,#1236,.T.) ;
#1255=ORIENTED_EDGE('',*,*,#1231,.T.) ;
#1256=ORIENTED_EDGE('',*,*,#1248,.F.) ;
#1257=ORIENTED_EDGE('',*,*,#1217,.F.) ;
#1258=ORIENTED_EDGE('',*,*,#1253,.T.) ;
#1295=ORIENTED_EDGE('',*,*,#1274,.T.) ;
#1296=ORIENTED_EDGE('',*,*,#1281,.F.) ;
#1297=ORIENTED_EDGE('',*,*,#1288,.F.) ;
#1298=ORIENTED_EDGE('',*,*,#1293,.T.) ;
#1312=ORIENTED_EDGE('',*,*,#1288,.T.) ;
#1313=ORIENTED_EDGE('',*,*,#1305,.F.) ;
#1314=ORIENTED_EDGE('',*,*,#1274,.F.) ;
#1315=ORIENTED_EDGE('',*,*,#1310,.T.) ;
#1352=ORIENTED_EDGE('',*,*,#1331,.F.) ;
#1353=ORIENTED_EDGE('',*,*,#1338,.T.) ;
#1354=ORIENTED_EDGE('',*,*,#1345,.T.) ;
#1355=ORIENTED_EDGE('',*,*,#1350,.T.) ;
#1383=ORIENTED_EDGE('',*,*,#1369,.T.) ;
#1384=ORIENTED_EDGE('',*,*,#1338,.F.) ;
#1385=ORIENTED_EDGE('',*,*,#1376,.T.) ;
#1386=ORIENTED_EDGE('',*,*,#1381,.T.) ;
#1414=ORIENTED_EDGE('',*,*,#1400,.T.) ;
#1415=ORIENTED_EDGE('',*,*,#1407,.T.) ;
#1416=ORIENTED_EDGE('',*,*,#1412,.T.) ;
#1417=ORIENTED_EDGE('',*,*,#1381,.F.) ;
#1533=ORIENTED_EDGE('',*,*,#1428,.F.) ;
#1534=ORIENTED_EDGE('',*,*,#1435,.F.) ;
#1535=ORIENTED_EDGE('',*,*,#1442,.F.) ;
#1536=ORIENTED_EDGE('',*,*,#1449,.F.) ;
#1537=ORIENTED_EDGE('',*,*,#1456,.F.) ;
#1538=ORIENTED_EDGE('',*,*,#1463,.F.) ;
#1539=ORIENTED_EDGE('',*,*,#1470,.T.) ;
#1540=ORIENTED_EDGE('',*,*,#1477,.F.) ;
#1541=ORIENTED_EDGE('',*,*,#1484,.F.) ;
#1542=ORIENTED_EDGE('',*,*,#1491,.F.) ;
#1543=ORIENTED_EDGE('',*,*,#1498,.F.) ;
#1544=ORIENTED_EDGE('',*,*,#1505,.F.) ;
#1545=ORIENTED_EDGE('',*,*,#1512,.F.) ;
#1546=ORIENTED_EDGE('',*,*,#1519,.F.) ;
#1547=ORIENTED_EDGE('',*,*,#1526,.F.) ;
#1548=ORIENTED_EDGE('',*,*,#1531,.F.) ;
#1580=ORIENTED_EDGE('',*,*,#1559,.F.) ;
#1581=ORIENTED_EDGE('',*,*,#1566,.F.) ;
#1582=ORIENTED_EDGE('',*,*,#1573,.T.) ;
#1583=ORIENTED_EDGE('',*,*,#1578,.T.) ;
#1597=ORIENTED_EDGE('',*,*,#1590,.F.) ;
#1598=ORIENTED_EDGE('',*,*,#1578,.F.) ;
#1599=ORIENTED_EDGE('',*,*,#1595,.T.) ;
#1600=ORIENTED_EDGE('',*,*,#1566,.T.) ;
#1632=ORIENTED_EDGE('',*,*,#1611,.F.) ;
#1633=ORIENTED_EDGE('',*,*,#1618,.F.) ;
#1634=ORIENTED_EDGE('',*,*,#1625,.T.) ;
#1635=ORIENTED_EDGE('',*,*,#1630,.T.) ;
#1649=ORIENTED_EDGE('',*,*,#1642,.F.) ;
#1650=ORIENTED_EDGE('',*,*,#1630,.F.) ;
#1651=ORIENTED_EDGE('',*,*,#1647,.T.) ;
#1652=ORIENTED_EDGE('',*,*,#1618,.T.) ;
#1684=ORIENTED_EDGE('',*,*,#1663,.F.) ;
#1685=ORIENTED_EDGE('',*,*,#1670,.F.) ;
#1686=ORIENTED_EDGE('',*,*,#1677,.T.) ;
#1687=ORIENTED_EDGE('',*,*,#1682,.T.) ;
#1701=ORIENTED_EDGE('',*,*,#1694,.F.) ;
#1702=ORIENTED_EDGE('',*,*,#1682,.F.) ;
#1703=ORIENTED_EDGE('',*,*,#1699,.T.) ;
#1704=ORIENTED_EDGE('',*,*,#1670,.T.) ;
#1736=ORIENTED_EDGE('',*,*,#1715,.F.) ;
#1737=ORIENTED_EDGE('',*,*,#1722,.F.) ;
#1738=ORIENTED_EDGE('',*,*,#1729,.T.) ;
#1739=ORIENTED_EDGE('',*,*,#1734,.T.) ;
#1753=ORIENTED_EDGE('',*,*,#1746,.F.) ;
#1754=ORIENTED_EDGE('',*,*,#1734,.F.) ;
#1755=ORIENTED_EDGE('',*,*,#1751,.T.) ;
#1756=ORIENTED_EDGE('',*,*,#1722,.T.) ;
#1788=ORIENTED_EDGE('',*,*,#1767,.T.) ;
#1789=ORIENTED_EDGE('',*,*,#1774,.T.) ;
#1790=ORIENTED_EDGE('',*,*,#1781,.T.) ;
#1791=ORIENTED_EDGE('',*,*,#1786,.F.) ;
#1819=ORIENTED_EDGE('',*,*,#1805,.T.) ;
#1820=ORIENTED_EDGE('',*,*,#1812,.F.) ;
#1821=ORIENTED_EDGE('',*,*,#1817,.T.) ;
#1822=ORIENTED_EDGE('',*,*,#1786,.T.) ;
#1845=ORIENTED_EDGE('',*,*,#1831,.T.) ;
#1846=ORIENTED_EDGE('',*,*,#1812,.T.) ;
#1847=ORIENTED_EDGE('',*,*,#1838,.T.) ;
#1848=ORIENTED_EDGE('',*,*,#1843,.T.) ;
#1867=ORIENTED_EDGE('',*,*,#1843,.F.) ;
#1868=ORIENTED_EDGE('',*,*,#1860,.F.) ;
#1869=ORIENTED_EDGE('',*,*,#1077,.T.) ;
#1870=ORIENTED_EDGE('',*,*,#1865,.F.) ;
#1889=ORIENTED_EDGE('',*,*,#1350,.F.) ;
#1890=ORIENTED_EDGE('',*,*,#1882,.F.) ;
#1891=ORIENTED_EDGE('',*,*,#1051,.T.) ;
#1892=ORIENTED_EDGE('',*,*,#1887,.F.) ;
#1967=ORIENTED_EDGE('',*,*,#848,.T.) ;
#1968=ORIENTED_EDGE('',*,*,#1899,.F.) ;
#1969=ORIENTED_EDGE('',*,*,#834,.F.) ;
#1970=ORIENTED_EDGE('',*,*,#1904,.T.) ;
#1971=ORIENTED_EDGE('',*,*,#820,.T.) ;
#1972=ORIENTED_EDGE('',*,*,#1909,.F.) ;
#1973=ORIENTED_EDGE('',*,*,#1456,.T.) ;
#1974=ORIENTED_EDGE('',*,*,#1926,.T.) ;
#1975=ORIENTED_EDGE('',*,*,#1428,.T.) ;
#1976=ORIENTED_EDGE('',*,*,#1943,.T.) ;
#1977=ORIENTED_EDGE('',*,*,#1512,.T.) ;
#1978=ORIENTED_EDGE('',*,*,#1960,.T.) ;
#1979=ORIENTED_EDGE('',*,*,#1484,.T.) ;
#1980=ORIENTED_EDGE('',*,*,#1965,.T.) ;
#1999=ORIENTED_EDGE('',*,*,#927,.T.) ;
#2000=ORIENTED_EDGE('',*,*,#1987,.F.) ;
#2001=ORIENTED_EDGE('',*,*,#913,.F.) ;
#2002=ORIENTED_EDGE('',*,*,#1992,.F.) ;
#2003=ORIENTED_EDGE('',*,*,#756,.T.) ;
#2004=ORIENTED_EDGE('',*,*,#1997,.T.) ;
#2023=ORIENTED_EDGE('',*,*,#1477,.T.) ;
#2024=ORIENTED_EDGE('',*,*,#2016,.T.) ;
#2025=ORIENTED_EDGE('',*,*,#1400,.F.) ;
#2026=ORIENTED_EDGE('',*,*,#1376,.F.) ;
#2027=ORIENTED_EDGE('',*,*,#1331,.T.) ;
#2028=ORIENTED_EDGE('',*,*,#1887,.T.) ;
#2029=ORIENTED_EDGE('',*,*,#1044,.T.) ;
#2030=ORIENTED_EDGE('',*,*,#980,.F.) ;
#2031=ORIENTED_EDGE('',*,*,#2021,.T.) ;
#2032=ORIENTED_EDGE('',*,*,#934,.F.) ;
#2033=ORIENTED_EDGE('',*,*,#1997,.F.) ;
#2034=ORIENTED_EDGE('',*,*,#749,.T.) ;
#2035=ORIENTED_EDGE('',*,*,#853,.F.) ;
#2036=ORIENTED_EDGE('',*,*,#1965,.F.) ;
#2039=ORIENTED_EDGE('',*,*,#1122,.F.) ;
#2040=ORIENTED_EDGE('',*,*,#1139,.F.) ;
#2043=ORIENTED_EDGE('',*,*,#1179,.F.) ;
#2044=ORIENTED_EDGE('',*,*,#1196,.F.) ;
#2047=ORIENTED_EDGE('',*,*,#1236,.F.) ;
#2048=ORIENTED_EDGE('',*,*,#1253,.F.) ;
#2051=ORIENTED_EDGE('',*,*,#1293,.F.) ;
#2052=ORIENTED_EDGE('',*,*,#1310,.F.) ;
#2078=ORIENTED_EDGE('',*,*,#1909,.T.) ;
#2079=ORIENTED_EDGE('',*,*,#858,.T.) ;
#2080=ORIENTED_EDGE('',*,*,#789,.T.) ;
#2081=ORIENTED_EDGE('',*,*,#693,.T.) ;
#2082=ORIENTED_EDGE('',*,*,#2066,.T.) ;
#2083=ORIENTED_EDGE('',*,*,#2071,.T.) ;
#2084=ORIENTED_EDGE('',*,*,#1006,.F.) ;
#2085=ORIENTED_EDGE('',*,*,#1082,.F.) ;
#2086=ORIENTED_EDGE('',*,*,#1860,.T.) ;
#2087=ORIENTED_EDGE('',*,*,#1838,.F.) ;
#2088=ORIENTED_EDGE('',*,*,#1805,.F.) ;
#2089=ORIENTED_EDGE('',*,*,#1781,.F.) ;
#2090=ORIENTED_EDGE('',*,*,#2076,.F.) ;
#2091=ORIENTED_EDGE('',*,*,#1463,.T.) ;
#2094=ORIENTED_EDGE('',*,*,#1715,.T.) ;
#2095=ORIENTED_EDGE('',*,*,#1746,.T.) ;
#2098=ORIENTED_EDGE('',*,*,#1663,.T.) ;
#2099=ORIENTED_EDGE('',*,*,#1694,.T.) ;
#2102=ORIENTED_EDGE('',*,*,#1611,.T.) ;
#2103=ORIENTED_EDGE('',*,*,#1642,.T.) ;
#2106=ORIENTED_EDGE('',*,*,#1559,.T.) ;
#2107=ORIENTED_EDGE('',*,*,#1590,.T.) ;
#2121=ORIENTED_EDGE('',*,*,#2114,.F.) ;
#2122=ORIENTED_EDGE('',*,*,#629,.T.) ;
#2123=ORIENTED_EDGE('',*,*,#2119,.T.) ;
#2124=ORIENTED_EDGE('',*,*,#885,.F.) ;
#2145=ORIENTED_EDGE('',*,*,#878,.T.) ;
#2146=ORIENTED_EDGE('',*,*,#2138,.F.) ;
#2147=ORIENTED_EDGE('',*,*,#2143,.F.) ;
#2148=ORIENTED_EDGE('',*,*,#636,.T.) ;
#2149=ORIENTED_EDGE('',*,*,#2114,.T.) ;
#2170=ORIENTED_EDGE('',*,*,#2163,.F.) ;
#2171=ORIENTED_EDGE('',*,*,#643,.T.) ;
#2172=ORIENTED_EDGE('',*,*,#2143,.T.) ;
#2173=ORIENTED_EDGE('',*,*,#2168,.F.) ;
#2187=ORIENTED_EDGE('',*,*,#2185,.T.) ;
#2188=ORIENTED_EDGE('',*,*,#892,.T.) ;
#2189=ORIENTED_EDGE('',*,*,#2119,.F.) ;
#2190=ORIENTED_EDGE('',*,*,#648,.T.) ;
#2191=ORIENTED_EDGE('',*,*,#2163,.T.) ;
#2219=ORIENTED_EDGE('',*,*,#667,.F.) ;
#2220=ORIENTED_EDGE('',*,*,#609,.T.) ;
#2221=ORIENTED_EDGE('',*,*,#2205,.T.) ;
#2222=ORIENTED_EDGE('',*,*,#2212,.T.) ;
#2223=ORIENTED_EDGE('',*,*,#2217,.F.) ;
#2251=ORIENTED_EDGE('',*,*,#2239,.T.) ;
#2252=ORIENTED_EDGE('',*,*,#2244,.F.) ;
#2253=ORIENTED_EDGE('',*,*,#586,.T.) ;
#2254=ORIENTED_EDGE('',*,*,#2249,.T.) ;
#2263=ORIENTED_EDGE('',*,*,#2261,.T.) ;
#2264=ORIENTED_EDGE('',*,*,#2249,.F.) ;
#2265=ORIENTED_EDGE('',*,*,#591,.T.) ;
#2266=ORIENTED_EDGE('',*,*,#2244,.T.) ;
#2294=ORIENTED_EDGE('',*,*,#2282,.T.) ;
#2295=ORIENTED_EDGE('',*,*,#2287,.F.) ;
#2296=ORIENTED_EDGE('',*,*,#568,.T.) ;
#2297=ORIENTED_EDGE('',*,*,#2292,.T.) ;
#2306=ORIENTED_EDGE('',*,*,#2304,.T.) ;
#2307=ORIENTED_EDGE('',*,*,#2292,.F.) ;
#2308=ORIENTED_EDGE('',*,*,#573,.T.) ;
#2309=ORIENTED_EDGE('',*,*,#2287,.T.) ;
#2337=ORIENTED_EDGE('',*,*,#2325,.T.) ;
#2338=ORIENTED_EDGE('',*,*,#2330,.F.) ;
#2339=ORIENTED_EDGE('',*,*,#550,.T.) ;
#2340=ORIENTED_EDGE('',*,*,#2335,.T.) ;
#2349=ORIENTED_EDGE('',*,*,#2347,.T.) ;
#2350=ORIENTED_EDGE('',*,*,#2335,.F.) ;
#2351=ORIENTED_EDGE('',*,*,#555,.T.) ;
#2352=ORIENTED_EDGE('',*,*,#2330,.T.) ;
#2380=ORIENTED_EDGE('',*,*,#2368,.T.) ;
#2381=ORIENTED_EDGE('',*,*,#2373,.F.) ;
#2382=ORIENTED_EDGE('',*,*,#532,.T.) ;
#2383=ORIENTED_EDGE('',*,*,#2378,.T.) ;
#2392=ORIENTED_EDGE('',*,*,#2390,.T.) ;
#2393=ORIENTED_EDGE('',*,*,#2378,.F.) ;
#2394=ORIENTED_EDGE('',*,*,#537,.T.) ;
#2395=ORIENTED_EDGE('',*,*,#2373,.T.) ;
#2423=ORIENTED_EDGE('',*,*,#2411,.T.) ;
#2424=ORIENTED_EDGE('',*,*,#2416,.F.) ;
#2425=ORIENTED_EDGE('',*,*,#514,.T.) ;
#2426=ORIENTED_EDGE('',*,*,#2421,.T.) ;
#2435=ORIENTED_EDGE('',*,*,#2433,.T.) ;
#2436=ORIENTED_EDGE('',*,*,#2421,.F.) ;
#2437=ORIENTED_EDGE('',*,*,#519,.T.) ;
#2438=ORIENTED_EDGE('',*,*,#2416,.T.) ;
#2466=ORIENTED_EDGE('',*,*,#2454,.T.) ;
#2467=ORIENTED_EDGE('',*,*,#2459,.F.) ;
#2468=ORIENTED_EDGE('',*,*,#496,.T.) ;
#2469=ORIENTED_EDGE('',*,*,#2464,.T.) ;
#2478=ORIENTED_EDGE('',*,*,#2476,.T.) ;
#2479=ORIENTED_EDGE('',*,*,#2464,.F.) ;
#2480=ORIENTED_EDGE('',*,*,#501,.T.) ;
#2481=ORIENTED_EDGE('',*,*,#2459,.T.) ;
#2509=ORIENTED_EDGE('',*,*,#2497,.T.) ;
#2510=ORIENTED_EDGE('',*,*,#2502,.F.) ;
#2511=ORIENTED_EDGE('',*,*,#478,.T.) ;
#2512=ORIENTED_EDGE('',*,*,#2507,.T.) ;
#2521=ORIENTED_EDGE('',*,*,#2519,.T.) ;
#2522=ORIENTED_EDGE('',*,*,#2507,.F.) ;
#2523=ORIENTED_EDGE('',*,*,#483,.T.) ;
#2524=ORIENTED_EDGE('',*,*,#2502,.T.) ;
#2552=ORIENTED_EDGE('',*,*,#2540,.T.) ;
#2553=ORIENTED_EDGE('',*,*,#2545,.F.) ;
#2554=ORIENTED_EDGE('',*,*,#460,.T.) ;
#2555=ORIENTED_EDGE('',*,*,#2550,.T.) ;
#2564=ORIENTED_EDGE('',*,*,#2562,.T.) ;
#2565=ORIENTED_EDGE('',*,*,#2550,.F.) ;
#2566=ORIENTED_EDGE('',*,*,#465,.T.) ;
#2567=ORIENTED_EDGE('',*,*,#2545,.T.) ;
#2595=ORIENTED_EDGE('',*,*,#2583,.T.) ;
#2596=ORIENTED_EDGE('',*,*,#2588,.F.) ;
#2597=ORIENTED_EDGE('',*,*,#442,.T.) ;
#2598=ORIENTED_EDGE('',*,*,#2593,.T.) ;
#2607=ORIENTED_EDGE('',*,*,#2605,.T.) ;
#2608=ORIENTED_EDGE('',*,*,#2593,.F.) ;
#2609=ORIENTED_EDGE('',*,*,#447,.T.) ;
#2610=ORIENTED_EDGE('',*,*,#2588,.T.) ;
#2638=ORIENTED_EDGE('',*,*,#2626,.T.) ;
#2639=ORIENTED_EDGE('',*,*,#2631,.F.) ;
#2640=ORIENTED_EDGE('',*,*,#424,.T.) ;
#2641=ORIENTED_EDGE('',*,*,#2636,.T.) ;
#2650=ORIENTED_EDGE('',*,*,#2648,.T.) ;
#2651=ORIENTED_EDGE('',*,*,#2636,.F.) ;
#2652=ORIENTED_EDGE('',*,*,#429,.T.) ;
#2653=ORIENTED_EDGE('',*,*,#2631,.T.) ;
#2681=ORIENTED_EDGE('',*,*,#2669,.T.) ;
#2682=ORIENTED_EDGE('',*,*,#2674,.F.) ;
#2683=ORIENTED_EDGE('',*,*,#406,.T.) ;
#2684=ORIENTED_EDGE('',*,*,#2679,.T.) ;
#2693=ORIENTED_EDGE('',*,*,#2691,.T.) ;
#2694=ORIENTED_EDGE('',*,*,#2679,.F.) ;
#2695=ORIENTED_EDGE('',*,*,#411,.T.) ;
#2696=ORIENTED_EDGE('',*,*,#2674,.T.) ;
#2724=ORIENTED_EDGE('',*,*,#2712,.T.) ;
#2725=ORIENTED_EDGE('',*,*,#2717,.F.) ;
#2726=ORIENTED_EDGE('',*,*,#388,.T.) ;
#2727=ORIENTED_EDGE('',*,*,#2722,.T.) ;
#2736=ORIENTED_EDGE('',*,*,#2734,.T.) ;
#2737=ORIENTED_EDGE('',*,*,#2722,.F.) ;
#2738=ORIENTED_EDGE('',*,*,#393,.T.) ;
#2739=ORIENTED_EDGE('',*,*,#2717,.T.) ;
#2767=ORIENTED_EDGE('',*,*,#2755,.T.) ;
#2768=ORIENTED_EDGE('',*,*,#2760,.F.) ;
#2769=ORIENTED_EDGE('',*,*,#370,.T.) ;
#2770=ORIENTED_EDGE('',*,*,#2765,.T.) ;
#2779=ORIENTED_EDGE('',*,*,#2777,.T.) ;
#2780=ORIENTED_EDGE('',*,*,#2765,.F.) ;
#2781=ORIENTED_EDGE('',*,*,#375,.T.) ;
#2782=ORIENTED_EDGE('',*,*,#2760,.T.) ;
#2810=ORIENTED_EDGE('',*,*,#2798,.T.) ;
#2811=ORIENTED_EDGE('',*,*,#2803,.F.) ;
#2812=ORIENTED_EDGE('',*,*,#352,.T.) ;
#2813=ORIENTED_EDGE('',*,*,#2808,.T.) ;
#2822=ORIENTED_EDGE('',*,*,#2820,.T.) ;
#2823=ORIENTED_EDGE('',*,*,#2808,.F.) ;
#2824=ORIENTED_EDGE('',*,*,#357,.T.) ;
#2825=ORIENTED_EDGE('',*,*,#2803,.T.) ;
#2853=ORIENTED_EDGE('',*,*,#2841,.T.) ;
#2854=ORIENTED_EDGE('',*,*,#2846,.F.) ;
#2855=ORIENTED_EDGE('',*,*,#334,.T.) ;
#2856=ORIENTED_EDGE('',*,*,#2851,.T.) ;
#2865=ORIENTED_EDGE('',*,*,#2863,.T.) ;
#2866=ORIENTED_EDGE('',*,*,#2851,.F.) ;
#2867=ORIENTED_EDGE('',*,*,#339,.T.) ;
#2868=ORIENTED_EDGE('',*,*,#2846,.T.) ;
#2896=ORIENTED_EDGE('',*,*,#2884,.T.) ;
#2897=ORIENTED_EDGE('',*,*,#2889,.F.) ;
#2898=ORIENTED_EDGE('',*,*,#316,.T.) ;
#2899=ORIENTED_EDGE('',*,*,#2894,.T.) ;
#2908=ORIENTED_EDGE('',*,*,#2906,.T.) ;
#2909=ORIENTED_EDGE('',*,*,#2894,.F.) ;
#2910=ORIENTED_EDGE('',*,*,#321,.T.) ;
#2911=ORIENTED_EDGE('',*,*,#2889,.T.) ;
#2939=ORIENTED_EDGE('',*,*,#2927,.T.) ;
#2940=ORIENTED_EDGE('',*,*,#2932,.F.) ;
#2941=ORIENTED_EDGE('',*,*,#298,.T.) ;
#2942=ORIENTED_EDGE('',*,*,#2937,.T.) ;
#2951=ORIENTED_EDGE('',*,*,#2949,.T.) ;
#2952=ORIENTED_EDGE('',*,*,#2937,.F.) ;
#2953=ORIENTED_EDGE('',*,*,#303,.T.) ;
#2954=ORIENTED_EDGE('',*,*,#2932,.T.) ;
#2982=ORIENTED_EDGE('',*,*,#2970,.T.) ;
#2983=ORIENTED_EDGE('',*,*,#2975,.F.) ;
#2984=ORIENTED_EDGE('',*,*,#280,.T.) ;
#2985=ORIENTED_EDGE('',*,*,#2980,.T.) ;
#2994=ORIENTED_EDGE('',*,*,#2992,.T.) ;
#2995=ORIENTED_EDGE('',*,*,#2980,.F.) ;
#2996=ORIENTED_EDGE('',*,*,#285,.T.) ;
#2997=ORIENTED_EDGE('',*,*,#2975,.T.) ;
#3025=ORIENTED_EDGE('',*,*,#3013,.T.) ;
#3026=ORIENTED_EDGE('',*,*,#3018,.F.) ;
#3027=ORIENTED_EDGE('',*,*,#262,.T.) ;
#3028=ORIENTED_EDGE('',*,*,#3023,.T.) ;
#3037=ORIENTED_EDGE('',*,*,#3035,.T.) ;
#3038=ORIENTED_EDGE('',*,*,#3023,.F.) ;
#3039=ORIENTED_EDGE('',*,*,#267,.T.) ;
#3040=ORIENTED_EDGE('',*,*,#3018,.T.) ;
#3059=ORIENTED_EDGE('',*,*,#1960,.F.) ;
#3060=ORIENTED_EDGE('',*,*,#1505,.T.) ;
#3061=ORIENTED_EDGE('',*,*,#3052,.F.) ;
#3062=ORIENTED_EDGE('',*,*,#244,.T.) ;
#3063=ORIENTED_EDGE('',*,*,#3057,.T.) ;
#3064=ORIENTED_EDGE('',*,*,#1491,.T.) ;
#3068=ORIENTED_EDGE('',*,*,#1498,.T.) ;
#3069=ORIENTED_EDGE('',*,*,#3057,.F.) ;
#3070=ORIENTED_EDGE('',*,*,#249,.T.) ;
#3071=ORIENTED_EDGE('',*,*,#3052,.T.) ;
#3090=ORIENTED_EDGE('',*,*,#1442,.T.) ;
#3091=ORIENTED_EDGE('',*,*,#3083,.F.) ;
#3092=ORIENTED_EDGE('',*,*,#226,.T.) ;
#3093=ORIENTED_EDGE('',*,*,#3088,.T.) ;
#3097=ORIENTED_EDGE('',*,*,#1926,.F.) ;
#3098=ORIENTED_EDGE('',*,*,#1449,.T.) ;
#3099=ORIENTED_EDGE('',*,*,#3088,.F.) ;
#3100=ORIENTED_EDGE('',*,*,#231,.T.) ;
#3101=ORIENTED_EDGE('',*,*,#3083,.T.) ;
#3102=ORIENTED_EDGE('',*,*,#1435,.T.) ;
#3121=ORIENTED_EDGE('',*,*,#1526,.T.) ;
#3122=ORIENTED_EDGE('',*,*,#3114,.F.) ;
#3123=ORIENTED_EDGE('',*,*,#208,.T.) ;
#3124=ORIENTED_EDGE('',*,*,#3119,.T.) ;
#3128=ORIENTED_EDGE('',*,*,#1943,.F.) ;
#3129=ORIENTED_EDGE('',*,*,#1531,.T.) ;
#3130=ORIENTED_EDGE('',*,*,#3119,.F.) ;
#3131=ORIENTED_EDGE('',*,*,#213,.T.) ;
#3132=ORIENTED_EDGE('',*,*,#3114,.T.) ;
#3133=ORIENTED_EDGE('',*,*,#1519,.T.) ;
#3159=ORIENTED_EDGE('',*,*,#1992,.T.) ;
#3160=ORIENTED_EDGE('',*,*,#906,.T.) ;
#3161=ORIENTED_EDGE('',*,*,#3147,.T.) ;
#3162=ORIENTED_EDGE('',*,*,#3152,.F.) ;
#3163=ORIENTED_EDGE('',*,*,#158,.T.) ;
#3164=ORIENTED_EDGE('',*,*,#3157,.T.) ;
#3165=ORIENTED_EDGE('',*,*,#763,.T.) ;
#3186=ORIENTED_EDGE('',*,*,#3179,.F.) ;
#3187=ORIENTED_EDGE('',*,*,#165,.T.) ;
#3188=ORIENTED_EDGE('',*,*,#3152,.T.) ;
#3189=ORIENTED_EDGE('',*,*,#3184,.F.) ;
#3205=ORIENTED_EDGE('',*,*,#3198,.F.) ;
#3206=ORIENTED_EDGE('',*,*,#172,.T.) ;
#3207=ORIENTED_EDGE('',*,*,#3179,.T.) ;
#3208=ORIENTED_EDGE('',*,*,#3203,.F.) ;
#3234=ORIENTED_EDGE('',*,*,#782,.F.) ;
#3235=ORIENTED_EDGE('',*,*,#3220,.F.) ;
#3236=ORIENTED_EDGE('',*,*,#179,.T.) ;
#3237=ORIENTED_EDGE('',*,*,#3198,.T.) ;
#3238=ORIENTED_EDGE('',*,*,#3227,.F.) ;
#3239=ORIENTED_EDGE('',*,*,#3232,.F.) ;
#3240=ORIENTED_EDGE('',*,*,#707,.F.) ;
#3254=ORIENTED_EDGE('',*,*,#3252,.F.) ;
#3255=ORIENTED_EDGE('',*,*,#186,.T.) ;
#3256=ORIENTED_EDGE('',*,*,#3220,.T.) ;
#3257=ORIENTED_EDGE('',*,*,#777,.F.) ;
#3261=ORIENTED_EDGE('',*,*,#3157,.F.) ;
#3262=ORIENTED_EDGE('',*,*,#191,.T.) ;
#3263=ORIENTED_EDGE('',*,*,#3252,.T.) ;
#3264=ORIENTED_EDGE('',*,*,#770,.F.) ;
#3283=ORIENTED_EDGE('',*,*,#966,.F.) ;
#3284=ORIENTED_EDGE('',*,*,#1056,.F.) ;
#3285=ORIENTED_EDGE('',*,*,#1882,.T.) ;
#3286=ORIENTED_EDGE('',*,*,#1345,.F.) ;
#3287=ORIENTED_EDGE('',*,*,#1369,.F.) ;
#3288=ORIENTED_EDGE('',*,*,#1412,.F.) ;
#3289=ORIENTED_EDGE('',*,*,#3276,.F.) ;
#3290=ORIENTED_EDGE('',*,*,#124,.T.) ;
#3291=ORIENTED_EDGE('',*,*,#3281,.T.) ;
#3294=ORIENTED_EDGE('',*,*,#1899,.T.) ;
#3295=ORIENTED_EDGE('',*,*,#841,.T.) ;
#3298=ORIENTED_EDGE('',*,*,#1134,.T.) ;
#3299=ORIENTED_EDGE('',*,*,#1110,.T.) ;
#3302=ORIENTED_EDGE('',*,*,#1191,.T.) ;
#3303=ORIENTED_EDGE('',*,*,#1167,.T.) ;
#3306=ORIENTED_EDGE('',*,*,#1987,.T.) ;
#3307=ORIENTED_EDGE('',*,*,#920,.T.) ;
#3310=ORIENTED_EDGE('',*,*,#1248,.T.) ;
#3311=ORIENTED_EDGE('',*,*,#1224,.T.) ;
#3314=ORIENTED_EDGE('',*,*,#1305,.T.) ;
#3315=ORIENTED_EDGE('',*,*,#1281,.T.) ;
#3329=ORIENTED_EDGE('',*,*,#3327,.F.) ;
#3330=ORIENTED_EDGE('',*,*,#131,.T.) ;
#3331=ORIENTED_EDGE('',*,*,#3276,.T.) ;
#3332=ORIENTED_EDGE('',*,*,#1407,.F.) ;
#3333=ORIENTED_EDGE('',*,*,#2016,.F.) ;
#3334=ORIENTED_EDGE('',*,*,#1470,.F.) ;
#3335=ORIENTED_EDGE('',*,*,#2076,.T.) ;
#3336=ORIENTED_EDGE('',*,*,#1774,.F.) ;
#3350=ORIENTED_EDGE('',*,*,#1020,.F.) ;
#3351=ORIENTED_EDGE('',*,*,#3348,.F.) ;
#3352=ORIENTED_EDGE('',*,*,#138,.T.) ;
#3353=ORIENTED_EDGE('',*,*,#3327,.T.) ;
#3354=ORIENTED_EDGE('',*,*,#1767,.F.) ;
#3355=ORIENTED_EDGE('',*,*,#1817,.F.) ;
#3356=ORIENTED_EDGE('',*,*,#1831,.F.) ;
#3357=ORIENTED_EDGE('',*,*,#1865,.T.) ;
#3358=ORIENTED_EDGE('',*,*,#1070,.F.) ;
#3361=ORIENTED_EDGE('',*,*,#1904,.F.) ;
#3362=ORIENTED_EDGE('',*,*,#827,.F.) ;
#3365=ORIENTED_EDGE('',*,*,#1729,.F.) ;
#3366=ORIENTED_EDGE('',*,*,#1751,.F.) ;
#3369=ORIENTED_EDGE('',*,*,#1677,.F.) ;
#3370=ORIENTED_EDGE('',*,*,#1699,.F.) ;
#3378=ORIENTED_EDGE('',*,*,#721,.F.) ;
#3379=ORIENTED_EDGE('',*,*,#3376,.F.) ;
#3382=ORIENTED_EDGE('',*,*,#1625,.F.) ;
#3383=ORIENTED_EDGE('',*,*,#1647,.F.) ;
#3386=ORIENTED_EDGE('',*,*,#1573,.F.) ;
#3387=ORIENTED_EDGE('',*,*,#1595,.F.) ;
#3401=ORIENTED_EDGE('',*,*,#1013,.T.) ;
#3402=ORIENTED_EDGE('',*,*,#3399,.F.) ;
#3403=ORIENTED_EDGE('',*,*,#973,.T.) ;
#3404=ORIENTED_EDGE('',*,*,#3281,.F.) ;
#3405=ORIENTED_EDGE('',*,*,#143,.T.) ;
#3406=ORIENTED_EDGE('',*,*,#3348,.T.) ;
#3425=ORIENTED_EDGE('',*,*,#3413,.T.) ;
#3426=ORIENTED_EDGE('',*,*,#3227,.T.) ;
#3427=ORIENTED_EDGE('',*,*,#3203,.T.) ;
#3428=ORIENTED_EDGE('',*,*,#3184,.T.) ;
#3429=ORIENTED_EDGE('',*,*,#3147,.F.) ;
#3430=ORIENTED_EDGE('',*,*,#899,.T.) ;
#3431=ORIENTED_EDGE('',*,*,#2185,.F.) ;
#3432=ORIENTED_EDGE('',*,*,#2168,.T.) ;
#3433=ORIENTED_EDGE('',*,*,#2138,.T.) ;
#3434=ORIENTED_EDGE('',*,*,#939,.T.) ;
#3435=ORIENTED_EDGE('',*,*,#2021,.F.) ;
#3436=ORIENTED_EDGE('',*,*,#3399,.T.) ;
#3437=ORIENTED_EDGE('',*,*,#2071,.F.) ;
#3438=ORIENTED_EDGE('',*,*,#3418,.T.) ;
#3439=ORIENTED_EDGE('',*,*,#2212,.F.) ;
#3440=ORIENTED_EDGE('',*,*,#3423,.T.) ;
#3441=ORIENTED_EDGE('',*,*,#102,.T.) ;
#3444=ORIENTED_EDGE('',*,*,#3035,.F.) ;
#3445=ORIENTED_EDGE('',*,*,#3013,.F.) ;
#3448=ORIENTED_EDGE('',*,*,#2992,.F.) ;
#3449=ORIENTED_EDGE('',*,*,#2970,.F.) ;
#3452=ORIENTED_EDGE('',*,*,#2949,.F.) ;
#3453=ORIENTED_EDGE('',*,*,#2927,.F.) ;
#3456=ORIENTED_EDGE('',*,*,#2906,.F.) ;
#3457=ORIENTED_EDGE('',*,*,#2884,.F.) ;
#3460=ORIENTED_EDGE('',*,*,#2863,.F.) ;
#3461=ORIENTED_EDGE('',*,*,#2841,.F.) ;
#3464=ORIENTED_EDGE('',*,*,#2820,.F.) ;
#3465=ORIENTED_EDGE('',*,*,#2798,.F.) ;
#3468=ORIENTED_EDGE('',*,*,#2777,.F.) ;
#3469=ORIENTED_EDGE('',*,*,#2755,.F.) ;
#3472=ORIENTED_EDGE('',*,*,#2734,.F.) ;
#3473=ORIENTED_EDGE('',*,*,#2712,.F.) ;
#3476=ORIENTED_EDGE('',*,*,#2691,.F.) ;
#3477=ORIENTED_EDGE('',*,*,#2669,.F.) ;
#3480=ORIENTED_EDGE('',*,*,#2648,.F.) ;
#3481=ORIENTED_EDGE('',*,*,#2626,.F.) ;
#3484=ORIENTED_EDGE('',*,*,#2605,.F.) ;
#3485=ORIENTED_EDGE('',*,*,#2583,.F.) ;
#3488=ORIENTED_EDGE('',*,*,#2562,.F.) ;
#3489=ORIENTED_EDGE('',*,*,#2540,.F.) ;
#3492=ORIENTED_EDGE('',*,*,#2519,.F.) ;
#3493=ORIENTED_EDGE('',*,*,#2497,.F.) ;
#3496=ORIENTED_EDGE('',*,*,#2476,.F.) ;
#3497=ORIENTED_EDGE('',*,*,#2454,.F.) ;
#3500=ORIENTED_EDGE('',*,*,#2433,.F.) ;
#3501=ORIENTED_EDGE('',*,*,#2411,.F.) ;
#3504=ORIENTED_EDGE('',*,*,#2390,.F.) ;
#3505=ORIENTED_EDGE('',*,*,#2368,.F.) ;
#3508=ORIENTED_EDGE('',*,*,#2347,.F.) ;
#3509=ORIENTED_EDGE('',*,*,#2325,.F.) ;
#3512=ORIENTED_EDGE('',*,*,#2304,.F.) ;
#3513=ORIENTED_EDGE('',*,*,#2282,.F.) ;
#3516=ORIENTED_EDGE('',*,*,#2261,.F.) ;
#3517=ORIENTED_EDGE('',*,*,#2239,.F.) ;
#3521=ORIENTED_EDGE('',*,*,#97,.T.) ;
#3522=ORIENTED_EDGE('',*,*,#672,.T.) ;
#3523=ORIENTED_EDGE('',*,*,#2217,.T.) ;
#3524=ORIENTED_EDGE('',*,*,#3418,.F.) ;
#3525=ORIENTED_EDGE('',*,*,#2066,.F.) ;
#3526=ORIENTED_EDGE('',*,*,#726,.F.) ;
#3527=ORIENTED_EDGE('',*,*,#3376,.T.) ;
#3528=ORIENTED_EDGE('',*,*,#714,.T.) ;
#3529=ORIENTED_EDGE('',*,*,#3232,.T.) ;
#3530=ORIENTED_EDGE('',*,*,#3413,.F.) ;
#3534=ORIENTED_EDGE('',*,*,#2205,.F.) ;
#3535=ORIENTED_EDGE('',*,*,#602,.T.) ;
#3536=ORIENTED_EDGE('',*,*,#76,.T.) ;
#3537=ORIENTED_EDGE('',*,*,#3423,.F.) ;
#199=FACE_BOUND('',#192,.T.) ;
#217=FACE_BOUND('',#214,.T.) ;
#235=FACE_BOUND('',#232,.T.) ;
#253=FACE_BOUND('',#250,.T.) ;
#271=FACE_BOUND('',#268,.T.) ;
#289=FACE_BOUND('',#286,.T.) ;
#307=FACE_BOUND('',#304,.T.) ;
#325=FACE_BOUND('',#322,.T.) ;
#343=FACE_BOUND('',#340,.T.) ;
#361=FACE_BOUND('',#358,.T.) ;
#379=FACE_BOUND('',#376,.T.) ;
#397=FACE_BOUND('',#394,.T.) ;
#415=FACE_BOUND('',#412,.T.) ;
#433=FACE_BOUND('',#430,.T.) ;
#451=FACE_BOUND('',#448,.T.) ;
#469=FACE_BOUND('',#466,.T.) ;
#487=FACE_BOUND('',#484,.T.) ;
#505=FACE_BOUND('',#502,.T.) ;
#523=FACE_BOUND('',#520,.T.) ;
#541=FACE_BOUND('',#538,.T.) ;
#559=FACE_BOUND('',#556,.T.) ;
#577=FACE_BOUND('',#574,.T.) ;
#595=FACE_BOUND('',#592,.T.) ;
#620=FACE_BOUND('',#615,.T.) ;
#654=FACE_BOUND('',#649,.T.) ;
#2041=FACE_BOUND('',#2038,.T.) ;
#2045=FACE_BOUND('',#2042,.T.) ;
#2049=FACE_BOUND('',#2046,.T.) ;
#2053=FACE_BOUND('',#2050,.T.) ;
#2096=FACE_BOUND('',#2093,.T.) ;
#2100=FACE_BOUND('',#2097,.T.) ;
#2104=FACE_BOUND('',#2101,.T.) ;
#2108=FACE_BOUND('',#2105,.T.) ;
#3296=FACE_BOUND('',#3293,.T.) ;
#3300=FACE_BOUND('',#3297,.T.) ;
#3304=FACE_BOUND('',#3301,.T.) ;
#3308=FACE_BOUND('',#3305,.T.) ;
#3312=FACE_BOUND('',#3309,.T.) ;
#3316=FACE_BOUND('',#3313,.T.) ;
#3363=FACE_BOUND('',#3360,.T.) ;
#3367=FACE_BOUND('',#3364,.T.) ;
#3371=FACE_BOUND('',#3368,.T.) ;
#3380=FACE_BOUND('',#3377,.T.) ;
#3384=FACE_BOUND('',#3381,.T.) ;
#3388=FACE_BOUND('',#3385,.T.) ;
#3446=FACE_BOUND('',#3443,.T.) ;
#3450=FACE_BOUND('',#3447,.T.) ;
#3454=FACE_BOUND('',#3451,.T.) ;
#3458=FACE_BOUND('',#3455,.T.) ;
#3462=FACE_BOUND('',#3459,.T.) ;
#3466=FACE_BOUND('',#3463,.T.) ;
#3470=FACE_BOUND('',#3467,.T.) ;
#3474=FACE_BOUND('',#3471,.T.) ;
#3478=FACE_BOUND('',#3475,.T.) ;
#3482=FACE_BOUND('',#3479,.T.) ;
#3486=FACE_BOUND('',#3483,.T.) ;
#3490=FACE_BOUND('',#3487,.T.) ;
#3494=FACE_BOUND('',#3491,.T.) ;
#3498=FACE_BOUND('',#3495,.T.) ;
#3502=FACE_BOUND('',#3499,.T.) ;
#3506=FACE_BOUND('',#3503,.T.) ;
#3510=FACE_BOUND('',#3507,.T.) ;
#3514=FACE_BOUND('',#3511,.T.) ;
#3518=FACE_BOUND('',#3515,.T.) ;
#62=CLOSED_SHELL('Closed Shell',(#110,#655,#679,#735,#806,#869,#952,#992,#1032,#1063,#1089,#1129,#1146,#1186,#1203,#1243,#1260,#1300,#1317,#1357,#1388,#1419,#1550,#1585,#1602,#1637,#1654,#1689,#1706,#1741,#1758,#1793,#1824,#1850,#1872,#1894,#1982,#2006,#2054,#2109,#2126,#2151,#2175,#2193,#2225,#2256,#2268,#2299,#2311,#2342,#2354,#2385,#2397,#2428,#2440,#2471,#2483,#2514,#2526,#2557,#2569,#2600,#2612,#2643,#2655,#2686,#2698,#2729,#2741,#2772,#2784,#2815,#2827,#2858,#2870,#2901,#2913,#2944,#2956,#2987,#2999,#3030,#3042,#3066,#3073,#3095,#3104,#3126,#3135,#3167,#3191,#3210,#3242,#3259,#3266,#3317,#3338,#3389,#3408,#3519,#3532,#3539)) ;
#3547=ITEM_DEFINED_TRANSFORMATION(' ',' ',#3549,#3548) ;
#70=VECTOR('Line Direction',#69,1.) ;
#79=VECTOR('Line Direction',#78,1.) ;
#86=VECTOR('Line Direction',#85,1.) ;
#100=VECTOR('Line Direction',#99,1.) ;
#118=VECTOR('Line Direction',#117,1.) ;
#127=VECTOR('Line Direction',#126,1.) ;
#134=VECTOR('Line Direction',#133,1.) ;
#141=VECTOR('Line Direction',#140,1.) ;
#152=VECTOR('Line Direction',#151,1.) ;
#161=VECTOR('Line Direction',#160,1.) ;
#168=VECTOR('Line Direction',#167,1.) ;
#175=VECTOR('Line Direction',#174,1.) ;
#182=VECTOR('Line Direction',#181,1.) ;
#189=VECTOR('Line Direction',#188,1.) ;
#598=VECTOR('Line Direction',#597,1.) ;
#605=VECTOR('Line Direction',#604,1.) ;
#612=VECTOR('Line Direction',#611,1.) ;
#623=VECTOR('Line Direction',#622,1.) ;
#632=VECTOR('Line Direction',#631,1.) ;
#639=VECTOR('Line Direction',#638,1.) ;
#646=VECTOR('Line Direction',#645,1.) ;
#663=VECTOR('Line Direction',#662,1.) ;
#670=VECTOR('Line Direction',#669,1.) ;
#696=VECTOR('Line Direction',#695,1.) ;
#710=VECTOR('Line Direction',#709,1.) ;
#724=VECTOR('Line Direction',#723,1.) ;
#743=VECTOR('Line Direction',#742,1.) ;
#752=VECTOR('Line Direction',#751,1.) ;
#759=VECTOR('Line Direction',#758,1.) ;
#766=VECTOR('Line Direction',#765,1.) ;
#773=VECTOR('Line Direction',#772,1.) ;
#780=VECTOR('Line Direction',#779,1.) ;
#785=VECTOR('Line Direction',#784,1.) ;
#792=VECTOR('Line Direction',#791,1.) ;
#814=VECTOR('Line Direction',#813,1.) ;
#830=VECTOR('Line Direction',#829,1.) ;
#844=VECTOR('Line Direction',#843,1.) ;
#881=VECTOR('Line Direction',#880,1.) ;
#895=VECTOR('Line Direction',#894,1.) ;
#909=VECTOR('Line Direction',#908,1.) ;
#923=VECTOR('Line Direction',#922,1.) ;
#937=VECTOR('Line Direction',#936,1.) ;
#969=VECTOR('Line Direction',#968,1.) ;
#983=VECTOR('Line Direction',#982,1.) ;
#1009=VECTOR('Line Direction',#1008,1.) ;
#1023=VECTOR('Line Direction',#1022,1.) ;
#1040=VECTOR('Line Direction',#1039,1.) ;
#1047=VECTOR('Line Direction',#1046,1.) ;
#1054=VECTOR('Line Direction',#1053,1.) ;
#1066=VECTOR('Line Direction',#1065,1.) ;
#1073=VECTOR('Line Direction',#1072,1.) ;
#1080=VECTOR('Line Direction',#1079,1.) ;
#1097=VECTOR('Line Direction',#1096,1.) ;
#1113=VECTOR('Line Direction',#1112,1.) ;
#1154=VECTOR('Line Direction',#1153,1.) ;
#1170=VECTOR('Line Direction',#1169,1.) ;
#1211=VECTOR('Line Direction',#1210,1.) ;
#1227=VECTOR('Line Direction',#1226,1.) ;
#1268=VECTOR('Line Direction',#1267,1.) ;
#1284=VECTOR('Line Direction',#1283,1.) ;
#1325=VECTOR('Line Direction',#1324,1.) ;
#1334=VECTOR('Line Direction',#1333,1.) ;
#1341=VECTOR('Line Direction',#1340,1.) ;
#1348=VECTOR('Line Direction',#1347,1.) ;
#1379=VECTOR('Line Direction',#1378,1.) ;
#1396=VECTOR('Line Direction',#1395,1.) ;
#1403=VECTOR('Line Direction',#1402,1.) ;
#1410=VECTOR('Line Direction',#1409,1.) ;
#1422=VECTOR('Line Direction',#1421,1.) ;
#1452=VECTOR('Line Direction',#1451,1.) ;
#1459=VECTOR('Line Direction',#1458,1.) ;
#1466=VECTOR('Line Direction',#1465,1.) ;
#1473=VECTOR('Line Direction',#1472,1.) ;
#1480=VECTOR('Line Direction',#1479,1.) ;
#1508=VECTOR('Line Direction',#1507,1.) ;
#1562=VECTOR('Line Direction',#1561,1.) ;
#1576=VECTOR('Line Direction',#1575,1.) ;
#1614=VECTOR('Line Direction',#1613,1.) ;
#1628=VECTOR('Line Direction',#1627,1.) ;
#1666=VECTOR('Line Direction',#1665,1.) ;
#1680=VECTOR('Line Direction',#1679,1.) ;
#1718=VECTOR('Line Direction',#1717,1.) ;
#1732=VECTOR('Line Direction',#1731,1.) ;
#1761=VECTOR('Line Direction',#1760,1.) ;
#1770=VECTOR('Line Direction',#1769,1.) ;
#1777=VECTOR('Line Direction',#1776,1.) ;
#1784=VECTOR('Line Direction',#1783,1.) ;
#1808=VECTOR('Line Direction',#1807,1.) ;
#1827=VECTOR('Line Direction',#1826,1.) ;
#1834=VECTOR('Line Direction',#1833,1.) ;
#1841=VECTOR('Line Direction',#1840,1.) ;
#2014=VECTOR('Line Direction',#2013,1.) ;
#2019=VECTOR('Line Direction',#2018,1.) ;
#2069=VECTOR('Line Direction',#2068,1.) ;
#2074=VECTOR('Line Direction',#2073,1.) ;
#2112=VECTOR('Line Direction',#2111,1.) ;
#2117=VECTOR('Line Direction',#2116,1.) ;
#2134=VECTOR('Line Direction',#2133,1.) ;
#2141=VECTOR('Line Direction',#2140,1.) ;
#2159=VECTOR('Line Direction',#2158,1.) ;
#2166=VECTOR('Line Direction',#2165,1.) ;
#2183=VECTOR('Line Direction',#2182,1.) ;
#2201=VECTOR('Line Direction',#2200,1.) ;
#2208=VECTOR('Line Direction',#2207,1.) ;
#2242=VECTOR('Line Direction',#2241,1.) ;
#2247=VECTOR('Line Direction',#2246,1.) ;
#2285=VECTOR('Line Direction',#2284,1.) ;
#2290=VECTOR('Line Direction',#2289,1.) ;
#2328=VECTOR('Line Direction',#2327,1.) ;
#2333=VECTOR('Line Direction',#2332,1.) ;
#2371=VECTOR('Line Direction',#2370,1.) ;
#2376=VECTOR('Line Direction',#2375,1.) ;
#2414=VECTOR('Line Direction',#2413,1.) ;
#2419=VECTOR('Line Direction',#2418,1.) ;
#2457=VECTOR('Line Direction',#2456,1.) ;
#2462=VECTOR('Line Direction',#2461,1.) ;
#2500=VECTOR('Line Direction',#2499,1.) ;
#2505=VECTOR('Line Direction',#2504,1.) ;
#2543=VECTOR('Line Direction',#2542,1.) ;
#2548=VECTOR('Line Direction',#2547,1.) ;
#2586=VECTOR('Line Direction',#2585,1.) ;
#2591=VECTOR('Line Direction',#2590,1.) ;
#2629=VECTOR('Line Direction',#2628,1.) ;
#2634=VECTOR('Line Direction',#2633,1.) ;
#2672=VECTOR('Line Direction',#2671,1.) ;
#2677=VECTOR('Line Direction',#2676,1.) ;
#2715=VECTOR('Line Direction',#2714,1.) ;
#2720=VECTOR('Line Direction',#2719,1.) ;
#2758=VECTOR('Line Direction',#2757,1.) ;
#2763=VECTOR('Line Direction',#2762,1.) ;
#2801=VECTOR('Line Direction',#2800,1.) ;
#2806=VECTOR('Line Direction',#2805,1.) ;
#2844=VECTOR('Line Direction',#2843,1.) ;
#2849=VECTOR('Line Direction',#2848,1.) ;
#2887=VECTOR('Line Direction',#2886,1.) ;
#2892=VECTOR('Line Direction',#2891,1.) ;
#2930=VECTOR('Line Direction',#2929,1.) ;
#2935=VECTOR('Line Direction',#2934,1.) ;
#2973=VECTOR('Line Direction',#2972,1.) ;
#2978=VECTOR('Line Direction',#2977,1.) ;
#3016=VECTOR('Line Direction',#3015,1.) ;
#3021=VECTOR('Line Direction',#3020,1.) ;
#3050=VECTOR('Line Direction',#3049,1.) ;
#3055=VECTOR('Line Direction',#3054,1.) ;
#3081=VECTOR('Line Direction',#3080,1.) ;
#3086=VECTOR('Line Direction',#3085,1.) ;
#3112=VECTOR('Line Direction',#3111,1.) ;
#3117=VECTOR('Line Direction',#3116,1.) ;
#3143=VECTOR('Line Direction',#3142,1.) ;
#3150=VECTOR('Line Direction',#3149,1.) ;
#3155=VECTOR('Line Direction',#3154,1.) ;
#3175=VECTOR('Line Direction',#3174,1.) ;
#3182=VECTOR('Line Direction',#3181,1.) ;
#3194=VECTOR('Line Direction',#3193,1.) ;
#3201=VECTOR('Line Direction',#3200,1.) ;
#3218=VECTOR('Line Direction',#3217,1.) ;
#3223=VECTOR('Line Direction',#3222,1.) ;
#3250=VECTOR('Line Direction',#3249,1.) ;
#3274=VECTOR('Line Direction',#3273,1.) ;
#3279=VECTOR('Line Direction',#3278,1.) ;
#3325=VECTOR('Line Direction',#3324,1.) ;
#3346=VECTOR('Line Direction',#3345,1.) ;
#3397=VECTOR('Line Direction',#3396,1.) ;
#3411=VECTOR('Line Direction',#3410,1.) ;
#3416=VECTOR('Line Direction',#3415,1.) ;
#3421=VECTOR('Line Direction',#3420,1.) ;
#3541=ADVANCED_BREP_SHAPE_REPRESENTATION('NONE',(#3540),#53) ;
#44=SHAPE_REPRESENTATION(' ',(#3548),#51) ;
#54=SHAPE_REPRESENTATION(' ',(#3549),#53) ;
#110=ADVANCED_FACE('\X2\96F64EF651E04F554F53\X0\',(#109),#67,.T.) ;
#655=ADVANCED_FACE('\X2\96F64EF651E04F554F53\X0\',(#149,#199,#217,#235,#253,#271,#289,#307,#325,#343,#361,#379,#397,#415,#433,#451,#469,#487,#505,#523,#541,#559,#577,#595,#620,#654),#115,.F.) ;
#679=ADVANCED_FACE('\X2\96F64EF651E04F554F53\X0\',(#678),#660,.T.) ;
#735=ADVANCED_FACE('\X2\96F64EF651E04F554F53\X0\',(#734),#684,.F.) ;
#806=ADVANCED_FACE('\X2\96F64EF651E04F554F53\X0\',(#805),#740,.T.) ;
#869=ADVANCED_FACE('\X2\96F64EF651E04F554F53\X0\',(#868),#811,.F.) ;
#952=ADVANCED_FACE('\X2\96F64EF651E04F554F53\X0\',(#951),#684,.F.) ;
#992=ADVANCED_FACE('\X2\96F64EF651E04F554F53\X0\',(#991),#957,.T.) ;
#1032=ADVANCED_FACE('\X2\96F64EF651E04F554F53\X0\',(#1031),#997,.T.) ;
#1063=ADVANCED_FACE('\X2\96F64EF651E04F554F53\X0\',(#1062),#1037,.T.) ;
#1089=ADVANCED_FACE('\X2\96F64EF651E04F554F53\X0\',(#1088),#1037,.T.) ;
#1129=ADVANCED_FACE('\X2\96F64EF651E04F554F53\X0\',(#1128),#1094,.F.) ;
#1146=ADVANCED_FACE('\X2\96F64EF651E04F554F53\X0\',(#1145),#1094,.F.) ;
#1186=ADVANCED_FACE('\X2\96F64EF651E04F554F53\X0\',(#1185),#1151,.F.) ;
#1203=ADVANCED_FACE('\X2\96F64EF651E04F554F53\X0\',(#1202),#1151,.F.) ;
#1243=ADVANCED_FACE('\X2\96F64EF651E04F554F53\X0\',(#1242),#1208,.F.) ;
#1260=ADVANCED_FACE('\X2\96F64EF651E04F554F53\X0\',(#1259),#1208,.F.) ;
#1300=ADVANCED_FACE('\X2\96F64EF651E04F554F53\X0\',(#1299),#1265,.F.) ;
#1317=ADVANCED_FACE('\X2\96F64EF651E04F554F53\X0\',(#1316),#1265,.F.) ;
#1357=ADVANCED_FACE('\X2\96F64EF651E04F554F53\X0\',(#1356),#1322,.T.) ;
#1388=ADVANCED_FACE('\X2\96F64EF651E04F554F53\X0\',(#1387),#1362,.T.) ;
#1419=ADVANCED_FACE('\X2\96F64EF651E04F554F53\X0\',(#1418),#1393,.T.) ;
#1550=ADVANCED_FACE('\X2\96F64EF651E04F554F53\X0\',(#1549),#740,.T.) ;
#1585=ADVANCED_FACE('\X2\96F64EF651E04F554F53\X0\',(#1584),#1265,.F.) ;
#1602=ADVANCED_FACE('\X2\96F64EF651E04F554F53\X0\',(#1601),#1265,.F.) ;
#1637=ADVANCED_FACE('\X2\96F64EF651E04F554F53\X0\',(#1636),#1208,.F.) ;
#1654=ADVANCED_FACE('\X2\96F64EF651E04F554F53\X0\',(#1653),#1208,.F.) ;
#1689=ADVANCED_FACE('\X2\96F64EF651E04F554F53\X0\',(#1688),#1151,.F.) ;
#1706=ADVANCED_FACE('\X2\96F64EF651E04F554F53\X0\',(#1705),#1151,.F.) ;
#1741=ADVANCED_FACE('\X2\96F64EF651E04F554F53\X0\',(#1740),#1094,.F.) ;
#1758=ADVANCED_FACE('\X2\96F64EF651E04F554F53\X0\',(#1757),#1094,.F.) ;
#1793=ADVANCED_FACE('\X2\96F64EF651E04F554F53\X0\',(#1792),#1393,.T.) ;
#1824=ADVANCED_FACE('\X2\96F64EF651E04F554F53\X0\',(#1823),#1798,.T.) ;
#1850=ADVANCED_FACE('\X2\96F64EF651E04F554F53\X0\',(#1849),#1322,.T.) ;
#1872=ADVANCED_FACE('\X2\96F64EF651E04F554F53\X0\',(#1871),#1855,.F.) ;
#1894=ADVANCED_FACE('\X2\96F64EF651E04F554F53\X0\',(#1893),#1877,.F.) ;
#1982=ADVANCED_FACE('\X2\96F64EF651E04F554F53\X0\',(#1981),#811,.F.) ;
#2006=ADVANCED_FACE('\X2\96F64EF651E04F554F53\X0\',(#2005),#684,.F.) ;
#2054=ADVANCED_FACE('\X2\96F64EF651E04F554F53\X0\',(#2037,#2041,#2045,#2049,#2053),#2011,.T.) ;
#2109=ADVANCED_FACE('\X2\96F64EF651E04F554F53\X0\',(#2092,#2096,#2100,#2104,#2108),#2059,.F.) ;
#2126=ADVANCED_FACE('\X2\96F64EF651E04F554F53\X0\',(#2125),#660,.T.) ;
#2151=ADVANCED_FACE('\X2\96F64EF651E04F554F53\X0\',(#2150),#2131,.F.) ;
#2175=ADVANCED_FACE('\X2\96F64EF651E04F554F53\X0\',(#2174),#2156,.T.) ;
#2193=ADVANCED_FACE('\X2\96F64EF651E04F554F53\X0\',(#2192),#2180,.F.) ;
#2225=ADVANCED_FACE('\X2\96F64EF651E04F554F53\X0\',(#2224),#2198,.T.) ;
#2256=ADVANCED_FACE('\X2\96F64EF651E04F554F53\X0\',(#2255),#2230,.F.) ;
#2268=ADVANCED_FACE('\X2\96F64EF651E04F554F53\X0\',(#2267),#2230,.F.) ;
#2299=ADVANCED_FACE('\X2\96F64EF651E04F554F53\X0\',(#2298),#2273,.F.) ;
#2311=ADVANCED_FACE('\X2\96F64EF651E04F554F53\X0\',(#2310),#2273,.F.) ;
#2342=ADVANCED_FACE('\X2\96F64EF651E04F554F53\X0\',(#2341),#2316,.F.) ;
#2354=ADVANCED_FACE('\X2\96F64EF651E04F554F53\X0\',(#2353),#2316,.F.) ;
#2385=ADVANCED_FACE('\X2\96F64EF651E04F554F53\X0\',(#2384),#2359,.F.) ;
#2397=ADVANCED_FACE('\X2\96F64EF651E04F554F53\X0\',(#2396),#2359,.F.) ;
#2428=ADVANCED_FACE('\X2\96F64EF651E04F554F53\X0\',(#2427),#2402,.F.) ;
#2440=ADVANCED_FACE('\X2\96F64EF651E04F554F53\X0\',(#2439),#2402,.F.) ;
#2471=ADVANCED_FACE('\X2\96F64EF651E04F554F53\X0\',(#2470),#2445,.F.) ;
#2483=ADVANCED_FACE('\X2\96F64EF651E04F554F53\X0\',(#2482),#2445,.F.) ;
#2514=ADVANCED_FACE('\X2\96F64EF651E04F554F53\X0\',(#2513),#2488,.F.) ;
#2526=ADVANCED_FACE('\X2\96F64EF651E04F554F53\X0\',(#2525),#2488,.F.) ;
#2557=ADVANCED_FACE('\X2\96F64EF651E04F554F53\X0\',(#2556),#2531,.F.) ;
#2569=ADVANCED_FACE('\X2\96F64EF651E04F554F53\X0\',(#2568),#2531,.F.) ;
#2600=ADVANCED_FACE('\X2\96F64EF651E04F554F53\X0\',(#2599),#2574,.F.) ;
#2612=ADVANCED_FACE('\X2\96F64EF651E04F554F53\X0\',(#2611),#2574,.F.) ;
#2643=ADVANCED_FACE('\X2\96F64EF651E04F554F53\X0\',(#2642),#2617,.F.) ;
#2655=ADVANCED_FACE('\X2\96F64EF651E04F554F53\X0\',(#2654),#2617,.F.) ;
#2686=ADVANCED_FACE('\X2\96F64EF651E04F554F53\X0\',(#2685),#2660,.F.) ;
#2698=ADVANCED_FACE('\X2\96F64EF651E04F554F53\X0\',(#2697),#2660,.F.) ;
#2729=ADVANCED_FACE('\X2\96F64EF651E04F554F53\X0\',(#2728),#2703,.F.) ;
#2741=ADVANCED_FACE('\X2\96F64EF651E04F554F53\X0\',(#2740),#2703,.F.) ;
#2772=ADVANCED_FACE('\X2\96F64EF651E04F554F53\X0\',(#2771),#2746,.F.) ;
#2784=ADVANCED_FACE('\X2\96F64EF651E04F554F53\X0\',(#2783),#2746,.F.) ;
#2815=ADVANCED_FACE('\X2\96F64EF651E04F554F53\X0\',(#2814),#2789,.F.) ;
#2827=ADVANCED_FACE('\X2\96F64EF651E04F554F53\X0\',(#2826),#2789,.F.) ;
#2858=ADVANCED_FACE('\X2\96F64EF651E04F554F53\X0\',(#2857),#2832,.F.) ;
#2870=ADVANCED_FACE('\X2\96F64EF651E04F554F53\X0\',(#2869),#2832,.F.) ;
#2901=ADVANCED_FACE('\X2\96F64EF651E04F554F53\X0\',(#2900),#2875,.F.) ;
#2913=ADVANCED_FACE('\X2\96F64EF651E04F554F53\X0\',(#2912),#2875,.F.) ;
#2944=ADVANCED_FACE('\X2\96F64EF651E04F554F53\X0\',(#2943),#2918,.F.) ;
#2956=ADVANCED_FACE('\X2\96F64EF651E04F554F53\X0\',(#2955),#2918,.F.) ;
#2987=ADVANCED_FACE('\X2\96F64EF651E04F554F53\X0\',(#2986),#2961,.F.) ;
#2999=ADVANCED_FACE('\X2\96F64EF651E04F554F53\X0\',(#2998),#2961,.F.) ;
#3030=ADVANCED_FACE('\X2\96F64EF651E04F554F53\X0\',(#3029),#3004,.F.) ;
#3042=ADVANCED_FACE('\X2\96F64EF651E04F554F53\X0\',(#3041),#3004,.F.) ;
#3066=ADVANCED_FACE('\X2\96F64EF651E04F554F53\X0\',(#3065),#3047,.F.) ;
#3073=ADVANCED_FACE('\X2\96F64EF651E04F554F53\X0\',(#3072),#3047,.F.) ;
#3095=ADVANCED_FACE('\X2\96F64EF651E04F554F53\X0\',(#3094),#3078,.F.) ;
#3104=ADVANCED_FACE('\X2\96F64EF651E04F554F53\X0\',(#3103),#3078,.F.) ;
#3126=ADVANCED_FACE('\X2\96F64EF651E04F554F53\X0\',(#3125),#3109,.F.) ;
#3135=ADVANCED_FACE('\X2\96F64EF651E04F554F53\X0\',(#3134),#3109,.F.) ;
#3167=ADVANCED_FACE('\X2\96F64EF651E04F554F53\X0\',(#3166),#3140,.F.) ;
#3191=ADVANCED_FACE('\X2\96F64EF651E04F554F53\X0\',(#3190),#3172,.T.) ;
#3210=ADVANCED_FACE('\X2\96F64EF651E04F554F53\X0\',(#3209),#3172,.T.) ;
#3242=ADVANCED_FACE('\X2\96F64EF651E04F554F53\X0\',(#3241),#3215,.T.) ;
#3259=ADVANCED_FACE('\X2\96F64EF651E04F554F53\X0\',(#3258),#3247,.T.) ;
#3266=ADVANCED_FACE('\X2\96F64EF651E04F554F53\X0\',(#3265),#3247,.T.) ;
#3317=ADVANCED_FACE('\X2\96F64EF651E04F554F53\X0\',(#3292,#3296,#3300,#3304,#3308,#3312,#3316),#3271,.F.) ;
#3338=ADVANCED_FACE('\X2\96F64EF651E04F554F53\X0\',(#3337),#3322,.F.) ;
#3389=ADVANCED_FACE('\X2\96F64EF651E04F554F53\X0\',(#3359,#3363,#3367,#3371,#3380,#3384,#3388),#3343,.F.) ;
#3408=ADVANCED_FACE('\X2\96F64EF651E04F554F53\X0\',(#3407),#3394,.F.) ;
#3519=ADVANCED_FACE('\X2\96F64EF651E04F554F53\X0\',(#3442,#3446,#3450,#3454,#3458,#3462,#3466,#3470,#3474,#3478,#3482,#3486,#3490,#3494,#3498,#3502,#3506,#3510,#3514,#3518),#740,.T.) ;
#3532=ADVANCED_FACE('\X2\96F64EF651E04F554F53\X0\',(#3531),#684,.F.) ;
#3539=ADVANCED_FACE('\X2\96F64EF651E04F554F53\X0\',(#3538),#2156,.T.) ;
#4=APPLICATION_PROTOCOL_DEFINITION('international standard','config_control_design',1994,#1) ;
#35=APPROVAL_DATE_TIME(#13,#24) ;
#1910=B_SPLINE_CURVE_WITH_KNOTS('',5,(#1911,#1912,#1913,#1914,#1915,#1916,#1917,#1918,#1919,#1920,#1921,#1922,#1923,#1924,#1925),.UNSPECIFIED.,.F.,.U.,(6,3,3,3,6),(0.,1.09850466949,2.64010468059,3.39369221332,5.09590265808),.UNSPECIFIED.) ;
#1927=B_SPLINE_CURVE_WITH_KNOTS('',5,(#1928,#1929,#1930,#1931,#1932,#1933,#1934,#1935,#1936,#1937,#1938,#1939,#1940,#1941,#1942),.UNSPECIFIED.,.F.,.U.,(6,3,3,3,6),(0.,1.09850466951,2.6401046806,3.39369221333,5.09590265807),.UNSPECIFIED.) ;
#1944=B_SPLINE_CURVE_WITH_KNOTS('',5,(#1945,#1946,#1947,#1948,#1949,#1950,#1951,#1952,#1953,#1954,#1955,#1956,#1957,#1958,#1959),.UNSPECIFIED.,.F.,.U.,(6,3,3,3,6),(0.,1.09850466946,2.64010468055,3.39369221329,5.0959026581),.UNSPECIFIED.) ;
#3540=MANIFOLD_SOLID_BREP('\X2\96F64EF651E04F554F53\X0\',#62) ;
#11=CALENDAR_DATE(2026,7,8) ;
#33=CC_DESIGN_APPROVAL(#24,(#19,#6,#17)) ;
#21=CC_DESIGN_DATE_AND_TIME_ASSIGNMENT(#13,#20,(#19)) ;
#32=CC_DESIGN_DATE_AND_TIME_ASSIGNMENT(#13,#31,(#17)) ;
#20=DATE_TIME_ROLE('classification_date') ;
#31=DATE_TIME_ROLE('creation_date') ;
#30=CC_DESIGN_PERSON_AND_ORGANIZATION_ASSIGNMENT(#28,#29,(#19)) ;
#36=CC_DESIGN_PERSON_AND_ORGANIZATION_ASSIGNMENT(#28,#37,(#6)) ;
#38=CC_DESIGN_PERSON_AND_ORGANIZATION_ASSIGNMENT(#28,#39,(#6,#17)) ;
#40=CC_DESIGN_PERSON_AND_ORGANIZATION_ASSIGNMENT(#28,#41,(#5)) ;
#29=PERSON_AND_ORGANIZATION_ROLE('classification_officer') ;
#37=PERSON_AND_ORGANIZATION_ROLE('design_supplier') ;
#39=PERSON_AND_ORGANIZATION_ROLE('creator') ;
#41=PERSON_AND_ORGANIZATION_ROLE('design_owner') ;
#42=CC_DESIGN_SECURITY_CLASSIFICATION(#19,(#6,#3543)) ;
#60=DOCUMENT('1','Part4.CATPart','CATPart document',#59) ;
#59=DOCUMENT_TYPE('') ;
#94=CIRCLE('generated circle',#93,2.6) ;
#203=CIRCLE('generated circle',#202,1.65) ;
#212=CIRCLE('generated circle',#211,1.65) ;
#221=CIRCLE('generated circle',#220,1.65) ;
#230=CIRCLE('generated circle',#229,1.65) ;
#239=CIRCLE('generated circle',#238,1.65) ;
#248=CIRCLE('generated circle',#247,1.65) ;
#257=CIRCLE('generated circle',#256,2.65) ;
#266=CIRCLE('generated circle',#265,2.65) ;
#275=CIRCLE('generated circle',#274,2.65) ;
#284=CIRCLE('generated circle',#283,2.65) ;
#293=CIRCLE('generated circle',#292,2.65) ;
#302=CIRCLE('generated circle',#301,2.65) ;
#311=CIRCLE('generated circle',#310,1.5) ;
#320=CIRCLE('generated circle',#319,1.5) ;
#329=CIRCLE('generated circle',#328,1.5) ;
#338=CIRCLE('generated circle',#337,1.5) ;
#347=CIRCLE('generated circle',#346,1.5) ;
#356=CIRCLE('generated circle',#355,1.5) ;
#365=CIRCLE('generated circle',#364,1.75) ;
#374=CIRCLE('generated circle',#373,1.75) ;
#383=CIRCLE('generated circle',#382,1.75) ;
#392=CIRCLE('generated circle',#391,1.75) ;
#401=CIRCLE('generated circle',#400,1.75) ;
#410=CIRCLE('generated circle',#409,1.75) ;
#419=CIRCLE('generated circle',#418,1.5) ;
#428=CIRCLE('generated circle',#427,1.5) ;
#437=CIRCLE('generated circle',#436,1.5) ;
#446=CIRCLE('generated circle',#445,1.5) ;
#455=CIRCLE('generated circle',#454,1.5) ;
#464=CIRCLE('generated circle',#463,1.5) ;
#473=CIRCLE('generated circle',#472,1.75) ;
#482=CIRCLE('generated circle',#481,1.75) ;
#491=CIRCLE('generated circle',#490,1.75) ;
#500=CIRCLE('generated circle',#499,1.75) ;
#509=CIRCLE('generated circle',#508,1.75) ;
#518=CIRCLE('generated circle',#517,1.75) ;
#527=CIRCLE('generated circle',#526,3.25) ;
#536=CIRCLE('generated circle',#535,3.25) ;
#545=CIRCLE('generated circle',#544,3.25) ;
#554=CIRCLE('generated circle',#553,3.25) ;
#563=CIRCLE('generated circle',#562,3.25) ;
#572=CIRCLE('generated circle',#571,3.25) ;
#581=CIRCLE('generated circle',#580,3.25) ;
#590=CIRCLE('generated circle',#589,3.25) ;
#688=CIRCLE('generated circle',#687,2.6) ;
#704=CIRCLE('generated circle',#703,2.6) ;
#718=CIRCLE('generated circle',#717,2.6) ;
#824=CIRCLE('generated circle',#823,2.6) ;
#838=CIRCLE('generated circle',#837,2.6) ;
#852=CIRCLE('generated circle',#851,2.6) ;
#857=CIRCLE('generated circle',#856,2.6) ;
#873=CIRCLE('generated circle',#872,2.6) ;
#889=CIRCLE('generated circle',#888,2.6) ;
#903=CIRCLE('generated circle',#902,2.6) ;
#917=CIRCLE('generated circle',#916,2.6) ;
#931=CIRCLE('generated circle',#930,2.6) ;
#961=CIRCLE('generated circle',#960,2.) ;
#977=CIRCLE('generated circle',#976,2.) ;
#1001=CIRCLE('generated circle',#1000,2.) ;
#1017=CIRCLE('generated circle',#1016,2.) ;
#1107=CIRCLE('generated circle',#1106,2.6) ;
#1121=CIRCLE('generated circle',#1120,2.6) ;
#1133=CIRCLE('generated circle',#1132,2.6) ;
#1138=CIRCLE('generated circle',#1137,2.6) ;
#1164=CIRCLE('generated circle',#1163,2.6) ;
#1178=CIRCLE('generated circle',#1177,2.6) ;
#1190=CIRCLE('generated circle',#1189,2.6) ;
#1195=CIRCLE('generated circle',#1194,2.6) ;
#1221=CIRCLE('generated circle',#1220,2.6) ;
#1235=CIRCLE('generated circle',#1234,2.6) ;
#1247=CIRCLE('generated circle',#1246,2.6) ;
#1252=CIRCLE('generated circle',#1251,2.6) ;
#1278=CIRCLE('generated circle',#1277,2.6) ;
#1292=CIRCLE('generated circle',#1291,2.6) ;
#1304=CIRCLE('generated circle',#1303,2.6) ;
#1309=CIRCLE('generated circle',#1308,2.6) ;
#1366=CIRCLE('generated circle',#1365,7.) ;
#1373=CIRCLE('generated circle',#1372,7.) ;
#1432=CIRCLE('generated circle',#1431,1.65) ;
#1439=CIRCLE('generated circle',#1438,1.65) ;
#1446=CIRCLE('generated circle',#1445,1.65) ;
#1488=CIRCLE('generated circle',#1487,1.65) ;
#1495=CIRCLE('generated circle',#1494,1.65) ;
#1502=CIRCLE('generated circle',#1501,1.65) ;
#1516=CIRCLE('generated circle',#1515,1.65) ;
#1523=CIRCLE('generated circle',#1522,1.65) ;
#1530=CIRCLE('generated circle',#1529,1.65) ;
#1554=CIRCLE('generated circle',#1553,2.6) ;
#1570=CIRCLE('generated circle',#1569,2.6) ;
#1589=CIRCLE('generated circle',#1588,2.6) ;
#1594=CIRCLE('generated circle',#1593,2.6) ;
#1606=CIRCLE('generated circle',#1605,2.6) ;
#1622=CIRCLE('generated circle',#1621,2.6) ;
#1641=CIRCLE('generated circle',#1640,2.6) ;
#1646=CIRCLE('generated circle',#1645,2.6) ;
#1658=CIRCLE('generated circle',#1657,2.6) ;
#1674=CIRCLE('generated circle',#1673,2.6) ;
#1693=CIRCLE('generated circle',#1692,2.6) ;
#1698=CIRCLE('generated circle',#1697,2.6) ;
#1710=CIRCLE('generated circle',#1709,2.6) ;
#1726=CIRCLE('generated circle',#1725,2.6) ;
#1745=CIRCLE('generated circle',#1744,2.6) ;
#1750=CIRCLE('generated circle',#1749,2.6) ;
#1802=CIRCLE('generated circle',#1801,7.) ;
#1816=CIRCLE('generated circle',#1815,7.) ;
#1859=CIRCLE('generated circle',#1858,7.) ;
#1864=CIRCLE('generated circle',#1863,7.) ;
#1881=CIRCLE('generated circle',#1880,7.) ;
#1886=CIRCLE('generated circle',#1885,7.) ;
#1898=CIRCLE('generated circle',#1897,2.6) ;
#1903=CIRCLE('generated circle',#1902,2.6) ;
#1908=CIRCLE('generated circle',#1907,2.6) ;
#1964=CIRCLE('generated circle',#1963,2.6) ;
#1986=CIRCLE('generated circle',#1985,2.6) ;
#1991=CIRCLE('generated circle',#1990,2.6) ;
#1996=CIRCLE('generated circle',#1995,2.6) ;
#2063=CIRCLE('generated circle',#2062,2.6) ;
#2216=CIRCLE('generated circle',#2215,2.6) ;
#2234=CIRCLE('generated circle',#2233,3.25) ;
#2260=CIRCLE('generated circle',#2259,3.25) ;
#2277=CIRCLE('generated circle',#2276,3.25) ;
#2303=CIRCLE('generated circle',#2302,3.25) ;
#2320=CIRCLE('generated circle',#2319,3.25) ;
#2346=CIRCLE('generated circle',#2345,3.25) ;
#2363=CIRCLE('generated circle',#2362,3.25) ;
#2389=CIRCLE('generated circle',#2388,3.25) ;
#2406=CIRCLE('generated circle',#2405,1.75) ;
#2432=CIRCLE('generated circle',#2431,1.75) ;
#2449=CIRCLE('generated circle',#2448,1.75) ;
#2475=CIRCLE('generated circle',#2474,1.75) ;
#2492=CIRCLE('generated circle',#2491,1.75) ;
#2518=CIRCLE('generated circle',#2517,1.75) ;
#2535=CIRCLE('generated circle',#2534,1.5) ;
#2561=CIRCLE('generated circle',#2560,1.5) ;
#2578=CIRCLE('generated circle',#2577,1.5) ;
#2604=CIRCLE('generated circle',#2603,1.5) ;
#2621=CIRCLE('generated circle',#2620,1.5) ;
#2647=CIRCLE('generated circle',#2646,1.5) ;
#2664=CIRCLE('generated circle',#2663,1.75) ;
#2690=CIRCLE('generated circle',#2689,1.75) ;
#2707=CIRCLE('generated circle',#2706,1.75) ;
#2733=CIRCLE('generated circle',#2732,1.75) ;
#2750=CIRCLE('generated circle',#2749,1.75) ;
#2776=CIRCLE('generated circle',#2775,1.75) ;
#2793=CIRCLE('generated circle',#2792,1.5) ;
#2819=CIRCLE('generated circle',#2818,1.5) ;
#2836=CIRCLE('generated circle',#2835,1.5) ;
#2862=CIRCLE('generated circle',#2861,1.5) ;
#2879=CIRCLE('generated circle',#2878,1.5) ;
#2905=CIRCLE('generated circle',#2904,1.5) ;
#2922=CIRCLE('generated circle',#2921,2.65) ;
#2948=CIRCLE('generated circle',#2947,2.65) ;
#2965=CIRCLE('generated circle',#2964,2.65) ;
#2991=CIRCLE('generated circle',#2990,2.65) ;
#3008=CIRCLE('generated circle',#3007,2.65) ;
#3034=CIRCLE('generated circle',#3033,2.65) ;
#3231=CIRCLE('generated circle',#3230,2.6) ;
#3375=CIRCLE('generated circle',#3374,2.6) ;
#3545=CONTEXT_DEPENDENT_SHAPE_REPRESENTATION(#3546,#3544) ;
#3542=SHAPE_REPRESENTATION_RELATIONSHIP(' ',' ',#54,#3541) ;
#684=CYLINDRICAL_SURFACE('generated cylinder',#683,2.6) ;
#811=CYLINDRICAL_SURFACE('generated cylinder',#810,2.6) ;
#957=CYLINDRICAL_SURFACE('generated cylinder',#956,2.) ;
#997=CYLINDRICAL_SURFACE('generated cylinder',#996,2.) ;
#1094=CYLINDRICAL_SURFACE('generated cylinder',#1093,2.6) ;
#1151=CYLINDRICAL_SURFACE('generated cylinder',#1150,2.6) ;
#1208=CYLINDRICAL_SURFACE('generated cylinder',#1207,2.6) ;
#1265=CYLINDRICAL_SURFACE('generated cylinder',#1264,2.6) ;
#1362=CYLINDRICAL_SURFACE('generated cylinder',#1361,7.) ;
#1798=CYLINDRICAL_SURFACE('generated cylinder',#1797,7.) ;
#1855=CYLINDRICAL_SURFACE('generated cylinder',#1854,7.) ;
#1877=CYLINDRICAL_SURFACE('generated cylinder',#1876,7.) ;
#2230=CYLINDRICAL_SURFACE('generated cylinder',#2229,3.25) ;
#2273=CYLINDRICAL_SURFACE('generated cylinder',#2272,3.25) ;
#2316=CYLINDRICAL_SURFACE('generated cylinder',#2315,3.25) ;
#2359=CYLINDRICAL_SURFACE('generated cylinder',#2358,3.25) ;
#2402=CYLINDRICAL_SURFACE('generated cylinder',#2401,1.75) ;
#2445=CYLINDRICAL_SURFACE('generated cylinder',#2444,1.75) ;
#2488=CYLINDRICAL_SURFACE('generated cylinder',#2487,1.75) ;
#2531=CYLINDRICAL_SURFACE('generated cylinder',#2530,1.5) ;
#2574=CYLINDRICAL_SURFACE('generated cylinder',#2573,1.5) ;
#2617=CYLINDRICAL_SURFACE('generated cylinder',#2616,1.5) ;
#2660=CYLINDRICAL_SURFACE('generated cylinder',#2659,1.75) ;
#2703=CYLINDRICAL_SURFACE('generated cylinder',#2702,1.75) ;
#2746=CYLINDRICAL_SURFACE('generated cylinder',#2745,1.75) ;
#2789=CYLINDRICAL_SURFACE('generated cylinder',#2788,1.5) ;
#2832=CYLINDRICAL_SURFACE('generated cylinder',#2831,1.5) ;
#2875=CYLINDRICAL_SURFACE('generated cylinder',#2874,1.5) ;
#2918=CYLINDRICAL_SURFACE('generated cylinder',#2917,2.65) ;
#2961=CYLINDRICAL_SURFACE('generated cylinder',#2960,2.65) ;
#3004=CYLINDRICAL_SURFACE('generated cylinder',#3003,2.65) ;
#3047=CYLINDRICAL_SURFACE('generated cylinder',#3046,1.65) ;
#3078=CYLINDRICAL_SURFACE('generated cylinder',#3077,1.65) ;
#3109=CYLINDRICAL_SURFACE('generated cylinder',#3108,1.65) ;
#3=DESIGN_CONTEXT(' ',#1,'design') ;
#76=EDGE_CURVE('',#73,#75,#71,.T.) ;
#83=EDGE_CURVE('',#73,#82,#80,.T.) ;
#90=EDGE_CURVE('',#82,#89,#87,.T.) ;
#97=EDGE_CURVE('',#96,#89,#94,.T.) ;
#102=EDGE_CURVE('',#75,#96,#101,.T.) ;
#124=EDGE_CURVE('',#121,#123,#119,.F.) ;
#131=EDGE_CURVE('',#130,#121,#128,.F.) ;
#138=EDGE_CURVE('',#137,#130,#135,.F.) ;
#143=EDGE_CURVE('',#123,#137,#142,.F.) ;
#158=EDGE_CURVE('',#155,#157,#153,.F.) ;
#165=EDGE_CURVE('',#164,#155,#162,.F.) ;
#172=EDGE_CURVE('',#171,#164,#169,.T.) ;
#179=EDGE_CURVE('',#178,#171,#176,.T.) ;
#186=EDGE_CURVE('',#185,#178,#183,.T.) ;
#191=EDGE_CURVE('',#157,#185,#190,.F.) ;
#208=EDGE_CURVE('',#205,#207,#203,.F.) ;
#213=EDGE_CURVE('',#207,#205,#212,.F.) ;
#226=EDGE_CURVE('',#223,#225,#221,.F.) ;
#231=EDGE_CURVE('',#225,#223,#230,.F.) ;
#244=EDGE_CURVE('',#241,#243,#239,.F.) ;
#249=EDGE_CURVE('',#243,#241,#248,.F.) ;
#262=EDGE_CURVE('',#259,#261,#257,.F.) ;
#267=EDGE_CURVE('',#261,#259,#266,.F.) ;
#280=EDGE_CURVE('',#277,#279,#275,.F.) ;
#285=EDGE_CURVE('',#279,#277,#284,.F.) ;
#298=EDGE_CURVE('',#295,#297,#293,.F.) ;
#303=EDGE_CURVE('',#297,#295,#302,.F.) ;
#316=EDGE_CURVE('',#313,#315,#311,.F.) ;
#321=EDGE_CURVE('',#315,#313,#320,.F.) ;
#334=EDGE_CURVE('',#331,#333,#329,.F.) ;
#339=EDGE_CURVE('',#333,#331,#338,.F.) ;
#352=EDGE_CURVE('',#349,#351,#347,.F.) ;
#357=EDGE_CURVE('',#351,#349,#356,.F.) ;
#370=EDGE_CURVE('',#367,#369,#365,.F.) ;
#375=EDGE_CURVE('',#369,#367,#374,.F.) ;
#388=EDGE_CURVE('',#385,#387,#383,.F.) ;
#393=EDGE_CURVE('',#387,#385,#392,.F.) ;
#406=EDGE_CURVE('',#403,#405,#401,.F.) ;
#411=EDGE_CURVE('',#405,#403,#410,.F.) ;
#424=EDGE_CURVE('',#421,#423,#419,.F.) ;
#429=EDGE_CURVE('',#423,#421,#428,.F.) ;
#442=EDGE_CURVE('',#439,#441,#437,.F.) ;
#447=EDGE_CURVE('',#441,#439,#446,.F.) ;
#460=EDGE_CURVE('',#457,#459,#455,.F.) ;
#465=EDGE_CURVE('',#459,#457,#464,.F.) ;
#478=EDGE_CURVE('',#475,#477,#473,.F.) ;
#483=EDGE_CURVE('',#477,#475,#482,.F.) ;
#496=EDGE_CURVE('',#493,#495,#491,.F.) ;
#501=EDGE_CURVE('',#495,#493,#500,.F.) ;
#514=EDGE_CURVE('',#511,#513,#509,.F.) ;
#519=EDGE_CURVE('',#513,#511,#518,.F.) ;
#532=EDGE_CURVE('',#529,#531,#527,.F.) ;
#537=EDGE_CURVE('',#531,#529,#536,.F.) ;
#550=EDGE_CURVE('',#547,#549,#545,.F.) ;
#555=EDGE_CURVE('',#549,#547,#554,.F.) ;
#568=EDGE_CURVE('',#565,#567,#563,.F.) ;
#573=EDGE_CURVE('',#567,#565,#572,.F.) ;
#586=EDGE_CURVE('',#583,#585,#581,.F.) ;
#591=EDGE_CURVE('',#585,#583,#590,.F.) ;
#602=EDGE_CURVE('',#601,#73,#599,.T.) ;
#609=EDGE_CURVE('',#608,#601,#606,.T.) ;
#614=EDGE_CURVE('',#82,#608,#613,.T.) ;
#629=EDGE_CURVE('',#626,#628,#624,.F.) ;
#636=EDGE_CURVE('',#635,#626,#633,.F.) ;
#643=EDGE_CURVE('',#642,#635,#640,.F.) ;
#648=EDGE_CURVE('',#628,#642,#647,.F.) ;
#667=EDGE_CURVE('',#608,#666,#664,.T.) ;
#672=EDGE_CURVE('',#89,#666,#671,.T.) ;
#693=EDGE_CURVE('',#690,#692,#688,.T.) ;
#700=EDGE_CURVE('',#690,#699,#697,.F.) ;
#707=EDGE_CURVE('',#699,#706,#704,.F.) ;
#714=EDGE_CURVE('',#713,#706,#711,.F.) ;
#721=EDGE_CURVE('',#713,#720,#718,.T.) ;
#726=EDGE_CURVE('',#720,#692,#725,.F.) ;
#749=EDGE_CURVE('',#746,#748,#744,.T.) ;
#756=EDGE_CURVE('',#755,#746,#753,.T.) ;
#763=EDGE_CURVE('',#762,#755,#760,.T.) ;
#770=EDGE_CURVE('',#762,#769,#767,.T.) ;
#777=EDGE_CURVE('',#769,#776,#774,.T.) ;
#782=EDGE_CURVE('',#776,#699,#781,.T.) ;
#789=EDGE_CURVE('',#788,#690,#786,.F.) ;
#794=EDGE_CURVE('',#788,#748,#793,.T.) ;
#820=EDGE_CURVE('',#817,#819,#815,.F.) ;
#827=EDGE_CURVE('',#817,#826,#824,.T.) ;
#834=EDGE_CURVE('',#826,#833,#831,.F.) ;
#841=EDGE_CURVE('',#840,#833,#838,.T.) ;
#848=EDGE_CURVE('',#847,#840,#845,.F.) ;
#853=EDGE_CURVE('',#847,#748,#852,.T.) ;
#858=EDGE_CURVE('',#819,#788,#857,.T.) ;
#878=EDGE_CURVE('',#875,#877,#873,.F.) ;
#885=EDGE_CURVE('',#875,#884,#882,.T.) ;
#892=EDGE_CURVE('',#891,#884,#889,.T.) ;
#899=EDGE_CURVE('',#898,#891,#896,.F.) ;
#906=EDGE_CURVE('',#905,#898,#903,.F.) ;
#913=EDGE_CURVE('',#905,#912,#910,.F.) ;
#920=EDGE_CURVE('',#919,#912,#917,.T.) ;
#927=EDGE_CURVE('',#926,#919,#924,.F.) ;
#934=EDGE_CURVE('',#926,#933,#931,.T.) ;
#939=EDGE_CURVE('',#877,#933,#938,.F.) ;
#966=EDGE_CURVE('',#963,#965,#961,.F.) ;
#973=EDGE_CURVE('',#972,#965,#970,.T.) ;
#980=EDGE_CURVE('',#972,#979,#977,.T.) ;
#985=EDGE_CURVE('',#979,#963,#984,.T.) ;
#1006=EDGE_CURVE('',#1003,#1005,#1001,.F.) ;
#1013=EDGE_CURVE('',#1012,#1005,#1010,.T.) ;
#1020=EDGE_CURVE('',#1012,#1019,#1017,.T.) ;
#1025=EDGE_CURVE('',#1019,#1003,#1024,.T.) ;
#1044=EDGE_CURVE('',#1043,#979,#1041,.T.) ;
#1051=EDGE_CURVE('',#1050,#1043,#1048,.F.) ;
#1056=EDGE_CURVE('',#1050,#963,#1055,.T.) ;
#1070=EDGE_CURVE('',#1019,#1069,#1067,.T.) ;
#1077=EDGE_CURVE('',#1076,#1069,#1074,.F.) ;
#1082=EDGE_CURVE('',#1076,#1003,#1081,.T.) ;
#1103=EDGE_CURVE('',#1100,#1102,#1098,.F.) ;
#1110=EDGE_CURVE('',#1109,#1102,#1107,.T.) ;
#1117=EDGE_CURVE('',#1116,#1109,#1114,.F.) ;
#1122=EDGE_CURVE('',#1116,#1100,#1121,.T.) ;
#1134=EDGE_CURVE('',#1102,#1109,#1133,.T.) ;
#1139=EDGE_CURVE('',#1100,#1116,#1138,.T.) ;
#1160=EDGE_CURVE('',#1157,#1159,#1155,.F.) ;
#1167=EDGE_CURVE('',#1166,#1159,#1164,.T.) ;
#1174=EDGE_CURVE('',#1173,#1166,#1171,.F.) ;
#1179=EDGE_CURVE('',#1173,#1157,#1178,.T.) ;
#1191=EDGE_CURVE('',#1159,#1166,#1190,.T.) ;
#1196=EDGE_CURVE('',#1157,#1173,#1195,.T.) ;
#1217=EDGE_CURVE('',#1214,#1216,#1212,.F.) ;
#1224=EDGE_CURVE('',#1223,#1216,#1221,.T.) ;
#1231=EDGE_CURVE('',#1230,#1223,#1228,.F.) ;
#1236=EDGE_CURVE('',#1230,#1214,#1235,.T.) ;
#1248=EDGE_CURVE('',#1216,#1223,#1247,.T.) ;
#1253=EDGE_CURVE('',#1214,#1230,#1252,.T.) ;
#1274=EDGE_CURVE('',#1271,#1273,#1269,.F.) ;
#1281=EDGE_CURVE('',#1280,#1273,#1278,.T.) ;
#1288=EDGE_CURVE('',#1287,#1280,#1285,.F.) ;
#1293=EDGE_CURVE('',#1287,#1271,#1292,.T.) ;
#1305=EDGE_CURVE('',#1273,#1280,#1304,.T.) ;
#1310=EDGE_CURVE('',#1271,#1287,#1309,.T.) ;
#1331=EDGE_CURVE('',#1328,#1330,#1326,.T.) ;
#1338=EDGE_CURVE('',#1328,#1337,#1335,.T.) ;
#1345=EDGE_CURVE('',#1337,#1344,#1342,.T.) ;
#1350=EDGE_CURVE('',#1344,#1330,#1349,.F.) ;
#1369=EDGE_CURVE('',#1368,#1337,#1366,.F.) ;
#1376=EDGE_CURVE('',#1328,#1375,#1373,.T.) ;
#1381=EDGE_CURVE('',#1375,#1368,#1380,.T.) ;
#1400=EDGE_CURVE('',#1375,#1399,#1397,.T.) ;
#1407=EDGE_CURVE('',#1399,#1406,#1404,.F.) ;
#1412=EDGE_CURVE('',#1406,#1368,#1411,.T.) ;
#1428=EDGE_CURVE('',#1425,#1427,#1423,.T.) ;
#1435=EDGE_CURVE('',#1434,#1425,#1432,.T.) ;
#1442=EDGE_CURVE('',#1441,#1434,#1439,.T.) ;
#1449=EDGE_CURVE('',#1448,#1441,#1446,.T.) ;
#1456=EDGE_CURVE('',#1455,#1448,#1453,.T.) ;
#1463=EDGE_CURVE('',#1462,#1455,#1460,.F.) ;
#1470=EDGE_CURVE('',#1462,#1469,#1467,.F.) ;
#1477=EDGE_CURVE('',#1476,#1469,#1474,.T.) ;
#1484=EDGE_CURVE('',#1483,#1476,#1481,.T.) ;
#1491=EDGE_CURVE('',#1490,#1483,#1488,.T.) ;
#1498=EDGE_CURVE('',#1497,#1490,#1495,.T.) ;
#1505=EDGE_CURVE('',#1504,#1497,#1502,.T.) ;
#1512=EDGE_CURVE('',#1511,#1504,#1509,.T.) ;
#1519=EDGE_CURVE('',#1518,#1511,#1516,.T.) ;
#1526=EDGE_CURVE('',#1525,#1518,#1523,.T.) ;
#1531=EDGE_CURVE('',#1427,#1525,#1530,.T.) ;
#1559=EDGE_CURVE('',#1556,#1558,#1554,.T.) ;
#1566=EDGE_CURVE('',#1565,#1556,#1563,.F.) ;
#1573=EDGE_CURVE('',#1565,#1572,#1570,.T.) ;
#1578=EDGE_CURVE('',#1572,#1558,#1577,.F.) ;
#1590=EDGE_CURVE('',#1558,#1556,#1589,.T.) ;
#1595=EDGE_CURVE('',#1572,#1565,#1594,.T.) ;
#1611=EDGE_CURVE('',#1608,#1610,#1606,.T.) ;
#1618=EDGE_CURVE('',#1617,#1608,#1615,.F.) ;
#1625=EDGE_CURVE('',#1617,#1624,#1622,.T.) ;
#1630=EDGE_CURVE('',#1624,#1610,#1629,.F.) ;
#1642=EDGE_CURVE('',#1610,#1608,#1641,.T.) ;
#1647=EDGE_CURVE('',#1624,#1617,#1646,.T.) ;
#1663=EDGE_CURVE('',#1660,#1662,#1658,.T.) ;
#1670=EDGE_CURVE('',#1669,#1660,#1667,.F.) ;
#1677=EDGE_CURVE('',#1669,#1676,#1674,.T.) ;
#1682=EDGE_CURVE('',#1676,#1662,#1681,.F.) ;
#1694=EDGE_CURVE('',#1662,#1660,#1693,.T.) ;
#1699=EDGE_CURVE('',#1676,#1669,#1698,.T.) ;
#1715=EDGE_CURVE('',#1712,#1714,#1710,.T.) ;
#1722=EDGE_CURVE('',#1721,#1712,#1719,.F.) ;
#1729=EDGE_CURVE('',#1721,#1728,#1726,.T.) ;
#1734=EDGE_CURVE('',#1728,#1714,#1733,.F.) ;
#1746=EDGE_CURVE('',#1714,#1712,#1745,.T.) ;
#1751=EDGE_CURVE('',#1728,#1721,#1750,.T.) ;
#1767=EDGE_CURVE('',#1764,#1766,#1762,.F.) ;
#1774=EDGE_CURVE('',#1766,#1773,#1771,.T.) ;
#1781=EDGE_CURVE('',#1773,#1780,#1778,.F.) ;
#1786=EDGE_CURVE('',#1764,#1780,#1785,.T.) ;
#1805=EDGE_CURVE('',#1780,#1804,#1802,.F.) ;
#1812=EDGE_CURVE('',#1811,#1804,#1809,.T.) ;
#1817=EDGE_CURVE('',#1811,#1764,#1816,.T.) ;
#1831=EDGE_CURVE('',#1830,#1811,#1828,.T.) ;
#1838=EDGE_CURVE('',#1804,#1837,#1835,.T.) ;
#1843=EDGE_CURVE('',#1837,#1830,#1842,.F.) ;
#1860=EDGE_CURVE('',#1076,#1837,#1859,.F.) ;
#1865=EDGE_CURVE('',#1830,#1069,#1864,.T.) ;
#1882=EDGE_CURVE('',#1050,#1344,#1881,.F.) ;
#1887=EDGE_CURVE('',#1330,#1043,#1886,.T.) ;
#1899=EDGE_CURVE('',#833,#840,#1898,.T.) ;
#1904=EDGE_CURVE('',#826,#817,#1903,.T.) ;
#1909=EDGE_CURVE('',#1455,#819,#1908,.T.) ;
#1926=EDGE_CURVE('',#1448,#1425,#1910,.T.) ;
#1943=EDGE_CURVE('',#1427,#1511,#1927,.T.) ;
#1960=EDGE_CURVE('',#1504,#1483,#1944,.T.) ;
#1965=EDGE_CURVE('',#1476,#847,#1964,.T.) ;
#1987=EDGE_CURVE('',#912,#919,#1986,.T.) ;
#1992=EDGE_CURVE('',#755,#905,#1991,.F.) ;
#1997=EDGE_CURVE('',#746,#926,#1996,.T.) ;
#2016=EDGE_CURVE('',#1469,#1399,#2015,.T.) ;
#2021=EDGE_CURVE('',#972,#933,#2020,.T.) ;
#2066=EDGE_CURVE('',#692,#2065,#2063,.T.) ;
#2071=EDGE_CURVE('',#2065,#1005,#2070,.F.) ;
#2076=EDGE_CURVE('',#1462,#1773,#2075,.T.) ;
#2114=EDGE_CURVE('',#626,#875,#2113,.T.) ;
#2119=EDGE_CURVE('',#628,#884,#2118,.T.) ;
#2138=EDGE_CURVE('',#2137,#877,#2135,.T.) ;
#2143=EDGE_CURVE('',#635,#2137,#2142,.T.) ;
#2163=EDGE_CURVE('',#642,#2162,#2160,.T.) ;
#2168=EDGE_CURVE('',#2162,#2137,#2167,.T.) ;
#2185=EDGE_CURVE('',#2162,#891,#2184,.T.) ;
#2205=EDGE_CURVE('',#601,#2204,#2202,.T.) ;
#2212=EDGE_CURVE('',#2204,#2211,#2209,.T.) ;
#2217=EDGE_CURVE('',#666,#2211,#2216,.T.) ;
#2239=EDGE_CURVE('',#2236,#2238,#2234,.F.) ;
#2244=EDGE_CURVE('',#583,#2238,#2243,.F.) ;
#2249=EDGE_CURVE('',#585,#2236,#2248,.F.) ;
#2261=EDGE_CURVE('',#2238,#2236,#2260,.F.) ;
#2282=EDGE_CURVE('',#2279,#2281,#2277,.F.) ;
#2287=EDGE_CURVE('',#565,#2281,#2286,.F.) ;
#2292=EDGE_CURVE('',#567,#2279,#2291,.F.) ;
#2304=EDGE_CURVE('',#2281,#2279,#2303,.F.) ;
#2325=EDGE_CURVE('',#2322,#2324,#2320,.F.) ;
#2330=EDGE_CURVE('',#547,#2324,#2329,.F.) ;
#2335=EDGE_CURVE('',#549,#2322,#2334,.F.) ;
#2347=EDGE_CURVE('',#2324,#2322,#2346,.F.) ;
#2368=EDGE_CURVE('',#2365,#2367,#2363,.F.) ;
#2373=EDGE_CURVE('',#529,#2367,#2372,.F.) ;
#2378=EDGE_CURVE('',#531,#2365,#2377,.F.) ;
#2390=EDGE_CURVE('',#2367,#2365,#2389,.F.) ;
#2411=EDGE_CURVE('',#2408,#2410,#2406,.F.) ;
#2416=EDGE_CURVE('',#511,#2410,#2415,.F.) ;
#2421=EDGE_CURVE('',#513,#2408,#2420,.F.) ;
#2433=EDGE_CURVE('',#2410,#2408,#2432,.F.) ;
#2454=EDGE_CURVE('',#2451,#2453,#2449,.F.) ;
#2459=EDGE_CURVE('',#493,#2453,#2458,.F.) ;
#2464=EDGE_CURVE('',#495,#2451,#2463,.F.) ;
#2476=EDGE_CURVE('',#2453,#2451,#2475,.F.) ;
#2497=EDGE_CURVE('',#2494,#2496,#2492,.F.) ;
#2502=EDGE_CURVE('',#475,#2496,#2501,.F.) ;
#2507=EDGE_CURVE('',#477,#2494,#2506,.F.) ;
#2519=EDGE_CURVE('',#2496,#2494,#2518,.F.) ;
#2540=EDGE_CURVE('',#2537,#2539,#2535,.F.) ;
#2545=EDGE_CURVE('',#457,#2539,#2544,.F.) ;
#2550=EDGE_CURVE('',#459,#2537,#2549,.F.) ;
#2562=EDGE_CURVE('',#2539,#2537,#2561,.F.) ;
#2583=EDGE_CURVE('',#2580,#2582,#2578,.F.) ;
#2588=EDGE_CURVE('',#439,#2582,#2587,.F.) ;
#2593=EDGE_CURVE('',#441,#2580,#2592,.F.) ;
#2605=EDGE_CURVE('',#2582,#2580,#2604,.F.) ;
#2626=EDGE_CURVE('',#2623,#2625,#2621,.F.) ;
#2631=EDGE_CURVE('',#421,#2625,#2630,.F.) ;
#2636=EDGE_CURVE('',#423,#2623,#2635,.F.) ;
#2648=EDGE_CURVE('',#2625,#2623,#2647,.F.) ;
#2669=EDGE_CURVE('',#2666,#2668,#2664,.F.) ;
#2674=EDGE_CURVE('',#403,#2668,#2673,.F.) ;
#2679=EDGE_CURVE('',#405,#2666,#2678,.F.) ;
#2691=EDGE_CURVE('',#2668,#2666,#2690,.F.) ;
#2712=EDGE_CURVE('',#2709,#2711,#2707,.F.) ;
#2717=EDGE_CURVE('',#385,#2711,#2716,.F.) ;
#2722=EDGE_CURVE('',#387,#2709,#2721,.F.) ;
#2734=EDGE_CURVE('',#2711,#2709,#2733,.F.) ;
#2755=EDGE_CURVE('',#2752,#2754,#2750,.F.) ;
#2760=EDGE_CURVE('',#367,#2754,#2759,.F.) ;
#2765=EDGE_CURVE('',#369,#2752,#2764,.F.) ;
#2777=EDGE_CURVE('',#2754,#2752,#2776,.F.) ;
#2798=EDGE_CURVE('',#2795,#2797,#2793,.F.) ;
#2803=EDGE_CURVE('',#349,#2797,#2802,.F.) ;
#2808=EDGE_CURVE('',#351,#2795,#2807,.F.) ;
#2820=EDGE_CURVE('',#2797,#2795,#2819,.F.) ;
#2841=EDGE_CURVE('',#2838,#2840,#2836,.F.) ;
#2846=EDGE_CURVE('',#331,#2840,#2845,.F.) ;
#2851=EDGE_CURVE('',#333,#2838,#2850,.F.) ;
#2863=EDGE_CURVE('',#2840,#2838,#2862,.F.) ;
#2884=EDGE_CURVE('',#2881,#2883,#2879,.F.) ;
#2889=EDGE_CURVE('',#313,#2883,#2888,.F.) ;
#2894=EDGE_CURVE('',#315,#2881,#2893,.F.) ;
#2906=EDGE_CURVE('',#2883,#2881,#2905,.F.) ;
#2927=EDGE_CURVE('',#2924,#2926,#2922,.F.) ;
#2932=EDGE_CURVE('',#295,#2926,#2931,.F.) ;
#2937=EDGE_CURVE('',#297,#2924,#2936,.F.) ;
#2949=EDGE_CURVE('',#2926,#2924,#2948,.F.) ;
#2970=EDGE_CURVE('',#2967,#2969,#2965,.F.) ;
#2975=EDGE_CURVE('',#277,#2969,#2974,.F.) ;
#2980=EDGE_CURVE('',#279,#2967,#2979,.F.) ;
#2992=EDGE_CURVE('',#2969,#2967,#2991,.F.) ;
#3013=EDGE_CURVE('',#3010,#3012,#3008,.F.) ;
#3018=EDGE_CURVE('',#259,#3012,#3017,.F.) ;
#3023=EDGE_CURVE('',#261,#3010,#3022,.F.) ;
#3035=EDGE_CURVE('',#3012,#3010,#3034,.F.) ;
#3052=EDGE_CURVE('',#241,#1497,#3051,.F.) ;
#3057=EDGE_CURVE('',#243,#1490,#3056,.F.) ;
#3083=EDGE_CURVE('',#223,#1434,#3082,.F.) ;
#3088=EDGE_CURVE('',#225,#1441,#3087,.F.) ;
#3114=EDGE_CURVE('',#205,#1518,#3113,.F.) ;
#3119=EDGE_CURVE('',#207,#1525,#3118,.F.) ;
#3147=EDGE_CURVE('',#898,#3146,#3144,.T.) ;
#3152=EDGE_CURVE('',#155,#3146,#3151,.T.) ;
#3157=EDGE_CURVE('',#157,#762,#3156,.T.) ;
#3179=EDGE_CURVE('',#164,#3178,#3176,.T.) ;
#3184=EDGE_CURVE('',#3178,#3146,#3183,.T.) ;
#3198=EDGE_CURVE('',#171,#3197,#3195,.T.) ;
#3203=EDGE_CURVE('',#3197,#3178,#3202,.T.) ;
#3220=EDGE_CURVE('',#178,#776,#3219,.T.) ;
#3227=EDGE_CURVE('',#3226,#3197,#3224,.T.) ;
#3232=EDGE_CURVE('',#706,#3226,#3231,.T.) ;
#3252=EDGE_CURVE('',#185,#769,#3251,.T.) ;
#3276=EDGE_CURVE('',#121,#1406,#3275,.T.) ;
#3281=EDGE_CURVE('',#123,#965,#3280,.T.) ;
#3327=EDGE_CURVE('',#130,#1766,#3326,.T.) ;
#3348=EDGE_CURVE('',#137,#1012,#3347,.T.) ;
#3376=EDGE_CURVE('',#720,#713,#3375,.F.) ;
#3399=EDGE_CURVE('',#972,#1005,#3398,.F.) ;
#3413=EDGE_CURVE('',#96,#3226,#3412,.T.) ;
#3418=EDGE_CURVE('',#2065,#2211,#3417,.T.) ;
#3423=EDGE_CURVE('',#2204,#75,#3422,.T.) ;
#103=EDGE_LOOP('',(#104,#105,#106,#107,#108)) ;
#144=EDGE_LOOP('',(#145,#146,#147,#148)) ;
#192=EDGE_LOOP('',(#193,#194,#195,#196,#197,#198)) ;
#214=EDGE_LOOP('',(#215,#216)) ;
#232=EDGE_LOOP('',(#233,#234)) ;
#250=EDGE_LOOP('',(#251,#252)) ;
#268=EDGE_LOOP('',(#269,#270)) ;
#286=EDGE_LOOP('',(#287,#288)) ;
#304=EDGE_LOOP('',(#305,#306)) ;
#322=EDGE_LOOP('',(#323,#324)) ;
#340=EDGE_LOOP('',(#341,#342)) ;
#358=EDGE_LOOP('',(#359,#360)) ;
#376=EDGE_LOOP('',(#377,#378)) ;
#394=EDGE_LOOP('',(#395,#396)) ;
#412=EDGE_LOOP('',(#413,#414)) ;
#430=EDGE_LOOP('',(#431,#432)) ;
#448=EDGE_LOOP('',(#449,#450)) ;
#466=EDGE_LOOP('',(#467,#468)) ;
#484=EDGE_LOOP('',(#485,#486)) ;
#502=EDGE_LOOP('',(#503,#504)) ;
#520=EDGE_LOOP('',(#521,#522)) ;
#538=EDGE_LOOP('',(#539,#540)) ;
#556=EDGE_LOOP('',(#557,#558)) ;
#574=EDGE_LOOP('',(#575,#576)) ;
#592=EDGE_LOOP('',(#593,#594)) ;
#615=EDGE_LOOP('',(#616,#617,#618,#619)) ;
#649=EDGE_LOOP('',(#650,#651,#652,#653)) ;
#673=EDGE_LOOP('',(#674,#675,#676,#677)) ;
#727=EDGE_LOOP('',(#728,#729,#730,#731,#732,#733)) ;
#795=EDGE_LOOP('',(#796,#797,#798,#799,#800,#801,#802,#803,#804)) ;
#859=EDGE_LOOP('',(#860,#861,#862,#863,#864,#865,#866,#867)) ;
#940=EDGE_LOOP('',(#941,#942,#943,#944,#945,#946,#947,#948,#949,#950)) ;
#986=EDGE_LOOP('',(#987,#988,#989,#990)) ;
#1026=EDGE_LOOP('',(#1027,#1028,#1029,#1030)) ;
#1057=EDGE_LOOP('',(#1058,#1059,#1060,#1061)) ;
#1083=EDGE_LOOP('',(#1084,#1085,#1086,#1087)) ;
#1123=EDGE_LOOP('',(#1124,#1125,#1126,#1127)) ;
#1140=EDGE_LOOP('',(#1141,#1142,#1143,#1144)) ;
#1180=EDGE_LOOP('',(#1181,#1182,#1183,#1184)) ;
#1197=EDGE_LOOP('',(#1198,#1199,#1200,#1201)) ;
#1237=EDGE_LOOP('',(#1238,#1239,#1240,#1241)) ;
#1254=EDGE_LOOP('',(#1255,#1256,#1257,#1258)) ;
#1294=EDGE_LOOP('',(#1295,#1296,#1297,#1298)) ;
#1311=EDGE_LOOP('',(#1312,#1313,#1314,#1315)) ;
#1351=EDGE_LOOP('',(#1352,#1353,#1354,#1355)) ;
#1382=EDGE_LOOP('',(#1383,#1384,#1385,#1386)) ;
#1413=EDGE_LOOP('',(#1414,#1415,#1416,#1417)) ;
#1532=EDGE_LOOP('',(#1533,#1534,#1535,#1536,#1537,#1538,#1539,#1540,#1541,#1542,#1543,#1544,#1545,#1546,#1547,#1548)) ;
#1579=EDGE_LOOP('',(#1580,#1581,#1582,#1583)) ;
#1596=EDGE_LOOP('',(#1597,#1598,#1599,#1600)) ;
#1631=EDGE_LOOP('',(#1632,#1633,#1634,#1635)) ;
#1648=EDGE_LOOP('',(#1649,#1650,#1651,#1652)) ;
#1683=EDGE_LOOP('',(#1684,#1685,#1686,#1687)) ;
#1700=EDGE_LOOP('',(#1701,#1702,#1703,#1704)) ;
#1735=EDGE_LOOP('',(#1736,#1737,#1738,#1739)) ;
#1752=EDGE_LOOP('',(#1753,#1754,#1755,#1756)) ;
#1787=EDGE_LOOP('',(#1788,#1789,#1790,#1791)) ;
#1818=EDGE_LOOP('',(#1819,#1820,#1821,#1822)) ;
#1844=EDGE_LOOP('',(#1845,#1846,#1847,#1848)) ;
#1866=EDGE_LOOP('',(#1867,#1868,#1869,#1870)) ;
#1888=EDGE_LOOP('',(#1889,#1890,#1891,#1892)) ;
#1966=EDGE_LOOP('',(#1967,#1968,#1969,#1970,#1971,#1972,#1973,#1974,#1975,#1976,#1977,#1978,#1979,#1980)) ;
#1998=EDGE_LOOP('',(#1999,#2000,#2001,#2002,#2003,#2004)) ;
#2022=EDGE_LOOP('',(#2023,#2024,#2025,#2026,#2027,#2028,#2029,#2030,#2031,#2032,#2033,#2034,#2035,#2036)) ;
#2038=EDGE_LOOP('',(#2039,#2040)) ;
#2042=EDGE_LOOP('',(#2043,#2044)) ;
#2046=EDGE_LOOP('',(#2047,#2048)) ;
#2050=EDGE_LOOP('',(#2051,#2052)) ;
#2077=EDGE_LOOP('',(#2078,#2079,#2080,#2081,#2082,#2083,#2084,#2085,#2086,#2087,#2088,#2089,#2090,#2091)) ;
#2093=EDGE_LOOP('',(#2094,#2095)) ;
#2097=EDGE_LOOP('',(#2098,#2099)) ;
#2101=EDGE_LOOP('',(#2102,#2103)) ;
#2105=EDGE_LOOP('',(#2106,#2107)) ;
#2120=EDGE_LOOP('',(#2121,#2122,#2123,#2124)) ;
#2144=EDGE_LOOP('',(#2145,#2146,#2147,#2148,#2149)) ;
#2169=EDGE_LOOP('',(#2170,#2171,#2172,#2173)) ;
#2186=EDGE_LOOP('',(#2187,#2188,#2189,#2190,#2191)) ;
#2218=EDGE_LOOP('',(#2219,#2220,#2221,#2222,#2223)) ;
#2250=EDGE_LOOP('',(#2251,#2252,#2253,#2254)) ;
#2262=EDGE_LOOP('',(#2263,#2264,#2265,#2266)) ;
#2293=EDGE_LOOP('',(#2294,#2295,#2296,#2297)) ;
#2305=EDGE_LOOP('',(#2306,#2307,#2308,#2309)) ;
#2336=EDGE_LOOP('',(#2337,#2338,#2339,#2340)) ;
#2348=EDGE_LOOP('',(#2349,#2350,#2351,#2352)) ;
#2379=EDGE_LOOP('',(#2380,#2381,#2382,#2383)) ;
#2391=EDGE_LOOP('',(#2392,#2393,#2394,#2395)) ;
#2422=EDGE_LOOP('',(#2423,#2424,#2425,#2426)) ;
#2434=EDGE_LOOP('',(#2435,#2436,#2437,#2438)) ;
#2465=EDGE_LOOP('',(#2466,#2467,#2468,#2469)) ;
#2477=EDGE_LOOP('',(#2478,#2479,#2480,#2481)) ;
#2508=EDGE_LOOP('',(#2509,#2510,#2511,#2512)) ;
#2520=EDGE_LOOP('',(#2521,#2522,#2523,#2524)) ;
#2551=EDGE_LOOP('',(#2552,#2553,#2554,#2555)) ;
#2563=EDGE_LOOP('',(#2564,#2565,#2566,#2567)) ;
#2594=EDGE_LOOP('',(#2595,#2596,#2597,#2598)) ;
#2606=EDGE_LOOP('',(#2607,#2608,#2609,#2610)) ;
#2637=EDGE_LOOP('',(#2638,#2639,#2640,#2641)) ;
#2649=EDGE_LOOP('',(#2650,#2651,#2652,#2653)) ;
#2680=EDGE_LOOP('',(#2681,#2682,#2683,#2684)) ;
#2692=EDGE_LOOP('',(#2693,#2694,#2695,#2696)) ;
#2723=EDGE_LOOP('',(#2724,#2725,#2726,#2727)) ;
#2735=EDGE_LOOP('',(#2736,#2737,#2738,#2739)) ;
#2766=EDGE_LOOP('',(#2767,#2768,#2769,#2770)) ;
#2778=EDGE_LOOP('',(#2779,#2780,#2781,#2782)) ;
#2809=EDGE_LOOP('',(#2810,#2811,#2812,#2813)) ;
#2821=EDGE_LOOP('',(#2822,#2823,#2824,#2825)) ;
#2852=EDGE_LOOP('',(#2853,#2854,#2855,#2856)) ;
#2864=EDGE_LOOP('',(#2865,#2866,#2867,#2868)) ;
#2895=EDGE_LOOP('',(#2896,#2897,#2898,#2899)) ;
#2907=EDGE_LOOP('',(#2908,#2909,#2910,#2911)) ;
#2938=EDGE_LOOP('',(#2939,#2940,#2941,#2942)) ;
#2950=EDGE_LOOP('',(#2951,#2952,#2953,#2954)) ;
#2981=EDGE_LOOP('',(#2982,#2983,#2984,#2985)) ;
#2993=EDGE_LOOP('',(#2994,#2995,#2996,#2997)) ;
#3024=EDGE_LOOP('',(#3025,#3026,#3027,#3028)) ;
#3036=EDGE_LOOP('',(#3037,#3038,#3039,#3040)) ;
#3058=EDGE_LOOP('',(#3059,#3060,#3061,#3062,#3063,#3064)) ;
#3067=EDGE_LOOP('',(#3068,#3069,#3070,#3071)) ;
#3089=EDGE_LOOP('',(#3090,#3091,#3092,#3093)) ;
#3096=EDGE_LOOP('',(#3097,#3098,#3099,#3100,#3101,#3102)) ;
#3120=EDGE_LOOP('',(#3121,#3122,#3123,#3124)) ;
#3127=EDGE_LOOP('',(#3128,#3129,#3130,#3131,#3132,#3133)) ;
#3158=EDGE_LOOP('',(#3159,#3160,#3161,#3162,#3163,#3164,#3165)) ;
#3185=EDGE_LOOP('',(#3186,#3187,#3188,#3189)) ;
#3204=EDGE_LOOP('',(#3205,#3206,#3207,#3208)) ;
#3233=EDGE_LOOP('',(#3234,#3235,#3236,#3237,#3238,#3239,#3240)) ;
#3253=EDGE_LOOP('',(#3254,#3255,#3256,#3257)) ;
#3260=EDGE_LOOP('',(#3261,#3262,#3263,#3264)) ;
#3282=EDGE_LOOP('',(#3283,#3284,#3285,#3286,#3287,#3288,#3289,#3290,#3291)) ;
#3293=EDGE_LOOP('',(#3294,#3295)) ;
#3297=EDGE_LOOP('',(#3298,#3299)) ;
#3301=EDGE_LOOP('',(#3302,#3303)) ;
#3305=EDGE_LOOP('',(#3306,#3307)) ;
#3309=EDGE_LOOP('',(#3310,#3311)) ;
#3313=EDGE_LOOP('',(#3314,#3315)) ;
#3328=EDGE_LOOP('',(#3329,#3330,#3331,#3332,#3333,#3334,#3335,#3336)) ;
#3349=EDGE_LOOP('',(#3350,#3351,#3352,#3353,#3354,#3355,#3356,#3357,#3358)) ;
#3360=EDGE_LOOP('',(#3361,#3362)) ;
#3364=EDGE_LOOP('',(#3365,#3366)) ;
#3368=EDGE_LOOP('',(#3369,#3370)) ;
#3377=EDGE_LOOP('',(#3378,#3379)) ;
#3381=EDGE_LOOP('',(#3382,#3383)) ;
#3385=EDGE_LOOP('',(#3386,#3387)) ;
#3400=EDGE_LOOP('',(#3401,#3402,#3403,#3404,#3405,#3406)) ;
#3424=EDGE_LOOP('',(#3425,#3426,#3427,#3428,#3429,#3430,#3431,#3432,#3433,#3434,#3435,#3436,#3437,#3438,#3439,#3440,#3441)) ;
#3443=EDGE_LOOP('',(#3444,#3445)) ;
#3447=EDGE_LOOP('',(#3448,#3449)) ;
#3451=EDGE_LOOP('',(#3452,#3453)) ;
#3455=EDGE_LOOP('',(#3456,#3457)) ;
#3459=EDGE_LOOP('',(#3460,#3461)) ;
#3463=EDGE_LOOP('',(#3464,#3465)) ;
#3467=EDGE_LOOP('',(#3468,#3469)) ;
#3471=EDGE_LOOP('',(#3472,#3473)) ;
#3475=EDGE_LOOP('',(#3476,#3477)) ;
#3479=EDGE_LOOP('',(#3480,#3481)) ;
#3483=EDGE_LOOP('',(#3484,#3485)) ;
#3487=EDGE_LOOP('',(#3488,#3489)) ;
#3491=EDGE_LOOP('',(#3492,#3493)) ;
#3495=EDGE_LOOP('',(#3496,#3497)) ;
#3499=EDGE_LOOP('',(#3500,#3501)) ;
#3503=EDGE_LOOP('',(#3504,#3505)) ;
#3507=EDGE_LOOP('',(#3508,#3509)) ;
#3511=EDGE_LOOP('',(#3512,#3513)) ;
#3515=EDGE_LOOP('',(#3516,#3517)) ;
#3520=EDGE_LOOP('',(#3521,#3522,#3523,#3524,#3525,#3526,#3527,#3528,#3529,#3530)) ;
#3533=EDGE_LOOP('',(#3534,#3535,#3536,#3537)) ;
#109=FACE_OUTER_BOUND('',#103,.T.) ;
#149=FACE_OUTER_BOUND('',#144,.T.) ;
#678=FACE_OUTER_BOUND('',#673,.T.) ;
#734=FACE_OUTER_BOUND('',#727,.T.) ;
#805=FACE_OUTER_BOUND('',#795,.T.) ;
#868=FACE_OUTER_BOUND('',#859,.T.) ;
#951=FACE_OUTER_BOUND('',#940,.T.) ;
#991=FACE_OUTER_BOUND('',#986,.T.) ;
#1031=FACE_OUTER_BOUND('',#1026,.T.) ;
#1062=FACE_OUTER_BOUND('',#1057,.T.) ;
#1088=FACE_OUTER_BOUND('',#1083,.T.) ;
#1128=FACE_OUTER_BOUND('',#1123,.T.) ;
#1145=FACE_OUTER_BOUND('',#1140,.T.) ;
#1185=FACE_OUTER_BOUND('',#1180,.T.) ;
#1202=FACE_OUTER_BOUND('',#1197,.T.) ;
#1242=FACE_OUTER_BOUND('',#1237,.T.) ;
#1259=FACE_OUTER_BOUND('',#1254,.T.) ;
#1299=FACE_OUTER_BOUND('',#1294,.T.) ;
#1316=FACE_OUTER_BOUND('',#1311,.T.) ;
#1356=FACE_OUTER_BOUND('',#1351,.T.) ;
#1387=FACE_OUTER_BOUND('',#1382,.T.) ;
#1418=FACE_OUTER_BOUND('',#1413,.T.) ;
#1549=FACE_OUTER_BOUND('',#1532,.T.) ;
#1584=FACE_OUTER_BOUND('',#1579,.T.) ;
#1601=FACE_OUTER_BOUND('',#1596,.T.) ;
#1636=FACE_OUTER_BOUND('',#1631,.T.) ;
#1653=FACE_OUTER_BOUND('',#1648,.T.) ;
#1688=FACE_OUTER_BOUND('',#1683,.T.) ;
#1705=FACE_OUTER_BOUND('',#1700,.T.) ;
#1740=FACE_OUTER_BOUND('',#1735,.T.) ;
#1757=FACE_OUTER_BOUND('',#1752,.T.) ;
#1792=FACE_OUTER_BOUND('',#1787,.T.) ;
#1823=FACE_OUTER_BOUND('',#1818,.T.) ;
#1849=FACE_OUTER_BOUND('',#1844,.T.) ;
#1871=FACE_OUTER_BOUND('',#1866,.T.) ;
#1893=FACE_OUTER_BOUND('',#1888,.T.) ;
#1981=FACE_OUTER_BOUND('',#1966,.T.) ;
#2005=FACE_OUTER_BOUND('',#1998,.T.) ;
#2037=FACE_OUTER_BOUND('',#2022,.T.) ;
#2092=FACE_OUTER_BOUND('',#2077,.T.) ;
#2125=FACE_OUTER_BOUND('',#2120,.T.) ;
#2150=FACE_OUTER_BOUND('',#2144,.T.) ;
#2174=FACE_OUTER_BOUND('',#2169,.T.) ;
#2192=FACE_OUTER_BOUND('',#2186,.T.) ;
#2224=FACE_OUTER_BOUND('',#2218,.T.) ;
#2255=FACE_OUTER_BOUND('',#2250,.T.) ;
#2267=FACE_OUTER_BOUND('',#2262,.T.) ;
#2298=FACE_OUTER_BOUND('',#2293,.T.) ;
#2310=FACE_OUTER_BOUND('',#2305,.T.) ;
#2341=FACE_OUTER_BOUND('',#2336,.T.) ;
#2353=FACE_OUTER_BOUND('',#2348,.T.) ;
#2384=FACE_OUTER_BOUND('',#2379,.T.) ;
#2396=FACE_OUTER_BOUND('',#2391,.T.) ;
#2427=FACE_OUTER_BOUND('',#2422,.T.) ;
#2439=FACE_OUTER_BOUND('',#2434,.T.) ;
#2470=FACE_OUTER_BOUND('',#2465,.T.) ;
#2482=FACE_OUTER_BOUND('',#2477,.T.) ;
#2513=FACE_OUTER_BOUND('',#2508,.T.) ;
#2525=FACE_OUTER_BOUND('',#2520,.T.) ;
#2556=FACE_OUTER_BOUND('',#2551,.T.) ;
#2568=FACE_OUTER_BOUND('',#2563,.T.) ;
#2599=FACE_OUTER_BOUND('',#2594,.T.) ;
#2611=FACE_OUTER_BOUND('',#2606,.T.) ;
#2642=FACE_OUTER_BOUND('',#2637,.T.) ;
#2654=FACE_OUTER_BOUND('',#2649,.T.) ;
#2685=FACE_OUTER_BOUND('',#2680,.T.) ;
#2697=FACE_OUTER_BOUND('',#2692,.T.) ;
#2728=FACE_OUTER_BOUND('',#2723,.T.) ;
#2740=FACE_OUTER_BOUND('',#2735,.T.) ;
#2771=FACE_OUTER_BOUND('',#2766,.T.) ;
#2783=FACE_OUTER_BOUND('',#2778,.T.) ;
#2814=FACE_OUTER_BOUND('',#2809,.T.) ;
#2826=FACE_OUTER_BOUND('',#2821,.T.) ;
#2857=FACE_OUTER_BOUND('',#2852,.T.) ;
#2869=FACE_OUTER_BOUND('',#2864,.T.) ;
#2900=FACE_OUTER_BOUND('',#2895,.T.) ;
#2912=FACE_OUTER_BOUND('',#2907,.T.) ;
#2943=FACE_OUTER_BOUND('',#2938,.T.) ;
#2955=FACE_OUTER_BOUND('',#2950,.T.) ;
#2986=FACE_OUTER_BOUND('',#2981,.T.) ;
#2998=FACE_OUTER_BOUND('',#2993,.T.) ;
#3029=FACE_OUTER_BOUND('',#3024,.T.) ;
#3041=FACE_OUTER_BOUND('',#3036,.T.) ;
#3065=FACE_OUTER_BOUND('',#3058,.T.) ;
#3072=FACE_OUTER_BOUND('',#3067,.T.) ;
#3094=FACE_OUTER_BOUND('',#3089,.T.) ;
#3103=FACE_OUTER_BOUND('',#3096,.T.) ;
#3125=FACE_OUTER_BOUND('',#3120,.T.) ;
#3134=FACE_OUTER_BOUND('',#3127,.T.) ;
#3166=FACE_OUTER_BOUND('',#3158,.T.) ;
#3190=FACE_OUTER_BOUND('',#3185,.T.) ;
#3209=FACE_OUTER_BOUND('',#3204,.T.) ;
#3241=FACE_OUTER_BOUND('',#3233,.T.) ;
#3258=FACE_OUTER_BOUND('',#3253,.T.) ;
#3265=FACE_OUTER_BOUND('',#3260,.T.) ;
#3292=FACE_OUTER_BOUND('',#3282,.T.) ;
#3337=FACE_OUTER_BOUND('',#3328,.T.) ;
#3359=FACE_OUTER_BOUND('',#3349,.T.) ;
#3407=FACE_OUTER_BOUND('',#3400,.T.) ;
#3442=FACE_OUTER_BOUND('',#3424,.T.) ;
#3531=FACE_OUTER_BOUND('',#3520,.T.) ;
#3538=FACE_OUTER_BOUND('',#3533,.T.) ;
#50=UNCERTAINTY_MEASURE_WITH_UNIT(LENGTH_MEASURE(0.005),#46,'distance_accuracy_value','CONFUSED CURVE UNCERTAINTY') ;
#52=UNCERTAINTY_MEASURE_WITH_UNIT(LENGTH_MEASURE(0.005),#46,'distance_accuracy_value','CONFUSED CURVE UNCERTAINTY') ;
#71=LINE('Line',#68,#70) ;
#80=LINE('Line',#77,#79) ;
#87=LINE('Line',#84,#86) ;
#101=LINE('Line',#98,#100) ;
#119=LINE('Line',#116,#118) ;
#128=LINE('Line',#125,#127) ;
#135=LINE('Line',#132,#134) ;
#142=LINE('Line',#139,#141) ;
#153=LINE('Line',#150,#152) ;
#162=LINE('Line',#159,#161) ;
#169=LINE('Line',#166,#168) ;
#176=LINE('Line',#173,#175) ;
#183=LINE('Line',#180,#182) ;
#190=LINE('Line',#187,#189) ;
#599=LINE('Line',#596,#598) ;
#606=LINE('Line',#603,#605) ;
#613=LINE('Line',#610,#612) ;
#624=LINE('Line',#621,#623) ;
#633=LINE('Line',#630,#632) ;
#640=LINE('Line',#637,#639) ;
#647=LINE('Line',#644,#646) ;
#664=LINE('Line',#661,#663) ;
#671=LINE('Line',#668,#670) ;
#697=LINE('Line',#694,#696) ;
#711=LINE('Line',#708,#710) ;
#725=LINE('Line',#722,#724) ;
#744=LINE('Line',#741,#743) ;
#753=LINE('Line',#750,#752) ;
#760=LINE('Line',#757,#759) ;
#767=LINE('Line',#764,#766) ;
#774=LINE('Line',#771,#773) ;
#781=LINE('Line',#778,#780) ;
#786=LINE('Line',#783,#785) ;
#793=LINE('Line',#790,#792) ;
#815=LINE('Line',#812,#814) ;
#831=LINE('Line',#828,#830) ;
#845=LINE('Line',#842,#844) ;
#882=LINE('Line',#879,#881) ;
#896=LINE('Line',#893,#895) ;
#910=LINE('Line',#907,#909) ;
#924=LINE('Line',#921,#923) ;
#938=LINE('Line',#935,#937) ;
#970=LINE('Line',#967,#969) ;
#984=LINE('Line',#981,#983) ;
#1010=LINE('Line',#1007,#1009) ;
#1024=LINE('Line',#1021,#1023) ;
#1041=LINE('Line',#1038,#1040) ;
#1048=LINE('Line',#1045,#1047) ;
#1055=LINE('Line',#1052,#1054) ;
#1067=LINE('Line',#1064,#1066) ;
#1074=LINE('Line',#1071,#1073) ;
#1081=LINE('Line',#1078,#1080) ;
#1098=LINE('Line',#1095,#1097) ;
#1114=LINE('Line',#1111,#1113) ;
#1155=LINE('Line',#1152,#1154) ;
#1171=LINE('Line',#1168,#1170) ;
#1212=LINE('Line',#1209,#1211) ;
#1228=LINE('Line',#1225,#1227) ;
#1269=LINE('Line',#1266,#1268) ;
#1285=LINE('Line',#1282,#1284) ;
#1326=LINE('Line',#1323,#1325) ;
#1335=LINE('Line',#1332,#1334) ;
#1342=LINE('Line',#1339,#1341) ;
#1349=LINE('Line',#1346,#1348) ;
#1380=LINE('Line',#1377,#1379) ;
#1397=LINE('Line',#1394,#1396) ;
#1404=LINE('Line',#1401,#1403) ;
#1411=LINE('Line',#1408,#1410) ;
#1423=LINE('Line',#1420,#1422) ;
#1453=LINE('Line',#1450,#1452) ;
#1460=LINE('Line',#1457,#1459) ;
#1467=LINE('Line',#1464,#1466) ;
#1474=LINE('Line',#1471,#1473) ;
#1481=LINE('Line',#1478,#1480) ;
#1509=LINE('Line',#1506,#1508) ;
#1563=LINE('Line',#1560,#1562) ;
#1577=LINE('Line',#1574,#1576) ;
#1615=LINE('Line',#1612,#1614) ;
#1629=LINE('Line',#1626,#1628) ;
#1667=LINE('Line',#1664,#1666) ;
#1681=LINE('Line',#1678,#1680) ;
#1719=LINE('Line',#1716,#1718) ;
#1733=LINE('Line',#1730,#1732) ;
#1762=LINE('Line',#1759,#1761) ;
#1771=LINE('Line',#1768,#1770) ;
#1778=LINE('Line',#1775,#1777) ;
#1785=LINE('Line',#1782,#1784) ;
#1809=LINE('Line',#1806,#1808) ;
#1828=LINE('Line',#1825,#1827) ;
#1835=LINE('Line',#1832,#1834) ;
#1842=LINE('Line',#1839,#1841) ;
#2015=LINE('Line',#2012,#2014) ;
#2020=LINE('Line',#2017,#2019) ;
#2070=LINE('Line',#2067,#2069) ;
#2075=LINE('Line',#2072,#2074) ;
#2113=LINE('Line',#2110,#2112) ;
#2118=LINE('Line',#2115,#2117) ;
#2135=LINE('Line',#2132,#2134) ;
#2142=LINE('Line',#2139,#2141) ;
#2160=LINE('Line',#2157,#2159) ;
#2167=LINE('Line',#2164,#2166) ;
#2184=LINE('Line',#2181,#2183) ;
#2202=LINE('Line',#2199,#2201) ;
#2209=LINE('Line',#2206,#2208) ;
#2243=LINE('Line',#2240,#2242) ;
#2248=LINE('Line',#2245,#2247) ;
#2286=LINE('Line',#2283,#2285) ;
#2291=LINE('Line',#2288,#2290) ;
#2329=LINE('Line',#2326,#2328) ;
#2334=LINE('Line',#2331,#2333) ;
#2372=LINE('Line',#2369,#2371) ;
#2377=LINE('Line',#2374,#2376) ;
#2415=LINE('Line',#2412,#2414) ;
#2420=LINE('Line',#2417,#2419) ;
#2458=LINE('Line',#2455,#2457) ;
#2463=LINE('Line',#2460,#2462) ;
#2501=LINE('Line',#2498,#2500) ;
#2506=LINE('Line',#2503,#2505) ;
#2544=LINE('Line',#2541,#2543) ;
#2549=LINE('Line',#2546,#2548) ;
#2587=LINE('Line',#2584,#2586) ;
#2592=LINE('Line',#2589,#2591) ;
#2630=LINE('Line',#2627,#2629) ;
#2635=LINE('Line',#2632,#2634) ;
#2673=LINE('Line',#2670,#2672) ;
#2678=LINE('Line',#2675,#2677) ;
#2716=LINE('Line',#2713,#2715) ;
#2721=LINE('Line',#2718,#2720) ;
#2759=LINE('Line',#2756,#2758) ;
#2764=LINE('Line',#2761,#2763) ;
#2802=LINE('Line',#2799,#2801) ;
#2807=LINE('Line',#2804,#2806) ;
#2845=LINE('Line',#2842,#2844) ;
#2850=LINE('Line',#2847,#2849) ;
#2888=LINE('Line',#2885,#2887) ;
#2893=LINE('Line',#2890,#2892) ;
#2931=LINE('Line',#2928,#2930) ;
#2936=LINE('Line',#2933,#2935) ;
#2974=LINE('Line',#2971,#2973) ;
#2979=LINE('Line',#2976,#2978) ;
#3017=LINE('Line',#3014,#3016) ;
#3022=LINE('Line',#3019,#3021) ;
#3051=LINE('Line',#3048,#3050) ;
#3056=LINE('Line',#3053,#3055) ;
#3082=LINE('Line',#3079,#3081) ;
#3087=LINE('Line',#3084,#3086) ;
#3113=LINE('Line',#3110,#3112) ;
#3118=LINE('Line',#3115,#3117) ;
#3144=LINE('Line',#3141,#3143) ;
#3151=LINE('Line',#3148,#3150) ;
#3156=LINE('Line',#3153,#3155) ;
#3176=LINE('Line',#3173,#3175) ;
#3183=LINE('Line',#3180,#3182) ;
#3195=LINE('Line',#3192,#3194) ;
#3202=LINE('Line',#3199,#3201) ;
#3219=LINE('Line',#3216,#3218) ;
#3224=LINE('Line',#3221,#3223) ;
#3251=LINE('Line',#3248,#3250) ;
#3275=LINE('Line',#3272,#3274) ;
#3280=LINE('Line',#3277,#3279) ;
#3326=LINE('Line',#3323,#3325) ;
#3347=LINE('Line',#3344,#3346) ;
#3398=LINE('Line',#3395,#3397) ;
#3412=LINE('Line',#3409,#3411) ;
#3417=LINE('Line',#3414,#3416) ;
#3422=LINE('Line',#3419,#3421) ;
#2=MECHANICAL_CONTEXT(' ',#1,'mechanical') ;
#3543=NEXT_ASSEMBLY_USAGE_OCCURRENCE('Part1.1','Part1.1','',#17,#58,' ') ;
#27=PERSONAL_ADDRESS(' ',' ',' ',' ',' ',' ',' ',' ',' ',' ',' ',' ',(#25),' ') ;
#67=PLANE('',#66) ;
#115=PLANE('',#114) ;
#660=PLANE('',#659) ;
#740=PLANE('',#739) ;
#1037=PLANE('',#1036) ;
#1322=PLANE('',#1321) ;
#1393=PLANE('',#1392) ;
#2011=PLANE('',#2010) ;
#2059=PLANE('',#2058) ;
#2131=PLANE('',#2130) ;
#2156=PLANE('',#2155) ;
#2180=PLANE('',#2179) ;
#2198=PLANE('',#2197) ;
#3140=PLANE('',#3139) ;
#3172=PLANE('',#3171) ;
#3215=PLANE('',#3214) ;
#3247=PLANE('',#3246) ;
#3271=PLANE('',#3270) ;
#3322=PLANE('',#3321) ;
#3343=PLANE('',#3342) ;
#3394=PLANE('',#3393) ;
#48=PLANE_ANGLE_MEASURE_WITH_UNIT(PLANE_ANGLE_MEASURE(0.0174532925199),#47) ;
#7=PRODUCT_CATEGORY('part',$) ;
#14=PRODUCT_CATEGORY('part',$) ;
#9=PRODUCT_CATEGORY_RELATIONSHIP(' ',' ',#7,#8) ;
#16=PRODUCT_CATEGORY_RELATIONSHIP(' ',' ',#14,#15) ;
#6=PRODUCT_DEFINITION_FORMATION_WITH_SPECIFIED_SOURCE('',' ',#5,.NOT_KNOWN.) ;
#57=PRODUCT_DEFINITION_FORMATION_WITH_SPECIFIED_SOURCE('',' ',#56,.NOT_KNOWN.) ;
#58=PRODUCT_DEFINITION_WITH_ASSOCIATED_DOCUMENTS('',' ',#57,#3,(#60)) ;
#8=PRODUCT_RELATED_PRODUCT_CATEGORY('detail',$,(#56)) ;
#15=PRODUCT_RELATED_PRODUCT_CATEGORY('part',$,(#5)) ;
#43=SHAPE_DEFINITION_REPRESENTATION(#45,#44) ;
#55=SHAPE_DEFINITION_REPRESENTATION(#61,#54) ;
#73=VERTEX_POINT('',#72) ;
#75=VERTEX_POINT('',#74) ;
#82=VERTEX_POINT('',#81) ;
#89=VERTEX_POINT('',#88) ;
#96=VERTEX_POINT('',#95) ;
#121=VERTEX_POINT('',#120) ;
#123=VERTEX_POINT('',#122) ;
#130=VERTEX_POINT('',#129) ;
#137=VERTEX_POINT('',#136) ;
#155=VERTEX_POINT('',#154) ;
#157=VERTEX_POINT('',#156) ;
#164=VERTEX_POINT('',#163) ;
#171=VERTEX_POINT('',#170) ;
#178=VERTEX_POINT('',#177) ;
#185=VERTEX_POINT('',#184) ;
#205=VERTEX_POINT('',#204) ;
#207=VERTEX_POINT('',#206) ;
#223=VERTEX_POINT('',#222) ;
#225=VERTEX_POINT('',#224) ;
#241=VERTEX_POINT('',#240) ;
#243=VERTEX_POINT('',#242) ;
#259=VERTEX_POINT('',#258) ;
#261=VERTEX_POINT('',#260) ;
#277=VERTEX_POINT('',#276) ;
#279=VERTEX_POINT('',#278) ;
#295=VERTEX_POINT('',#294) ;
#297=VERTEX_POINT('',#296) ;
#313=VERTEX_POINT('',#312) ;
#315=VERTEX_POINT('',#314) ;
#331=VERTEX_POINT('',#330) ;
#333=VERTEX_POINT('',#332) ;
#349=VERTEX_POINT('',#348) ;
#351=VERTEX_POINT('',#350) ;
#367=VERTEX_POINT('',#366) ;
#369=VERTEX_POINT('',#368) ;
#385=VERTEX_POINT('',#384) ;
#387=VERTEX_POINT('',#386) ;
#403=VERTEX_POINT('',#402) ;
#405=VERTEX_POINT('',#404) ;
#421=VERTEX_POINT('',#420) ;
#423=VERTEX_POINT('',#422) ;
#439=VERTEX_POINT('',#438) ;
#441=VERTEX_POINT('',#440) ;
#457=VERTEX_POINT('',#456) ;
#459=VERTEX_POINT('',#458) ;
#475=VERTEX_POINT('',#474) ;
#477=VERTEX_POINT('',#476) ;
#493=VERTEX_POINT('',#492) ;
#495=VERTEX_POINT('',#494) ;
#511=VERTEX_POINT('',#510) ;
#513=VERTEX_POINT('',#512) ;
#529=VERTEX_POINT('',#528) ;
#531=VERTEX_POINT('',#530) ;
#547=VERTEX_POINT('',#546) ;
#549=VERTEX_POINT('',#548) ;
#565=VERTEX_POINT('',#564) ;
#567=VERTEX_POINT('',#566) ;
#583=VERTEX_POINT('',#582) ;
#585=VERTEX_POINT('',#584) ;
#601=VERTEX_POINT('',#600) ;
#608=VERTEX_POINT('',#607) ;
#626=VERTEX_POINT('',#625) ;
#628=VERTEX_POINT('',#627) ;
#635=VERTEX_POINT('',#634) ;
#642=VERTEX_POINT('',#641) ;
#666=VERTEX_POINT('',#665) ;
#690=VERTEX_POINT('',#689) ;
#692=VERTEX_POINT('',#691) ;
#699=VERTEX_POINT('',#698) ;
#706=VERTEX_POINT('',#705) ;
#713=VERTEX_POINT('',#712) ;
#720=VERTEX_POINT('',#719) ;
#746=VERTEX_POINT('',#745) ;
#748=VERTEX_POINT('',#747) ;
#755=VERTEX_POINT('',#754) ;
#762=VERTEX_POINT('',#761) ;
#769=VERTEX_POINT('',#768) ;
#776=VERTEX_POINT('',#775) ;
#788=VERTEX_POINT('',#787) ;
#817=VERTEX_POINT('',#816) ;
#819=VERTEX_POINT('',#818) ;
#826=VERTEX_POINT('',#825) ;
#833=VERTEX_POINT('',#832) ;
#840=VERTEX_POINT('',#839) ;
#847=VERTEX_POINT('',#846) ;
#875=VERTEX_POINT('',#874) ;
#877=VERTEX_POINT('',#876) ;
#884=VERTEX_POINT('',#883) ;
#891=VERTEX_POINT('',#890) ;
#898=VERTEX_POINT('',#897) ;
#905=VERTEX_POINT('',#904) ;
#912=VERTEX_POINT('',#911) ;
#919=VERTEX_POINT('',#918) ;
#926=VERTEX_POINT('',#925) ;
#933=VERTEX_POINT('',#932) ;
#963=VERTEX_POINT('',#962) ;
#965=VERTEX_POINT('',#964) ;
#972=VERTEX_POINT('',#971) ;
#979=VERTEX_POINT('',#978) ;
#1003=VERTEX_POINT('',#1002) ;
#1005=VERTEX_POINT('',#1004) ;
#1012=VERTEX_POINT('',#1011) ;
#1019=VERTEX_POINT('',#1018) ;
#1043=VERTEX_POINT('',#1042) ;
#1050=VERTEX_POINT('',#1049) ;
#1069=VERTEX_POINT('',#1068) ;
#1076=VERTEX_POINT('',#1075) ;
#1100=VERTEX_POINT('',#1099) ;
#1102=VERTEX_POINT('',#1101) ;
#1109=VERTEX_POINT('',#1108) ;
#1116=VERTEX_POINT('',#1115) ;
#1157=VERTEX_POINT('',#1156) ;
#1159=VERTEX_POINT('',#1158) ;
#1166=VERTEX_POINT('',#1165) ;
#1173=VERTEX_POINT('',#1172) ;
#1214=VERTEX_POINT('',#1213) ;
#1216=VERTEX_POINT('',#1215) ;
#1223=VERTEX_POINT('',#1222) ;
#1230=VERTEX_POINT('',#1229) ;
#1271=VERTEX_POINT('',#1270) ;
#1273=VERTEX_POINT('',#1272) ;
#1280=VERTEX_POINT('',#1279) ;
#1287=VERTEX_POINT('',#1286) ;
#1328=VERTEX_POINT('',#1327) ;
#1330=VERTEX_POINT('',#1329) ;
#1337=VERTEX_POINT('',#1336) ;
#1344=VERTEX_POINT('',#1343) ;
#1368=VERTEX_POINT('',#1367) ;
#1375=VERTEX_POINT('',#1374) ;
#1399=VERTEX_POINT('',#1398) ;
#1406=VERTEX_POINT('',#1405) ;
#1425=VERTEX_POINT('',#1424) ;
#1427=VERTEX_POINT('',#1426) ;
#1434=VERTEX_POINT('',#1433) ;
#1441=VERTEX_POINT('',#1440) ;
#1448=VERTEX_POINT('',#1447) ;
#1455=VERTEX_POINT('',#1454) ;
#1462=VERTEX_POINT('',#1461) ;
#1469=VERTEX_POINT('',#1468) ;
#1476=VERTEX_POINT('',#1475) ;
#1483=VERTEX_POINT('',#1482) ;
#1490=VERTEX_POINT('',#1489) ;
#1497=VERTEX_POINT('',#1496) ;
#1504=VERTEX_POINT('',#1503) ;
#1511=VERTEX_POINT('',#1510) ;
#1518=VERTEX_POINT('',#1517) ;
#1525=VERTEX_POINT('',#1524) ;
#1556=VERTEX_POINT('',#1555) ;
#1558=VERTEX_POINT('',#1557) ;
#1565=VERTEX_POINT('',#1564) ;
#1572=VERTEX_POINT('',#1571) ;
#1608=VERTEX_POINT('',#1607) ;
#1610=VERTEX_POINT('',#1609) ;
#1617=VERTEX_POINT('',#1616) ;
#1624=VERTEX_POINT('',#1623) ;
#1660=VERTEX_POINT('',#1659) ;
#1662=VERTEX_POINT('',#1661) ;
#1669=VERTEX_POINT('',#1668) ;
#1676=VERTEX_POINT('',#1675) ;
#1712=VERTEX_POINT('',#1711) ;
#1714=VERTEX_POINT('',#1713) ;
#1721=VERTEX_POINT('',#1720) ;
#1728=VERTEX_POINT('',#1727) ;
#1764=VERTEX_POINT('',#1763) ;
#1766=VERTEX_POINT('',#1765) ;
#1773=VERTEX_POINT('',#1772) ;
#1780=VERTEX_POINT('',#1779) ;
#1804=VERTEX_POINT('',#1803) ;
#1811=VERTEX_POINT('',#1810) ;
#1830=VERTEX_POINT('',#1829) ;
#1837=VERTEX_POINT('',#1836) ;
#2065=VERTEX_POINT('',#2064) ;
#2137=VERTEX_POINT('',#2136) ;
#2162=VERTEX_POINT('',#2161) ;
#2204=VERTEX_POINT('',#2203) ;
#2211=VERTEX_POINT('',#2210) ;
#2236=VERTEX_POINT('',#2235) ;
#2238=VERTEX_POINT('',#2237) ;
#2279=VERTEX_POINT('',#2278) ;
#2281=VERTEX_POINT('',#2280) ;
#2322=VERTEX_POINT('',#2321) ;
#2324=VERTEX_POINT('',#2323) ;
#2365=VERTEX_POINT('',#2364) ;
#2367=VERTEX_POINT('',#2366) ;
#2408=VERTEX_POINT('',#2407) ;
#2410=VERTEX_POINT('',#2409) ;
#2451=VERTEX_POINT('',#2450) ;
#2453=VERTEX_POINT('',#2452) ;
#2494=VERTEX_POINT('',#2493) ;
#2496=VERTEX_POINT('',#2495) ;
#2537=VERTEX_POINT('',#2536) ;
#2539=VERTEX_POINT('',#2538) ;
#2580=VERTEX_POINT('',#2579) ;
#2582=VERTEX_POINT('',#2581) ;
#2623=VERTEX_POINT('',#2622) ;
#2625=VERTEX_POINT('',#2624) ;
#2666=VERTEX_POINT('',#2665) ;
#2668=VERTEX_POINT('',#2667) ;
#2709=VERTEX_POINT('',#2708) ;
#2711=VERTEX_POINT('',#2710) ;
#2752=VERTEX_POINT('',#2751) ;
#2754=VERTEX_POINT('',#2753) ;
#2795=VERTEX_POINT('',#2794) ;
#2797=VERTEX_POINT('',#2796) ;
#2838=VERTEX_POINT('',#2837) ;
#2840=VERTEX_POINT('',#2839) ;
#2881=VERTEX_POINT('',#2880) ;
#2883=VERTEX_POINT('',#2882) ;
#2924=VERTEX_POINT('',#2923) ;
#2926=VERTEX_POINT('',#2925) ;
#2967=VERTEX_POINT('',#2966) ;
#2969=VERTEX_POINT('',#2968) ;
#3010=VERTEX_POINT('',#3009) ;
#3012=VERTEX_POINT('',#3011) ;
#3146=VERTEX_POINT('',#3145) ;
#3178=VERTEX_POINT('',#3177) ;
#3197=VERTEX_POINT('',#3196) ;
#3226=VERTEX_POINT('',#3225) ;
#46=(LENGTH_UNIT()NAMED_UNIT(*)SI_UNIT(.MILLI.,.METRE.)) ;
#47=(NAMED_UNIT(*)PLANE_ANGLE_UNIT()SI_UNIT($,.RADIAN.)) ;
#49=(NAMED_UNIT(*)SI_UNIT($,.STERADIAN.)SOLID_ANGLE_UNIT()) ;
#51=(GEOMETRIC_REPRESENTATION_CONTEXT(3)GLOBAL_UNCERTAINTY_ASSIGNED_CONTEXT((#50))GLOBAL_UNIT_ASSIGNED_CONTEXT((#46,#47,#49))REPRESENTATION_CONTEXT(' ',' ')) ;
#53=(GEOMETRIC_REPRESENTATION_CONTEXT(3)GLOBAL_UNCERTAINTY_ASSIGNED_CONTEXT((#52))GLOBAL_UNIT_ASSIGNED_CONTEXT((#46,#47,#49))REPRESENTATION_CONTEXT(' ',' ')) ;
#3546=(REPRESENTATION_RELATIONSHIP(' ',' ',#54,#44)REPRESENTATION_RELATIONSHIP_WITH_TRANSFORMATION(#3547)SHAPE_REPRESENTATION_RELATIONSHIP()) ;
ENDSEC;
END-ISO-10303-21;
