solid CATIA STL
  facet normal  5.000000e-001 -7.071067e-001 -5.000000e-001
    outer loop
      vertex  1.020000e+002 -1.500000e+001  0.000000e+000
      vertex  1.100000e+002 -9.343145e+000  0.000000e+000
      vertex  1.100000e+002 -1.500000e+001  8.000000e+000
    endloop
  endfacet
  facet normal  1.000000e+000  0.000000e+000  0.000000e+000
    outer loop
      vertex  1.100000e+002 -1.050000e+001  1.700000e+001
      vertex  1.100000e+002 -9.767767e+000  1.876777e+001
      vertex  1.100000e+002 -1.500000e+001  8.000000e+000
    endloop
  endfacet
  facet normal  1.000000e+000  0.000000e+000  0.000000e+000
    outer loop
      vertex  1.100000e+002 -2.500000e+000  3.100000e+001
      vertex  1.100000e+002 -9.767767e+000  1.876777e+001
      vertex  1.100000e+002 -8.000000e+000  1.950000e+001
    endloop
  endfacet
  facet normal  9.999999e-001  -0.000000e+000  0.000000e+000
    outer loop
      vertex  1.100000e+002 -2.500000e+000  3.100000e+001
      vertex  1.100000e+002 -8.000000e+000  1.950000e+001
      vertex  1.100000e+002 -6.232233e+000  1.876777e+001
    endloop
  endfacet
  facet normal  1.000000e+000  -0.000000e+000  0.000000e+000
    outer loop
      vertex  1.100000e+002 -2.500000e+000  3.100000e+001
      vertex  1.100000e+002 -6.232233e+000  1.876777e+001
      vertex  1.100000e+002 -5.500000e+000  1.700000e+001
    endloop
  endfacet
  facet normal  1.000000e+000  0.000000e+000  0.000000e+000
    outer loop
      vertex  1.100000e+002 -1.500000e+001  3.700000e+001
      vertex  1.100000e+002 -1.500000e+001  8.000000e+000
      vertex  1.100000e+002 -9.767767e+000  1.876777e+001
    endloop
  endfacet
  facet normal  9.999999e-001  0.000000e+000  -0.000000e+000
    outer loop
      vertex  1.100000e+002 -1.500000e+001  3.700000e+001
      vertex  1.100000e+002 -9.767767e+000  1.876777e+001
      vertex  1.100000e+002 -2.500000e+000  3.100000e+001
    endloop
  endfacet
  facet normal  1.000000e+000  0.000000e+000  -0.000000e+000
    outer loop
      vertex  1.100000e+002 -1.500000e+001  3.700000e+001
      vertex  1.100000e+002 -2.500000e+000  3.100000e+001
      vertex  1.100000e+002 -1.767767e+000  3.276777e+001
    endloop
  endfacet
  facet normal  1.000000e+000  0.000000e+000  -0.000000e+000
    outer loop
      vertex  1.100000e+002 -1.500000e+001  3.700000e+001
      vertex  1.100000e+002 -1.767767e+000  3.276777e+001
      vertex  1.100000e+002  1.530758e-016  3.350000e+001
    endloop
  endfacet
  facet normal  1.000000e+000  0.000000e+000  -0.000000e+000
    outer loop
      vertex  1.100000e+002 -1.500000e+001  3.700000e+001
      vertex  1.100000e+002  1.530758e-016  3.350000e+001
      vertex  1.100000e+002  1.300000e+001  3.700000e+001
    endloop
  endfacet
  facet normal  1.000000e+000  0.000000e+000  0.000000e+000
    outer loop
      vertex  1.100000e+002  5.807612e+000  0.000000e+000
      vertex  1.100000e+002  1.300000e+001  1.017157e+001
      vertex  1.100000e+002  1.050000e+001  1.700000e+001
    endloop
  endfacet
  facet normal  1.000000e+000  0.000000e+000  0.000000e+000
    outer loop
      vertex  1.100000e+002  5.807612e+000  0.000000e+000
      vertex  1.100000e+002  1.050000e+001  1.700000e+001
      vertex  1.100000e+002  9.767767e+000  1.523223e+001
    endloop
  endfacet
  facet normal  9.999999e-001  0.000000e+000  0.000000e+000
    outer loop
      vertex  1.100000e+002  5.807612e+000  0.000000e+000
      vertex  1.100000e+002  9.767767e+000  1.523223e+001
      vertex  1.100000e+002  8.000000e+000  1.450000e+001
    endloop
  endfacet
  facet normal  1.000000e+000  0.000000e+000  0.000000e+000
    outer loop
      vertex  1.100000e+002  5.807612e+000  0.000000e+000
      vertex  1.100000e+002  8.000000e+000  1.450000e+001
      vertex  1.100000e+002  6.232233e+000  1.523223e+001
    endloop
  endfacet
  facet normal  1.000000e+000  0.000000e+000  0.000000e+000
    outer loop
      vertex  1.100000e+002  5.807612e+000  0.000000e+000
      vertex  1.100000e+002  6.232233e+000  1.523223e+001
      vertex  1.100000e+002  5.500000e+000  1.700000e+001
    endloop
  endfacet
  facet normal  9.999999e-001  0.000000e+000  0.000000e+000
    outer loop
      vertex  1.100000e+002  5.807612e+000  0.000000e+000
      vertex  1.100000e+002  5.500000e+000  1.700000e+001
      vertex  1.100000e+002 -9.343145e+000  0.000000e+000
    endloop
  endfacet
  facet normal  1.000000e+000  -0.000000e+000  0.000000e+000
    outer loop
      vertex  1.100000e+002  1.300000e+001  3.700000e+001
      vertex  1.100000e+002  1.530758e-016  3.350000e+001
      vertex  1.100000e+002  1.767767e+000  3.276777e+001
    endloop
  endfacet
  facet normal  9.999999e-001  -0.000000e+000  0.000000e+000
    outer loop
      vertex  1.100000e+002  1.300000e+001  3.700000e+001
      vertex  1.100000e+002  1.767767e+000  3.276777e+001
      vertex  1.100000e+002  9.767767e+000  1.876777e+001
    endloop
  endfacet
  facet normal  9.999999e-001  -0.000000e+000  0.000000e+000
    outer loop
      vertex  1.100000e+002  1.300000e+001  3.700000e+001
      vertex  1.100000e+002  9.767767e+000  1.876777e+001
      vertex  1.100000e+002  1.050000e+001  1.700000e+001
    endloop
  endfacet
  facet normal  1.000000e+000  -0.000000e+000  0.000000e+000
    outer loop
      vertex  1.100000e+002  1.300000e+001  3.700000e+001
      vertex  1.100000e+002  1.050000e+001  1.700000e+001
      vertex  1.100000e+002  1.300000e+001  1.017157e+001
    endloop
  endfacet
  facet normal  1.000000e+000  0.000000e+000  0.000000e+000
    outer loop
      vertex  1.100000e+002 -9.343145e+000  0.000000e+000
      vertex  1.100000e+002  5.500000e+000  1.700000e+001
      vertex  1.100000e+002 -5.500000e+000  1.700000e+001
    endloop
  endfacet
  facet normal  1.000000e+000  0.000000e+000  0.000000e+000
    outer loop
      vertex  1.100000e+002 -9.343145e+000  0.000000e+000
      vertex  1.100000e+002 -5.500000e+000  1.700000e+001
      vertex  1.100000e+002 -6.232233e+000  1.523223e+001
    endloop
  endfacet
  facet normal  1.000000e+000  0.000000e+000  0.000000e+000
    outer loop
      vertex  1.100000e+002 -9.343145e+000  0.000000e+000
      vertex  1.100000e+002 -6.232233e+000  1.523223e+001
      vertex  1.100000e+002 -8.000000e+000  1.450000e+001
    endloop
  endfacet
  facet normal  1.000000e+000  0.000000e+000  0.000000e+000
    outer loop
      vertex  1.100000e+002 -9.343145e+000  0.000000e+000
      vertex  1.100000e+002 -8.000000e+000  1.450000e+001
      vertex  1.100000e+002 -9.767767e+000  1.523223e+001
    endloop
  endfacet
  facet normal  1.000000e+000  0.000000e+000  0.000000e+000
    outer loop
      vertex  1.100000e+002 -9.343145e+000  0.000000e+000
      vertex  1.100000e+002 -9.767767e+000  1.523223e+001
      vertex  1.100000e+002 -1.050000e+001  1.700000e+001
    endloop
  endfacet
  facet normal  1.000000e+000  0.000000e+000  0.000000e+000
    outer loop
      vertex  1.100000e+002 -9.343145e+000  0.000000e+000
      vertex  1.100000e+002 -1.050000e+001  1.700000e+001
      vertex  1.100000e+002 -1.500000e+001  8.000000e+000
    endloop
  endfacet
  facet normal  1.000000e+000  -0.000000e+000  0.000000e+000
    outer loop
      vertex  1.100000e+002  2.500000e+000  3.100000e+001
      vertex  1.100000e+002  1.767767e+000  2.923223e+001
      vertex  1.100000e+002  5.500000e+000  1.700000e+001
    endloop
  endfacet
  facet normal  1.000000e+000  0.000000e+000  -0.000000e+000
    outer loop
      vertex  1.100000e+002  2.500000e+000  3.100000e+001
      vertex  1.100000e+002  5.500000e+000  1.700000e+001
      vertex  1.100000e+002  6.232233e+000  1.876777e+001
    endloop
  endfacet
  facet normal  9.999999e-001  0.000000e+000  -0.000000e+000
    outer loop
      vertex  1.100000e+002  2.500000e+000  3.100000e+001
      vertex  1.100000e+002  6.232233e+000  1.876777e+001
      vertex  1.100000e+002  8.000000e+000  1.950000e+001
    endloop
  endfacet
  facet normal  1.000000e+000  -0.000000e+000  -0.000000e+000
    outer loop
      vertex  1.100000e+002  2.500000e+000  3.100000e+001
      vertex  1.100000e+002  8.000000e+000  1.950000e+001
      vertex  1.100000e+002  9.767767e+000  1.876777e+001
    endloop
  endfacet
  facet normal  1.000000e+000  0.000000e+000  0.000000e+000
    outer loop
      vertex  1.100000e+002  2.500000e+000  3.100000e+001
      vertex  1.100000e+002  9.767767e+000  1.876777e+001
      vertex  1.100000e+002  1.767767e+000  3.276777e+001
    endloop
  endfacet
  facet normal  1.000000e+000  0.000000e+000  0.000000e+000
    outer loop
      vertex  1.100000e+002 -5.500000e+000  1.700000e+001
      vertex  1.100000e+002  5.500000e+000  1.700000e+001
      vertex  1.100000e+002  1.767767e+000  2.923223e+001
    endloop
  endfacet
  facet normal  1.000000e+000  0.000000e+000  0.000000e+000
    outer loop
      vertex  1.100000e+002 -5.500000e+000  1.700000e+001
      vertex  1.100000e+002  1.767767e+000  2.923223e+001
      vertex  1.100000e+002 -4.592274e-016  2.850000e+001
    endloop
  endfacet
  facet normal  9.999999e-001  0.000000e+000  0.000000e+000
    outer loop
      vertex  1.100000e+002 -5.500000e+000  1.700000e+001
      vertex  1.100000e+002 -4.592274e-016  2.850000e+001
      vertex  1.100000e+002 -1.767767e+000  2.923223e+001
    endloop
  endfacet
  facet normal  1.000000e+000  0.000000e+000  0.000000e+000
    outer loop
      vertex  1.100000e+002 -5.500000e+000  1.700000e+001
      vertex  1.100000e+002 -1.767767e+000  2.923223e+001
      vertex  1.100000e+002 -2.500000e+000  3.100000e+001
    endloop
  endfacet
  facet normal  -0.000000e+000  0.000000e+000 -1.000000e+000
    outer loop
      vertex -9.600000e+001  2.700000e+000  0.000000e+000
      vertex -9.600000e+001 -2.700000e+000  0.000000e+000
      vertex -9.762634e+001 -3.373654e+000  0.000000e+000
    endloop
  endfacet
  facet normal  0.000000e+000  0.000000e+000 -1.000000e+000
    outer loop
      vertex -9.437366e+001 -3.373654e+000  0.000000e+000
      vertex -9.600000e+001  2.700000e+000  0.000000e+000
      vertex -9.370000e+001 -5.000000e+000  0.000000e+000
    endloop
  endfacet
  facet normal  0.000000e+000  0.000000e+000 -1.000000e+000
    outer loop
      vertex -9.600000e+001 -2.700000e+000  0.000000e+000
      vertex -9.600000e+001  2.700000e+000  0.000000e+000
      vertex -9.437366e+001 -3.373654e+000  0.000000e+000
    endloop
  endfacet
  facet normal  -0.000000e+000  0.000000e+000 -1.000000e+000
    outer loop
      vertex -4.750000e+001  2.700000e+000  0.000000e+000
      vertex -4.750000e+001 -2.700000e+000  0.000000e+000
      vertex -4.912635e+001 -3.373654e+000  0.000000e+000
    endloop
  endfacet
  facet normal  -0.000000e+000  0.000000e+000 -1.000000e+000
    outer loop
      vertex  9.600000e+001  2.700000e+000  0.000000e+000
      vertex  9.437366e+001 -3.373654e+000  0.000000e+000
      vertex  9.370000e+001 -5.000000e+000  0.000000e+000
    endloop
  endfacet
  facet normal  -0.000000e+000  0.000000e+000 -1.000000e+000
    outer loop
      vertex  9.600000e+001  2.700000e+000  0.000000e+000
      vertex  9.600000e+001 -2.700000e+000  0.000000e+000
      vertex  9.437366e+001 -3.373654e+000  0.000000e+000
    endloop
  endfacet
  facet normal  0.000000e+000  0.000000e+000 -1.000000e+000
    outer loop
      vertex  9.600000e+001 -2.700000e+000  0.000000e+000
      vertex  9.600000e+001  2.700000e+000  0.000000e+000
      vertex  9.762634e+001 -3.373654e+000  0.000000e+000
    endloop
  endfacet
  facet normal  0.000000e+000  0.000000e+000 -1.000000e+000
    outer loop
      vertex -9.200000e+001  1.000000e+001  0.000000e+000
      vertex -9.200000e+001 -1.000000e+001  0.000000e+000
      vertex -9.370000e+001  5.000000e+000  0.000000e+000
    endloop
  endfacet
  facet normal  0.000000e+000  0.000000e+000 -1.000000e+000
    outer loop
      vertex -9.200000e+001  1.000000e+001  0.000000e+000
      vertex -9.370000e+001  5.000000e+000  0.000000e+000
      vertex -9.437366e+001  6.626346e+000  0.000000e+000
    endloop
  endfacet
  facet normal  0.000000e+000  0.000000e+000 -1.000000e+000
    outer loop
      vertex -9.200000e+001  1.000000e+001  0.000000e+000
      vertex -9.437366e+001  6.626346e+000  0.000000e+000
      vertex -9.600000e+001  7.300000e+000  0.000000e+000
    endloop
  endfacet
  facet normal  -0.000000e+000  -0.000000e+000 -1.000000e+000
    outer loop
      vertex -9.200000e+001 -1.000000e+001  0.000000e+000
      vertex -5.200000e+001 -1.000000e+001  0.000000e+000
      vertex -3.707107e+001 -1.500000e+001  0.000000e+000
    endloop
  endfacet
  facet normal  0.000000e+000  0.000000e+000 -1.000000e+000
    outer loop
      vertex -9.200000e+001 -1.000000e+001  0.000000e+000
      vertex -3.707107e+001 -1.500000e+001  0.000000e+000
      vertex -9.528526e+001 -1.500000e+001  0.000000e+000
    endloop
  endfacet
  facet normal  0.000000e+000  0.000000e+000 -1.000000e+000
    outer loop
      vertex -9.200000e+001 -1.000000e+001  0.000000e+000
      vertex -9.528526e+001 -1.500000e+001  0.000000e+000
      vertex -1.000000e+002 -1.500000e+001  0.000000e+000
    endloop
  endfacet
  facet normal  0.000000e+000  0.000000e+000 -1.000000e+000
    outer loop
      vertex -9.200000e+001 -1.000000e+001  0.000000e+000
      vertex -1.000000e+002 -1.500000e+001  0.000000e+000
      vertex -9.600000e+001 -7.300000e+000  0.000000e+000
    endloop
  endfacet
  facet normal  0.000000e+000  0.000000e+000 -1.000000e+000
    outer loop
      vertex -9.200000e+001 -1.000000e+001  0.000000e+000
      vertex -9.600000e+001 -7.300000e+000  0.000000e+000
      vertex -9.437366e+001 -6.626346e+000  0.000000e+000
    endloop
  endfacet
  facet normal  0.000000e+000  0.000000e+000 -1.000000e+000
    outer loop
      vertex -9.200000e+001 -1.000000e+001  0.000000e+000
      vertex -9.437366e+001 -6.626346e+000  0.000000e+000
      vertex -9.370000e+001 -5.000000e+000  0.000000e+000
    endloop
  endfacet
  facet normal  0.000000e+000  0.000000e+000 -9.999999e-001
    outer loop
      vertex -9.200000e+001 -1.000000e+001  0.000000e+000
      vertex -9.370000e+001 -5.000000e+000  0.000000e+000
      vertex -9.600000e+001  2.700000e+000  0.000000e+000
    endloop
  endfacet
  facet normal  0.000000e+000  0.000000e+000 -9.999999e-001
    outer loop
      vertex -9.200000e+001 -1.000000e+001  0.000000e+000
      vertex -9.600000e+001  2.700000e+000  0.000000e+000
      vertex -9.437366e+001  3.373654e+000  0.000000e+000
    endloop
  endfacet
  facet normal  0.000000e+000  0.000000e+000 -9.999999e-001
    outer loop
      vertex -9.200000e+001 -1.000000e+001  0.000000e+000
      vertex -9.437366e+001  3.373654e+000  0.000000e+000
      vertex -9.370000e+001  5.000000e+000  0.000000e+000
    endloop
  endfacet
  facet normal  0.000000e+000  0.000000e+000 -9.999999e-001
    outer loop
      vertex  5.200000e+001  1.000000e+001  0.000000e+000
      vertex  5.200000e+001 -1.000000e+001  0.000000e+000
      vertex  4.980000e+001  5.000000e+000  0.000000e+000
    endloop
  endfacet
  facet normal  0.000000e+000  0.000000e+000 -1.000000e+000
    outer loop
      vertex  5.200000e+001  1.000000e+001  0.000000e+000
      vertex  4.980000e+001  5.000000e+000  0.000000e+000
      vertex  4.912635e+001  6.626346e+000  0.000000e+000
    endloop
  endfacet
  facet normal  0.000000e+000  0.000000e+000 -1.000000e+000
    outer loop
      vertex  5.200000e+001  1.000000e+001  0.000000e+000
      vertex  4.912635e+001  6.626346e+000  0.000000e+000
      vertex  4.750000e+001  7.300000e+000  0.000000e+000
    endloop
  endfacet
  facet normal  0.000000e+000  -0.000000e+000 -9.999999e-001
    outer loop
      vertex  9.200000e+001 -1.000000e+001  0.000000e+000
      vertex  9.370000e+001  5.000000e+000  0.000000e+000
      vertex  9.437366e+001  3.373654e+000  0.000000e+000
    endloop
  endfacet
  facet normal  0.000000e+000  -0.000000e+000 -9.999999e-001
    outer loop
      vertex  9.200000e+001 -1.000000e+001  0.000000e+000
      vertex  9.437366e+001  3.373654e+000  0.000000e+000
      vertex  9.600000e+001  2.700000e+000  0.000000e+000
    endloop
  endfacet
  facet normal  0.000000e+000  0.000000e+000 -9.999999e-001
    outer loop
      vertex  9.200000e+001 -1.000000e+001  0.000000e+000
      vertex  9.600000e+001  2.700000e+000  0.000000e+000
      vertex  9.370000e+001 -5.000000e+000  0.000000e+000
    endloop
  endfacet
  facet normal  0.000000e+000  -0.000000e+000 -1.000000e+000
    outer loop
      vertex  9.200000e+001 -1.000000e+001  0.000000e+000
      vertex  9.370000e+001 -5.000000e+000  0.000000e+000
      vertex  9.437366e+001 -6.626346e+000  0.000000e+000
    endloop
  endfacet
  facet normal  0.000000e+000  -0.000000e+000 -1.000000e+000
    outer loop
      vertex  9.200000e+001 -1.000000e+001  0.000000e+000
      vertex  9.437366e+001 -6.626346e+000  0.000000e+000
      vertex  9.600000e+001 -7.300000e+000  0.000000e+000
    endloop
  endfacet
  facet normal  0.000000e+000  0.000000e+000 -1.000000e+000
    outer loop
      vertex  9.200000e+001 -1.000000e+001  0.000000e+000
      vertex  9.600000e+001 -7.300000e+000  0.000000e+000
      vertex  9.528526e+001 -1.500000e+001  0.000000e+000
    endloop
  endfacet
  facet normal  0.000000e+000  0.000000e+000 -1.000000e+000
    outer loop
      vertex  9.200000e+001 -1.000000e+001  0.000000e+000
      vertex  9.528526e+001 -1.500000e+001  0.000000e+000
      vertex  3.707107e+001 -1.500000e+001  0.000000e+000
    endloop
  endfacet
  facet normal  0.000000e+000  0.000000e+000 -1.000000e+000
    outer loop
      vertex  9.200000e+001 -1.000000e+001  0.000000e+000
      vertex  3.707107e+001 -1.500000e+001  0.000000e+000
      vertex  5.200000e+001 -1.000000e+001  0.000000e+000
    endloop
  endfacet
  facet normal  0.000000e+000  0.000000e+000 -1.000000e+000
    outer loop
      vertex  2.146447e+001 -1.464466e+000  0.000000e+000
      vertex  1.984235e+001 -3.806023e-001  0.000000e+000
      vertex  4.750000e+001 -2.700000e+000  0.000000e+000
    endloop
  endfacet
  facet normal  -0.000000e+000  0.000000e+000 -1.000000e+000
    outer loop
      vertex  2.146447e+001 -1.464466e+000  0.000000e+000
      vertex  4.750000e+001 -2.700000e+000  0.000000e+000
      vertex  4.587365e+001 -3.373654e+000  0.000000e+000
    endloop
  endfacet
  facet normal  -0.000000e+000  0.000000e+000 -9.999999e-001
    outer loop
      vertex  2.146447e+001 -1.464466e+000  0.000000e+000
      vertex  4.587365e+001 -3.373654e+000  0.000000e+000
      vertex  3.353553e+001 -1.353553e+001  0.000000e+000
    endloop
  endfacet
  facet normal  -0.000000e+000  0.000000e+000 -1.000000e+000
    outer loop
      vertex -1.792893e+001  9.197389e-017  0.000000e+000
      vertex -1.984235e+001 -3.806023e-001  0.000000e+000
      vertex -4.750000e+001 -2.700000e+000  0.000000e+000
    endloop
  endfacet
  facet normal  0.000000e+000  0.000000e+000 -1.000000e+000
    outer loop
      vertex -1.792893e+001  9.197389e-017  0.000000e+000
      vertex -4.750000e+001 -2.700000e+000  0.000000e+000
      vertex -4.750000e+001  2.700000e+000  0.000000e+000
    endloop
  endfacet
  facet normal  0.000000e+000  0.000000e+000 -1.000000e+000
    outer loop
      vertex -1.792893e+001  9.197389e-017  0.000000e+000
      vertex -4.750000e+001  2.700000e+000  0.000000e+000
      vertex  4.750000e+001  2.700000e+000  0.000000e+000
    endloop
  endfacet
  facet normal  0.000000e+000  0.000000e+000 -1.000000e+000
    outer loop
      vertex -1.792893e+001  9.197389e-017  0.000000e+000
      vertex  4.750000e+001  2.700000e+000  0.000000e+000
      vertex  1.792893e+001  1.684383e-015  0.000000e+000
    endloop
  endfacet
  facet normal  0.000000e+000  0.000000e+000 -9.999999e-001
    outer loop
      vertex -2.146447e+001 -1.464466e+000  0.000000e+000
      vertex -3.353553e+001 -1.353553e+001  0.000000e+000
      vertex -4.587365e+001 -3.373654e+000  0.000000e+000
    endloop
  endfacet
  facet normal  0.000000e+000  0.000000e+000 -1.000000e+000
    outer loop
      vertex -2.146447e+001 -1.464466e+000  0.000000e+000
      vertex -4.587365e+001 -3.373654e+000  0.000000e+000
      vertex -4.750000e+001 -2.700000e+000  0.000000e+000
    endloop
  endfacet
  facet normal  0.000000e+000  0.000000e+000 -1.000000e+000
    outer loop
      vertex -2.146447e+001 -1.464466e+000  0.000000e+000
      vertex -4.750000e+001 -2.700000e+000  0.000000e+000
      vertex -1.984235e+001 -3.806023e-001  0.000000e+000
    endloop
  endfacet
  facet normal  0.000000e+000  0.000000e+000 -1.000000e+000
    outer loop
      vertex -1.100000e+002 -9.343145e+000  0.000000e+000
      vertex -1.100000e+002  5.807612e+000  0.000000e+000
      vertex -9.830000e+001  5.000000e+000  0.000000e+000
    endloop
  endfacet
  facet normal  0.000000e+000  -0.000000e+000 -1.000000e+000
    outer loop
      vertex -1.100000e+002 -9.343145e+000  0.000000e+000
      vertex -9.830000e+001  5.000000e+000  0.000000e+000
      vertex -9.762634e+001  3.373654e+000  0.000000e+000
    endloop
  endfacet
  facet normal  0.000000e+000  -0.000000e+000 -1.000000e+000
    outer loop
      vertex -1.100000e+002 -9.343145e+000  0.000000e+000
      vertex -9.762634e+001  3.373654e+000  0.000000e+000
      vertex -9.600000e+001  2.700000e+000  0.000000e+000
    endloop
  endfacet
  facet normal  0.000000e+000  0.000000e+000 -1.000000e+000
    outer loop
      vertex -1.100000e+002 -9.343145e+000  0.000000e+000
      vertex -9.600000e+001  2.700000e+000  0.000000e+000
      vertex -9.762634e+001 -3.373654e+000  0.000000e+000
    endloop
  endfacet
  facet normal  0.000000e+000  0.000000e+000 -1.000000e+000
    outer loop
      vertex -1.100000e+002 -9.343145e+000  0.000000e+000
      vertex -9.762634e+001 -3.373654e+000  0.000000e+000
      vertex -9.830000e+001 -5.000000e+000  0.000000e+000
    endloop
  endfacet
  facet normal  0.000000e+000  -0.000000e+000 -1.000000e+000
    outer loop
      vertex -1.100000e+002 -9.343145e+000  0.000000e+000
      vertex -9.830000e+001 -5.000000e+000  0.000000e+000
      vertex -9.762634e+001 -6.626346e+000  0.000000e+000
    endloop
  endfacet
  facet normal  0.000000e+000  -0.000000e+000 -9.999999e-001
    outer loop
      vertex -1.100000e+002 -9.343145e+000  0.000000e+000
      vertex -9.762634e+001 -6.626346e+000  0.000000e+000
      vertex -9.600000e+001 -7.300000e+000  0.000000e+000
    endloop
  endfacet
  facet normal  0.000000e+000  0.000000e+000 -9.999999e-001
    outer loop
      vertex -1.100000e+002 -9.343145e+000  0.000000e+000
      vertex -9.600000e+001 -7.300000e+000  0.000000e+000
      vertex -1.000000e+002 -1.500000e+001  0.000000e+000
    endloop
  endfacet
  facet normal  0.000000e+000  0.000000e+000 -9.999999e-001
    outer loop
      vertex -1.100000e+002 -9.343145e+000  0.000000e+000
      vertex -1.000000e+002 -1.500000e+001  0.000000e+000
      vertex -1.020000e+002 -1.500000e+001  0.000000e+000
    endloop
  endfacet
  facet normal  0.000000e+000  -0.000000e+000 -1.000000e+000
    outer loop
      vertex -1.100000e+002  5.807612e+000  0.000000e+000
      vertex -9.700000e+001  1.500000e+001  0.000000e+000
      vertex -9.600000e+001  7.300000e+000  0.000000e+000
    endloop
  endfacet
  facet normal  0.000000e+000  0.000000e+000 -1.000000e+000
    outer loop
      vertex -1.100000e+002  5.807612e+000  0.000000e+000
      vertex -9.600000e+001  7.300000e+000  0.000000e+000
      vertex -9.762634e+001  6.626346e+000  0.000000e+000
    endloop
  endfacet
  facet normal  0.000000e+000  0.000000e+000 -1.000000e+000
    outer loop
      vertex -1.100000e+002  5.807612e+000  0.000000e+000
      vertex -9.762634e+001  6.626346e+000  0.000000e+000
      vertex -9.830000e+001  5.000000e+000  0.000000e+000
    endloop
  endfacet
  facet normal  0.000000e+000  0.000000e+000 -1.000000e+000
    outer loop
      vertex  9.700000e+001  1.500000e+001  0.000000e+000
      vertex  1.100000e+002  5.807612e+000  0.000000e+000
      vertex  9.762634e+001  6.626346e+000  0.000000e+000
    endloop
  endfacet
  facet normal  0.000000e+000  0.000000e+000 -1.000000e+000
    outer loop
      vertex  9.700000e+001  1.500000e+001  0.000000e+000
      vertex  9.762634e+001  6.626346e+000  0.000000e+000
      vertex  9.600000e+001  7.300000e+000  0.000000e+000
    endloop
  endfacet
  facet normal  0.000000e+000  0.000000e+000 -1.000000e+000
    outer loop
      vertex  9.700000e+001  1.500000e+001  0.000000e+000
      vertex  9.600000e+001  7.300000e+000  0.000000e+000
      vertex  9.200000e+001  1.000000e+001  0.000000e+000
    endloop
  endfacet
  facet normal  0.000000e+000  0.000000e+000 -1.000000e+000
    outer loop
      vertex  9.700000e+001  1.500000e+001  0.000000e+000
      vertex  9.200000e+001  1.000000e+001  0.000000e+000
      vertex -9.700000e+001  1.500000e+001  0.000000e+000
    endloop
  endfacet
  facet normal  0.000000e+000  0.000000e+000 -1.000000e+000
    outer loop
      vertex -9.700000e+001  1.500000e+001  0.000000e+000
      vertex  9.200000e+001  1.000000e+001  0.000000e+000
      vertex  5.200000e+001  1.000000e+001  0.000000e+000
    endloop
  endfacet
  facet normal  -0.000000e+000  0.000000e+000 -9.999999e-001
    outer loop
      vertex -9.700000e+001  1.500000e+001  0.000000e+000
      vertex  5.200000e+001  1.000000e+001  0.000000e+000
      vertex  4.750000e+001  7.300000e+000  0.000000e+000
    endloop
  endfacet
  facet normal  0.000000e+000  0.000000e+000 -9.999999e-001
    outer loop
      vertex -9.700000e+001  1.500000e+001  0.000000e+000
      vertex  4.750000e+001  7.300000e+000  0.000000e+000
      vertex -5.200000e+001  1.000000e+001  0.000000e+000
    endloop
  endfacet
  facet normal  0.000000e+000  0.000000e+000 -1.000000e+000
    outer loop
      vertex -9.700000e+001  1.500000e+001  0.000000e+000
      vertex -5.200000e+001  1.000000e+001  0.000000e+000
      vertex -9.200000e+001  1.000000e+001  0.000000e+000
    endloop
  endfacet
  facet normal  -0.000000e+000  0.000000e+000 -1.000000e+000
    outer loop
      vertex -9.700000e+001  1.500000e+001  0.000000e+000
      vertex -9.200000e+001  1.000000e+001  0.000000e+000
      vertex -9.600000e+001  7.300000e+000  0.000000e+000
    endloop
  endfacet
  facet normal  0.000000e+000  -0.000000e+000 -9.999999e-001
    outer loop
      vertex -5.200000e+001 -1.000000e+001  0.000000e+000
      vertex -4.980000e+001  5.000000e+000  0.000000e+000
      vertex -4.912635e+001  3.373654e+000  0.000000e+000
    endloop
  endfacet
  facet normal  0.000000e+000  -0.000000e+000 -1.000000e+000
    outer loop
      vertex -5.200000e+001 -1.000000e+001  0.000000e+000
      vertex -4.912635e+001  3.373654e+000  0.000000e+000
      vertex -4.750000e+001  2.700000e+000  0.000000e+000
    endloop
  endfacet
  facet normal  0.000000e+000  0.000000e+000 -9.999999e-001
    outer loop
      vertex -5.200000e+001 -1.000000e+001  0.000000e+000
      vertex -4.750000e+001  2.700000e+000  0.000000e+000
      vertex -4.912635e+001 -3.373654e+000  0.000000e+000
    endloop
  endfacet
  facet normal  0.000000e+000  0.000000e+000 -9.999999e-001
    outer loop
      vertex -5.200000e+001 -1.000000e+001  0.000000e+000
      vertex -4.912635e+001 -3.373654e+000  0.000000e+000
      vertex -4.980000e+001 -5.000000e+000  0.000000e+000
    endloop
  endfacet
  facet normal  0.000000e+000  -0.000000e+000 -1.000000e+000
    outer loop
      vertex -5.200000e+001 -1.000000e+001  0.000000e+000
      vertex -4.980000e+001 -5.000000e+000  0.000000e+000
      vertex -4.912635e+001 -6.626346e+000  0.000000e+000
    endloop
  endfacet
  facet normal  0.000000e+000  -0.000000e+000 -1.000000e+000
    outer loop
      vertex -5.200000e+001 -1.000000e+001  0.000000e+000
      vertex -4.912635e+001 -6.626346e+000  0.000000e+000
      vertex -4.750000e+001 -7.300000e+000  0.000000e+000
    endloop
  endfacet
  facet normal  0.000000e+000  -0.000000e+000 -1.000000e+000
    outer loop
      vertex -5.200000e+001 -1.000000e+001  0.000000e+000
      vertex -4.750000e+001 -7.300000e+000  0.000000e+000
      vertex -3.707107e+001 -1.500000e+001  0.000000e+000
    endloop
  endfacet
  facet normal  0.000000e+000  0.000000e+000 -1.000000e+000
    outer loop
      vertex -5.200000e+001  1.000000e+001  0.000000e+000
      vertex  4.750000e+001  7.300000e+000  0.000000e+000
      vertex -4.750000e+001  7.300000e+000  0.000000e+000
    endloop
  endfacet
  facet normal  -0.000000e+000  0.000000e+000 -1.000000e+000
    outer loop
      vertex -5.200000e+001  1.000000e+001  0.000000e+000
      vertex -4.750000e+001  7.300000e+000  0.000000e+000
      vertex -4.912635e+001  6.626346e+000  0.000000e+000
    endloop
  endfacet
  facet normal  -0.000000e+000  0.000000e+000 -1.000000e+000
    outer loop
      vertex -5.200000e+001  1.000000e+001  0.000000e+000
      vertex -4.912635e+001  6.626346e+000  0.000000e+000
      vertex -4.980000e+001  5.000000e+000  0.000000e+000
    endloop
  endfacet
  facet normal  -0.000000e+000  0.000000e+000 -9.999999e-001
    outer loop
      vertex -5.200000e+001  1.000000e+001  0.000000e+000
      vertex -4.980000e+001  5.000000e+000  0.000000e+000
      vertex -5.200000e+001 -1.000000e+001  0.000000e+000
    endloop
  endfacet
  facet normal  -0.000000e+000  0.000000e+000 -9.999999e-001
    outer loop
      vertex -3.353553e+001 -1.353553e+001  0.000000e+000
      vertex -3.515765e+001 -1.461940e+001  0.000000e+000
      vertex -3.707107e+001 -1.500000e+001  0.000000e+000
    endloop
  endfacet
  facet normal  0.000000e+000  0.000000e+000 -1.000000e+000
    outer loop
      vertex -3.353553e+001 -1.353553e+001  0.000000e+000
      vertex -3.707107e+001 -1.500000e+001  0.000000e+000
      vertex -4.750000e+001 -7.300000e+000  0.000000e+000
    endloop
  endfacet
  facet normal  0.000000e+000  0.000000e+000 -1.000000e+000
    outer loop
      vertex -3.353553e+001 -1.353553e+001  0.000000e+000
      vertex -4.750000e+001 -7.300000e+000  0.000000e+000
      vertex -4.587365e+001 -6.626346e+000  0.000000e+000
    endloop
  endfacet
  facet normal  0.000000e+000  0.000000e+000 -1.000000e+000
    outer loop
      vertex -3.353553e+001 -1.353553e+001  0.000000e+000
      vertex -4.587365e+001 -6.626346e+000  0.000000e+000
      vertex -4.520000e+001 -5.000000e+000  0.000000e+000
    endloop
  endfacet
  facet normal  0.000000e+000  0.000000e+000 -9.999999e-001
    outer loop
      vertex -3.353553e+001 -1.353553e+001  0.000000e+000
      vertex -4.520000e+001 -5.000000e+000  0.000000e+000
      vertex -4.587365e+001 -3.373654e+000  0.000000e+000
    endloop
  endfacet
  facet normal  0.000000e+000  0.000000e+000 -9.999999e-001
    outer loop
      vertex  3.353553e+001 -1.353553e+001  0.000000e+000
      vertex  4.587365e+001 -3.373654e+000  0.000000e+000
      vertex  4.520000e+001 -5.000000e+000  0.000000e+000
    endloop
  endfacet
  facet normal  0.000000e+000  -0.000000e+000 -1.000000e+000
    outer loop
      vertex  3.353553e+001 -1.353553e+001  0.000000e+000
      vertex  4.520000e+001 -5.000000e+000  0.000000e+000
      vertex  4.587365e+001 -6.626346e+000  0.000000e+000
    endloop
  endfacet
  facet normal  0.000000e+000  -0.000000e+000 -1.000000e+000
    outer loop
      vertex  3.353553e+001 -1.353553e+001  0.000000e+000
      vertex  4.587365e+001 -6.626346e+000  0.000000e+000
      vertex  4.750000e+001 -7.300000e+000  0.000000e+000
    endloop
  endfacet
  facet normal  0.000000e+000  -0.000000e+000 -1.000000e+000
    outer loop
      vertex  3.353553e+001 -1.353553e+001  0.000000e+000
      vertex  4.750000e+001 -7.300000e+000  0.000000e+000
      vertex  5.200000e+001 -1.000000e+001  0.000000e+000
    endloop
  endfacet
  facet normal  0.000000e+000  0.000000e+000 -1.000000e+000
    outer loop
      vertex  3.353553e+001 -1.353553e+001  0.000000e+000
      vertex  5.200000e+001 -1.000000e+001  0.000000e+000
      vertex  3.707107e+001 -1.500000e+001  0.000000e+000
    endloop
  endfacet
  facet normal  0.000000e+000  0.000000e+000 -9.999999e-001
    outer loop
      vertex  3.353553e+001 -1.353553e+001  0.000000e+000
      vertex  3.707107e+001 -1.500000e+001  0.000000e+000
      vertex  3.515765e+001 -1.461940e+001  0.000000e+000
    endloop
  endfacet
  facet normal  0.000000e+000  0.000000e+000 -1.000000e+000
    outer loop
      vertex  5.200000e+001 -1.000000e+001  0.000000e+000
      vertex  4.750000e+001 -7.300000e+000  0.000000e+000
      vertex  4.912635e+001 -6.626346e+000  0.000000e+000
    endloop
  endfacet
  facet normal  0.000000e+000  0.000000e+000 -1.000000e+000
    outer loop
      vertex  5.200000e+001 -1.000000e+001  0.000000e+000
      vertex  4.912635e+001 -6.626346e+000  0.000000e+000
      vertex  4.980000e+001 -5.000000e+000  0.000000e+000
    endloop
  endfacet
  facet normal  0.000000e+000  0.000000e+000 -9.999999e-001
    outer loop
      vertex  5.200000e+001 -1.000000e+001  0.000000e+000
      vertex  4.980000e+001 -5.000000e+000  0.000000e+000
      vertex  4.912635e+001 -3.373654e+000  0.000000e+000
    endloop
  endfacet
  facet normal  0.000000e+000  0.000000e+000 -9.999999e-001
    outer loop
      vertex  5.200000e+001 -1.000000e+001  0.000000e+000
      vertex  4.912635e+001 -3.373654e+000  0.000000e+000
      vertex  4.750000e+001  2.700000e+000  0.000000e+000
    endloop
  endfacet
  facet normal  0.000000e+000  0.000000e+000 -1.000000e+000
    outer loop
      vertex  5.200000e+001 -1.000000e+001  0.000000e+000
      vertex  4.750000e+001  2.700000e+000  0.000000e+000
      vertex  4.912635e+001  3.373654e+000  0.000000e+000
    endloop
  endfacet
  facet normal  0.000000e+000  0.000000e+000 -9.999999e-001
    outer loop
      vertex  5.200000e+001 -1.000000e+001  0.000000e+000
      vertex  4.912635e+001  3.373654e+000  0.000000e+000
      vertex  4.980000e+001  5.000000e+000  0.000000e+000
    endloop
  endfacet
  facet normal  -0.000000e+000  0.000000e+000 -1.000000e+000
    outer loop
      vertex  9.200000e+001  1.000000e+001  0.000000e+000
      vertex  9.600000e+001  7.300000e+000  0.000000e+000
      vertex  9.437366e+001  6.626346e+000  0.000000e+000
    endloop
  endfacet
  facet normal  -0.000000e+000  0.000000e+000 -1.000000e+000
    outer loop
      vertex  9.200000e+001  1.000000e+001  0.000000e+000
      vertex  9.437366e+001  6.626346e+000  0.000000e+000
      vertex  9.370000e+001  5.000000e+000  0.000000e+000
    endloop
  endfacet
  facet normal  -0.000000e+000  0.000000e+000 -1.000000e+000
    outer loop
      vertex  9.200000e+001  1.000000e+001  0.000000e+000
      vertex  9.370000e+001  5.000000e+000  0.000000e+000
      vertex  9.200000e+001 -1.000000e+001  0.000000e+000
    endloop
  endfacet
  facet normal  0.000000e+000  0.000000e+000 -9.999999e-001
    outer loop
      vertex  1.100000e+002 -9.343145e+000  0.000000e+000
      vertex  1.020000e+002 -1.500000e+001  0.000000e+000
      vertex  1.000000e+002 -1.500000e+001  0.000000e+000
    endloop
  endfacet
  facet normal  0.000000e+000  0.000000e+000 -1.000000e+000
    outer loop
      vertex  1.100000e+002 -9.343145e+000  0.000000e+000
      vertex  1.000000e+002 -1.500000e+001  0.000000e+000
      vertex  9.528526e+001 -1.500000e+001  0.000000e+000
    endloop
  endfacet
  facet normal  0.000000e+000  0.000000e+000 -1.000000e+000
    outer loop
      vertex  1.100000e+002 -9.343145e+000  0.000000e+000
      vertex  9.528526e+001 -1.500000e+001  0.000000e+000
      vertex  9.600000e+001 -7.300000e+000  0.000000e+000
    endloop
  endfacet
  facet normal  0.000000e+000  0.000000e+000 -9.999999e-001
    outer loop
      vertex  1.100000e+002 -9.343145e+000  0.000000e+000
      vertex  9.600000e+001 -7.300000e+000  0.000000e+000
      vertex  9.762634e+001 -6.626346e+000  0.000000e+000
    endloop
  endfacet
  facet normal  0.000000e+000  0.000000e+000 -1.000000e+000
    outer loop
      vertex  1.100000e+002 -9.343145e+000  0.000000e+000
      vertex  9.762634e+001 -6.626346e+000  0.000000e+000
      vertex  9.830000e+001 -5.000000e+000  0.000000e+000
    endloop
  endfacet
  facet normal  0.000000e+000  0.000000e+000 -1.000000e+000
    outer loop
      vertex  1.100000e+002 -9.343145e+000  0.000000e+000
      vertex  9.830000e+001 -5.000000e+000  0.000000e+000
      vertex  9.762634e+001 -3.373654e+000  0.000000e+000
    endloop
  endfacet
  facet normal  0.000000e+000  0.000000e+000 -1.000000e+000
    outer loop
      vertex  1.100000e+002 -9.343145e+000  0.000000e+000
      vertex  9.762634e+001 -3.373654e+000  0.000000e+000
      vertex  9.600000e+001  2.700000e+000  0.000000e+000
    endloop
  endfacet
  facet normal  0.000000e+000  0.000000e+000 -1.000000e+000
    outer loop
      vertex  1.100000e+002 -9.343145e+000  0.000000e+000
      vertex  9.600000e+001  2.700000e+000  0.000000e+000
      vertex  9.762634e+001  3.373654e+000  0.000000e+000
    endloop
  endfacet
  facet normal  0.000000e+000  0.000000e+000 -1.000000e+000
    outer loop
      vertex  1.100000e+002 -9.343145e+000  0.000000e+000
      vertex  9.762634e+001  3.373654e+000  0.000000e+000
      vertex  9.830000e+001  5.000000e+000  0.000000e+000
    endloop
  endfacet
  facet normal  0.000000e+000  0.000000e+000 -1.000000e+000
    outer loop
      vertex  1.100000e+002 -9.343145e+000  0.000000e+000
      vertex  9.830000e+001  5.000000e+000  0.000000e+000
      vertex  9.762634e+001  6.626346e+000  0.000000e+000
    endloop
  endfacet
  facet normal  0.000000e+000  0.000000e+000 -1.000000e+000
    outer loop
      vertex  1.100000e+002 -9.343145e+000  0.000000e+000
      vertex  9.762634e+001  6.626346e+000  0.000000e+000
      vertex  1.100000e+002  5.807612e+000  0.000000e+000
    endloop
  endfacet
  facet normal  0.000000e+000  0.000000e+000 -9.999999e-001
    outer loop
      vertex  4.520000e+001  5.000000e+000  0.000000e+000
      vertex -4.587365e+001  6.626346e+000  0.000000e+000
      vertex  4.587365e+001  6.626346e+000  0.000000e+000
    endloop
  endfacet
  facet normal  0.000000e+000  0.000000e+000 -9.999999e-001
    outer loop
      vertex  4.587365e+001  6.626346e+000  0.000000e+000
      vertex -4.587365e+001  6.626346e+000  0.000000e+000
      vertex -4.750000e+001  7.300000e+000  0.000000e+000
    endloop
  endfacet
  facet normal  0.000000e+000  0.000000e+000 -1.000000e+000
    outer loop
      vertex  4.587365e+001  6.626346e+000  0.000000e+000
      vertex -4.750000e+001  7.300000e+000  0.000000e+000
      vertex  4.750000e+001  7.300000e+000  0.000000e+000
    endloop
  endfacet
  facet normal  0.000000e+000  0.000000e+000 -1.000000e+000
    outer loop
      vertex -4.587365e+001  6.626346e+000  0.000000e+000
      vertex  4.520000e+001  5.000000e+000  0.000000e+000
      vertex -4.520000e+001  5.000000e+000  0.000000e+000
    endloop
  endfacet
  facet normal  0.000000e+000  0.000000e+000 -1.000000e+000
    outer loop
      vertex -4.520000e+001  5.000000e+000  0.000000e+000
      vertex  4.520000e+001  5.000000e+000  0.000000e+000
      vertex  4.587365e+001  3.373654e+000  0.000000e+000
    endloop
  endfacet
  facet normal  0.000000e+000  0.000000e+000 -9.999999e-001
    outer loop
      vertex -4.520000e+001  5.000000e+000  0.000000e+000
      vertex  4.587365e+001  3.373654e+000  0.000000e+000
      vertex -4.587365e+001  3.373654e+000  0.000000e+000
    endloop
  endfacet
  facet normal  0.000000e+000  0.000000e+000 -1.000000e+000
    outer loop
      vertex -4.587365e+001  3.373654e+000  0.000000e+000
      vertex  4.587365e+001  3.373654e+000  0.000000e+000
      vertex  4.750000e+001  2.700000e+000  0.000000e+000
    endloop
  endfacet
  facet normal  0.000000e+000  0.000000e+000 -1.000000e+000
    outer loop
      vertex -4.587365e+001  3.373654e+000  0.000000e+000
      vertex  4.750000e+001  2.700000e+000  0.000000e+000
      vertex -4.750000e+001  2.700000e+000  0.000000e+000
    endloop
  endfacet
  facet normal  0.000000e+000  0.000000e+000 -1.000000e+000
    outer loop
      vertex  4.912635e+001 -3.373654e+000  0.000000e+000
      vertex  4.750000e+001 -2.700000e+000  0.000000e+000
      vertex  4.750000e+001  2.700000e+000  0.000000e+000
    endloop
  endfacet
  facet normal  0.000000e+000  -0.000000e+000 -1.000000e+000
    outer loop
      vertex  4.750000e+001  2.700000e+000  0.000000e+000
      vertex  4.750000e+001 -2.700000e+000  0.000000e+000
      vertex  1.984235e+001 -3.806023e-001  0.000000e+000
    endloop
  endfacet
  facet normal  0.000000e+000  0.000000e+000 -1.000000e+000
    outer loop
      vertex  4.750000e+001  2.700000e+000  0.000000e+000
      vertex  1.984235e+001 -3.806023e-001  0.000000e+000
      vertex  1.792893e+001  1.684383e-015  0.000000e+000
    endloop
  endfacet
  facet normal  0.000000e+000 -1.000000e+000  0.000000e+000
    outer loop
      vertex  3.707107e+001 -1.500000e+001  7.000000e+000
      vertex  9.528526e+001 -1.500000e+001  0.000000e+000
      vertex  1.000000e+002 -1.500000e+001  0.000000e+000
    endloop
  endfacet
  facet normal  0.000000e+000 -1.000000e+000  0.000000e+000
    outer loop
      vertex  3.707107e+001 -1.500000e+001  7.000000e+000
      vertex  3.707107e+001 -1.500000e+001  0.000000e+000
      vertex  9.528526e+001 -1.500000e+001  0.000000e+000
    endloop
  endfacet
  facet normal  0.000000e+000 -1.000000e+000  0.000000e+000
    outer loop
      vertex  1.020000e+002 -1.500000e+001  0.000000e+000
      vertex  1.100000e+002 -1.500000e+001  8.000000e+000
      vertex  1.030000e+002 -1.500000e+001  7.000000e+000
    endloop
  endfacet
  facet normal  -0.000000e+000 -1.000000e+000  0.000000e+000
    outer loop
      vertex  1.020000e+002 -1.500000e+001  0.000000e+000
      vertex  1.030000e+002 -1.500000e+001  7.000000e+000
      vertex  1.000000e+002 -1.500000e+001  7.000000e+000
    endloop
  endfacet
  facet normal  -0.000000e+000 -9.999999e-001  -0.000000e+000
    outer loop
      vertex  1.020000e+002 -1.500000e+001  0.000000e+000
      vertex  1.000000e+002 -1.500000e+001  7.000000e+000
      vertex  3.707107e+001 -1.500000e+001  7.000000e+000
    endloop
  endfacet
  facet normal  0.000000e+000 -1.000000e+000  0.000000e+000
    outer loop
      vertex  1.020000e+002 -1.500000e+001  0.000000e+000
      vertex  3.707107e+001 -1.500000e+001  7.000000e+000
      vertex  1.000000e+002 -1.500000e+001  0.000000e+000
    endloop
  endfacet
  facet normal  -0.000000e+000 -1.000000e+000  0.000000e+000
    outer loop
      vertex  1.030000e+002 -1.500000e+001  7.000000e+000
      vertex  1.100000e+002 -1.500000e+001  8.000000e+000
      vertex  1.030000e+002 -1.500000e+001  3.700000e+001
    endloop
  endfacet
  facet normal  0.000000e+000 -1.000000e+000  0.000000e+000
    outer loop
      vertex  1.030000e+002 -1.500000e+001  3.700000e+001
      vertex  1.100000e+002 -1.500000e+001  8.000000e+000
      vertex  1.100000e+002 -1.500000e+001  3.700000e+001
    endloop
  endfacet
  facet normal -5.000000e-001 -7.071067e-001 -5.000000e-001
    outer loop
      vertex -1.100000e+002 -9.343145e+000  0.000000e+000
      vertex -1.020000e+002 -1.500000e+001  0.000000e+000
      vertex -1.100000e+002 -1.500000e+001  8.000000e+000
    endloop
  endfacet
  facet normal -1.000000e+000  0.000000e+000  0.000000e+000
    outer loop
      vertex -1.100000e+002  5.807612e+000  0.000000e+000
      vertex -1.100000e+002  5.500000e+000  1.700000e+001
      vertex -1.100000e+002  6.232233e+000  1.523223e+001
    endloop
  endfacet
  facet normal -1.000000e+000  0.000000e+000  0.000000e+000
    outer loop
      vertex -1.100000e+002 -1.050000e+001  1.700000e+001
      vertex -1.100000e+002 -1.500000e+001  8.000000e+000
      vertex -1.100000e+002 -9.767767e+000  1.876777e+001
    endloop
  endfacet
  facet normal -1.000000e+000  0.000000e+000  -0.000000e+000
    outer loop
      vertex -1.100000e+002 -5.500000e+000  1.700000e+001
      vertex -1.100000e+002 -2.500000e+000  3.100000e+001
      vertex -1.100000e+002 -1.767767e+000  2.923223e+001
    endloop
  endfacet
  facet normal -1.000000e+000  0.000000e+000  -0.000000e+000
    outer loop
      vertex -1.100000e+002 -5.500000e+000  1.700000e+001
      vertex -1.100000e+002 -1.767767e+000  2.923223e+001
      vertex -1.100000e+002  5.500000e+000  1.700000e+001
    endloop
  endfacet
  facet normal -1.000000e+000  -0.000000e+000  -0.000000e+000
    outer loop
      vertex -1.100000e+002 -5.500000e+000  1.700000e+001
      vertex -1.100000e+002  5.500000e+000  1.700000e+001
      vertex -1.100000e+002  5.807612e+000  0.000000e+000
    endloop
  endfacet
  facet normal -9.999999e-001  0.000000e+000  0.000000e+000
    outer loop
      vertex -1.100000e+002 -5.500000e+000  1.700000e+001
      vertex -1.100000e+002  5.807612e+000  0.000000e+000
      vertex -1.100000e+002 -9.343145e+000  0.000000e+000
    endloop
  endfacet
  facet normal -1.000000e+000  0.000000e+000  0.000000e+000
    outer loop
      vertex -1.100000e+002  2.500000e+000  3.100000e+001
      vertex -1.100000e+002  9.767767e+000  1.876777e+001
      vertex -1.100000e+002  8.000000e+000  1.950000e+001
    endloop
  endfacet
  facet normal -9.999999e-001  -0.000000e+000  0.000000e+000
    outer loop
      vertex -1.100000e+002  2.500000e+000  3.100000e+001
      vertex -1.100000e+002  8.000000e+000  1.950000e+001
      vertex -1.100000e+002  6.232233e+000  1.876777e+001
    endloop
  endfacet
  facet normal -1.000000e+000  -0.000000e+000  0.000000e+000
    outer loop
      vertex -1.100000e+002  2.500000e+000  3.100000e+001
      vertex -1.100000e+002  6.232233e+000  1.876777e+001
      vertex -1.100000e+002  5.500000e+000  1.700000e+001
    endloop
  endfacet
  facet normal -1.000000e+000  0.000000e+000  0.000000e+000
    outer loop
      vertex -1.100000e+002 -9.343145e+000  0.000000e+000
      vertex -1.100000e+002 -1.500000e+001  8.000000e+000
      vertex -1.100000e+002 -1.050000e+001  1.700000e+001
    endloop
  endfacet
  facet normal -1.000000e+000  0.000000e+000  0.000000e+000
    outer loop
      vertex -1.100000e+002 -9.343145e+000  0.000000e+000
      vertex -1.100000e+002 -1.050000e+001  1.700000e+001
      vertex -1.100000e+002 -9.767767e+000  1.523223e+001
    endloop
  endfacet
  facet normal -1.000000e+000  0.000000e+000  0.000000e+000
    outer loop
      vertex -1.100000e+002 -9.343145e+000  0.000000e+000
      vertex -1.100000e+002 -9.767767e+000  1.523223e+001
      vertex -1.100000e+002 -8.000000e+000  1.450000e+001
    endloop
  endfacet
  facet normal -1.000000e+000  0.000000e+000  -0.000000e+000
    outer loop
      vertex -1.100000e+002 -9.343145e+000  0.000000e+000
      vertex -1.100000e+002 -8.000000e+000  1.450000e+001
      vertex -1.100000e+002 -6.232233e+000  1.523223e+001
    endloop
  endfacet
  facet normal -1.000000e+000  0.000000e+000  -0.000000e+000
    outer loop
      vertex -1.100000e+002 -9.343145e+000  0.000000e+000
      vertex -1.100000e+002 -6.232233e+000  1.523223e+001
      vertex -1.100000e+002 -5.500000e+000  1.700000e+001
    endloop
  endfacet
  facet normal -1.000000e+000  0.000000e+000  0.000000e+000
    outer loop
      vertex -1.100000e+002  1.300000e+001  3.700000e+001
      vertex -1.100000e+002  1.300000e+001  1.017157e+001
      vertex -1.100000e+002  1.050000e+001  1.700000e+001
    endloop
  endfacet
  facet normal -9.999999e-001  0.000000e+000  0.000000e+000
    outer loop
      vertex -1.100000e+002  1.300000e+001  3.700000e+001
      vertex -1.100000e+002  1.050000e+001  1.700000e+001
      vertex -1.100000e+002  9.767767e+000  1.876777e+001
    endloop
  endfacet
  facet normal -1.000000e+000  0.000000e+000  0.000000e+000
    outer loop
      vertex -1.100000e+002  1.300000e+001  3.700000e+001
      vertex -1.100000e+002  9.767767e+000  1.876777e+001
      vertex -1.100000e+002  2.500000e+000  3.100000e+001
    endloop
  endfacet
  facet normal -1.000000e+000  0.000000e+000  0.000000e+000
    outer loop
      vertex -1.100000e+002  1.300000e+001  3.700000e+001
      vertex -1.100000e+002  2.500000e+000  3.100000e+001
      vertex -1.100000e+002  1.767767e+000  3.276777e+001
    endloop
  endfacet
  facet normal -1.000000e+000  0.000000e+000  0.000000e+000
    outer loop
      vertex -1.100000e+002  1.300000e+001  3.700000e+001
      vertex -1.100000e+002  1.767767e+000  3.276777e+001
      vertex -1.100000e+002  0.000000e+000  3.350000e+001
    endloop
  endfacet
  facet normal -1.000000e+000  0.000000e+000  0.000000e+000
    outer loop
      vertex -1.100000e+002  1.300000e+001  3.700000e+001
      vertex -1.100000e+002  0.000000e+000  3.350000e+001
      vertex -1.100000e+002 -1.500000e+001  3.700000e+001
    endloop
  endfacet
  facet normal -1.000000e+000  -0.000000e+000  0.000000e+000
    outer loop
      vertex -1.100000e+002 -1.500000e+001  3.700000e+001
      vertex -1.100000e+002  0.000000e+000  3.350000e+001
      vertex -1.100000e+002 -1.767767e+000  3.276777e+001
    endloop
  endfacet
  facet normal -9.999999e-001  -0.000000e+000  0.000000e+000
    outer loop
      vertex -1.100000e+002 -1.500000e+001  3.700000e+001
      vertex -1.100000e+002 -1.767767e+000  3.276777e+001
      vertex -1.100000e+002 -9.767767e+000  1.876777e+001
    endloop
  endfacet
  facet normal -1.000000e+000  -0.000000e+000  0.000000e+000
    outer loop
      vertex -1.100000e+002 -1.500000e+001  3.700000e+001
      vertex -1.100000e+002 -9.767767e+000  1.876777e+001
      vertex -1.100000e+002 -1.500000e+001  8.000000e+000
    endloop
  endfacet
  facet normal -1.000000e+000  0.000000e+000  0.000000e+000
    outer loop
      vertex -1.100000e+002  1.300000e+001  1.017157e+001
      vertex -1.100000e+002  5.807612e+000  0.000000e+000
      vertex -1.100000e+002  6.232233e+000  1.523223e+001
    endloop
  endfacet
  facet normal -1.000000e+000  0.000000e+000  0.000000e+000
    outer loop
      vertex -1.100000e+002  1.300000e+001  1.017157e+001
      vertex -1.100000e+002  6.232233e+000  1.523223e+001
      vertex -1.100000e+002  8.000000e+000  1.450000e+001
    endloop
  endfacet
  facet normal -9.999999e-001  0.000000e+000  0.000000e+000
    outer loop
      vertex -1.100000e+002  1.300000e+001  1.017157e+001
      vertex -1.100000e+002  8.000000e+000  1.450000e+001
      vertex -1.100000e+002  9.767767e+000  1.523223e+001
    endloop
  endfacet
  facet normal -1.000000e+000  0.000000e+000  0.000000e+000
    outer loop
      vertex -1.100000e+002  1.300000e+001  1.017157e+001
      vertex -1.100000e+002  9.767767e+000  1.523223e+001
      vertex -1.100000e+002  1.050000e+001  1.700000e+001
    endloop
  endfacet
  facet normal -1.000000e+000  0.000000e+000  0.000000e+000
    outer loop
      vertex -1.100000e+002 -2.500000e+000  3.100000e+001
      vertex -1.100000e+002 -5.500000e+000  1.700000e+001
      vertex -1.100000e+002 -6.232233e+000  1.876777e+001
    endloop
  endfacet
  facet normal -9.999999e-001  0.000000e+000  0.000000e+000
    outer loop
      vertex -1.100000e+002 -2.500000e+000  3.100000e+001
      vertex -1.100000e+002 -6.232233e+000  1.876777e+001
      vertex -1.100000e+002 -8.000000e+000  1.950000e+001
    endloop
  endfacet
  facet normal -1.000000e+000  -0.000000e+000  0.000000e+000
    outer loop
      vertex -1.100000e+002 -2.500000e+000  3.100000e+001
      vertex -1.100000e+002 -8.000000e+000  1.950000e+001
      vertex -1.100000e+002 -9.767767e+000  1.876777e+001
    endloop
  endfacet
  facet normal -1.000000e+000  0.000000e+000  0.000000e+000
    outer loop
      vertex -1.100000e+002 -2.500000e+000  3.100000e+001
      vertex -1.100000e+002 -9.767767e+000  1.876777e+001
      vertex -1.100000e+002 -1.767767e+000  3.276777e+001
    endloop
  endfacet
  facet normal -1.000000e+000  0.000000e+000  0.000000e+000
    outer loop
      vertex -1.100000e+002  5.500000e+000  1.700000e+001
      vertex -1.100000e+002 -1.767767e+000  2.923223e+001
      vertex -1.100000e+002  0.000000e+000  2.850000e+001
    endloop
  endfacet
  facet normal -9.999999e-001  0.000000e+000  0.000000e+000
    outer loop
      vertex -1.100000e+002  5.500000e+000  1.700000e+001
      vertex -1.100000e+002  0.000000e+000  2.850000e+001
      vertex -1.100000e+002  1.767767e+000  2.923223e+001
    endloop
  endfacet
  facet normal -1.000000e+000  0.000000e+000  0.000000e+000
    outer loop
      vertex -1.100000e+002  5.500000e+000  1.700000e+001
      vertex -1.100000e+002  1.767767e+000  2.923223e+001
      vertex -1.100000e+002  2.500000e+000  3.100000e+001
    endloop
  endfacet
  facet normal  0.000000e+000 -1.000000e+000  0.000000e+000
    outer loop
      vertex -3.707107e+001 -1.500000e+001  7.000000e+000
      vertex -1.020000e+002 -1.500000e+001  0.000000e+000
      vertex -1.000000e+002 -1.500000e+001  0.000000e+000
    endloop
  endfacet
  facet normal  0.000000e+000 -1.000000e+000  0.000000e+000
    outer loop
      vertex -3.707107e+001 -1.500000e+001  7.000000e+000
      vertex -1.000000e+002 -1.500000e+001  0.000000e+000
      vertex -9.528526e+001 -1.500000e+001  0.000000e+000
    endloop
  endfacet
  facet normal  0.000000e+000 -1.000000e+000  0.000000e+000
    outer loop
      vertex -3.707107e+001 -1.500000e+001  7.000000e+000
      vertex -9.528526e+001 -1.500000e+001  0.000000e+000
      vertex -3.707107e+001 -1.500000e+001  0.000000e+000
    endloop
  endfacet
  facet normal  -0.000000e+000 -9.999999e-001  0.000000e+000
    outer loop
      vertex -1.020000e+002 -1.500000e+001  0.000000e+000
      vertex -3.707107e+001 -1.500000e+001  7.000000e+000
      vertex -1.000000e+002 -1.500000e+001  7.000000e+000
    endloop
  endfacet
  facet normal  -0.000000e+000 -1.000000e+000  0.000000e+000
    outer loop
      vertex -1.020000e+002 -1.500000e+001  0.000000e+000
      vertex -1.000000e+002 -1.500000e+001  7.000000e+000
      vertex -1.030000e+002 -1.500000e+001  7.000000e+000
    endloop
  endfacet
  facet normal  -0.000000e+000 -1.000000e+000  -0.000000e+000
    outer loop
      vertex -1.020000e+002 -1.500000e+001  0.000000e+000
      vertex -1.030000e+002 -1.500000e+001  7.000000e+000
      vertex -1.100000e+002 -1.500000e+001  8.000000e+000
    endloop
  endfacet
  facet normal  0.000000e+000 -1.000000e+000  0.000000e+000
    outer loop
      vertex -1.100000e+002 -1.500000e+001  8.000000e+000
      vertex -1.030000e+002 -1.500000e+001  7.000000e+000
      vertex -1.100000e+002 -1.500000e+001  3.700000e+001
    endloop
  endfacet
  facet normal  0.000000e+000 -1.000000e+000  0.000000e+000
    outer loop
      vertex -1.100000e+002 -1.500000e+001  3.700000e+001
      vertex -1.030000e+002 -1.500000e+001  7.000000e+000
      vertex -1.030000e+002 -1.500000e+001  3.700000e+001
    endloop
  endfacet
  facet normal -5.000000e-001  7.071067e-001 -5.000000e-001
    outer loop
      vertex -1.100000e+002  5.807612e+000  0.000000e+000
      vertex -1.100000e+002  1.300000e+001  1.017157e+001
      vertex -9.700000e+001  1.500000e+001  0.000000e+000
    endloop
  endfacet
  facet normal -5.000000e-001  7.071068e-001 -5.000000e-001
    outer loop
      vertex -9.700000e+001  1.500000e+001  0.000000e+000
      vertex -1.100000e+002  1.300000e+001  1.017157e+001
      vertex -1.080000e+002  1.500000e+001  1.100000e+001
    endloop
  endfacet
  facet normal  0.000000e+000  1.000000e+000  0.000000e+000
    outer loop
      vertex -1.030000e+002  1.500000e+001  7.000000e+000
      vertex  1.030000e+002  1.500000e+001  7.000000e+000
      vertex -1.500000e+001  1.500000e+001  5.150000e+000
    endloop
  endfacet
  facet normal  0.000000e+000  1.000000e+000  0.000000e+000
    outer loop
      vertex -1.030000e+002  1.500000e+001  7.000000e+000
      vertex -1.500000e+001  1.500000e+001  5.150000e+000
      vertex -9.700000e+001  1.500000e+001  0.000000e+000
    endloop
  endfacet
  facet normal  0.000000e+000  1.000000e+000  0.000000e+000
    outer loop
      vertex -1.030000e+002  1.500000e+001  7.000000e+000
      vertex -9.700000e+001  1.500000e+001  0.000000e+000
      vertex -1.080000e+002  1.500000e+001  1.100000e+001
    endloop
  endfacet
  facet normal  -0.000000e+000  1.000000e+000  0.000000e+000
    outer loop
      vertex -1.030000e+002  1.500000e+001  7.000000e+000
      vertex -1.080000e+002  1.500000e+001  1.100000e+001
      vertex -1.080000e+002  1.500000e+001  3.700000e+001
    endloop
  endfacet
  facet normal  -0.000000e+000  1.000000e+000  0.000000e+000
    outer loop
      vertex -1.030000e+002  1.500000e+001  7.000000e+000
      vertex -1.080000e+002  1.500000e+001  3.700000e+001
      vertex -1.030000e+002  1.500000e+001  3.700000e+001
    endloop
  endfacet
  facet normal  0.000000e+000  1.000000e+000  -0.000000e+000
    outer loop
      vertex  1.030000e+002  1.500000e+001  7.000000e+000
      vertex  9.700000e+001  1.500000e+001  0.000000e+000
      vertex  1.500000e+001  1.500000e+001  5.150000e+000
    endloop
  endfacet
  facet normal  0.000000e+000  9.999999e-001  -0.000000e+000
    outer loop
      vertex  1.030000e+002  1.500000e+001  7.000000e+000
      vertex  1.500000e+001  1.500000e+001  5.150000e+000
      vertex -1.010300e-016  1.500000e+001  5.150000e+000
    endloop
  endfacet
  facet normal  0.000000e+000  9.999999e-001  -0.000000e+000
    outer loop
      vertex  1.030000e+002  1.500000e+001  7.000000e+000
      vertex -1.010300e-016  1.500000e+001  5.150000e+000
      vertex -1.500000e+001  1.500000e+001  5.150000e+000
    endloop
  endfacet
  facet normal  0.000000e+000  1.000000e+000  0.000000e+000
    outer loop
      vertex -9.700000e+001  1.500000e+001  0.000000e+000
      vertex -1.500000e+001  1.500000e+001  5.150000e+000
      vertex -1.616673e+001  1.500000e+001  4.666726e+000
    endloop
  endfacet
  facet normal  0.000000e+000  1.000000e+000  0.000000e+000
    outer loop
      vertex -9.700000e+001  1.500000e+001  0.000000e+000
      vertex -1.616673e+001  1.500000e+001  4.666726e+000
      vertex -1.665000e+001  1.500000e+001  3.500000e+000
    endloop
  endfacet
  facet normal  0.000000e+000  1.000000e+000  0.000000e+000
    outer loop
      vertex -9.700000e+001  1.500000e+001  0.000000e+000
      vertex -1.665000e+001  1.500000e+001  3.500000e+000
      vertex -1.616673e+001  1.500000e+001  2.333274e+000
    endloop
  endfacet
  facet normal  0.000000e+000  1.000000e+000  0.000000e+000
    outer loop
      vertex -9.700000e+001  1.500000e+001  0.000000e+000
      vertex -1.616673e+001  1.500000e+001  2.333274e+000
      vertex -1.500000e+001  1.500000e+001  1.850000e+000
    endloop
  endfacet
  facet normal  -0.000000e+000  1.000000e+000  0.000000e+000
    outer loop
      vertex -9.700000e+001  1.500000e+001  0.000000e+000
      vertex -1.500000e+001  1.500000e+001  1.850000e+000
      vertex  3.030901e-016  1.500000e+001  1.850000e+000
    endloop
  endfacet
  facet normal  0.000000e+000  1.000000e+000  0.000000e+000
    outer loop
      vertex -9.700000e+001  1.500000e+001  0.000000e+000
      vertex  3.030901e-016  1.500000e+001  1.850000e+000
      vertex  9.700000e+001  1.500000e+001  0.000000e+000
    endloop
  endfacet
  facet normal  -0.000000e+000  1.000000e+000  0.000000e+000
    outer loop
      vertex  9.700000e+001  1.500000e+001  0.000000e+000
      vertex  3.030901e-016  1.500000e+001  1.850000e+000
      vertex  1.500000e+001  1.500000e+001  1.850000e+000
    endloop
  endfacet
  facet normal  -0.000000e+000  1.000000e+000  0.000000e+000
    outer loop
      vertex  9.700000e+001  1.500000e+001  0.000000e+000
      vertex  1.500000e+001  1.500000e+001  1.850000e+000
      vertex  1.616673e+001  1.500000e+001  2.333274e+000
    endloop
  endfacet
  facet normal  -0.000000e+000  1.000000e+000  0.000000e+000
    outer loop
      vertex  9.700000e+001  1.500000e+001  0.000000e+000
      vertex  1.616673e+001  1.500000e+001  2.333274e+000
      vertex  1.665000e+001  1.500000e+001  3.500000e+000
    endloop
  endfacet
  facet normal  -0.000000e+000  1.000000e+000  -0.000000e+000
    outer loop
      vertex  9.700000e+001  1.500000e+001  0.000000e+000
      vertex  1.665000e+001  1.500000e+001  3.500000e+000
      vertex  1.616673e+001  1.500000e+001  4.666726e+000
    endloop
  endfacet
  facet normal  -0.000000e+000  1.000000e+000  -0.000000e+000
    outer loop
      vertex  9.700000e+001  1.500000e+001  0.000000e+000
      vertex  1.616673e+001  1.500000e+001  4.666726e+000
      vertex  1.500000e+001  1.500000e+001  5.150000e+000
    endloop
  endfacet
  facet normal  0.000000e+000  1.000000e+000  0.000000e+000
    outer loop
      vertex  1.030000e+002  1.500000e+001  3.700000e+001
      vertex  1.080000e+002  1.500000e+001  3.700000e+001
      vertex  1.030000e+002  1.500000e+001  7.000000e+000
    endloop
  endfacet
  facet normal  0.000000e+000  1.000000e+000  0.000000e+000
    outer loop
      vertex  1.030000e+002  1.500000e+001  7.000000e+000
      vertex  1.080000e+002  1.500000e+001  3.700000e+001
      vertex  1.080000e+002  1.500000e+001  1.100000e+001
    endloop
  endfacet
  facet normal  0.000000e+000  1.000000e+000  0.000000e+000
    outer loop
      vertex  1.030000e+002  1.500000e+001  7.000000e+000
      vertex  1.080000e+002  1.500000e+001  1.100000e+001
      vertex  9.700000e+001  1.500000e+001  0.000000e+000
    endloop
  endfacet
  facet normal  0.000000e+000  1.000000e+000  0.000000e+000
    outer loop
      vertex -1.010300e-016  1.500000e+001  5.150000e+000
      vertex  1.500000e+001  1.500000e+001  5.150000e+000
      vertex  1.166726e+000  1.500000e+001  4.666726e+000
    endloop
  endfacet
  facet normal  0.000000e+000  1.000000e+000  0.000000e+000
    outer loop
      vertex  1.166726e+000  1.500000e+001  4.666726e+000
      vertex  1.500000e+001  1.500000e+001  5.150000e+000
      vertex  1.383327e+001  1.500000e+001  4.666726e+000
    endloop
  endfacet
  facet normal  0.000000e+000  1.000000e+000  0.000000e+000
    outer loop
      vertex  1.166726e+000  1.500000e+001  4.666726e+000
      vertex  1.383327e+001  1.500000e+001  4.666726e+000
      vertex  1.650000e+000  1.500000e+001  3.500000e+000
    endloop
  endfacet
  facet normal  0.000000e+000  1.000000e+000  0.000000e+000
    outer loop
      vertex  1.650000e+000  1.500000e+001  3.500000e+000
      vertex  1.383327e+001  1.500000e+001  4.666726e+000
      vertex  1.335000e+001  1.500000e+001  3.500000e+000
    endloop
  endfacet
  facet normal  0.000000e+000  1.000000e+000  0.000000e+000
    outer loop
      vertex  1.650000e+000  1.500000e+001  3.500000e+000
      vertex  1.335000e+001  1.500000e+001  3.500000e+000
      vertex  1.166726e+000  1.500000e+001  2.333274e+000
    endloop
  endfacet
  facet normal  0.000000e+000  1.000000e+000  0.000000e+000
    outer loop
      vertex  1.166726e+000  1.500000e+001  2.333274e+000
      vertex  1.335000e+001  1.500000e+001  3.500000e+000
      vertex  1.383327e+001  1.500000e+001  2.333274e+000
    endloop
  endfacet
  facet normal  0.000000e+000  9.999999e-001  0.000000e+000
    outer loop
      vertex  1.166726e+000  1.500000e+001  2.333274e+000
      vertex  1.383327e+001  1.500000e+001  2.333274e+000
      vertex  3.030901e-016  1.500000e+001  1.850000e+000
    endloop
  endfacet
  facet normal  0.000000e+000  1.000000e+000  0.000000e+000
    outer loop
      vertex  3.030901e-016  1.500000e+001  1.850000e+000
      vertex  1.383327e+001  1.500000e+001  2.333274e+000
      vertex  1.500000e+001  1.500000e+001  1.850000e+000
    endloop
  endfacet
  facet normal  0.000000e+000  1.000000e+000  0.000000e+000
    outer loop
      vertex -1.500000e+001  1.500000e+001  5.150000e+000
      vertex -1.010300e-016  1.500000e+001  5.150000e+000
      vertex -1.383327e+001  1.500000e+001  4.666726e+000
    endloop
  endfacet
  facet normal  0.000000e+000  1.000000e+000  0.000000e+000
    outer loop
      vertex -1.383327e+001  1.500000e+001  4.666726e+000
      vertex -1.010300e-016  1.500000e+001  5.150000e+000
      vertex -1.166726e+000  1.500000e+001  4.666726e+000
    endloop
  endfacet
  facet normal  0.000000e+000  1.000000e+000  0.000000e+000
    outer loop
      vertex -1.383327e+001  1.500000e+001  4.666726e+000
      vertex -1.166726e+000  1.500000e+001  4.666726e+000
      vertex -1.335000e+001  1.500000e+001  3.500000e+000
    endloop
  endfacet
  facet normal  0.000000e+000  1.000000e+000  0.000000e+000
    outer loop
      vertex -1.335000e+001  1.500000e+001  3.500000e+000
      vertex -1.166726e+000  1.500000e+001  4.666726e+000
      vertex -1.650000e+000  1.500000e+001  3.500000e+000
    endloop
  endfacet
  facet normal  0.000000e+000  1.000000e+000  0.000000e+000
    outer loop
      vertex -1.335000e+001  1.500000e+001  3.500000e+000
      vertex -1.650000e+000  1.500000e+001  3.500000e+000
      vertex -1.383327e+001  1.500000e+001  2.333274e+000
    endloop
  endfacet
  facet normal  0.000000e+000  1.000000e+000  0.000000e+000
    outer loop
      vertex -1.383327e+001  1.500000e+001  2.333274e+000
      vertex -1.650000e+000  1.500000e+001  3.500000e+000
      vertex -1.166726e+000  1.500000e+001  2.333274e+000
    endloop
  endfacet
  facet normal  0.000000e+000  9.999999e-001  0.000000e+000
    outer loop
      vertex -1.383327e+001  1.500000e+001  2.333274e+000
      vertex -1.166726e+000  1.500000e+001  2.333274e+000
      vertex -1.500000e+001  1.500000e+001  1.850000e+000
    endloop
  endfacet
  facet normal  0.000000e+000  1.000000e+000  0.000000e+000
    outer loop
      vertex -1.500000e+001  1.500000e+001  1.850000e+000
      vertex -1.166726e+000  1.500000e+001  2.333274e+000
      vertex  3.030901e-016  1.500000e+001  1.850000e+000
    endloop
  endfacet
  facet normal  0.000000e+000  0.000000e+000  1.000000e+000
    outer loop
      vertex -1.100000e+002 -1.500000e+001  3.700000e+001
      vertex -1.030000e+002 -1.500000e+001  3.700000e+001
      vertex -1.100000e+002  1.300000e+001  3.700000e+001
    endloop
  endfacet
  facet normal  -0.000000e+000  0.000000e+000  1.000000e+000
    outer loop
      vertex -1.100000e+002  1.300000e+001  3.700000e+001
      vertex -1.030000e+002 -1.500000e+001  3.700000e+001
      vertex -1.030000e+002  1.500000e+001  3.700000e+001
    endloop
  endfacet
  facet normal  0.000000e+000  0.000000e+000  1.000000e+000
    outer loop
      vertex -1.100000e+002  1.300000e+001  3.700000e+001
      vertex -1.030000e+002  1.500000e+001  3.700000e+001
      vertex -1.080000e+002  1.500000e+001  3.700000e+001
    endloop
  endfacet
  facet normal -7.071068e-001  7.071068e-001  0.000000e+000
    outer loop
      vertex -1.100000e+002  1.300000e+001  3.700000e+001
      vertex -1.080000e+002  1.500000e+001  3.700000e+001
      vertex -1.100000e+002  1.300000e+001  1.017157e+001
    endloop
  endfacet
  facet normal -7.071067e-001  7.071067e-001  0.000000e+000
    outer loop
      vertex -1.100000e+002  1.300000e+001  1.017157e+001
      vertex -1.080000e+002  1.500000e+001  3.700000e+001
      vertex -1.080000e+002  1.500000e+001  1.100000e+001
    endloop
  endfacet
  facet normal  5.000000e-001  7.071067e-001 -5.000000e-001
    outer loop
      vertex  1.100000e+002  5.807612e+000  0.000000e+000
      vertex  9.700000e+001  1.500000e+001  0.000000e+000
      vertex  1.100000e+002  1.300000e+001  1.017157e+001
    endloop
  endfacet
  facet normal  5.000000e-001  7.071068e-001 -5.000000e-001
    outer loop
      vertex  1.100000e+002  1.300000e+001  1.017157e+001
      vertex  9.700000e+001  1.500000e+001  0.000000e+000
      vertex  1.080000e+002  1.500000e+001  1.100000e+001
    endloop
  endfacet
  facet normal  0.000000e+000  0.000000e+000  1.000000e+000
    outer loop
      vertex  1.030000e+002 -1.500000e+001  3.700000e+001
      vertex  1.100000e+002 -1.500000e+001  3.700000e+001
      vertex  1.030000e+002  1.500000e+001  3.700000e+001
    endloop
  endfacet
  facet normal  0.000000e+000  0.000000e+000  1.000000e+000
    outer loop
      vertex  1.030000e+002  1.500000e+001  3.700000e+001
      vertex  1.100000e+002 -1.500000e+001  3.700000e+001
      vertex  1.100000e+002  1.300000e+001  3.700000e+001
    endloop
  endfacet
  facet normal  0.000000e+000  0.000000e+000  1.000000e+000
    outer loop
      vertex  1.030000e+002  1.500000e+001  3.700000e+001
      vertex  1.100000e+002  1.300000e+001  3.700000e+001
      vertex  1.080000e+002  1.500000e+001  3.700000e+001
    endloop
  endfacet
  facet normal  7.071067e-001  7.071067e-001  0.000000e+000
    outer loop
      vertex  1.080000e+002  1.500000e+001  3.700000e+001
      vertex  1.100000e+002  1.300000e+001  3.700000e+001
      vertex  1.080000e+002  1.500000e+001  1.100000e+001
    endloop
  endfacet
  facet normal  7.071068e-001  7.071068e-001  0.000000e+000
    outer loop
      vertex  1.080000e+002  1.500000e+001  1.100000e+001
      vertex  1.100000e+002  1.300000e+001  3.700000e+001
      vertex  1.100000e+002  1.300000e+001  1.017157e+001
    endloop
  endfacet
  facet normal  1.000000e+000  0.000000e+000  0.000000e+000
    outer loop
      vertex -1.030000e+002  5.500000e+000  1.700000e+001
      vertex -1.030000e+002  2.500000e+000  3.100000e+001
      vertex -1.030000e+002  1.767767e+000  2.923223e+001
    endloop
  endfacet
  facet normal  9.999999e-001  0.000000e+000  0.000000e+000
    outer loop
      vertex -1.030000e+002  5.500000e+000  1.700000e+001
      vertex -1.030000e+002  1.767767e+000  2.923223e+001
      vertex -1.030000e+002  0.000000e+000  2.850000e+001
    endloop
  endfacet
  facet normal  1.000000e+000  0.000000e+000  0.000000e+000
    outer loop
      vertex -1.030000e+002  5.500000e+000  1.700000e+001
      vertex -1.030000e+002  0.000000e+000  2.850000e+001
      vertex -1.030000e+002 -1.767767e+000  2.923223e+001
    endloop
  endfacet
  facet normal  1.000000e+000  0.000000e+000  0.000000e+000
    outer loop
      vertex -1.030000e+002  5.500000e+000  1.700000e+001
      vertex -1.030000e+002 -1.767767e+000  2.923223e+001
      vertex -1.030000e+002 -5.500000e+000  1.700000e+001
    endloop
  endfacet
  facet normal  1.000000e+000  -0.000000e+000  0.000000e+000
    outer loop
      vertex -1.030000e+002  5.500000e+000  1.700000e+001
      vertex -1.030000e+002 -5.500000e+000  1.700000e+001
      vertex -1.030000e+002  6.232233e+000  1.523223e+001
    endloop
  endfacet
  facet normal  1.000000e+000  0.000000e+000  -0.000000e+000
    outer loop
      vertex -1.030000e+002  2.500000e+000  3.100000e+001
      vertex -1.030000e+002  5.500000e+000  1.700000e+001
      vertex -1.030000e+002  6.232233e+000  1.876777e+001
    endloop
  endfacet
  facet normal  9.999999e-001  0.000000e+000  -0.000000e+000
    outer loop
      vertex -1.030000e+002  2.500000e+000  3.100000e+001
      vertex -1.030000e+002  6.232233e+000  1.876777e+001
      vertex -1.030000e+002  8.000000e+000  1.950000e+001
    endloop
  endfacet
  facet normal  1.000000e+000  -0.000000e+000  -0.000000e+000
    outer loop
      vertex -1.030000e+002  2.500000e+000  3.100000e+001
      vertex -1.030000e+002  8.000000e+000  1.950000e+001
      vertex -1.030000e+002  9.767767e+000  1.876777e+001
    endloop
  endfacet
  facet normal  1.000000e+000  -0.000000e+000  0.000000e+000
    outer loop
      vertex -1.030000e+002  1.500000e+001  3.700000e+001
      vertex -1.030000e+002 -1.500000e+001  3.700000e+001
      vertex -1.030000e+002  0.000000e+000  3.350000e+001
    endloop
  endfacet
  facet normal  1.000000e+000  -0.000000e+000  0.000000e+000
    outer loop
      vertex -1.030000e+002  1.500000e+001  3.700000e+001
      vertex -1.030000e+002  0.000000e+000  3.350000e+001
      vertex -1.030000e+002  1.767767e+000  3.276777e+001
    endloop
  endfacet
  facet normal  1.000000e+000  -0.000000e+000  0.000000e+000
    outer loop
      vertex -1.030000e+002  1.500000e+001  3.700000e+001
      vertex -1.030000e+002  1.767767e+000  3.276777e+001
      vertex -1.030000e+002  2.500000e+000  3.100000e+001
    endloop
  endfacet
  facet normal  9.999999e-001  -0.000000e+000  0.000000e+000
    outer loop
      vertex -1.030000e+002  1.500000e+001  3.700000e+001
      vertex -1.030000e+002  2.500000e+000  3.100000e+001
      vertex -1.030000e+002  9.767767e+000  1.876777e+001
    endloop
  endfacet
  facet normal  1.000000e+000  -0.000000e+000  0.000000e+000
    outer loop
      vertex -1.030000e+002  1.500000e+001  3.700000e+001
      vertex -1.030000e+002  9.767767e+000  1.876777e+001
      vertex -1.030000e+002  1.500000e+001  7.000000e+000
    endloop
  endfacet
  facet normal  1.000000e+000  0.000000e+000  0.000000e+000
    outer loop
      vertex -1.030000e+002 -1.500000e+001  3.700000e+001
      vertex -1.030000e+002 -1.500000e+001  7.000000e+000
      vertex -1.030000e+002 -9.767767e+000  1.876777e+001
    endloop
  endfacet
  facet normal  9.999999e-001  0.000000e+000  -0.000000e+000
    outer loop
      vertex -1.030000e+002 -1.500000e+001  3.700000e+001
      vertex -1.030000e+002 -9.767767e+000  1.876777e+001
      vertex -1.030000e+002 -1.767767e+000  3.276777e+001
    endloop
  endfacet
  facet normal  1.000000e+000  0.000000e+000  -0.000000e+000
    outer loop
      vertex -1.030000e+002 -1.500000e+001  3.700000e+001
      vertex -1.030000e+002 -1.767767e+000  3.276777e+001
      vertex -1.030000e+002  0.000000e+000  3.350000e+001
    endloop
  endfacet
  facet normal  1.000000e+000  0.000000e+000  0.000000e+000
    outer loop
      vertex -1.030000e+002  1.500000e+001  7.000000e+000
      vertex -1.030000e+002  9.767767e+000  1.876777e+001
      vertex -1.030000e+002  1.050000e+001  1.700000e+001
    endloop
  endfacet
  facet normal  1.000000e+000  0.000000e+000  0.000000e+000
    outer loop
      vertex -1.030000e+002  1.500000e+001  7.000000e+000
      vertex -1.030000e+002  1.050000e+001  1.700000e+001
      vertex -1.030000e+002  9.767767e+000  1.523223e+001
    endloop
  endfacet
  facet normal  1.000000e+000  0.000000e+000  0.000000e+000
    outer loop
      vertex -1.030000e+002  1.500000e+001  7.000000e+000
      vertex -1.030000e+002  9.767767e+000  1.523223e+001
      vertex -1.030000e+002  8.000000e+000  1.450000e+001
    endloop
  endfacet
  facet normal  1.000000e+000  0.000000e+000  0.000000e+000
    outer loop
      vertex -1.030000e+002  1.500000e+001  7.000000e+000
      vertex -1.030000e+002  8.000000e+000  1.450000e+001
      vertex -1.030000e+002  6.232233e+000  1.523223e+001
    endloop
  endfacet
  facet normal  1.000000e+000  0.000000e+000  0.000000e+000
    outer loop
      vertex -1.030000e+002  1.500000e+001  7.000000e+000
      vertex -1.030000e+002  6.232233e+000  1.523223e+001
      vertex -1.030000e+002 -5.500000e+000  1.700000e+001
    endloop
  endfacet
  facet normal  1.000000e+000  0.000000e+000  0.000000e+000
    outer loop
      vertex -1.030000e+002  1.500000e+001  7.000000e+000
      vertex -1.030000e+002 -5.500000e+000  1.700000e+001
      vertex -1.030000e+002 -6.232233e+000  1.523223e+001
    endloop
  endfacet
  facet normal  1.000000e+000  0.000000e+000  0.000000e+000
    outer loop
      vertex -1.030000e+002  1.500000e+001  7.000000e+000
      vertex -1.030000e+002 -6.232233e+000  1.523223e+001
      vertex -1.030000e+002 -8.000000e+000  1.450000e+001
    endloop
  endfacet
  facet normal  1.000000e+000  0.000000e+000  0.000000e+000
    outer loop
      vertex -1.030000e+002 -1.500000e+001  7.000000e+000
      vertex -1.030000e+002  1.500000e+001  7.000000e+000
      vertex -1.030000e+002 -8.000000e+000  1.450000e+001
    endloop
  endfacet
  facet normal  1.000000e+000  0.000000e+000  0.000000e+000
    outer loop
      vertex -1.030000e+002 -1.500000e+001  7.000000e+000
      vertex -1.030000e+002 -8.000000e+000  1.450000e+001
      vertex -1.030000e+002 -9.767767e+000  1.523223e+001
    endloop
  endfacet
  facet normal  1.000000e+000  0.000000e+000  0.000000e+000
    outer loop
      vertex -1.030000e+002 -1.500000e+001  7.000000e+000
      vertex -1.030000e+002 -9.767767e+000  1.523223e+001
      vertex -1.030000e+002 -1.050000e+001  1.700000e+001
    endloop
  endfacet
  facet normal  1.000000e+000  0.000000e+000  -0.000000e+000
    outer loop
      vertex -1.030000e+002 -1.500000e+001  7.000000e+000
      vertex -1.030000e+002 -1.050000e+001  1.700000e+001
      vertex -1.030000e+002 -9.767767e+000  1.876777e+001
    endloop
  endfacet
  facet normal  1.000000e+000  0.000000e+000  0.000000e+000
    outer loop
      vertex -1.030000e+002 -2.500000e+000  3.100000e+001
      vertex -1.030000e+002 -1.767767e+000  3.276777e+001
      vertex -1.030000e+002 -9.767767e+000  1.876777e+001
    endloop
  endfacet
  facet normal  1.000000e+000  0.000000e+000  0.000000e+000
    outer loop
      vertex -1.030000e+002 -2.500000e+000  3.100000e+001
      vertex -1.030000e+002 -9.767767e+000  1.876777e+001
      vertex -1.030000e+002 -8.000000e+000  1.950000e+001
    endloop
  endfacet
  facet normal  9.999999e-001  -0.000000e+000  0.000000e+000
    outer loop
      vertex -1.030000e+002 -2.500000e+000  3.100000e+001
      vertex -1.030000e+002 -8.000000e+000  1.950000e+001
      vertex -1.030000e+002 -6.232233e+000  1.876777e+001
    endloop
  endfacet
  facet normal  1.000000e+000  -0.000000e+000  0.000000e+000
    outer loop
      vertex -1.030000e+002 -2.500000e+000  3.100000e+001
      vertex -1.030000e+002 -6.232233e+000  1.876777e+001
      vertex -1.030000e+002 -5.500000e+000  1.700000e+001
    endloop
  endfacet
  facet normal  1.000000e+000  0.000000e+000  0.000000e+000
    outer loop
      vertex -1.030000e+002 -2.500000e+000  3.100000e+001
      vertex -1.030000e+002 -5.500000e+000  1.700000e+001
      vertex -1.030000e+002 -1.767767e+000  2.923223e+001
    endloop
  endfacet
  facet normal -1.000000e+000  0.000000e+000  0.000000e+000
    outer loop
      vertex  1.030000e+002  5.500000e+000  1.700000e+001
      vertex  1.030000e+002  6.232233e+000  1.523223e+001
      vertex  1.030000e+002 -5.500000e+000  1.700000e+001
    endloop
  endfacet
  facet normal -1.000000e+000  0.000000e+000  0.000000e+000
    outer loop
      vertex  1.030000e+002  5.500000e+000  1.700000e+001
      vertex  1.030000e+002 -5.500000e+000  1.700000e+001
      vertex  1.030000e+002 -1.767767e+000  2.923223e+001
    endloop
  endfacet
  facet normal -1.000000e+000  0.000000e+000  0.000000e+000
    outer loop
      vertex  1.030000e+002  5.500000e+000  1.700000e+001
      vertex  1.030000e+002 -1.767767e+000  2.923223e+001
      vertex  1.030000e+002  0.000000e+000  2.850000e+001
    endloop
  endfacet
  facet normal -9.999999e-001  0.000000e+000  0.000000e+000
    outer loop
      vertex  1.030000e+002  5.500000e+000  1.700000e+001
      vertex  1.030000e+002  0.000000e+000  2.850000e+001
      vertex  1.030000e+002  1.767767e+000  2.923223e+001
    endloop
  endfacet
  facet normal -1.000000e+000  0.000000e+000  0.000000e+000
    outer loop
      vertex  1.030000e+002  5.500000e+000  1.700000e+001
      vertex  1.030000e+002  1.767767e+000  2.923223e+001
      vertex  1.030000e+002  2.500000e+000  3.100000e+001
    endloop
  endfacet
  facet normal -1.000000e+000  0.000000e+000  0.000000e+000
    outer loop
      vertex  1.030000e+002  2.500000e+000  3.100000e+001
      vertex  1.030000e+002  9.767767e+000  1.876777e+001
      vertex  1.030000e+002  8.000000e+000  1.950000e+001
    endloop
  endfacet
  facet normal -9.999999e-001  -0.000000e+000  0.000000e+000
    outer loop
      vertex  1.030000e+002  2.500000e+000  3.100000e+001
      vertex  1.030000e+002  8.000000e+000  1.950000e+001
      vertex  1.030000e+002  6.232233e+000  1.876777e+001
    endloop
  endfacet
  facet normal -1.000000e+000  -0.000000e+000  0.000000e+000
    outer loop
      vertex  1.030000e+002  2.500000e+000  3.100000e+001
      vertex  1.030000e+002  6.232233e+000  1.876777e+001
      vertex  1.030000e+002  5.500000e+000  1.700000e+001
    endloop
  endfacet
  facet normal -1.000000e+000  0.000000e+000  0.000000e+000
    outer loop
      vertex  1.030000e+002  1.500000e+001  3.700000e+001
      vertex  1.030000e+002  1.500000e+001  7.000000e+000
      vertex  1.030000e+002  9.767767e+000  1.876777e+001
    endloop
  endfacet
  facet normal -9.999999e-001  0.000000e+000  0.000000e+000
    outer loop
      vertex  1.030000e+002  1.500000e+001  3.700000e+001
      vertex  1.030000e+002  9.767767e+000  1.876777e+001
      vertex  1.030000e+002  2.500000e+000  3.100000e+001
    endloop
  endfacet
  facet normal -1.000000e+000  0.000000e+000  0.000000e+000
    outer loop
      vertex  1.030000e+002  1.500000e+001  3.700000e+001
      vertex  1.030000e+002  2.500000e+000  3.100000e+001
      vertex  1.030000e+002  1.767767e+000  3.276777e+001
    endloop
  endfacet
  facet normal -1.000000e+000  0.000000e+000  0.000000e+000
    outer loop
      vertex  1.030000e+002  1.500000e+001  3.700000e+001
      vertex  1.030000e+002  1.767767e+000  3.276777e+001
      vertex  1.030000e+002  0.000000e+000  3.350000e+001
    endloop
  endfacet
  facet normal -1.000000e+000  0.000000e+000  0.000000e+000
    outer loop
      vertex  1.030000e+002  1.500000e+001  3.700000e+001
      vertex  1.030000e+002  0.000000e+000  3.350000e+001
      vertex  1.030000e+002 -1.500000e+001  3.700000e+001
    endloop
  endfacet
  facet normal -1.000000e+000  -0.000000e+000  0.000000e+000
    outer loop
      vertex  1.030000e+002 -1.500000e+001  3.700000e+001
      vertex  1.030000e+002  0.000000e+000  3.350000e+001
      vertex  1.030000e+002 -1.767767e+000  3.276777e+001
    endloop
  endfacet
  facet normal -9.999999e-001  -0.000000e+000  0.000000e+000
    outer loop
      vertex  1.030000e+002 -1.500000e+001  3.700000e+001
      vertex  1.030000e+002 -1.767767e+000  3.276777e+001
      vertex  1.030000e+002 -9.767767e+000  1.876777e+001
    endloop
  endfacet
  facet normal -1.000000e+000  -0.000000e+000  0.000000e+000
    outer loop
      vertex  1.030000e+002 -1.500000e+001  3.700000e+001
      vertex  1.030000e+002 -9.767767e+000  1.876777e+001
      vertex  1.030000e+002 -1.500000e+001  7.000000e+000
    endloop
  endfacet
  facet normal -1.000000e+000  0.000000e+000  0.000000e+000
    outer loop
      vertex  1.030000e+002  1.500000e+001  7.000000e+000
      vertex  1.030000e+002 -8.000000e+000  1.450000e+001
      vertex  1.030000e+002 -6.232233e+000  1.523223e+001
    endloop
  endfacet
  facet normal -1.000000e+000  0.000000e+000  0.000000e+000
    outer loop
      vertex  1.030000e+002  1.500000e+001  7.000000e+000
      vertex  1.030000e+002 -6.232233e+000  1.523223e+001
      vertex  1.030000e+002 -5.500000e+000  1.700000e+001
    endloop
  endfacet
  facet normal -1.000000e+000  0.000000e+000  0.000000e+000
    outer loop
      vertex  1.030000e+002  1.500000e+001  7.000000e+000
      vertex  1.030000e+002 -5.500000e+000  1.700000e+001
      vertex  1.030000e+002  6.232233e+000  1.523223e+001
    endloop
  endfacet
  facet normal -1.000000e+000  0.000000e+000  0.000000e+000
    outer loop
      vertex  1.030000e+002  1.500000e+001  7.000000e+000
      vertex  1.030000e+002  6.232233e+000  1.523223e+001
      vertex  1.030000e+002  8.000000e+000  1.450000e+001
    endloop
  endfacet
  facet normal -1.000000e+000  0.000000e+000  0.000000e+000
    outer loop
      vertex  1.030000e+002  1.500000e+001  7.000000e+000
      vertex  1.030000e+002  8.000000e+000  1.450000e+001
      vertex  1.030000e+002  9.767767e+000  1.523223e+001
    endloop
  endfacet
  facet normal -1.000000e+000  0.000000e+000  0.000000e+000
    outer loop
      vertex  1.030000e+002  1.500000e+001  7.000000e+000
      vertex  1.030000e+002  9.767767e+000  1.523223e+001
      vertex  1.030000e+002  1.050000e+001  1.700000e+001
    endloop
  endfacet
  facet normal -1.000000e+000  0.000000e+000  0.000000e+000
    outer loop
      vertex  1.030000e+002  1.500000e+001  7.000000e+000
      vertex  1.030000e+002  1.050000e+001  1.700000e+001
      vertex  1.030000e+002  9.767767e+000  1.876777e+001
    endloop
  endfacet
  facet normal -1.000000e+000  0.000000e+000  0.000000e+000
    outer loop
      vertex  1.030000e+002 -1.500000e+001  7.000000e+000
      vertex  1.030000e+002 -9.767767e+000  1.876777e+001
      vertex  1.030000e+002 -1.050000e+001  1.700000e+001
    endloop
  endfacet
  facet normal -1.000000e+000  0.000000e+000  -0.000000e+000
    outer loop
      vertex  1.030000e+002 -1.500000e+001  7.000000e+000
      vertex  1.030000e+002 -1.050000e+001  1.700000e+001
      vertex  1.030000e+002 -9.767767e+000  1.523223e+001
    endloop
  endfacet
  facet normal -1.000000e+000  0.000000e+000  -0.000000e+000
    outer loop
      vertex  1.030000e+002 -1.500000e+001  7.000000e+000
      vertex  1.030000e+002 -9.767767e+000  1.523223e+001
      vertex  1.030000e+002 -8.000000e+000  1.450000e+001
    endloop
  endfacet
  facet normal -1.000000e+000  0.000000e+000  -0.000000e+000
    outer loop
      vertex  1.030000e+002 -1.500000e+001  7.000000e+000
      vertex  1.030000e+002 -8.000000e+000  1.450000e+001
      vertex  1.030000e+002  1.500000e+001  7.000000e+000
    endloop
  endfacet
  facet normal -1.000000e+000  -0.000000e+000  0.000000e+000
    outer loop
      vertex  1.030000e+002 -2.500000e+000  3.100000e+001
      vertex  1.030000e+002 -1.767767e+000  2.923223e+001
      vertex  1.030000e+002 -5.500000e+000  1.700000e+001
    endloop
  endfacet
  facet normal -1.000000e+000  0.000000e+000  0.000000e+000
    outer loop
      vertex  1.030000e+002 -2.500000e+000  3.100000e+001
      vertex  1.030000e+002 -5.500000e+000  1.700000e+001
      vertex  1.030000e+002 -6.232233e+000  1.876777e+001
    endloop
  endfacet
  facet normal -9.999999e-001  0.000000e+000  0.000000e+000
    outer loop
      vertex  1.030000e+002 -2.500000e+000  3.100000e+001
      vertex  1.030000e+002 -6.232233e+000  1.876777e+001
      vertex  1.030000e+002 -8.000000e+000  1.950000e+001
    endloop
  endfacet
  facet normal -1.000000e+000  -0.000000e+000  0.000000e+000
    outer loop
      vertex  1.030000e+002 -2.500000e+000  3.100000e+001
      vertex  1.030000e+002 -8.000000e+000  1.950000e+001
      vertex  1.030000e+002 -9.767767e+000  1.876777e+001
    endloop
  endfacet
  facet normal -1.000000e+000  0.000000e+000  0.000000e+000
    outer loop
      vertex  1.030000e+002 -2.500000e+000  3.100000e+001
      vertex  1.030000e+002 -9.767767e+000  1.876777e+001
      vertex  1.030000e+002 -1.767767e+000  3.276777e+001
    endloop
  endfacet
  facet normal  0.000000e+000 -3.826834e-001  9.238795e-001
    outer loop
      vertex  1.030000e+002 -8.000000e+000  1.450000e+001
      vertex  1.100000e+002 -6.232233e+000  1.523223e+001
      vertex  1.030000e+002 -6.232233e+000  1.523223e+001
    endloop
  endfacet
  facet normal  0.000000e+000 -9.238795e-001  3.826834e-001
    outer loop
      vertex  1.030000e+002 -6.232233e+000  1.523223e+001
      vertex  1.100000e+002 -6.232233e+000  1.523223e+001
      vertex  1.100000e+002 -5.500000e+000  1.700000e+001
    endloop
  endfacet
  facet normal  0.000000e+000 -9.238795e-001  3.826834e-001
    outer loop
      vertex  1.030000e+002 -6.232233e+000  1.523223e+001
      vertex  1.100000e+002 -5.500000e+000  1.700000e+001
      vertex  1.030000e+002 -5.500000e+000  1.700000e+001
    endloop
  endfacet
  facet normal  0.000000e+000 -3.826834e-001  9.238795e-001
    outer loop
      vertex  1.100000e+002 -6.232233e+000  1.523223e+001
      vertex  1.030000e+002 -8.000000e+000  1.450000e+001
      vertex  1.100000e+002 -8.000000e+000  1.450000e+001
    endloop
  endfacet
  facet normal  0.000000e+000  3.826834e-001  9.238795e-001
    outer loop
      vertex  1.100000e+002 -8.000000e+000  1.450000e+001
      vertex  1.030000e+002 -8.000000e+000  1.450000e+001
      vertex  1.030000e+002 -9.767767e+000  1.523223e+001
    endloop
  endfacet
  facet normal  -0.000000e+000  3.826834e-001  9.238795e-001
    outer loop
      vertex  1.100000e+002 -8.000000e+000  1.450000e+001
      vertex  1.030000e+002 -9.767767e+000  1.523223e+001
      vertex  1.100000e+002 -9.767767e+000  1.523223e+001
    endloop
  endfacet
  facet normal  0.000000e+000  9.238795e-001  3.826834e-001
    outer loop
      vertex  1.100000e+002 -9.767767e+000  1.523223e+001
      vertex  1.030000e+002 -9.767767e+000  1.523223e+001
      vertex  1.030000e+002 -1.050000e+001  1.700000e+001
    endloop
  endfacet
  facet normal  -0.000000e+000  9.238795e-001  3.826834e-001
    outer loop
      vertex  1.100000e+002 -9.767767e+000  1.523223e+001
      vertex  1.030000e+002 -1.050000e+001  1.700000e+001
      vertex  1.100000e+002 -1.050000e+001  1.700000e+001
    endloop
  endfacet
  facet normal  0.000000e+000 -3.826834e-001  9.238795e-001
    outer loop
      vertex -1.100000e+002 -8.000000e+000  1.450000e+001
      vertex -1.030000e+002 -6.232233e+000  1.523223e+001
      vertex -1.100000e+002 -6.232233e+000  1.523223e+001
    endloop
  endfacet
  facet normal  0.000000e+000 -9.238795e-001  3.826834e-001
    outer loop
      vertex -1.100000e+002 -6.232233e+000  1.523223e+001
      vertex -1.030000e+002 -6.232233e+000  1.523223e+001
      vertex -1.030000e+002 -5.500000e+000  1.700000e+001
    endloop
  endfacet
  facet normal  0.000000e+000 -9.238795e-001  3.826834e-001
    outer loop
      vertex -1.100000e+002 -6.232233e+000  1.523223e+001
      vertex -1.030000e+002 -5.500000e+000  1.700000e+001
      vertex -1.100000e+002 -5.500000e+000  1.700000e+001
    endloop
  endfacet
  facet normal  0.000000e+000 -3.826834e-001  9.238795e-001
    outer loop
      vertex -1.030000e+002 -6.232233e+000  1.523223e+001
      vertex -1.100000e+002 -8.000000e+000  1.450000e+001
      vertex -1.030000e+002 -8.000000e+000  1.450000e+001
    endloop
  endfacet
  facet normal  0.000000e+000  3.826834e-001  9.238795e-001
    outer loop
      vertex -1.030000e+002 -8.000000e+000  1.450000e+001
      vertex -1.100000e+002 -8.000000e+000  1.450000e+001
      vertex -1.100000e+002 -9.767767e+000  1.523223e+001
    endloop
  endfacet
  facet normal  -0.000000e+000  3.826834e-001  9.238795e-001
    outer loop
      vertex -1.030000e+002 -8.000000e+000  1.450000e+001
      vertex -1.100000e+002 -9.767767e+000  1.523223e+001
      vertex -1.030000e+002 -9.767767e+000  1.523223e+001
    endloop
  endfacet
  facet normal  0.000000e+000  9.238795e-001  3.826834e-001
    outer loop
      vertex -1.030000e+002 -9.767767e+000  1.523223e+001
      vertex -1.100000e+002 -9.767767e+000  1.523223e+001
      vertex -1.100000e+002 -1.050000e+001  1.700000e+001
    endloop
  endfacet
  facet normal  -0.000000e+000  9.238795e-001  3.826834e-001
    outer loop
      vertex -1.030000e+002 -9.767767e+000  1.523223e+001
      vertex -1.100000e+002 -1.050000e+001  1.700000e+001
      vertex -1.030000e+002 -1.050000e+001  1.700000e+001
    endloop
  endfacet
  facet normal  0.000000e+000  3.826834e-001 -9.238795e-001
    outer loop
      vertex  1.030000e+002 -8.000000e+000  1.950000e+001
      vertex  1.100000e+002 -9.767767e+000  1.876777e+001
      vertex  1.030000e+002 -9.767767e+000  1.876777e+001
    endloop
  endfacet
  facet normal  0.000000e+000  9.238795e-001 -3.826834e-001
    outer loop
      vertex  1.030000e+002 -9.767767e+000  1.876777e+001
      vertex  1.100000e+002 -9.767767e+000  1.876777e+001
      vertex  1.100000e+002 -1.050000e+001  1.700000e+001
    endloop
  endfacet
  facet normal  0.000000e+000  9.238795e-001 -3.826834e-001
    outer loop
      vertex  1.030000e+002 -9.767767e+000  1.876777e+001
      vertex  1.100000e+002 -1.050000e+001  1.700000e+001
      vertex  1.030000e+002 -1.050000e+001  1.700000e+001
    endloop
  endfacet
  facet normal  0.000000e+000  3.826834e-001 -9.238795e-001
    outer loop
      vertex  1.100000e+002 -9.767767e+000  1.876777e+001
      vertex  1.030000e+002 -8.000000e+000  1.950000e+001
      vertex  1.100000e+002 -8.000000e+000  1.950000e+001
    endloop
  endfacet
  facet normal  -0.000000e+000 -3.826834e-001 -9.238795e-001
    outer loop
      vertex  1.100000e+002 -8.000000e+000  1.950000e+001
      vertex  1.030000e+002 -8.000000e+000  1.950000e+001
      vertex  1.030000e+002 -6.232233e+000  1.876777e+001
    endloop
  endfacet
  facet normal  0.000000e+000 -3.826834e-001 -9.238795e-001
    outer loop
      vertex  1.100000e+002 -8.000000e+000  1.950000e+001
      vertex  1.030000e+002 -6.232233e+000  1.876777e+001
      vertex  1.100000e+002 -6.232233e+000  1.876777e+001
    endloop
  endfacet
  facet normal  -0.000000e+000 -9.238795e-001 -3.826834e-001
    outer loop
      vertex  1.100000e+002 -6.232233e+000  1.876777e+001
      vertex  1.030000e+002 -6.232233e+000  1.876777e+001
      vertex  1.030000e+002 -5.500000e+000  1.700000e+001
    endloop
  endfacet
  facet normal  0.000000e+000 -9.238795e-001 -3.826834e-001
    outer loop
      vertex  1.100000e+002 -6.232233e+000  1.876777e+001
      vertex  1.030000e+002 -5.500000e+000  1.700000e+001
      vertex  1.100000e+002 -5.500000e+000  1.700000e+001
    endloop
  endfacet
  facet normal  0.000000e+000  3.826834e-001 -9.238795e-001
    outer loop
      vertex -1.100000e+002 -8.000000e+000  1.950000e+001
      vertex -1.030000e+002 -9.767767e+000  1.876777e+001
      vertex -1.100000e+002 -9.767767e+000  1.876777e+001
    endloop
  endfacet
  facet normal  0.000000e+000  9.238795e-001 -3.826834e-001
    outer loop
      vertex -1.100000e+002 -9.767767e+000  1.876777e+001
      vertex -1.030000e+002 -9.767767e+000  1.876777e+001
      vertex -1.030000e+002 -1.050000e+001  1.700000e+001
    endloop
  endfacet
  facet normal  0.000000e+000  9.238795e-001 -3.826834e-001
    outer loop
      vertex -1.100000e+002 -9.767767e+000  1.876777e+001
      vertex -1.030000e+002 -1.050000e+001  1.700000e+001
      vertex -1.100000e+002 -1.050000e+001  1.700000e+001
    endloop
  endfacet
  facet normal  0.000000e+000  3.826834e-001 -9.238795e-001
    outer loop
      vertex -1.030000e+002 -9.767767e+000  1.876777e+001
      vertex -1.100000e+002 -8.000000e+000  1.950000e+001
      vertex -1.030000e+002 -8.000000e+000  1.950000e+001
    endloop
  endfacet
  facet normal  -0.000000e+000 -3.826834e-001 -9.238795e-001
    outer loop
      vertex -1.030000e+002 -8.000000e+000  1.950000e+001
      vertex -1.100000e+002 -8.000000e+000  1.950000e+001
      vertex -1.100000e+002 -6.232233e+000  1.876777e+001
    endloop
  endfacet
  facet normal  0.000000e+000 -3.826834e-001 -9.238795e-001
    outer loop
      vertex -1.030000e+002 -8.000000e+000  1.950000e+001
      vertex -1.100000e+002 -6.232233e+000  1.876777e+001
      vertex -1.030000e+002 -6.232233e+000  1.876777e+001
    endloop
  endfacet
  facet normal  -0.000000e+000 -9.238795e-001 -3.826834e-001
    outer loop
      vertex -1.030000e+002 -6.232233e+000  1.876777e+001
      vertex -1.100000e+002 -6.232233e+000  1.876777e+001
      vertex -1.100000e+002 -5.500000e+000  1.700000e+001
    endloop
  endfacet
  facet normal  0.000000e+000 -9.238795e-001 -3.826834e-001
    outer loop
      vertex -1.030000e+002 -6.232233e+000  1.876777e+001
      vertex -1.100000e+002 -5.500000e+000  1.700000e+001
      vertex -1.030000e+002 -5.500000e+000  1.700000e+001
    endloop
  endfacet
  facet normal  0.000000e+000  3.826834e-001 -9.238795e-001
    outer loop
      vertex  1.030000e+002  8.000000e+000  1.950000e+001
      vertex  1.100000e+002  6.232233e+000  1.876777e+001
      vertex  1.030000e+002  6.232233e+000  1.876777e+001
    endloop
  endfacet
  facet normal  0.000000e+000  9.238795e-001 -3.826834e-001
    outer loop
      vertex  1.030000e+002  6.232233e+000  1.876777e+001
      vertex  1.100000e+002  6.232233e+000  1.876777e+001
      vertex  1.100000e+002  5.500000e+000  1.700000e+001
    endloop
  endfacet
  facet normal  0.000000e+000  9.238795e-001 -3.826834e-001
    outer loop
      vertex  1.030000e+002  6.232233e+000  1.876777e+001
      vertex  1.100000e+002  5.500000e+000  1.700000e+001
      vertex  1.030000e+002  5.500000e+000  1.700000e+001
    endloop
  endfacet
  facet normal  0.000000e+000  3.826834e-001 -9.238795e-001
    outer loop
      vertex  1.100000e+002  6.232233e+000  1.876777e+001
      vertex  1.030000e+002  8.000000e+000  1.950000e+001
      vertex  1.100000e+002  8.000000e+000  1.950000e+001
    endloop
  endfacet
  facet normal  -0.000000e+000 -3.826834e-001 -9.238795e-001
    outer loop
      vertex  1.100000e+002  8.000000e+000  1.950000e+001
      vertex  1.030000e+002  8.000000e+000  1.950000e+001
      vertex  1.030000e+002  9.767767e+000  1.876777e+001
    endloop
  endfacet
  facet normal  0.000000e+000 -3.826834e-001 -9.238795e-001
    outer loop
      vertex  1.100000e+002  8.000000e+000  1.950000e+001
      vertex  1.030000e+002  9.767767e+000  1.876777e+001
      vertex  1.100000e+002  9.767767e+000  1.876777e+001
    endloop
  endfacet
  facet normal  -0.000000e+000 -9.238795e-001 -3.826834e-001
    outer loop
      vertex  1.100000e+002  9.767767e+000  1.876777e+001
      vertex  1.030000e+002  9.767767e+000  1.876777e+001
      vertex  1.030000e+002  1.050000e+001  1.700000e+001
    endloop
  endfacet
  facet normal  0.000000e+000 -9.238795e-001 -3.826834e-001
    outer loop
      vertex  1.100000e+002  9.767767e+000  1.876777e+001
      vertex  1.030000e+002  1.050000e+001  1.700000e+001
      vertex  1.100000e+002  1.050000e+001  1.700000e+001
    endloop
  endfacet
  facet normal  0.000000e+000  3.826834e-001 -9.238795e-001
    outer loop
      vertex -1.100000e+002  8.000000e+000  1.950000e+001
      vertex -1.030000e+002  6.232233e+000  1.876777e+001
      vertex -1.100000e+002  6.232233e+000  1.876777e+001
    endloop
  endfacet
  facet normal  0.000000e+000  9.238795e-001 -3.826834e-001
    outer loop
      vertex -1.100000e+002  6.232233e+000  1.876777e+001
      vertex -1.030000e+002  6.232233e+000  1.876777e+001
      vertex -1.030000e+002  5.500000e+000  1.700000e+001
    endloop
  endfacet
  facet normal  0.000000e+000  9.238795e-001 -3.826834e-001
    outer loop
      vertex -1.100000e+002  6.232233e+000  1.876777e+001
      vertex -1.030000e+002  5.500000e+000  1.700000e+001
      vertex -1.100000e+002  5.500000e+000  1.700000e+001
    endloop
  endfacet
  facet normal  0.000000e+000  3.826834e-001 -9.238795e-001
    outer loop
      vertex -1.030000e+002  6.232233e+000  1.876777e+001
      vertex -1.100000e+002  8.000000e+000  1.950000e+001
      vertex -1.030000e+002  8.000000e+000  1.950000e+001
    endloop
  endfacet
  facet normal  -0.000000e+000 -3.826834e-001 -9.238795e-001
    outer loop
      vertex -1.030000e+002  8.000000e+000  1.950000e+001
      vertex -1.100000e+002  8.000000e+000  1.950000e+001
      vertex -1.100000e+002  9.767767e+000  1.876777e+001
    endloop
  endfacet
  facet normal  0.000000e+000 -3.826834e-001 -9.238795e-001
    outer loop
      vertex -1.030000e+002  8.000000e+000  1.950000e+001
      vertex -1.100000e+002  9.767767e+000  1.876777e+001
      vertex -1.030000e+002  9.767767e+000  1.876777e+001
    endloop
  endfacet
  facet normal  -0.000000e+000 -9.238795e-001 -3.826834e-001
    outer loop
      vertex -1.030000e+002  9.767767e+000  1.876777e+001
      vertex -1.100000e+002  9.767767e+000  1.876777e+001
      vertex -1.100000e+002  1.050000e+001  1.700000e+001
    endloop
  endfacet
  facet normal  0.000000e+000 -9.238795e-001 -3.826834e-001
    outer loop
      vertex -1.030000e+002  9.767767e+000  1.876777e+001
      vertex -1.100000e+002  1.050000e+001  1.700000e+001
      vertex -1.030000e+002  1.050000e+001  1.700000e+001
    endloop
  endfacet
  facet normal  0.000000e+000 -3.826834e-001  9.238795e-001
    outer loop
      vertex  1.030000e+002  8.000000e+000  1.450000e+001
      vertex  1.100000e+002  9.767767e+000  1.523223e+001
      vertex  1.030000e+002  9.767767e+000  1.523223e+001
    endloop
  endfacet
  facet normal  0.000000e+000 -9.238795e-001  3.826834e-001
    outer loop
      vertex  1.030000e+002  9.767767e+000  1.523223e+001
      vertex  1.100000e+002  9.767767e+000  1.523223e+001
      vertex  1.100000e+002  1.050000e+001  1.700000e+001
    endloop
  endfacet
  facet normal  0.000000e+000 -9.238795e-001  3.826834e-001
    outer loop
      vertex  1.030000e+002  9.767767e+000  1.523223e+001
      vertex  1.100000e+002  1.050000e+001  1.700000e+001
      vertex  1.030000e+002  1.050000e+001  1.700000e+001
    endloop
  endfacet
  facet normal  0.000000e+000 -3.826834e-001  9.238795e-001
    outer loop
      vertex  1.100000e+002  9.767767e+000  1.523223e+001
      vertex  1.030000e+002  8.000000e+000  1.450000e+001
      vertex  1.100000e+002  8.000000e+000  1.450000e+001
    endloop
  endfacet
  facet normal  0.000000e+000  3.826834e-001  9.238795e-001
    outer loop
      vertex  1.100000e+002  8.000000e+000  1.450000e+001
      vertex  1.030000e+002  8.000000e+000  1.450000e+001
      vertex  1.030000e+002  6.232233e+000  1.523223e+001
    endloop
  endfacet
  facet normal  -0.000000e+000  3.826834e-001  9.238795e-001
    outer loop
      vertex  1.100000e+002  8.000000e+000  1.450000e+001
      vertex  1.030000e+002  6.232233e+000  1.523223e+001
      vertex  1.100000e+002  6.232233e+000  1.523223e+001
    endloop
  endfacet
  facet normal  0.000000e+000  9.238795e-001  3.826834e-001
    outer loop
      vertex  1.100000e+002  6.232233e+000  1.523223e+001
      vertex  1.030000e+002  6.232233e+000  1.523223e+001
      vertex  1.030000e+002  5.500000e+000  1.700000e+001
    endloop
  endfacet
  facet normal  -0.000000e+000  9.238795e-001  3.826834e-001
    outer loop
      vertex  1.100000e+002  6.232233e+000  1.523223e+001
      vertex  1.030000e+002  5.500000e+000  1.700000e+001
      vertex  1.100000e+002  5.500000e+000  1.700000e+001
    endloop
  endfacet
  facet normal  0.000000e+000 -3.826834e-001  9.238795e-001
    outer loop
      vertex -1.100000e+002  8.000000e+000  1.450000e+001
      vertex -1.030000e+002  9.767767e+000  1.523223e+001
      vertex -1.100000e+002  9.767767e+000  1.523223e+001
    endloop
  endfacet
  facet normal  0.000000e+000 -9.238795e-001  3.826834e-001
    outer loop
      vertex -1.100000e+002  9.767767e+000  1.523223e+001
      vertex -1.030000e+002  9.767767e+000  1.523223e+001
      vertex -1.030000e+002  1.050000e+001  1.700000e+001
    endloop
  endfacet
  facet normal  0.000000e+000 -9.238795e-001  3.826834e-001
    outer loop
      vertex -1.100000e+002  9.767767e+000  1.523223e+001
      vertex -1.030000e+002  1.050000e+001  1.700000e+001
      vertex -1.100000e+002  1.050000e+001  1.700000e+001
    endloop
  endfacet
  facet normal  0.000000e+000 -3.826834e-001  9.238795e-001
    outer loop
      vertex -1.030000e+002  9.767767e+000  1.523223e+001
      vertex -1.100000e+002  8.000000e+000  1.450000e+001
      vertex -1.030000e+002  8.000000e+000  1.450000e+001
    endloop
  endfacet
  facet normal  0.000000e+000  3.826834e-001  9.238795e-001
    outer loop
      vertex -1.030000e+002  8.000000e+000  1.450000e+001
      vertex -1.100000e+002  8.000000e+000  1.450000e+001
      vertex -1.100000e+002  6.232233e+000  1.523223e+001
    endloop
  endfacet
  facet normal  -0.000000e+000  3.826834e-001  9.238795e-001
    outer loop
      vertex -1.030000e+002  8.000000e+000  1.450000e+001
      vertex -1.100000e+002  6.232233e+000  1.523223e+001
      vertex -1.030000e+002  6.232233e+000  1.523223e+001
    endloop
  endfacet
  facet normal  0.000000e+000  9.238795e-001  3.826834e-001
    outer loop
      vertex -1.030000e+002  6.232233e+000  1.523223e+001
      vertex -1.100000e+002  6.232233e+000  1.523223e+001
      vertex -1.100000e+002  5.500000e+000  1.700000e+001
    endloop
  endfacet
  facet normal  -0.000000e+000  9.238795e-001  3.826834e-001
    outer loop
      vertex -1.030000e+002  6.232233e+000  1.523223e+001
      vertex -1.100000e+002  5.500000e+000  1.700000e+001
      vertex -1.030000e+002  5.500000e+000  1.700000e+001
    endloop
  endfacet
  facet normal  0.000000e+000  3.826826e-001 -9.238799e-001
    outer loop
      vertex  1.030000e+002  0.000000e+000  3.350000e+001
      vertex  1.100000e+002 -1.767767e+000  3.276777e+001
      vertex  1.030000e+002 -1.767767e+000  3.276777e+001
    endloop
  endfacet
  facet normal  0.000000e+000  9.238797e-001 -3.826831e-001
    outer loop
      vertex  1.030000e+002 -1.767767e+000  3.276777e+001
      vertex  1.100000e+002 -1.767767e+000  3.276777e+001
      vertex  1.100000e+002 -2.500000e+000  3.100000e+001
    endloop
  endfacet
  facet normal  0.000000e+000  9.238797e-001 -3.826831e-001
    outer loop
      vertex  1.030000e+002 -1.767767e+000  3.276777e+001
      vertex  1.100000e+002 -2.500000e+000  3.100000e+001
      vertex  1.030000e+002 -2.500000e+000  3.100000e+001
    endloop
  endfacet
  facet normal -8.368492e-018  3.826826e-001 -9.238799e-001
    outer loop
      vertex  1.100000e+002 -1.767767e+000  3.276777e+001
      vertex  1.030000e+002  0.000000e+000  3.350000e+001
      vertex  1.100000e+002  1.530758e-016  3.350000e+001
    endloop
  endfacet
  facet normal  8.368492e-018 -3.826826e-001 -9.238799e-001
    outer loop
      vertex  1.100000e+002  1.530758e-016  3.350000e+001
      vertex  1.030000e+002  0.000000e+000  3.350000e+001
      vertex  1.030000e+002  1.767767e+000  3.276777e+001
    endloop
  endfacet
  facet normal  0.000000e+000 -3.826826e-001 -9.238799e-001
    outer loop
      vertex  1.100000e+002  1.530758e-016  3.350000e+001
      vertex  1.030000e+002  1.767767e+000  3.276777e+001
      vertex  1.100000e+002  1.767767e+000  3.276777e+001
    endloop
  endfacet
  facet normal  -0.000000e+000 -9.238797e-001 -3.826831e-001
    outer loop
      vertex  1.100000e+002  1.767767e+000  3.276777e+001
      vertex  1.030000e+002  1.767767e+000  3.276777e+001
      vertex  1.030000e+002  2.500000e+000  3.100000e+001
    endloop
  endfacet
  facet normal  0.000000e+000 -9.238797e-001 -3.826831e-001
    outer loop
      vertex  1.100000e+002  1.767767e+000  3.276777e+001
      vertex  1.030000e+002  2.500000e+000  3.100000e+001
      vertex  1.100000e+002  2.500000e+000  3.100000e+001
    endloop
  endfacet
  facet normal  0.000000e+000  3.826826e-001 -9.238799e-001
    outer loop
      vertex -1.100000e+002  0.000000e+000  3.350000e+001
      vertex -1.030000e+002 -1.767767e+000  3.276777e+001
      vertex -1.100000e+002 -1.767767e+000  3.276777e+001
    endloop
  endfacet
  facet normal  0.000000e+000  9.238797e-001 -3.826831e-001
    outer loop
      vertex -1.100000e+002 -1.767767e+000  3.276777e+001
      vertex -1.030000e+002 -1.767767e+000  3.276777e+001
      vertex -1.030000e+002 -2.500000e+000  3.100000e+001
    endloop
  endfacet
  facet normal  0.000000e+000  9.238797e-001 -3.826831e-001
    outer loop
      vertex -1.100000e+002 -1.767767e+000  3.276777e+001
      vertex -1.030000e+002 -2.500000e+000  3.100000e+001
      vertex -1.100000e+002 -2.500000e+000  3.100000e+001
    endloop
  endfacet
  facet normal  0.000000e+000  3.826826e-001 -9.238799e-001
    outer loop
      vertex -1.030000e+002 -1.767767e+000  3.276777e+001
      vertex -1.100000e+002  0.000000e+000  3.350000e+001
      vertex -1.030000e+002  0.000000e+000  3.350000e+001
    endloop
  endfacet
  facet normal  -0.000000e+000 -3.826826e-001 -9.238799e-001
    outer loop
      vertex -1.030000e+002  0.000000e+000  3.350000e+001
      vertex -1.100000e+002  0.000000e+000  3.350000e+001
      vertex -1.100000e+002  1.767767e+000  3.276777e+001
    endloop
  endfacet
  facet normal  0.000000e+000 -3.826826e-001 -9.238799e-001
    outer loop
      vertex -1.030000e+002  0.000000e+000  3.350000e+001
      vertex -1.100000e+002  1.767767e+000  3.276777e+001
      vertex -1.030000e+002  1.767767e+000  3.276777e+001
    endloop
  endfacet
  facet normal  -0.000000e+000 -9.238797e-001 -3.826831e-001
    outer loop
      vertex -1.030000e+002  1.767767e+000  3.276777e+001
      vertex -1.100000e+002  1.767767e+000  3.276777e+001
      vertex -1.100000e+002  2.500000e+000  3.100000e+001
    endloop
  endfacet
  facet normal  0.000000e+000 -9.238797e-001 -3.826831e-001
    outer loop
      vertex -1.030000e+002  1.767767e+000  3.276777e+001
      vertex -1.100000e+002  2.500000e+000  3.100000e+001
      vertex -1.030000e+002  2.500000e+000  3.100000e+001
    endloop
  endfacet
  facet normal  0.000000e+000 -3.826834e-001  9.238795e-001
    outer loop
      vertex  1.030000e+002  0.000000e+000  2.850000e+001
      vertex  1.100000e+002  1.767767e+000  2.923223e+001
      vertex  1.030000e+002  1.767767e+000  2.923223e+001
    endloop
  endfacet
  facet normal  0.000000e+000 -9.238795e-001  3.826834e-001
    outer loop
      vertex  1.030000e+002  1.767767e+000  2.923223e+001
      vertex  1.100000e+002  1.767767e+000  2.923223e+001
      vertex  1.100000e+002  2.500000e+000  3.100000e+001
    endloop
  endfacet
  facet normal  0.000000e+000 -9.238795e-001  3.826834e-001
    outer loop
      vertex  1.030000e+002  1.767767e+000  2.923223e+001
      vertex  1.100000e+002  2.500000e+000  3.100000e+001
      vertex  1.030000e+002  2.500000e+000  3.100000e+001
    endloop
  endfacet
  facet normal -2.510553e-017 -3.826834e-001  9.238795e-001
    outer loop
      vertex  1.100000e+002  1.767767e+000  2.923223e+001
      vertex  1.030000e+002  0.000000e+000  2.850000e+001
      vertex  1.100000e+002 -4.592274e-016  2.850000e+001
    endloop
  endfacet
  facet normal  2.510553e-017  3.826834e-001  9.238795e-001
    outer loop
      vertex  1.100000e+002 -4.592274e-016  2.850000e+001
      vertex  1.030000e+002  0.000000e+000  2.850000e+001
      vertex  1.030000e+002 -1.767767e+000  2.923223e+001
    endloop
  endfacet
  facet normal  -0.000000e+000  3.826834e-001  9.238795e-001
    outer loop
      vertex  1.100000e+002 -4.592274e-016  2.850000e+001
      vertex  1.030000e+002 -1.767767e+000  2.923223e+001
      vertex  1.100000e+002 -1.767767e+000  2.923223e+001
    endloop
  endfacet
  facet normal  0.000000e+000  9.238795e-001  3.826834e-001
    outer loop
      vertex  1.100000e+002 -1.767767e+000  2.923223e+001
      vertex  1.030000e+002 -1.767767e+000  2.923223e+001
      vertex  1.030000e+002 -2.500000e+000  3.100000e+001
    endloop
  endfacet
  facet normal  -0.000000e+000  9.238795e-001  3.826834e-001
    outer loop
      vertex  1.100000e+002 -1.767767e+000  2.923223e+001
      vertex  1.030000e+002 -2.500000e+000  3.100000e+001
      vertex  1.100000e+002 -2.500000e+000  3.100000e+001
    endloop
  endfacet
  facet normal  0.000000e+000 -3.826834e-001  9.238795e-001
    outer loop
      vertex -1.100000e+002  0.000000e+000  2.850000e+001
      vertex -1.030000e+002  1.767767e+000  2.923223e+001
      vertex -1.100000e+002  1.767767e+000  2.923223e+001
    endloop
  endfacet
  facet normal  0.000000e+000 -9.238795e-001  3.826834e-001
    outer loop
      vertex -1.100000e+002  1.767767e+000  2.923223e+001
      vertex -1.030000e+002  1.767767e+000  2.923223e+001
      vertex -1.030000e+002  2.500000e+000  3.100000e+001
    endloop
  endfacet
  facet normal  0.000000e+000 -9.238795e-001  3.826834e-001
    outer loop
      vertex -1.100000e+002  1.767767e+000  2.923223e+001
      vertex -1.030000e+002  2.500000e+000  3.100000e+001
      vertex -1.100000e+002  2.500000e+000  3.100000e+001
    endloop
  endfacet
  facet normal  0.000000e+000 -3.826834e-001  9.238795e-001
    outer loop
      vertex -1.030000e+002  1.767767e+000  2.923223e+001
      vertex -1.100000e+002  0.000000e+000  2.850000e+001
      vertex -1.030000e+002  0.000000e+000  2.850000e+001
    endloop
  endfacet
  facet normal  0.000000e+000  3.826834e-001  9.238795e-001
    outer loop
      vertex -1.030000e+002  0.000000e+000  2.850000e+001
      vertex -1.100000e+002  0.000000e+000  2.850000e+001
      vertex -1.100000e+002 -1.767767e+000  2.923223e+001
    endloop
  endfacet
  facet normal  -0.000000e+000  3.826834e-001  9.238795e-001
    outer loop
      vertex -1.030000e+002  0.000000e+000  2.850000e+001
      vertex -1.100000e+002 -1.767767e+000  2.923223e+001
      vertex -1.030000e+002 -1.767767e+000  2.923223e+001
    endloop
  endfacet
  facet normal  0.000000e+000  9.238795e-001  3.826834e-001
    outer loop
      vertex -1.030000e+002 -1.767767e+000  2.923223e+001
      vertex -1.100000e+002 -1.767767e+000  2.923223e+001
      vertex -1.100000e+002 -2.500000e+000  3.100000e+001
    endloop
  endfacet
  facet normal  -0.000000e+000  9.238795e-001  3.826834e-001
    outer loop
      vertex -1.030000e+002 -1.767767e+000  2.923223e+001
      vertex -1.100000e+002 -2.500000e+000  3.100000e+001
      vertex -1.030000e+002 -2.500000e+000  3.100000e+001
    endloop
  endfacet
  facet normal  0.000000e+000  0.000000e+000  1.000000e+000
    outer loop
      vertex  4.980000e+001  5.000000e+000  7.000000e+000
      vertex  5.200000e+001  1.000000e+001  7.000000e+000
      vertex  4.912635e+001  6.626346e+000  7.000000e+000
    endloop
  endfacet
  facet normal  0.000000e+000  -0.000000e+000  1.000000e+000
    outer loop
      vertex -9.762634e+001 -3.373654e+000  7.000000e+000
      vertex -9.600000e+001 -2.700000e+000  7.000000e+000
      vertex -9.600000e+001  2.700000e+000  7.000000e+000
    endloop
  endfacet
  facet normal  0.000000e+000  0.000000e+000  1.000000e+000
    outer loop
      vertex -9.370000e+001 -5.000000e+000  7.000000e+000
      vertex -9.600000e+001  2.700000e+000  7.000000e+000
      vertex -9.437366e+001 -3.373654e+000  7.000000e+000
    endloop
  endfacet
  facet normal  0.000000e+000  0.000000e+000  1.000000e+000
    outer loop
      vertex -9.437366e+001 -3.373654e+000  7.000000e+000
      vertex -9.600000e+001  2.700000e+000  7.000000e+000
      vertex -9.600000e+001 -2.700000e+000  7.000000e+000
    endloop
  endfacet
  facet normal  0.000000e+000  -0.000000e+000  1.000000e+000
    outer loop
      vertex -4.912635e+001 -3.373654e+000  7.000000e+000
      vertex -4.750000e+001 -2.700000e+000  7.000000e+000
      vertex -4.750000e+001  2.700000e+000  7.000000e+000
    endloop
  endfacet
  facet normal  -0.000000e+000  0.000000e+000  1.000000e+000
    outer loop
      vertex  5.200000e+001  1.000000e+001  7.000000e+000
      vertex  4.750000e+001  7.300000e+000  7.000000e+000
      vertex  4.912635e+001  6.626346e+000  7.000000e+000
    endloop
  endfacet
  facet normal  0.000000e+000  -0.000000e+000  1.000000e+000
    outer loop
      vertex  9.370000e+001 -5.000000e+000  7.000000e+000
      vertex  9.437366e+001 -3.373654e+000  7.000000e+000
      vertex  9.600000e+001  2.700000e+000  7.000000e+000
    endloop
  endfacet
  facet normal  0.000000e+000  -0.000000e+000  1.000000e+000
    outer loop
      vertex  9.437366e+001 -3.373654e+000  7.000000e+000
      vertex  9.600000e+001 -2.700000e+000  7.000000e+000
      vertex  9.600000e+001  2.700000e+000  7.000000e+000
    endloop
  endfacet
  facet normal  0.000000e+000  0.000000e+000  1.000000e+000
    outer loop
      vertex  9.762634e+001 -3.373654e+000  7.000000e+000
      vertex  9.600000e+001  2.700000e+000  7.000000e+000
      vertex  9.600000e+001 -2.700000e+000  7.000000e+000
    endloop
  endfacet
  facet normal  -0.000000e+000  0.000000e+000  1.000000e+000
    outer loop
      vertex -9.200000e+001  1.000000e+001  7.000000e+000
      vertex -9.600000e+001  7.300000e+000  7.000000e+000
      vertex -9.437366e+001  6.626346e+000  7.000000e+000
    endloop
  endfacet
  facet normal  -0.000000e+000  0.000000e+000  1.000000e+000
    outer loop
      vertex -9.200000e+001  1.000000e+001  7.000000e+000
      vertex -9.437366e+001  6.626346e+000  7.000000e+000
      vertex -9.370000e+001  5.000000e+000  7.000000e+000
    endloop
  endfacet
  facet normal  -0.000000e+000  0.000000e+000  1.000000e+000
    outer loop
      vertex -9.200000e+001  1.000000e+001  7.000000e+000
      vertex -9.370000e+001  5.000000e+000  7.000000e+000
      vertex -9.200000e+001 -1.000000e+001  7.000000e+000
    endloop
  endfacet
  facet normal  0.000000e+000  0.000000e+000  9.999999e-001
    outer loop
      vertex -9.200000e+001 -1.000000e+001  7.000000e+000
      vertex -9.370000e+001  5.000000e+000  7.000000e+000
      vertex -9.437366e+001  3.373654e+000  7.000000e+000
    endloop
  endfacet
  facet normal  0.000000e+000  0.000000e+000  9.999999e-001
    outer loop
      vertex -9.200000e+001 -1.000000e+001  7.000000e+000
      vertex -9.437366e+001  3.373654e+000  7.000000e+000
      vertex -9.600000e+001  2.700000e+000  7.000000e+000
    endloop
  endfacet
  facet normal  0.000000e+000  0.000000e+000  9.999999e-001
    outer loop
      vertex -9.200000e+001 -1.000000e+001  7.000000e+000
      vertex -9.600000e+001  2.700000e+000  7.000000e+000
      vertex -9.370000e+001 -5.000000e+000  7.000000e+000
    endloop
  endfacet
  facet normal  0.000000e+000  0.000000e+000  1.000000e+000
    outer loop
      vertex -9.200000e+001 -1.000000e+001  7.000000e+000
      vertex -9.370000e+001 -5.000000e+000  7.000000e+000
      vertex -9.437366e+001 -6.626346e+000  7.000000e+000
    endloop
  endfacet
  facet normal  0.000000e+000  0.000000e+000  1.000000e+000
    outer loop
      vertex -9.200000e+001 -1.000000e+001  7.000000e+000
      vertex -9.437366e+001 -6.626346e+000  7.000000e+000
      vertex -9.600000e+001 -7.300000e+000  7.000000e+000
    endloop
  endfacet
  facet normal  0.000000e+000  0.000000e+000  1.000000e+000
    outer loop
      vertex  9.200000e+001 -1.000000e+001  7.000000e+000
      vertex  1.000000e+002 -1.500000e+001  7.000000e+000
      vertex  9.600000e+001 -7.300000e+000  7.000000e+000
    endloop
  endfacet
  facet normal  0.000000e+000  0.000000e+000  1.000000e+000
    outer loop
      vertex  9.200000e+001 -1.000000e+001  7.000000e+000
      vertex  9.600000e+001 -7.300000e+000  7.000000e+000
      vertex  9.437366e+001 -6.626346e+000  7.000000e+000
    endloop
  endfacet
  facet normal  0.000000e+000  0.000000e+000  1.000000e+000
    outer loop
      vertex  9.200000e+001 -1.000000e+001  7.000000e+000
      vertex  9.437366e+001 -6.626346e+000  7.000000e+000
      vertex  9.370000e+001 -5.000000e+000  7.000000e+000
    endloop
  endfacet
  facet normal  0.000000e+000  -0.000000e+000  9.999999e-001
    outer loop
      vertex  9.200000e+001 -1.000000e+001  7.000000e+000
      vertex  9.370000e+001 -5.000000e+000  7.000000e+000
      vertex  9.600000e+001  2.700000e+000  7.000000e+000
    endloop
  endfacet
  facet normal  0.000000e+000  0.000000e+000  9.999999e-001
    outer loop
      vertex  9.200000e+001 -1.000000e+001  7.000000e+000
      vertex  9.600000e+001  2.700000e+000  7.000000e+000
      vertex  9.437366e+001  3.373654e+000  7.000000e+000
    endloop
  endfacet
  facet normal  0.000000e+000  0.000000e+000  9.999999e-001
    outer loop
      vertex  9.200000e+001 -1.000000e+001  7.000000e+000
      vertex  9.437366e+001  3.373654e+000  7.000000e+000
      vertex  9.370000e+001  5.000000e+000  7.000000e+000
    endloop
  endfacet
  facet normal  0.000000e+000  0.000000e+000  9.999999e-001
    outer loop
      vertex  3.707107e+001 -1.500000e+001  7.000000e+000
      vertex  1.000000e+002 -1.500000e+001  7.000000e+000
      vertex  9.200000e+001 -1.000000e+001  7.000000e+000
    endloop
  endfacet
  facet normal  0.000000e+000  0.000000e+000  1.000000e+000
    outer loop
      vertex  3.707107e+001 -1.500000e+001  7.000000e+000
      vertex  9.200000e+001 -1.000000e+001  7.000000e+000
      vertex  5.200000e+001 -1.000000e+001  7.000000e+000
    endloop
  endfacet
  facet normal  0.000000e+000  0.000000e+000  1.000000e+000
    outer loop
      vertex  3.707107e+001 -1.500000e+001  7.000000e+000
      vertex  5.200000e+001 -1.000000e+001  7.000000e+000
      vertex  4.750000e+001 -7.300000e+000  7.000000e+000
    endloop
  endfacet
  facet normal  0.000000e+000  0.000000e+000  1.000000e+000
    outer loop
      vertex  3.707107e+001 -1.500000e+001  7.000000e+000
      vertex  4.750000e+001 -7.300000e+000  7.000000e+000
      vertex  3.353553e+001 -1.353553e+001  7.000000e+000
    endloop
  endfacet
  facet normal  0.000000e+000  0.000000e+000  9.999999e-001
    outer loop
      vertex  3.707107e+001 -1.500000e+001  7.000000e+000
      vertex  3.353553e+001 -1.353553e+001  7.000000e+000
      vertex  3.515765e+001 -1.461940e+001  7.000000e+000
    endloop
  endfacet
  facet normal  0.000000e+000  -0.000000e+000  9.999999e-001
    outer loop
      vertex  2.146447e+001 -1.464466e+000  7.000000e+000
      vertex  3.353553e+001 -1.353553e+001  7.000000e+000
      vertex  4.587365e+001 -3.373654e+000  7.000000e+000
    endloop
  endfacet
  facet normal  0.000000e+000  -0.000000e+000  1.000000e+000
    outer loop
      vertex  2.146447e+001 -1.464466e+000  7.000000e+000
      vertex  4.587365e+001 -3.373654e+000  7.000000e+000
      vertex  4.750000e+001 -2.700000e+000  7.000000e+000
    endloop
  endfacet
  facet normal  0.000000e+000  0.000000e+000  1.000000e+000
    outer loop
      vertex  2.146447e+001 -1.464466e+000  7.000000e+000
      vertex  4.750000e+001 -2.700000e+000  7.000000e+000
      vertex  1.984235e+001 -3.806023e-001  7.000000e+000
    endloop
  endfacet
  facet normal  0.000000e+000  -0.000000e+000  1.000000e+000
    outer loop
      vertex -1.792893e+001  9.197389e-017  7.000000e+000
      vertex  1.792893e+001  1.684383e-015  7.000000e+000
      vertex  4.750000e+001  2.700000e+000  7.000000e+000
    endloop
  endfacet
  facet normal  0.000000e+000  0.000000e+000  1.000000e+000
    outer loop
      vertex -1.792893e+001  9.197389e-017  7.000000e+000
      vertex  4.750000e+001  2.700000e+000  7.000000e+000
      vertex -4.750000e+001  2.700000e+000  7.000000e+000
    endloop
  endfacet
  facet normal  0.000000e+000  0.000000e+000  1.000000e+000
    outer loop
      vertex -1.792893e+001  9.197389e-017  7.000000e+000
      vertex -4.750000e+001  2.700000e+000  7.000000e+000
      vertex -4.750000e+001 -2.700000e+000  7.000000e+000
    endloop
  endfacet
  facet normal  0.000000e+000  0.000000e+000  1.000000e+000
    outer loop
      vertex -1.792893e+001  9.197389e-017  7.000000e+000
      vertex -4.750000e+001 -2.700000e+000  7.000000e+000
      vertex -1.984235e+001 -3.806023e-001  7.000000e+000
    endloop
  endfacet
  facet normal  0.000000e+000  0.000000e+000  1.000000e+000
    outer loop
      vertex -2.146447e+001 -1.464466e+000  7.000000e+000
      vertex -1.984235e+001 -3.806023e-001  7.000000e+000
      vertex -4.750000e+001 -2.700000e+000  7.000000e+000
    endloop
  endfacet
  facet normal  -0.000000e+000  0.000000e+000  1.000000e+000
    outer loop
      vertex -2.146447e+001 -1.464466e+000  7.000000e+000
      vertex -4.750000e+001 -2.700000e+000  7.000000e+000
      vertex -4.587365e+001 -3.373654e+000  7.000000e+000
    endloop
  endfacet
  facet normal  -0.000000e+000  0.000000e+000  9.999999e-001
    outer loop
      vertex -2.146447e+001 -1.464466e+000  7.000000e+000
      vertex -4.587365e+001 -3.373654e+000  7.000000e+000
      vertex -3.353553e+001 -1.353553e+001  7.000000e+000
    endloop
  endfacet
  facet normal  0.000000e+000  0.000000e+000  9.999999e-001
    outer loop
      vertex -1.000000e+002 -1.500000e+001  7.000000e+000
      vertex -3.707107e+001 -1.500000e+001  7.000000e+000
      vertex -5.200000e+001 -1.000000e+001  7.000000e+000
    endloop
  endfacet
  facet normal  0.000000e+000  0.000000e+000  1.000000e+000
    outer loop
      vertex -1.000000e+002 -1.500000e+001  7.000000e+000
      vertex -5.200000e+001 -1.000000e+001  7.000000e+000
      vertex -9.200000e+001 -1.000000e+001  7.000000e+000
    endloop
  endfacet
  facet normal  0.000000e+000  0.000000e+000  1.000000e+000
    outer loop
      vertex -1.000000e+002 -1.500000e+001  7.000000e+000
      vertex -9.200000e+001 -1.000000e+001  7.000000e+000
      vertex -9.600000e+001 -7.300000e+000  7.000000e+000
    endloop
  endfacet
  facet normal  0.000000e+000  0.000000e+000  1.000000e+000
    outer loop
      vertex -1.000000e+002 -1.500000e+001  7.000000e+000
      vertex -9.600000e+001 -7.300000e+000  7.000000e+000
      vertex -1.030000e+002 -1.500000e+001  7.000000e+000
    endloop
  endfacet
  facet normal  -0.000000e+000  0.000000e+000  1.000000e+000
    outer loop
      vertex  1.030000e+002  1.500000e+001  7.000000e+000
      vertex -1.030000e+002  1.500000e+001  7.000000e+000
      vertex  9.200000e+001  1.000000e+001  7.000000e+000
    endloop
  endfacet
  facet normal  -0.000000e+000  0.000000e+000  1.000000e+000
    outer loop
      vertex  1.030000e+002  1.500000e+001  7.000000e+000
      vertex  9.200000e+001  1.000000e+001  7.000000e+000
      vertex  9.600000e+001  7.300000e+000  7.000000e+000
    endloop
  endfacet
  facet normal  -0.000000e+000  0.000000e+000  1.000000e+000
    outer loop
      vertex  1.030000e+002  1.500000e+001  7.000000e+000
      vertex  9.600000e+001  7.300000e+000  7.000000e+000
      vertex  9.762634e+001  6.626346e+000  7.000000e+000
    endloop
  endfacet
  facet normal  -0.000000e+000  0.000000e+000  1.000000e+000
    outer loop
      vertex  1.030000e+002  1.500000e+001  7.000000e+000
      vertex  9.762634e+001  6.626346e+000  7.000000e+000
      vertex  9.830000e+001  5.000000e+000  7.000000e+000
    endloop
  endfacet
  facet normal  -0.000000e+000  0.000000e+000  1.000000e+000
    outer loop
      vertex  1.030000e+002  1.500000e+001  7.000000e+000
      vertex  9.830000e+001  5.000000e+000  7.000000e+000
      vertex  1.030000e+002 -1.500000e+001  7.000000e+000
    endloop
  endfacet
  facet normal  0.000000e+000  0.000000e+000  1.000000e+000
    outer loop
      vertex -1.030000e+002  1.500000e+001  7.000000e+000
      vertex -1.030000e+002 -1.500000e+001  7.000000e+000
      vertex -9.830000e+001  5.000000e+000  7.000000e+000
    endloop
  endfacet
  facet normal  0.000000e+000  -0.000000e+000  1.000000e+000
    outer loop
      vertex -1.030000e+002  1.500000e+001  7.000000e+000
      vertex -9.830000e+001  5.000000e+000  7.000000e+000
      vertex -9.762634e+001  6.626346e+000  7.000000e+000
    endloop
  endfacet
  facet normal  0.000000e+000  -0.000000e+000  1.000000e+000
    outer loop
      vertex -1.030000e+002  1.500000e+001  7.000000e+000
      vertex -9.762634e+001  6.626346e+000  7.000000e+000
      vertex -9.600000e+001  7.300000e+000  7.000000e+000
    endloop
  endfacet
  facet normal  0.000000e+000  -0.000000e+000  1.000000e+000
    outer loop
      vertex -1.030000e+002  1.500000e+001  7.000000e+000
      vertex -9.600000e+001  7.300000e+000  7.000000e+000
      vertex -9.200000e+001  1.000000e+001  7.000000e+000
    endloop
  endfacet
  facet normal  0.000000e+000  -0.000000e+000  1.000000e+000
    outer loop
      vertex -1.030000e+002  1.500000e+001  7.000000e+000
      vertex -9.200000e+001  1.000000e+001  7.000000e+000
      vertex -5.200000e+001  1.000000e+001  7.000000e+000
    endloop
  endfacet
  facet normal  -0.000000e+000  -0.000000e+000  1.000000e+000
    outer loop
      vertex -1.030000e+002  1.500000e+001  7.000000e+000
      vertex -5.200000e+001  1.000000e+001  7.000000e+000
      vertex  4.750000e+001  7.300000e+000  7.000000e+000
    endloop
  endfacet
  facet normal  0.000000e+000  -0.000000e+000  1.000000e+000
    outer loop
      vertex -1.030000e+002  1.500000e+001  7.000000e+000
      vertex  4.750000e+001  7.300000e+000  7.000000e+000
      vertex  5.200000e+001  1.000000e+001  7.000000e+000
    endloop
  endfacet
  facet normal  0.000000e+000  -0.000000e+000  1.000000e+000
    outer loop
      vertex -1.030000e+002  1.500000e+001  7.000000e+000
      vertex  5.200000e+001  1.000000e+001  7.000000e+000
      vertex  9.200000e+001  1.000000e+001  7.000000e+000
    endloop
  endfacet
  facet normal  0.000000e+000  0.000000e+000  1.000000e+000
    outer loop
      vertex -1.030000e+002 -1.500000e+001  7.000000e+000
      vertex -9.600000e+001 -7.300000e+000  7.000000e+000
      vertex -9.762634e+001 -6.626346e+000  7.000000e+000
    endloop
  endfacet
  facet normal  0.000000e+000  0.000000e+000  1.000000e+000
    outer loop
      vertex -1.030000e+002 -1.500000e+001  7.000000e+000
      vertex -9.762634e+001 -6.626346e+000  7.000000e+000
      vertex -9.830000e+001 -5.000000e+000  7.000000e+000
    endloop
  endfacet
  facet normal  0.000000e+000  -0.000000e+000  9.999999e-001
    outer loop
      vertex -1.030000e+002 -1.500000e+001  7.000000e+000
      vertex -9.830000e+001 -5.000000e+000  7.000000e+000
      vertex -9.762634e+001 -3.373654e+000  7.000000e+000
    endloop
  endfacet
  facet normal  0.000000e+000  -0.000000e+000  9.999999e-001
    outer loop
      vertex -1.030000e+002 -1.500000e+001  7.000000e+000
      vertex -9.762634e+001 -3.373654e+000  7.000000e+000
      vertex -9.600000e+001  2.700000e+000  7.000000e+000
    endloop
  endfacet
  facet normal  0.000000e+000  0.000000e+000  1.000000e+000
    outer loop
      vertex -1.030000e+002 -1.500000e+001  7.000000e+000
      vertex -9.600000e+001  2.700000e+000  7.000000e+000
      vertex -9.762634e+001  3.373654e+000  7.000000e+000
    endloop
  endfacet
  facet normal  0.000000e+000  0.000000e+000  1.000000e+000
    outer loop
      vertex -1.030000e+002 -1.500000e+001  7.000000e+000
      vertex -9.762634e+001  3.373654e+000  7.000000e+000
      vertex -9.830000e+001  5.000000e+000  7.000000e+000
    endloop
  endfacet
  facet normal  0.000000e+000  0.000000e+000  1.000000e+000
    outer loop
      vertex -5.200000e+001 -1.000000e+001  7.000000e+000
      vertex -3.707107e+001 -1.500000e+001  7.000000e+000
      vertex -4.750000e+001 -7.300000e+000  7.000000e+000
    endloop
  endfacet
  facet normal  0.000000e+000  0.000000e+000  1.000000e+000
    outer loop
      vertex -5.200000e+001 -1.000000e+001  7.000000e+000
      vertex -4.750000e+001 -7.300000e+000  7.000000e+000
      vertex -4.912635e+001 -6.626346e+000  7.000000e+000
    endloop
  endfacet
  facet normal  0.000000e+000  0.000000e+000  1.000000e+000
    outer loop
      vertex -5.200000e+001 -1.000000e+001  7.000000e+000
      vertex -4.912635e+001 -6.626346e+000  7.000000e+000
      vertex -4.980000e+001 -5.000000e+000  7.000000e+000
    endloop
  endfacet
  facet normal  0.000000e+000  -0.000000e+000  9.999999e-001
    outer loop
      vertex -5.200000e+001 -1.000000e+001  7.000000e+000
      vertex -4.980000e+001 -5.000000e+000  7.000000e+000
      vertex -4.912635e+001 -3.373654e+000  7.000000e+000
    endloop
  endfacet
  facet normal  0.000000e+000  -0.000000e+000  9.999999e-001
    outer loop
      vertex -5.200000e+001 -1.000000e+001  7.000000e+000
      vertex -4.912635e+001 -3.373654e+000  7.000000e+000
      vertex -4.750000e+001  2.700000e+000  7.000000e+000
    endloop
  endfacet
  facet normal  0.000000e+000  0.000000e+000  1.000000e+000
    outer loop
      vertex -5.200000e+001 -1.000000e+001  7.000000e+000
      vertex -4.750000e+001  2.700000e+000  7.000000e+000
      vertex -4.912635e+001  3.373654e+000  7.000000e+000
    endloop
  endfacet
  facet normal  0.000000e+000  0.000000e+000  9.999999e-001
    outer loop
      vertex -5.200000e+001 -1.000000e+001  7.000000e+000
      vertex -4.912635e+001  3.373654e+000  7.000000e+000
      vertex -4.980000e+001  5.000000e+000  7.000000e+000
    endloop
  endfacet
  facet normal  0.000000e+000  0.000000e+000  9.999999e-001
    outer loop
      vertex -5.200000e+001  1.000000e+001  7.000000e+000
      vertex -5.200000e+001 -1.000000e+001  7.000000e+000
      vertex -4.980000e+001  5.000000e+000  7.000000e+000
    endloop
  endfacet
  facet normal  0.000000e+000  -0.000000e+000  1.000000e+000
    outer loop
      vertex -5.200000e+001  1.000000e+001  7.000000e+000
      vertex -4.980000e+001  5.000000e+000  7.000000e+000
      vertex -4.912635e+001  6.626346e+000  7.000000e+000
    endloop
  endfacet
  facet normal  0.000000e+000  -0.000000e+000  1.000000e+000
    outer loop
      vertex -5.200000e+001  1.000000e+001  7.000000e+000
      vertex -4.912635e+001  6.626346e+000  7.000000e+000
      vertex -4.750000e+001  7.300000e+000  7.000000e+000
    endloop
  endfacet
  facet normal  0.000000e+000  -0.000000e+000  1.000000e+000
    outer loop
      vertex -5.200000e+001  1.000000e+001  7.000000e+000
      vertex -4.750000e+001  7.300000e+000  7.000000e+000
      vertex  4.750000e+001  7.300000e+000  7.000000e+000
    endloop
  endfacet
  facet normal  0.000000e+000  0.000000e+000  9.999999e-001
    outer loop
      vertex -3.353553e+001 -1.353553e+001  7.000000e+000
      vertex -4.587365e+001 -3.373654e+000  7.000000e+000
      vertex -4.520000e+001 -5.000000e+000  7.000000e+000
    endloop
  endfacet
  facet normal  0.000000e+000  0.000000e+000  1.000000e+000
    outer loop
      vertex -3.353553e+001 -1.353553e+001  7.000000e+000
      vertex -4.520000e+001 -5.000000e+000  7.000000e+000
      vertex -4.587365e+001 -6.626346e+000  7.000000e+000
    endloop
  endfacet
  facet normal  0.000000e+000  0.000000e+000  1.000000e+000
    outer loop
      vertex -3.353553e+001 -1.353553e+001  7.000000e+000
      vertex -4.587365e+001 -6.626346e+000  7.000000e+000
      vertex -4.750000e+001 -7.300000e+000  7.000000e+000
    endloop
  endfacet
  facet normal  0.000000e+000  0.000000e+000  1.000000e+000
    outer loop
      vertex -3.353553e+001 -1.353553e+001  7.000000e+000
      vertex -4.750000e+001 -7.300000e+000  7.000000e+000
      vertex -3.707107e+001 -1.500000e+001  7.000000e+000
    endloop
  endfacet
  facet normal  0.000000e+000  0.000000e+000  9.999999e-001
    outer loop
      vertex -3.353553e+001 -1.353553e+001  7.000000e+000
      vertex -3.707107e+001 -1.500000e+001  7.000000e+000
      vertex -3.515765e+001 -1.461940e+001  7.000000e+000
    endloop
  endfacet
  facet normal  0.000000e+000  0.000000e+000  1.000000e+000
    outer loop
      vertex  3.353553e+001 -1.353553e+001  7.000000e+000
      vertex  4.750000e+001 -7.300000e+000  7.000000e+000
      vertex  4.587365e+001 -6.626346e+000  7.000000e+000
    endloop
  endfacet
  facet normal  0.000000e+000  0.000000e+000  1.000000e+000
    outer loop
      vertex  3.353553e+001 -1.353553e+001  7.000000e+000
      vertex  4.587365e+001 -6.626346e+000  7.000000e+000
      vertex  4.520000e+001 -5.000000e+000  7.000000e+000
    endloop
  endfacet
  facet normal  0.000000e+000  -0.000000e+000  9.999999e-001
    outer loop
      vertex  3.353553e+001 -1.353553e+001  7.000000e+000
      vertex  4.520000e+001 -5.000000e+000  7.000000e+000
      vertex  4.587365e+001 -3.373654e+000  7.000000e+000
    endloop
  endfacet
  facet normal  0.000000e+000  0.000000e+000  9.999999e-001
    outer loop
      vertex  5.200000e+001 -1.000000e+001  7.000000e+000
      vertex  5.200000e+001  1.000000e+001  7.000000e+000
      vertex  4.980000e+001  5.000000e+000  7.000000e+000
    endloop
  endfacet
  facet normal  0.000000e+000  0.000000e+000  9.999999e-001
    outer loop
      vertex  5.200000e+001 -1.000000e+001  7.000000e+000
      vertex  4.980000e+001  5.000000e+000  7.000000e+000
      vertex  4.912635e+001  3.373654e+000  7.000000e+000
    endloop
  endfacet
  facet normal  0.000000e+000  0.000000e+000  1.000000e+000
    outer loop
      vertex  5.200000e+001 -1.000000e+001  7.000000e+000
      vertex  4.912635e+001  3.373654e+000  7.000000e+000
      vertex  4.750000e+001  2.700000e+000  7.000000e+000
    endloop
  endfacet
  facet normal  0.000000e+000  0.000000e+000  9.999999e-001
    outer loop
      vertex  5.200000e+001 -1.000000e+001  7.000000e+000
      vertex  4.750000e+001  2.700000e+000  7.000000e+000
      vertex  4.912635e+001 -3.373654e+000  7.000000e+000
    endloop
  endfacet
  facet normal  0.000000e+000  0.000000e+000  9.999999e-001
    outer loop
      vertex  5.200000e+001 -1.000000e+001  7.000000e+000
      vertex  4.912635e+001 -3.373654e+000  7.000000e+000
      vertex  4.980000e+001 -5.000000e+000  7.000000e+000
    endloop
  endfacet
  facet normal  0.000000e+000  0.000000e+000  1.000000e+000
    outer loop
      vertex  5.200000e+001 -1.000000e+001  7.000000e+000
      vertex  4.980000e+001 -5.000000e+000  7.000000e+000
      vertex  4.912635e+001 -6.626346e+000  7.000000e+000
    endloop
  endfacet
  facet normal  0.000000e+000  0.000000e+000  1.000000e+000
    outer loop
      vertex  5.200000e+001 -1.000000e+001  7.000000e+000
      vertex  4.912635e+001 -6.626346e+000  7.000000e+000
      vertex  4.750000e+001 -7.300000e+000  7.000000e+000
    endloop
  endfacet
  facet normal  0.000000e+000  0.000000e+000  1.000000e+000
    outer loop
      vertex  9.200000e+001  1.000000e+001  7.000000e+000
      vertex  9.200000e+001 -1.000000e+001  7.000000e+000
      vertex  9.370000e+001  5.000000e+000  7.000000e+000
    endloop
  endfacet
  facet normal  0.000000e+000  -0.000000e+000  1.000000e+000
    outer loop
      vertex  9.200000e+001  1.000000e+001  7.000000e+000
      vertex  9.370000e+001  5.000000e+000  7.000000e+000
      vertex  9.437366e+001  6.626346e+000  7.000000e+000
    endloop
  endfacet
  facet normal  0.000000e+000  -0.000000e+000  1.000000e+000
    outer loop
      vertex  9.200000e+001  1.000000e+001  7.000000e+000
      vertex  9.437366e+001  6.626346e+000  7.000000e+000
      vertex  9.600000e+001  7.300000e+000  7.000000e+000
    endloop
  endfacet
  facet normal  0.000000e+000  0.000000e+000  1.000000e+000
    outer loop
      vertex  1.030000e+002 -1.500000e+001  7.000000e+000
      vertex  9.830000e+001  5.000000e+000  7.000000e+000
      vertex  9.762634e+001  3.373654e+000  7.000000e+000
    endloop
  endfacet
  facet normal  0.000000e+000  0.000000e+000  1.000000e+000
    outer loop
      vertex  1.030000e+002 -1.500000e+001  7.000000e+000
      vertex  9.762634e+001  3.373654e+000  7.000000e+000
      vertex  9.600000e+001  2.700000e+000  7.000000e+000
    endloop
  endfacet
  facet normal  0.000000e+000  0.000000e+000  1.000000e+000
    outer loop
      vertex  1.030000e+002 -1.500000e+001  7.000000e+000
      vertex  9.600000e+001  2.700000e+000  7.000000e+000
      vertex  9.762634e+001 -3.373654e+000  7.000000e+000
    endloop
  endfacet
  facet normal  0.000000e+000  0.000000e+000  9.999999e-001
    outer loop
      vertex  1.030000e+002 -1.500000e+001  7.000000e+000
      vertex  9.762634e+001 -3.373654e+000  7.000000e+000
      vertex  9.830000e+001 -5.000000e+000  7.000000e+000
    endloop
  endfacet
  facet normal  0.000000e+000  0.000000e+000  1.000000e+000
    outer loop
      vertex  1.030000e+002 -1.500000e+001  7.000000e+000
      vertex  9.830000e+001 -5.000000e+000  7.000000e+000
      vertex  9.762634e+001 -6.626346e+000  7.000000e+000
    endloop
  endfacet
  facet normal  0.000000e+000  0.000000e+000  1.000000e+000
    outer loop
      vertex  1.030000e+002 -1.500000e+001  7.000000e+000
      vertex  9.762634e+001 -6.626346e+000  7.000000e+000
      vertex  9.600000e+001 -7.300000e+000  7.000000e+000
    endloop
  endfacet
  facet normal  0.000000e+000  0.000000e+000  1.000000e+000
    outer loop
      vertex  1.030000e+002 -1.500000e+001  7.000000e+000
      vertex  9.600000e+001 -7.300000e+000  7.000000e+000
      vertex  1.000000e+002 -1.500000e+001  7.000000e+000
    endloop
  endfacet
  facet normal  -0.000000e+000  0.000000e+000  1.000000e+000
    outer loop
      vertex  4.750000e+001  7.300000e+000  7.000000e+000
      vertex -4.750000e+001  7.300000e+000  7.000000e+000
      vertex  4.587365e+001  6.626346e+000  7.000000e+000
    endloop
  endfacet
  facet normal  0.000000e+000  0.000000e+000  9.999999e-001
    outer loop
      vertex  4.587365e+001  6.626346e+000  7.000000e+000
      vertex -4.750000e+001  7.300000e+000  7.000000e+000
      vertex -4.587365e+001  6.626346e+000  7.000000e+000
    endloop
  endfacet
  facet normal  -0.000000e+000  0.000000e+000  9.999999e-001
    outer loop
      vertex  4.587365e+001  6.626346e+000  7.000000e+000
      vertex -4.587365e+001  6.626346e+000  7.000000e+000
      vertex  4.520000e+001  5.000000e+000  7.000000e+000
    endloop
  endfacet
  facet normal  0.000000e+000  0.000000e+000  1.000000e+000
    outer loop
      vertex  4.520000e+001  5.000000e+000  7.000000e+000
      vertex -4.587365e+001  6.626346e+000  7.000000e+000
      vertex -4.520000e+001  5.000000e+000  7.000000e+000
    endloop
  endfacet
  facet normal  -0.000000e+000  0.000000e+000  1.000000e+000
    outer loop
      vertex  4.520000e+001  5.000000e+000  7.000000e+000
      vertex -4.520000e+001  5.000000e+000  7.000000e+000
      vertex  4.587365e+001  3.373654e+000  7.000000e+000
    endloop
  endfacet
  facet normal  0.000000e+000  0.000000e+000  9.999999e-001
    outer loop
      vertex  4.587365e+001  3.373654e+000  7.000000e+000
      vertex -4.520000e+001  5.000000e+000  7.000000e+000
      vertex -4.587365e+001  3.373654e+000  7.000000e+000
    endloop
  endfacet
  facet normal  -0.000000e+000  0.000000e+000  1.000000e+000
    outer loop
      vertex  4.587365e+001  3.373654e+000  7.000000e+000
      vertex -4.587365e+001  3.373654e+000  7.000000e+000
      vertex  4.750000e+001  2.700000e+000  7.000000e+000
    endloop
  endfacet
  facet normal  0.000000e+000  0.000000e+000  1.000000e+000
    outer loop
      vertex  4.750000e+001  2.700000e+000  7.000000e+000
      vertex -4.587365e+001  3.373654e+000  7.000000e+000
      vertex -4.750000e+001  2.700000e+000  7.000000e+000
    endloop
  endfacet
  facet normal  0.000000e+000  -0.000000e+000  1.000000e+000
    outer loop
      vertex  1.792893e+001  1.684383e-015  7.000000e+000
      vertex  1.984235e+001 -3.806023e-001  7.000000e+000
      vertex  4.750000e+001  2.700000e+000  7.000000e+000
    endloop
  endfacet
  facet normal  0.000000e+000  0.000000e+000  1.000000e+000
    outer loop
      vertex  4.750000e+001  2.700000e+000  7.000000e+000
      vertex  1.984235e+001 -3.806023e-001  7.000000e+000
      vertex  4.750000e+001 -2.700000e+000  7.000000e+000
    endloop
  endfacet
  facet normal  -0.000000e+000  0.000000e+000  1.000000e+000
    outer loop
      vertex  4.750000e+001  2.700000e+000  7.000000e+000
      vertex  4.750000e+001 -2.700000e+000  7.000000e+000
      vertex  4.912635e+001 -3.373654e+000  7.000000e+000
    endloop
  endfacet
  facet normal  4.440890e-017 -1.000000e+000  3.644562e-023
    outer loop
      vertex -1.500000e+001  2.220446e-016  1.850000e+000
      vertex -1.616673e+001  1.702316e-016  2.333274e+000
      vertex -1.792893e+001  9.197389e-017  0.000000e+000
    endloop
  endfacet
  facet normal  1.534424e-016 -1.000000e+000 -8.234755e-017
    outer loop
      vertex -1.616673e+001  1.702316e-016  2.333274e+000
      vertex -1.665000e+001  0.000000e+000  3.500000e+000
      vertex -1.792893e+001  9.197389e-017  0.000000e+000
    endloop
  endfacet
  facet normal -1.148450e-015 -1.000000e+000 -9.009065e-016
    outer loop
      vertex  1.792893e+001  1.684383e-015  0.000000e+000
      vertex  1.665000e+001  0.000000e+000  3.500000e+000
      vertex  1.616673e+001  1.606125e-015  2.333274e+000
    endloop
  endfacet
  facet normal  4.440888e-017 -1.000000e+000 -6.250384e-023
    outer loop
      vertex  1.792893e+001  1.684383e-015  0.000000e+000
      vertex  1.616673e+001  1.606125e-015  2.333274e+000
      vertex  1.500000e+001  1.554312e-015  1.850000e+000
    endloop
  endfacet
  facet normal  4.440892e-017 -1.000000e+000  1.144639e-023
    outer loop
      vertex  1.792893e+001  1.684383e-015  0.000000e+000
      vertex  1.500000e+001  1.554312e-015  1.850000e+000
      vertex  0.000000e+000  8.881784e-016  1.850000e+000
    endloop
  endfacet
  facet normal  4.440892e-017 -1.000000e+000  1.144639e-023
    outer loop
      vertex  1.792893e+001  1.684383e-015  0.000000e+000
      vertex  0.000000e+000  8.881784e-016  1.850000e+000
      vertex -1.500000e+001  2.220446e-016  1.850000e+000
    endloop
  endfacet
  facet normal  4.440892e-017 -1.000000e+000  3.562818e-024
    outer loop
      vertex  1.792893e+001  1.684383e-015  0.000000e+000
      vertex -1.500000e+001  2.220446e-016  1.850000e+000
      vertex -1.792893e+001  9.197389e-017  0.000000e+000
    endloop
  endfacet
  facet normal  4.440892e-017 -1.000000e+000 -4.731520e-024
    outer loop
      vertex  1.792893e+001  1.684383e-015  7.000000e+000
      vertex -1.792893e+001  9.197389e-017  7.000000e+000
      vertex -1.500000e+001  2.220446e-016  5.150000e+000
    endloop
  endfacet
  facet normal  4.440892e-017 -9.999999e-001 -1.144639e-023
    outer loop
      vertex  1.792893e+001  1.684383e-015  7.000000e+000
      vertex -1.500000e+001  2.220446e-016  5.150000e+000
      vertex  0.000000e+000  8.881784e-016  5.150000e+000
    endloop
  endfacet
  facet normal  4.440892e-017 -9.999999e-001 -1.144639e-023
    outer loop
      vertex  1.792893e+001  1.684383e-015  7.000000e+000
      vertex  0.000000e+000  8.881784e-016  5.150000e+000
      vertex  1.500000e+001  1.554312e-015  5.150000e+000
    endloop
  endfacet
  facet normal  4.440888e-017 -1.000000e+000  6.250384e-023
    outer loop
      vertex  1.792893e+001  1.684383e-015  7.000000e+000
      vertex  1.500000e+001  1.554312e-015  5.150000e+000
      vertex  1.616673e+001  1.606125e-015  4.666726e+000
    endloop
  endfacet
  facet normal -1.148450e-015 -1.000000e+000  9.009065e-016
    outer loop
      vertex  1.792893e+001  1.684383e-015  7.000000e+000
      vertex  1.616673e+001  1.606125e-015  4.666726e+000
      vertex  1.665000e+001  0.000000e+000  3.500000e+000
    endloop
  endfacet
  facet normal  1.317023e-015 -1.000000e+000  0.000000e+000
    outer loop
      vertex  1.792893e+001  1.684383e-015  7.000000e+000
      vertex  1.665000e+001  0.000000e+000  3.500000e+000
      vertex  1.792893e+001  1.684383e-015  0.000000e+000
    endloop
  endfacet
  facet normal -7.191457e-017 -1.000000e+000  0.000000e+000
    outer loop
      vertex -1.792893e+001  9.197389e-017  7.000000e+000
      vertex -1.792893e+001  9.197389e-017  0.000000e+000
      vertex -1.665000e+001  0.000000e+000  3.500000e+000
    endloop
  endfacet
  facet normal  1.534424e-016 -1.000000e+000  8.234755e-017
    outer loop
      vertex -1.792893e+001  9.197389e-017  7.000000e+000
      vertex -1.665000e+001  0.000000e+000  3.500000e+000
      vertex -1.616673e+001  1.702316e-016  4.666726e+000
    endloop
  endfacet
  facet normal  4.440890e-017 -1.000000e+000 -3.644561e-023
    outer loop
      vertex -1.792893e+001  9.197389e-017  7.000000e+000
      vertex -1.616673e+001  1.702316e-016  4.666726e+000
      vertex -1.500000e+001  2.220446e-016  5.150000e+000
    endloop
  endfacet
  facet normal  4.440893e-017 -1.000000e+000  8.240607e-016
    outer loop
      vertex  1.650000e+000  0.000000e+000  3.500000e+000
      vertex  1.383327e+001  1.502499e-015  4.666726e+000
      vertex  1.166726e+000  9.399914e-016  4.666726e+000
    endloop
  endfacet
  facet normal  4.440892e-017 -1.000000e+000 -1.037791e-022
    outer loop
      vertex  1.166726e+000  9.399914e-016  4.666726e+000
      vertex  1.383327e+001  1.502499e-015  4.666726e+000
      vertex  1.500000e+001  1.554312e-015  5.150000e+000
    endloop
  endfacet
  facet normal  4.440892e-017 -1.000000e+000  8.763486e-023
    outer loop
      vertex  1.166726e+000  9.399914e-016  4.666726e+000
      vertex  1.500000e+001  1.554312e-015  5.150000e+000
      vertex  0.000000e+000  8.881784e-016  5.150000e+000
    endloop
  endfacet
  facet normal  0.000000e+000 -1.000000e+000  1.287791e-015
    outer loop
      vertex  1.383327e+001  1.502499e-015  4.666726e+000
      vertex  1.650000e+000  0.000000e+000  3.500000e+000
      vertex  1.335000e+001  0.000000e+000  3.500000e+000
    endloop
  endfacet
  facet normal  -0.000000e+000 -1.000000e+000 -8.056659e-016
    outer loop
      vertex  1.335000e+001  0.000000e+000  3.500000e+000
      vertex  1.650000e+000  0.000000e+000  3.500000e+000
      vertex  1.166726e+000  9.399914e-016  2.333274e+000
    endloop
  endfacet
  facet normal  4.440893e-017 -1.000000e+000 -1.269396e-015
    outer loop
      vertex  1.335000e+001  0.000000e+000  3.500000e+000
      vertex  1.166726e+000  9.399914e-016  2.333274e+000
      vertex  1.383327e+001  1.502499e-015  2.333274e+000
    endloop
  endfacet
  facet normal  4.440893e-017 -9.999999e-001 -1.037791e-022
    outer loop
      vertex  1.383327e+001  1.502499e-015  2.333274e+000
      vertex  1.166726e+000  9.399914e-016  2.333274e+000
      vertex  0.000000e+000  8.881784e-016  1.850000e+000
    endloop
  endfacet
  facet normal  4.440892e-017 -1.000000e+000  8.763488e-023
    outer loop
      vertex  1.383327e+001  1.502499e-015  2.333274e+000
      vertex  0.000000e+000  8.881784e-016  1.850000e+000
      vertex  1.500000e+001  1.554312e-015  1.850000e+000
    endloop
  endfacet
  facet normal  4.440892e-017 -1.000000e+000  2.531179e-016
    outer loop
      vertex -1.335000e+001  0.000000e+000  3.500000e+000
      vertex -1.166726e+000  8.363654e-016  4.666726e+000
      vertex -1.383327e+001  2.738577e-016  4.666726e+000
    endloop
  endfacet
  facet normal  4.440892e-017 -1.000000e+000  2.594477e-023
    outer loop
      vertex -1.383327e+001  2.738577e-016  4.666726e+000
      vertex -1.166726e+000  8.363654e-016  4.666726e+000
      vertex  0.000000e+000  8.881784e-016  5.150000e+000
    endloop
  endfacet
  facet normal  4.440892e-017 -1.000000e+000 -2.190872e-023
    outer loop
      vertex -1.383327e+001  2.738577e-016  4.666726e+000
      vertex  0.000000e+000  8.881784e-016  5.150000e+000
      vertex -1.500000e+001  2.220446e-016  5.150000e+000
    endloop
  endfacet
  facet normal  0.000000e+000 -1.000000e+000  7.168481e-016
    outer loop
      vertex -1.166726e+000  8.363654e-016  4.666726e+000
      vertex -1.335000e+001  0.000000e+000  3.500000e+000
      vertex -1.650000e+000  0.000000e+000  3.500000e+000
    endloop
  endfacet
  facet normal  -0.000000e+000 -1.000000e+000 -2.347232e-016
    outer loop
      vertex -1.650000e+000  0.000000e+000  3.500000e+000
      vertex -1.335000e+001  0.000000e+000  3.500000e+000
      vertex -1.383327e+001  2.738577e-016  2.333274e+000
    endloop
  endfacet
  facet normal  4.440892e-017 -1.000000e+000 -6.984533e-016
    outer loop
      vertex -1.650000e+000  0.000000e+000  3.500000e+000
      vertex -1.383327e+001  2.738577e-016  2.333274e+000
      vertex -1.166726e+000  8.363654e-016  2.333274e+000
    endloop
  endfacet
  facet normal  4.440892e-017 -9.999999e-001  2.594478e-023
    outer loop
      vertex -1.166726e+000  8.363654e-016  2.333274e+000
      vertex -1.383327e+001  2.738577e-016  2.333274e+000
      vertex -1.500000e+001  2.220446e-016  1.850000e+000
    endloop
  endfacet
  facet normal  4.440892e-017 -1.000000e+000 -2.190872e-023
    outer loop
      vertex -1.166726e+000  8.363654e-016  2.333274e+000
      vertex -1.500000e+001  2.220446e-016  1.850000e+000
      vertex  0.000000e+000  8.881784e-016  1.850000e+000
    endloop
  endfacet
  facet normal  3.826835e-001  0.000000e+000  9.238796e-001
    outer loop
      vertex  1.500000e+001  1.554312e-015  1.850000e+000
      vertex  1.383327e+001  1.500000e+001  2.333274e+000
      vertex  1.383327e+001  1.502499e-015  2.333274e+000
    endloop
  endfacet
  facet normal  9.238796e-001  -0.000000e+000  3.826832e-001
    outer loop
      vertex  1.383327e+001  1.502499e-015  2.333274e+000
      vertex  1.383327e+001  1.500000e+001  2.333274e+000
      vertex  1.335000e+001  1.500000e+001  3.500000e+000
    endloop
  endfacet
  facet normal  9.238796e-001  0.000000e+000  3.826832e-001
    outer loop
      vertex  1.383327e+001  1.502499e-015  2.333274e+000
      vertex  1.335000e+001  1.500000e+001  3.500000e+000
      vertex  1.335000e+001  0.000000e+000  3.500000e+000
    endloop
  endfacet
  facet normal  3.826835e-001  -0.000000e+000  9.238796e-001
    outer loop
      vertex  1.383327e+001  1.500000e+001  2.333274e+000
      vertex  1.500000e+001  1.554312e-015  1.850000e+000
      vertex  1.500000e+001  1.500000e+001  1.850000e+000
    endloop
  endfacet
  facet normal -3.826832e-001  0.000000e+000  9.238796e-001
    outer loop
      vertex  1.500000e+001  1.500000e+001  1.850000e+000
      vertex  1.500000e+001  1.554312e-015  1.850000e+000
      vertex  1.616673e+001  1.606125e-015  2.333274e+000
    endloop
  endfacet
  facet normal -3.826832e-001  0.000000e+000  9.238796e-001
    outer loop
      vertex  1.500000e+001  1.500000e+001  1.850000e+000
      vertex  1.616673e+001  1.606125e-015  2.333274e+000
      vertex  1.616673e+001  1.500000e+001  2.333274e+000
    endloop
  endfacet
  facet normal -9.238799e-001  0.000000e+000  3.826826e-001
    outer loop
      vertex  1.616673e+001  1.500000e+001  2.333274e+000
      vertex  1.616673e+001  1.606125e-015  2.333274e+000
      vertex  1.665000e+001  0.000000e+000  3.500000e+000
    endloop
  endfacet
  facet normal -9.238799e-001  0.000000e+000  3.826826e-001
    outer loop
      vertex  1.616673e+001  1.500000e+001  2.333274e+000
      vertex  1.665000e+001  0.000000e+000  3.500000e+000
      vertex  1.665000e+001  1.500000e+001  3.500000e+000
    endloop
  endfacet
  facet normal -3.826833e-001  -0.000000e+000 -9.238796e-001
    outer loop
      vertex  1.500000e+001  1.554312e-015  5.150000e+000
      vertex  1.616673e+001  1.500000e+001  4.666726e+000
      vertex  1.616673e+001  1.606125e-015  4.666726e+000
    endloop
  endfacet
  facet normal -9.238799e-001  0.000000e+000 -3.826826e-001
    outer loop
      vertex  1.616673e+001  1.606125e-015  4.666726e+000
      vertex  1.616673e+001  1.500000e+001  4.666726e+000
      vertex  1.665000e+001  1.500000e+001  3.500000e+000
    endloop
  endfacet
  facet normal -9.238799e-001  -0.000000e+000 -3.826826e-001
    outer loop
      vertex  1.616673e+001  1.606125e-015  4.666726e+000
      vertex  1.665000e+001  1.500000e+001  3.500000e+000
      vertex  1.665000e+001  0.000000e+000  3.500000e+000
    endloop
  endfacet
  facet normal -3.826833e-001  0.000000e+000 -9.238796e-001
    outer loop
      vertex  1.616673e+001  1.500000e+001  4.666726e+000
      vertex  1.500000e+001  1.554312e-015  5.150000e+000
      vertex  1.500000e+001  1.500000e+001  5.150000e+000
    endloop
  endfacet
  facet normal  3.826835e-001  0.000000e+000 -9.238794e-001
    outer loop
      vertex  1.500000e+001  1.500000e+001  5.150000e+000
      vertex  1.500000e+001  1.554312e-015  5.150000e+000
      vertex  1.383327e+001  1.502499e-015  4.666726e+000
    endloop
  endfacet
  facet normal  3.826835e-001  0.000000e+000 -9.238794e-001
    outer loop
      vertex  1.500000e+001  1.500000e+001  5.150000e+000
      vertex  1.383327e+001  1.502499e-015  4.666726e+000
      vertex  1.383327e+001  1.500000e+001  4.666726e+000
    endloop
  endfacet
  facet normal  9.238796e-001  0.000000e+000 -3.826832e-001
    outer loop
      vertex  1.383327e+001  1.500000e+001  4.666726e+000
      vertex  1.383327e+001  1.502499e-015  4.666726e+000
      vertex  1.335000e+001  0.000000e+000  3.500000e+000
    endloop
  endfacet
  facet normal  9.238796e-001  0.000000e+000 -3.826832e-001
    outer loop
      vertex  1.383327e+001  1.500000e+001  4.666726e+000
      vertex  1.335000e+001  0.000000e+000  3.500000e+000
      vertex  1.335000e+001  1.500000e+001  3.500000e+000
    endloop
  endfacet
  facet normal -3.826835e-001  -0.000000e+000 -9.238794e-001
    outer loop
      vertex -1.500000e+001  2.220446e-016  5.150000e+000
      vertex -1.383327e+001  1.500000e+001  4.666726e+000
      vertex -1.383327e+001  2.738577e-016  4.666726e+000
    endloop
  endfacet
  facet normal -9.238796e-001  0.000000e+000 -3.826832e-001
    outer loop
      vertex -1.383327e+001  2.738577e-016  4.666726e+000
      vertex -1.383327e+001  1.500000e+001  4.666726e+000
      vertex -1.335000e+001  1.500000e+001  3.500000e+000
    endloop
  endfacet
  facet normal -9.238796e-001  -0.000000e+000 -3.826832e-001
    outer loop
      vertex -1.383327e+001  2.738577e-016  4.666726e+000
      vertex -1.335000e+001  1.500000e+001  3.500000e+000
      vertex -1.335000e+001  0.000000e+000  3.500000e+000
    endloop
  endfacet
  facet normal -3.826835e-001  0.000000e+000 -9.238794e-001
    outer loop
      vertex -1.383327e+001  1.500000e+001  4.666726e+000
      vertex -1.500000e+001  2.220446e-016  5.150000e+000
      vertex -1.500000e+001  1.500000e+001  5.150000e+000
    endloop
  endfacet
  facet normal  3.826833e-001  0.000000e+000 -9.238796e-001
    outer loop
      vertex -1.500000e+001  1.500000e+001  5.150000e+000
      vertex -1.500000e+001  2.220446e-016  5.150000e+000
      vertex -1.616673e+001  1.702316e-016  4.666726e+000
    endloop
  endfacet
  facet normal  3.826833e-001  0.000000e+000 -9.238796e-001
    outer loop
      vertex -1.500000e+001  1.500000e+001  5.150000e+000
      vertex -1.616673e+001  1.702316e-016  4.666726e+000
      vertex -1.616673e+001  1.500000e+001  4.666726e+000
    endloop
  endfacet
  facet normal  9.238799e-001  0.000000e+000 -3.826826e-001
    outer loop
      vertex -1.616673e+001  1.500000e+001  4.666726e+000
      vertex -1.616673e+001  1.702316e-016  4.666726e+000
      vertex -1.665000e+001  0.000000e+000  3.500000e+000
    endloop
  endfacet
  facet normal  9.238799e-001  0.000000e+000 -3.826826e-001
    outer loop
      vertex -1.616673e+001  1.500000e+001  4.666726e+000
      vertex -1.665000e+001  0.000000e+000  3.500000e+000
      vertex -1.665000e+001  1.500000e+001  3.500000e+000
    endloop
  endfacet
  facet normal  3.826832e-001  0.000000e+000  9.238796e-001
    outer loop
      vertex -1.500000e+001  2.220446e-016  1.850000e+000
      vertex -1.616673e+001  1.500000e+001  2.333274e+000
      vertex -1.616673e+001  1.702316e-016  2.333274e+000
    endloop
  endfacet
  facet normal  9.238799e-001  -0.000000e+000  3.826826e-001
    outer loop
      vertex -1.616673e+001  1.702316e-016  2.333274e+000
      vertex -1.616673e+001  1.500000e+001  2.333274e+000
      vertex -1.665000e+001  1.500000e+001  3.500000e+000
    endloop
  endfacet
  facet normal  9.238799e-001  0.000000e+000  3.826826e-001
    outer loop
      vertex -1.616673e+001  1.702316e-016  2.333274e+000
      vertex -1.665000e+001  1.500000e+001  3.500000e+000
      vertex -1.665000e+001  0.000000e+000  3.500000e+000
    endloop
  endfacet
  facet normal  3.826832e-001  -0.000000e+000  9.238796e-001
    outer loop
      vertex -1.616673e+001  1.500000e+001  2.333274e+000
      vertex -1.500000e+001  2.220446e-016  1.850000e+000
      vertex -1.500000e+001  1.500000e+001  1.850000e+000
    endloop
  endfacet
  facet normal -3.826835e-001  0.000000e+000  9.238796e-001
    outer loop
      vertex -1.500000e+001  1.500000e+001  1.850000e+000
      vertex -1.500000e+001  2.220446e-016  1.850000e+000
      vertex -1.383327e+001  2.738577e-016  2.333274e+000
    endloop
  endfacet
  facet normal -3.826835e-001  0.000000e+000  9.238796e-001
    outer loop
      vertex -1.500000e+001  1.500000e+001  1.850000e+000
      vertex -1.383327e+001  2.738577e-016  2.333274e+000
      vertex -1.383327e+001  1.500000e+001  2.333274e+000
    endloop
  endfacet
  facet normal -9.238796e-001  0.000000e+000  3.826832e-001
    outer loop
      vertex -1.383327e+001  1.500000e+001  2.333274e+000
      vertex -1.383327e+001  2.738577e-016  2.333274e+000
      vertex -1.335000e+001  0.000000e+000  3.500000e+000
    endloop
  endfacet
  facet normal -9.238796e-001  0.000000e+000  3.826832e-001
    outer loop
      vertex -1.383327e+001  1.500000e+001  2.333274e+000
      vertex -1.335000e+001  0.000000e+000  3.500000e+000
      vertex -1.335000e+001  1.500000e+001  3.500000e+000
    endloop
  endfacet
  facet normal -3.826835e-001  -0.000000e+000 -9.238794e-001
    outer loop
      vertex  0.000000e+000  8.881784e-016  5.150000e+000
      vertex  1.166726e+000  1.500000e+001  4.666726e+000
      vertex  1.166726e+000  9.399914e-016  4.666726e+000
    endloop
  endfacet
  facet normal -9.238796e-001  0.000000e+000 -3.826834e-001
    outer loop
      vertex  1.166726e+000  9.399914e-016  4.666726e+000
      vertex  1.166726e+000  1.500000e+001  4.666726e+000
      vertex  1.650000e+000  1.500000e+001  3.500000e+000
    endloop
  endfacet
  facet normal -9.238796e-001  -0.000000e+000 -3.826834e-001
    outer loop
      vertex  1.166726e+000  9.399914e-016  4.666726e+000
      vertex  1.650000e+000  1.500000e+001  3.500000e+000
      vertex  1.650000e+000  0.000000e+000  3.500000e+000
    endloop
  endfacet
  facet normal -3.826835e-001 -2.577502e-018 -9.238794e-001
    outer loop
      vertex  1.166726e+000  1.500000e+001  4.666726e+000
      vertex  0.000000e+000  8.881784e-016  5.150000e+000
      vertex -1.010300e-016  1.500000e+001  5.150000e+000
    endloop
  endfacet
  facet normal  3.826835e-001  2.577502e-018 -9.238794e-001
    outer loop
      vertex -1.010300e-016  1.500000e+001  5.150000e+000
      vertex  0.000000e+000  8.881784e-016  5.150000e+000
      vertex -1.166726e+000  8.363654e-016  4.666726e+000
    endloop
  endfacet
  facet normal  3.826835e-001  0.000000e+000 -9.238794e-001
    outer loop
      vertex -1.010300e-016  1.500000e+001  5.150000e+000
      vertex -1.166726e+000  8.363654e-016  4.666726e+000
      vertex -1.166726e+000  1.500000e+001  4.666726e+000
    endloop
  endfacet
  facet normal  9.238796e-001  0.000000e+000 -3.826834e-001
    outer loop
      vertex -1.166726e+000  1.500000e+001  4.666726e+000
      vertex -1.166726e+000  8.363654e-016  4.666726e+000
      vertex -1.650000e+000  0.000000e+000  3.500000e+000
    endloop
  endfacet
  facet normal  9.238796e-001  0.000000e+000 -3.826834e-001
    outer loop
      vertex -1.166726e+000  1.500000e+001  4.666726e+000
      vertex -1.650000e+000  0.000000e+000  3.500000e+000
      vertex -1.650000e+000  1.500000e+001  3.500000e+000
    endloop
  endfacet
  facet normal  3.826835e-001  0.000000e+000  9.238796e-001
    outer loop
      vertex  0.000000e+000  8.881784e-016  1.850000e+000
      vertex -1.166726e+000  1.500000e+001  2.333274e+000
      vertex -1.166726e+000  8.363654e-016  2.333274e+000
    endloop
  endfacet
  facet normal  9.238796e-001  -0.000000e+000  3.826834e-001
    outer loop
      vertex -1.166726e+000  8.363654e-016  2.333274e+000
      vertex -1.166726e+000  1.500000e+001  2.333274e+000
      vertex -1.650000e+000  1.500000e+001  3.500000e+000
    endloop
  endfacet
  facet normal  9.238796e-001  0.000000e+000  3.826834e-001
    outer loop
      vertex -1.166726e+000  8.363654e-016  2.333274e+000
      vertex -1.650000e+000  1.500000e+001  3.500000e+000
      vertex -1.650000e+000  0.000000e+000  3.500000e+000
    endloop
  endfacet
  facet normal  3.826835e-001 -7.732504e-018  9.238796e-001
    outer loop
      vertex -1.166726e+000  1.500000e+001  2.333274e+000
      vertex  0.000000e+000  8.881784e-016  1.850000e+000
      vertex  3.030901e-016  1.500000e+001  1.850000e+000
    endloop
  endfacet
  facet normal -3.826835e-001  7.732504e-018  9.238796e-001
    outer loop
      vertex  3.030901e-016  1.500000e+001  1.850000e+000
      vertex  0.000000e+000  8.881784e-016  1.850000e+000
      vertex  1.166726e+000  9.399914e-016  2.333274e+000
    endloop
  endfacet
  facet normal -3.826835e-001  0.000000e+000  9.238796e-001
    outer loop
      vertex  3.030901e-016  1.500000e+001  1.850000e+000
      vertex  1.166726e+000  9.399914e-016  2.333274e+000
      vertex  1.166726e+000  1.500000e+001  2.333274e+000
    endloop
  endfacet
  facet normal -9.238796e-001  0.000000e+000  3.826834e-001
    outer loop
      vertex  1.166726e+000  1.500000e+001  2.333274e+000
      vertex  1.166726e+000  9.399914e-016  2.333274e+000
      vertex  1.650000e+000  0.000000e+000  3.500000e+000
    endloop
  endfacet
  facet normal -9.238796e-001  0.000000e+000  3.826834e-001
    outer loop
      vertex  1.166726e+000  1.500000e+001  2.333274e+000
      vertex  1.650000e+000  0.000000e+000  3.500000e+000
      vertex  1.650000e+000  1.500000e+001  3.500000e+000
    endloop
  endfacet
  facet normal -7.071068e-001 -7.071068e-001  0.000000e+000
    outer loop
      vertex  3.353553e+001 -1.353553e+001  7.000000e+000
      vertex  2.146447e+001 -1.464466e+000  7.000000e+000
      vertex  3.353553e+001 -1.353553e+001  0.000000e+000
    endloop
  endfacet
  facet normal -7.071068e-001 -7.071068e-001  0.000000e+000
    outer loop
      vertex  3.353553e+001 -1.353553e+001  0.000000e+000
      vertex  2.146447e+001 -1.464466e+000  7.000000e+000
      vertex  2.146447e+001 -1.464466e+000  0.000000e+000
    endloop
  endfacet
  facet normal -1.950902e-001 -9.807853e-001  0.000000e+000
    outer loop
      vertex  1.792893e+001  1.684383e-015  0.000000e+000
      vertex  1.984235e+001 -3.806023e-001  0.000000e+000
      vertex  1.792893e+001  1.684383e-015  7.000000e+000
    endloop
  endfacet
  facet normal -1.950902e-001 -9.807853e-001  0.000000e+000
    outer loop
      vertex  1.792893e+001  1.684383e-015  7.000000e+000
      vertex  1.984235e+001 -3.806023e-001  0.000000e+000
      vertex  1.984235e+001 -3.806023e-001  7.000000e+000
    endloop
  endfacet
  facet normal -5.555704e-001 -8.314695e-001  0.000000e+000
    outer loop
      vertex  1.984235e+001 -3.806023e-001  0.000000e+000
      vertex  2.146447e+001 -1.464466e+000  0.000000e+000
      vertex  1.984235e+001 -3.806023e-001  7.000000e+000
    endloop
  endfacet
  facet normal -5.555704e-001 -8.314695e-001  0.000000e+000
    outer loop
      vertex  1.984235e+001 -3.806023e-001  7.000000e+000
      vertex  2.146447e+001 -1.464466e+000  0.000000e+000
      vertex  2.146447e+001 -1.464466e+000  7.000000e+000
    endloop
  endfacet
  facet normal  7.071068e-001 -7.071068e-001  0.000000e+000
    outer loop
      vertex -2.146447e+001 -1.464466e+000  7.000000e+000
      vertex -3.353553e+001 -1.353553e+001  7.000000e+000
      vertex -2.146447e+001 -1.464466e+000  0.000000e+000
    endloop
  endfacet
  facet normal  7.071068e-001 -7.071068e-001  0.000000e+000
    outer loop
      vertex -2.146447e+001 -1.464466e+000  0.000000e+000
      vertex -3.353553e+001 -1.353553e+001  7.000000e+000
      vertex -3.353553e+001 -1.353553e+001  0.000000e+000
    endloop
  endfacet
  facet normal  5.555704e-001 -8.314695e-001  0.000000e+000
    outer loop
      vertex -2.146447e+001 -1.464466e+000  0.000000e+000
      vertex -1.984235e+001 -3.806023e-001  0.000000e+000
      vertex -2.146447e+001 -1.464466e+000  7.000000e+000
    endloop
  endfacet
  facet normal  5.555704e-001 -8.314695e-001  0.000000e+000
    outer loop
      vertex -2.146447e+001 -1.464466e+000  7.000000e+000
      vertex -1.984235e+001 -3.806023e-001  0.000000e+000
      vertex -1.984235e+001 -3.806023e-001  7.000000e+000
    endloop
  endfacet
  facet normal  1.950902e-001 -9.807853e-001  0.000000e+000
    outer loop
      vertex -1.984235e+001 -3.806023e-001  0.000000e+000
      vertex -1.792893e+001  9.197389e-017  0.000000e+000
      vertex -1.984235e+001 -3.806023e-001  7.000000e+000
    endloop
  endfacet
  facet normal  1.950902e-001 -9.807853e-001  0.000000e+000
    outer loop
      vertex -1.984235e+001 -3.806023e-001  7.000000e+000
      vertex -1.792893e+001  9.197389e-017  0.000000e+000
      vertex -1.792893e+001  9.197389e-017  7.000000e+000
    endloop
  endfacet
  facet normal -1.950900e-001 -9.807854e-001  -0.000000e+000
    outer loop
      vertex  3.707107e+001 -1.500000e+001  0.000000e+000
      vertex  3.707107e+001 -1.500000e+001  7.000000e+000
      vertex  3.515765e+001 -1.461940e+001  0.000000e+000
    endloop
  endfacet
  facet normal -1.950900e-001 -9.807854e-001  0.000000e+000
    outer loop
      vertex  3.515765e+001 -1.461940e+001  0.000000e+000
      vertex  3.707107e+001 -1.500000e+001  7.000000e+000
      vertex  3.515765e+001 -1.461940e+001  7.000000e+000
    endloop
  endfacet
  facet normal -5.555705e-001 -8.314694e-001  -0.000000e+000
    outer loop
      vertex  3.515765e+001 -1.461940e+001  0.000000e+000
      vertex  3.515765e+001 -1.461940e+001  7.000000e+000
      vertex  3.353553e+001 -1.353553e+001  0.000000e+000
    endloop
  endfacet
  facet normal -5.555705e-001 -8.314694e-001  0.000000e+000
    outer loop
      vertex  3.353553e+001 -1.353553e+001  0.000000e+000
      vertex  3.515765e+001 -1.461940e+001  7.000000e+000
      vertex  3.353553e+001 -1.353553e+001  7.000000e+000
    endloop
  endfacet
  facet normal  5.555705e-001 -8.314694e-001  0.000000e+000
    outer loop
      vertex -3.353553e+001 -1.353553e+001  0.000000e+000
      vertex -3.353553e+001 -1.353553e+001  7.000000e+000
      vertex -3.515765e+001 -1.461940e+001  0.000000e+000
    endloop
  endfacet
  facet normal  5.555705e-001 -8.314694e-001  0.000000e+000
    outer loop
      vertex -3.515765e+001 -1.461940e+001  0.000000e+000
      vertex -3.353553e+001 -1.353553e+001  7.000000e+000
      vertex -3.515765e+001 -1.461940e+001  7.000000e+000
    endloop
  endfacet
  facet normal  1.950900e-001 -9.807854e-001  0.000000e+000
    outer loop
      vertex -3.515765e+001 -1.461940e+001  0.000000e+000
      vertex -3.515765e+001 -1.461940e+001  7.000000e+000
      vertex -3.707107e+001 -1.500000e+001  0.000000e+000
    endloop
  endfacet
  facet normal  1.950900e-001 -9.807854e-001  0.000000e+000
    outer loop
      vertex -3.707107e+001 -1.500000e+001  0.000000e+000
      vertex -3.515765e+001 -1.461940e+001  7.000000e+000
      vertex -3.707107e+001 -1.500000e+001  7.000000e+000
    endloop
  endfacet
  facet normal  0.000000e+000  1.000000e+000  0.000000e+000
    outer loop
      vertex -9.200000e+001 -1.000000e+001  7.000000e+000
      vertex -5.200000e+001 -1.000000e+001  7.000000e+000
      vertex -9.200000e+001 -1.000000e+001  0.000000e+000
    endloop
  endfacet
  facet normal  0.000000e+000  1.000000e+000  0.000000e+000
    outer loop
      vertex -9.200000e+001 -1.000000e+001  0.000000e+000
      vertex -5.200000e+001 -1.000000e+001  7.000000e+000
      vertex -5.200000e+001 -1.000000e+001  0.000000e+000
    endloop
  endfacet
  facet normal  1.000000e+000  0.000000e+000  0.000000e+000
    outer loop
      vertex -9.200000e+001 -1.000000e+001  7.000000e+000
      vertex -9.200000e+001 -1.000000e+001  0.000000e+000
      vertex -9.200000e+001  1.000000e+001  7.000000e+000
    endloop
  endfacet
  facet normal  1.000000e+000  0.000000e+000  0.000000e+000
    outer loop
      vertex -9.200000e+001  1.000000e+001  7.000000e+000
      vertex -9.200000e+001 -1.000000e+001  0.000000e+000
      vertex -9.200000e+001  1.000000e+001  0.000000e+000
    endloop
  endfacet
  facet normal  0.000000e+000 -1.000000e+000  0.000000e+000
    outer loop
      vertex -5.200000e+001  1.000000e+001  7.000000e+000
      vertex -9.200000e+001  1.000000e+001  7.000000e+000
      vertex -5.200000e+001  1.000000e+001  0.000000e+000
    endloop
  endfacet
  facet normal  0.000000e+000 -1.000000e+000  0.000000e+000
    outer loop
      vertex -5.200000e+001  1.000000e+001  0.000000e+000
      vertex -9.200000e+001  1.000000e+001  7.000000e+000
      vertex -9.200000e+001  1.000000e+001  0.000000e+000
    endloop
  endfacet
  facet normal -1.000000e+000  0.000000e+000  0.000000e+000
    outer loop
      vertex -5.200000e+001  1.000000e+001  7.000000e+000
      vertex -5.200000e+001  1.000000e+001  0.000000e+000
      vertex -5.200000e+001 -1.000000e+001  7.000000e+000
    endloop
  endfacet
  facet normal -1.000000e+000  0.000000e+000  0.000000e+000
    outer loop
      vertex -5.200000e+001 -1.000000e+001  7.000000e+000
      vertex -5.200000e+001  1.000000e+001  0.000000e+000
      vertex -5.200000e+001 -1.000000e+001  0.000000e+000
    endloop
  endfacet
  facet normal  0.000000e+000  1.000000e+000  0.000000e+000
    outer loop
      vertex  5.200000e+001 -1.000000e+001  7.000000e+000
      vertex  9.200000e+001 -1.000000e+001  7.000000e+000
      vertex  5.200000e+001 -1.000000e+001  0.000000e+000
    endloop
  endfacet
  facet normal  0.000000e+000  1.000000e+000  0.000000e+000
    outer loop
      vertex  5.200000e+001 -1.000000e+001  0.000000e+000
      vertex  9.200000e+001 -1.000000e+001  7.000000e+000
      vertex  9.200000e+001 -1.000000e+001  0.000000e+000
    endloop
  endfacet
  facet normal  1.000000e+000  -0.000000e+000  0.000000e+000
    outer loop
      vertex  5.200000e+001  1.000000e+001  7.000000e+000
      vertex  5.200000e+001 -1.000000e+001  7.000000e+000
      vertex  5.200000e+001  1.000000e+001  0.000000e+000
    endloop
  endfacet
  facet normal  1.000000e+000  0.000000e+000  0.000000e+000
    outer loop
      vertex  5.200000e+001  1.000000e+001  0.000000e+000
      vertex  5.200000e+001 -1.000000e+001  7.000000e+000
      vertex  5.200000e+001 -1.000000e+001  0.000000e+000
    endloop
  endfacet
  facet normal  0.000000e+000 -1.000000e+000  0.000000e+000
    outer loop
      vertex  9.200000e+001  1.000000e+001  7.000000e+000
      vertex  5.200000e+001  1.000000e+001  7.000000e+000
      vertex  9.200000e+001  1.000000e+001  0.000000e+000
    endloop
  endfacet
  facet normal  0.000000e+000 -1.000000e+000  0.000000e+000
    outer loop
      vertex  9.200000e+001  1.000000e+001  0.000000e+000
      vertex  5.200000e+001  1.000000e+001  7.000000e+000
      vertex  5.200000e+001  1.000000e+001  0.000000e+000
    endloop
  endfacet
  facet normal -1.000000e+000  -0.000000e+000  0.000000e+000
    outer loop
      vertex  9.200000e+001 -1.000000e+001  7.000000e+000
      vertex  9.200000e+001  1.000000e+001  7.000000e+000
      vertex  9.200000e+001 -1.000000e+001  0.000000e+000
    endloop
  endfacet
  facet normal -1.000000e+000  0.000000e+000  0.000000e+000
    outer loop
      vertex  9.200000e+001 -1.000000e+001  0.000000e+000
      vertex  9.200000e+001  1.000000e+001  7.000000e+000
      vertex  9.200000e+001  1.000000e+001  0.000000e+000
    endloop
  endfacet
  facet normal -3.826841e-001 -9.238793e-001  0.000000e+000
    outer loop
      vertex -9.600000e+001  7.300000e+000  7.000000e+000
      vertex -9.437366e+001  6.626346e+000  0.000000e+000
      vertex -9.437366e+001  6.626346e+000  7.000000e+000
    endloop
  endfacet
  facet normal -9.238783e-001 -3.826863e-001  -0.000000e+000
    outer loop
      vertex -9.437366e+001  6.626346e+000  7.000000e+000
      vertex -9.437366e+001  6.626346e+000  0.000000e+000
      vertex -9.370000e+001  5.000000e+000  0.000000e+000
    endloop
  endfacet
  facet normal -9.238783e-001 -3.826863e-001  0.000000e+000
    outer loop
      vertex -9.437366e+001  6.626346e+000  7.000000e+000
      vertex -9.370000e+001  5.000000e+000  0.000000e+000
      vertex -9.370000e+001  5.000000e+000  7.000000e+000
    endloop
  endfacet
  facet normal -3.826841e-001 -9.238793e-001  -0.000000e+000
    outer loop
      vertex -9.437366e+001  6.626346e+000  0.000000e+000
      vertex -9.600000e+001  7.300000e+000  7.000000e+000
      vertex -9.600000e+001  7.300000e+000  0.000000e+000
    endloop
  endfacet
  facet normal  3.826841e-001 -9.238793e-001  0.000000e+000
    outer loop
      vertex -9.600000e+001  7.300000e+000  0.000000e+000
      vertex -9.600000e+001  7.300000e+000  7.000000e+000
      vertex -9.762634e+001  6.626346e+000  7.000000e+000
    endloop
  endfacet
  facet normal  3.826841e-001 -9.238793e-001  0.000000e+000
    outer loop
      vertex -9.600000e+001  7.300000e+000  0.000000e+000
      vertex -9.762634e+001  6.626346e+000  7.000000e+000
      vertex -9.762634e+001  6.626346e+000  0.000000e+000
    endloop
  endfacet
  facet normal  9.238783e-001 -3.826863e-001  0.000000e+000
    outer loop
      vertex -9.762634e+001  6.626346e+000  0.000000e+000
      vertex -9.762634e+001  6.626346e+000  7.000000e+000
      vertex -9.830000e+001  5.000000e+000  7.000000e+000
    endloop
  endfacet
  facet normal  9.238783e-001 -3.826863e-001  0.000000e+000
    outer loop
      vertex -9.762634e+001  6.626346e+000  0.000000e+000
      vertex -9.830000e+001  5.000000e+000  7.000000e+000
      vertex -9.830000e+001  5.000000e+000  0.000000e+000
    endloop
  endfacet
  facet normal  3.826839e-001  9.238793e-001  -0.000000e+000
    outer loop
      vertex -9.600000e+001  2.700000e+000  7.000000e+000
      vertex -9.762634e+001  3.373654e+000  0.000000e+000
      vertex -9.762634e+001  3.373654e+000  7.000000e+000
    endloop
  endfacet
  facet normal  9.238783e-001  3.826863e-001  0.000000e+000
    outer loop
      vertex -9.762634e+001  3.373654e+000  7.000000e+000
      vertex -9.762634e+001  3.373654e+000  0.000000e+000
      vertex -9.830000e+001  5.000000e+000  0.000000e+000
    endloop
  endfacet
  facet normal  9.238783e-001  3.826863e-001  -0.000000e+000
    outer loop
      vertex -9.762634e+001  3.373654e+000  7.000000e+000
      vertex -9.830000e+001  5.000000e+000  0.000000e+000
      vertex -9.830000e+001  5.000000e+000  7.000000e+000
    endloop
  endfacet
  facet normal  3.826839e-001  9.238793e-001  0.000000e+000
    outer loop
      vertex -9.762634e+001  3.373654e+000  0.000000e+000
      vertex -9.600000e+001  2.700000e+000  7.000000e+000
      vertex -9.600000e+001  2.700000e+000  0.000000e+000
    endloop
  endfacet
  facet normal -3.826839e-001  9.238793e-001  0.000000e+000
    outer loop
      vertex -9.600000e+001  2.700000e+000  0.000000e+000
      vertex -9.600000e+001  2.700000e+000  7.000000e+000
      vertex -9.437366e+001  3.373654e+000  7.000000e+000
    endloop
  endfacet
  facet normal -3.826839e-001  9.238793e-001  0.000000e+000
    outer loop
      vertex -9.600000e+001  2.700000e+000  0.000000e+000
      vertex -9.437366e+001  3.373654e+000  7.000000e+000
      vertex -9.437366e+001  3.373654e+000  0.000000e+000
    endloop
  endfacet
  facet normal -9.238783e-001  3.826863e-001  0.000000e+000
    outer loop
      vertex -9.437366e+001  3.373654e+000  0.000000e+000
      vertex -9.437366e+001  3.373654e+000  7.000000e+000
      vertex -9.370000e+001  5.000000e+000  7.000000e+000
    endloop
  endfacet
  facet normal -9.238783e-001  3.826863e-001  0.000000e+000
    outer loop
      vertex -9.437366e+001  3.373654e+000  0.000000e+000
      vertex -9.370000e+001  5.000000e+000  7.000000e+000
      vertex -9.370000e+001  5.000000e+000  0.000000e+000
    endloop
  endfacet
  facet normal -3.826839e-001 -9.238793e-001  0.000000e+000
    outer loop
      vertex -9.600000e+001 -2.700000e+000  7.000000e+000
      vertex -9.437366e+001 -3.373654e+000  0.000000e+000
      vertex -9.437366e+001 -3.373654e+000  7.000000e+000
    endloop
  endfacet
  facet normal -9.238783e-001 -3.826863e-001  -0.000000e+000
    outer loop
      vertex -9.437366e+001 -3.373654e+000  7.000000e+000
      vertex -9.437366e+001 -3.373654e+000  0.000000e+000
      vertex -9.370000e+001 -5.000000e+000  0.000000e+000
    endloop
  endfacet
  facet normal -9.238783e-001 -3.826863e-001  0.000000e+000
    outer loop
      vertex -9.437366e+001 -3.373654e+000  7.000000e+000
      vertex -9.370000e+001 -5.000000e+000  0.000000e+000
      vertex -9.370000e+001 -5.000000e+000  7.000000e+000
    endloop
  endfacet
  facet normal -3.826839e-001 -9.238793e-001  -0.000000e+000
    outer loop
      vertex -9.437366e+001 -3.373654e+000  0.000000e+000
      vertex -9.600000e+001 -2.700000e+000  7.000000e+000
      vertex -9.600000e+001 -2.700000e+000  0.000000e+000
    endloop
  endfacet
  facet normal  3.826839e-001 -9.238793e-001  0.000000e+000
    outer loop
      vertex -9.600000e+001 -2.700000e+000  0.000000e+000
      vertex -9.600000e+001 -2.700000e+000  7.000000e+000
      vertex -9.762634e+001 -3.373654e+000  7.000000e+000
    endloop
  endfacet
  facet normal  3.826839e-001 -9.238793e-001  0.000000e+000
    outer loop
      vertex -9.600000e+001 -2.700000e+000  0.000000e+000
      vertex -9.762634e+001 -3.373654e+000  7.000000e+000
      vertex -9.762634e+001 -3.373654e+000  0.000000e+000
    endloop
  endfacet
  facet normal  9.238783e-001 -3.826863e-001  0.000000e+000
    outer loop
      vertex -9.762634e+001 -3.373654e+000  0.000000e+000
      vertex -9.762634e+001 -3.373654e+000  7.000000e+000
      vertex -9.830000e+001 -5.000000e+000  7.000000e+000
    endloop
  endfacet
  facet normal  9.238783e-001 -3.826863e-001  0.000000e+000
    outer loop
      vertex -9.762634e+001 -3.373654e+000  0.000000e+000
      vertex -9.830000e+001 -5.000000e+000  7.000000e+000
      vertex -9.830000e+001 -5.000000e+000  0.000000e+000
    endloop
  endfacet
  facet normal  3.826841e-001  9.238793e-001  -0.000000e+000
    outer loop
      vertex -9.600000e+001 -7.300000e+000  7.000000e+000
      vertex -9.762634e+001 -6.626346e+000  0.000000e+000
      vertex -9.762634e+001 -6.626346e+000  7.000000e+000
    endloop
  endfacet
  facet normal  9.238783e-001  3.826863e-001  0.000000e+000
    outer loop
      vertex -9.762634e+001 -6.626346e+000  7.000000e+000
      vertex -9.762634e+001 -6.626346e+000  0.000000e+000
      vertex -9.830000e+001 -5.000000e+000  0.000000e+000
    endloop
  endfacet
  facet normal  9.238783e-001  3.826863e-001  -0.000000e+000
    outer loop
      vertex -9.762634e+001 -6.626346e+000  7.000000e+000
      vertex -9.830000e+001 -5.000000e+000  0.000000e+000
      vertex -9.830000e+001 -5.000000e+000  7.000000e+000
    endloop
  endfacet
  facet normal  3.826841e-001  9.238793e-001  0.000000e+000
    outer loop
      vertex -9.762634e+001 -6.626346e+000  0.000000e+000
      vertex -9.600000e+001 -7.300000e+000  7.000000e+000
      vertex -9.600000e+001 -7.300000e+000  0.000000e+000
    endloop
  endfacet
  facet normal -3.826841e-001  9.238793e-001  0.000000e+000
    outer loop
      vertex -9.600000e+001 -7.300000e+000  0.000000e+000
      vertex -9.600000e+001 -7.300000e+000  7.000000e+000
      vertex -9.437366e+001 -6.626346e+000  7.000000e+000
    endloop
  endfacet
  facet normal -3.826841e-001  9.238793e-001  0.000000e+000
    outer loop
      vertex -9.600000e+001 -7.300000e+000  0.000000e+000
      vertex -9.437366e+001 -6.626346e+000  7.000000e+000
      vertex -9.437366e+001 -6.626346e+000  0.000000e+000
    endloop
  endfacet
  facet normal -9.238783e-001  3.826863e-001  0.000000e+000
    outer loop
      vertex -9.437366e+001 -6.626346e+000  0.000000e+000
      vertex -9.437366e+001 -6.626346e+000  7.000000e+000
      vertex -9.370000e+001 -5.000000e+000  7.000000e+000
    endloop
  endfacet
  facet normal -9.238783e-001  3.826863e-001  0.000000e+000
    outer loop
      vertex -9.437366e+001 -6.626346e+000  0.000000e+000
      vertex -9.370000e+001 -5.000000e+000  7.000000e+000
      vertex -9.370000e+001 -5.000000e+000  0.000000e+000
    endloop
  endfacet
  facet normal -3.826833e-001 -9.238796e-001  0.000000e+000
    outer loop
      vertex -4.750000e+001  7.300000e+000  7.000000e+000
      vertex -4.587365e+001  6.626346e+000  0.000000e+000
      vertex -4.587365e+001  6.626346e+000  7.000000e+000
    endloop
  endfacet
  facet normal -9.238799e-001 -3.826826e-001  -0.000000e+000
    outer loop
      vertex -4.587365e+001  6.626346e+000  7.000000e+000
      vertex -4.587365e+001  6.626346e+000  0.000000e+000
      vertex -4.520000e+001  5.000000e+000  0.000000e+000
    endloop
  endfacet
  facet normal -9.238799e-001 -3.826826e-001  0.000000e+000
    outer loop
      vertex -4.587365e+001  6.626346e+000  7.000000e+000
      vertex -4.520000e+001  5.000000e+000  0.000000e+000
      vertex -4.520000e+001  5.000000e+000  7.000000e+000
    endloop
  endfacet
  facet normal -3.826833e-001 -9.238796e-001  -0.000000e+000
    outer loop
      vertex -4.587365e+001  6.626346e+000  0.000000e+000
      vertex -4.750000e+001  7.300000e+000  7.000000e+000
      vertex -4.750000e+001  7.300000e+000  0.000000e+000
    endloop
  endfacet
  facet normal  3.826833e-001 -9.238796e-001  0.000000e+000
    outer loop
      vertex -4.750000e+001  7.300000e+000  0.000000e+000
      vertex -4.750000e+001  7.300000e+000  7.000000e+000
      vertex -4.912635e+001  6.626346e+000  7.000000e+000
    endloop
  endfacet
  facet normal  3.826833e-001 -9.238796e-001  0.000000e+000
    outer loop
      vertex -4.750000e+001  7.300000e+000  0.000000e+000
      vertex -4.912635e+001  6.626346e+000  7.000000e+000
      vertex -4.912635e+001  6.626346e+000  0.000000e+000
    endloop
  endfacet
  facet normal  9.238799e-001 -3.826826e-001  0.000000e+000
    outer loop
      vertex -4.912635e+001  6.626346e+000  0.000000e+000
      vertex -4.912635e+001  6.626346e+000  7.000000e+000
      vertex -4.980000e+001  5.000000e+000  7.000000e+000
    endloop
  endfacet
  facet normal  9.238799e-001 -3.826826e-001  0.000000e+000
    outer loop
      vertex -4.912635e+001  6.626346e+000  0.000000e+000
      vertex -4.980000e+001  5.000000e+000  7.000000e+000
      vertex -4.980000e+001  5.000000e+000  0.000000e+000
    endloop
  endfacet
  facet normal  3.826832e-001  9.238796e-001  -0.000000e+000
    outer loop
      vertex -4.750000e+001  2.700000e+000  7.000000e+000
      vertex -4.912635e+001  3.373654e+000  0.000000e+000
      vertex -4.912635e+001  3.373654e+000  7.000000e+000
    endloop
  endfacet
  facet normal  9.238799e-001  3.826826e-001  0.000000e+000
    outer loop
      vertex -4.912635e+001  3.373654e+000  7.000000e+000
      vertex -4.912635e+001  3.373654e+000  0.000000e+000
      vertex -4.980000e+001  5.000000e+000  0.000000e+000
    endloop
  endfacet
  facet normal  9.238799e-001  3.826826e-001  -0.000000e+000
    outer loop
      vertex -4.912635e+001  3.373654e+000  7.000000e+000
      vertex -4.980000e+001  5.000000e+000  0.000000e+000
      vertex -4.980000e+001  5.000000e+000  7.000000e+000
    endloop
  endfacet
  facet normal  3.826832e-001  9.238796e-001  0.000000e+000
    outer loop
      vertex -4.912635e+001  3.373654e+000  0.000000e+000
      vertex -4.750000e+001  2.700000e+000  7.000000e+000
      vertex -4.750000e+001  2.700000e+000  0.000000e+000
    endloop
  endfacet
  facet normal -3.826832e-001  9.238796e-001  0.000000e+000
    outer loop
      vertex -4.750000e+001  2.700000e+000  0.000000e+000
      vertex -4.750000e+001  2.700000e+000  7.000000e+000
      vertex -4.587365e+001  3.373654e+000  7.000000e+000
    endloop
  endfacet
  facet normal -3.826832e-001  9.238796e-001  0.000000e+000
    outer loop
      vertex -4.750000e+001  2.700000e+000  0.000000e+000
      vertex -4.587365e+001  3.373654e+000  7.000000e+000
      vertex -4.587365e+001  3.373654e+000  0.000000e+000
    endloop
  endfacet
  facet normal -9.238799e-001  3.826826e-001  0.000000e+000
    outer loop
      vertex -4.587365e+001  3.373654e+000  0.000000e+000
      vertex -4.587365e+001  3.373654e+000  7.000000e+000
      vertex -4.520000e+001  5.000000e+000  7.000000e+000
    endloop
  endfacet
  facet normal -9.238799e-001  3.826826e-001  0.000000e+000
    outer loop
      vertex -4.587365e+001  3.373654e+000  0.000000e+000
      vertex -4.520000e+001  5.000000e+000  7.000000e+000
      vertex -4.520000e+001  5.000000e+000  0.000000e+000
    endloop
  endfacet
  facet normal -3.826832e-001 -9.238796e-001  0.000000e+000
    outer loop
      vertex -4.750000e+001 -2.700000e+000  7.000000e+000
      vertex -4.587365e+001 -3.373654e+000  0.000000e+000
      vertex -4.587365e+001 -3.373654e+000  7.000000e+000
    endloop
  endfacet
  facet normal -9.238799e-001 -3.826826e-001  -0.000000e+000
    outer loop
      vertex -4.587365e+001 -3.373654e+000  7.000000e+000
      vertex -4.587365e+001 -3.373654e+000  0.000000e+000
      vertex -4.520000e+001 -5.000000e+000  0.000000e+000
    endloop
  endfacet
  facet normal -9.238799e-001 -3.826826e-001  0.000000e+000
    outer loop
      vertex -4.587365e+001 -3.373654e+000  7.000000e+000
      vertex -4.520000e+001 -5.000000e+000  0.000000e+000
      vertex -4.520000e+001 -5.000000e+000  7.000000e+000
    endloop
  endfacet
  facet normal -3.826832e-001 -9.238796e-001  -0.000000e+000
    outer loop
      vertex -4.587365e+001 -3.373654e+000  0.000000e+000
      vertex -4.750000e+001 -2.700000e+000  7.000000e+000
      vertex -4.750000e+001 -2.700000e+000  0.000000e+000
    endloop
  endfacet
  facet normal  3.826832e-001 -9.238796e-001  0.000000e+000
    outer loop
      vertex -4.750000e+001 -2.700000e+000  0.000000e+000
      vertex -4.750000e+001 -2.700000e+000  7.000000e+000
      vertex -4.912635e+001 -3.373654e+000  7.000000e+000
    endloop
  endfacet
  facet normal  3.826832e-001 -9.238796e-001  0.000000e+000
    outer loop
      vertex -4.750000e+001 -2.700000e+000  0.000000e+000
      vertex -4.912635e+001 -3.373654e+000  7.000000e+000
      vertex -4.912635e+001 -3.373654e+000  0.000000e+000
    endloop
  endfacet
  facet normal  9.238799e-001 -3.826826e-001  0.000000e+000
    outer loop
      vertex -4.912635e+001 -3.373654e+000  0.000000e+000
      vertex -4.912635e+001 -3.373654e+000  7.000000e+000
      vertex -4.980000e+001 -5.000000e+000  7.000000e+000
    endloop
  endfacet
  facet normal  9.238799e-001 -3.826826e-001  0.000000e+000
    outer loop
      vertex -4.912635e+001 -3.373654e+000  0.000000e+000
      vertex -4.980000e+001 -5.000000e+000  7.000000e+000
      vertex -4.980000e+001 -5.000000e+000  0.000000e+000
    endloop
  endfacet
  facet normal  3.826833e-001  9.238796e-001  -0.000000e+000
    outer loop
      vertex -4.750000e+001 -7.300000e+000  7.000000e+000
      vertex -4.912635e+001 -6.626346e+000  0.000000e+000
      vertex -4.912635e+001 -6.626346e+000  7.000000e+000
    endloop
  endfacet
  facet normal  9.238799e-001  3.826826e-001  0.000000e+000
    outer loop
      vertex -4.912635e+001 -6.626346e+000  7.000000e+000
      vertex -4.912635e+001 -6.626346e+000  0.000000e+000
      vertex -4.980000e+001 -5.000000e+000  0.000000e+000
    endloop
  endfacet
  facet normal  9.238799e-001  3.826826e-001  -0.000000e+000
    outer loop
      vertex -4.912635e+001 -6.626346e+000  7.000000e+000
      vertex -4.980000e+001 -5.000000e+000  0.000000e+000
      vertex -4.980000e+001 -5.000000e+000  7.000000e+000
    endloop
  endfacet
  facet normal  3.826833e-001  9.238796e-001  0.000000e+000
    outer loop
      vertex -4.912635e+001 -6.626346e+000  0.000000e+000
      vertex -4.750000e+001 -7.300000e+000  7.000000e+000
      vertex -4.750000e+001 -7.300000e+000  0.000000e+000
    endloop
  endfacet
  facet normal -3.826833e-001  9.238796e-001  0.000000e+000
    outer loop
      vertex -4.750000e+001 -7.300000e+000  0.000000e+000
      vertex -4.750000e+001 -7.300000e+000  7.000000e+000
      vertex -4.587365e+001 -6.626346e+000  7.000000e+000
    endloop
  endfacet
  facet normal -3.826833e-001  9.238796e-001  0.000000e+000
    outer loop
      vertex -4.750000e+001 -7.300000e+000  0.000000e+000
      vertex -4.587365e+001 -6.626346e+000  7.000000e+000
      vertex -4.587365e+001 -6.626346e+000  0.000000e+000
    endloop
  endfacet
  facet normal -9.238799e-001  3.826826e-001  0.000000e+000
    outer loop
      vertex -4.587365e+001 -6.626346e+000  0.000000e+000
      vertex -4.587365e+001 -6.626346e+000  7.000000e+000
      vertex -4.520000e+001 -5.000000e+000  7.000000e+000
    endloop
  endfacet
  facet normal -9.238799e-001  3.826826e-001  0.000000e+000
    outer loop
      vertex -4.587365e+001 -6.626346e+000  0.000000e+000
      vertex -4.520000e+001 -5.000000e+000  7.000000e+000
      vertex -4.520000e+001 -5.000000e+000  0.000000e+000
    endloop
  endfacet
  facet normal  3.826832e-001  9.238796e-001  -0.000000e+000
    outer loop
      vertex  4.750000e+001  2.700000e+000  7.000000e+000
      vertex  4.587365e+001  3.373654e+000  0.000000e+000
      vertex  4.587365e+001  3.373654e+000  7.000000e+000
    endloop
  endfacet
  facet normal  9.238799e-001  3.826826e-001  0.000000e+000
    outer loop
      vertex  4.587365e+001  3.373654e+000  7.000000e+000
      vertex  4.587365e+001  3.373654e+000  0.000000e+000
      vertex  4.520000e+001  5.000000e+000  0.000000e+000
    endloop
  endfacet
  facet normal  9.238799e-001  3.826826e-001  -0.000000e+000
    outer loop
      vertex  4.587365e+001  3.373654e+000  7.000000e+000
      vertex  4.520000e+001  5.000000e+000  0.000000e+000
      vertex  4.520000e+001  5.000000e+000  7.000000e+000
    endloop
  endfacet
  facet normal  3.826832e-001  9.238796e-001  0.000000e+000
    outer loop
      vertex  4.587365e+001  3.373654e+000  0.000000e+000
      vertex  4.750000e+001  2.700000e+000  7.000000e+000
      vertex  4.750000e+001  2.700000e+000  0.000000e+000
    endloop
  endfacet
  facet normal -3.826832e-001  9.238796e-001  0.000000e+000
    outer loop
      vertex  4.750000e+001  2.700000e+000  0.000000e+000
      vertex  4.750000e+001  2.700000e+000  7.000000e+000
      vertex  4.912635e+001  3.373654e+000  7.000000e+000
    endloop
  endfacet
  facet normal -3.826832e-001  9.238796e-001  0.000000e+000
    outer loop
      vertex  4.750000e+001  2.700000e+000  0.000000e+000
      vertex  4.912635e+001  3.373654e+000  7.000000e+000
      vertex  4.912635e+001  3.373654e+000  0.000000e+000
    endloop
  endfacet
  facet normal -9.238799e-001  3.826826e-001  0.000000e+000
    outer loop
      vertex  4.912635e+001  3.373654e+000  0.000000e+000
      vertex  4.912635e+001  3.373654e+000  7.000000e+000
      vertex  4.980000e+001  5.000000e+000  7.000000e+000
    endloop
  endfacet
  facet normal -9.238799e-001  3.826826e-001  0.000000e+000
    outer loop
      vertex  4.912635e+001  3.373654e+000  0.000000e+000
      vertex  4.980000e+001  5.000000e+000  7.000000e+000
      vertex  4.980000e+001  5.000000e+000  0.000000e+000
    endloop
  endfacet
  facet normal -3.826833e-001 -9.238796e-001  0.000000e+000
    outer loop
      vertex  4.750000e+001  7.300000e+000  7.000000e+000
      vertex  4.912635e+001  6.626346e+000  0.000000e+000
      vertex  4.912635e+001  6.626346e+000  7.000000e+000
    endloop
  endfacet
  facet normal -9.238799e-001 -3.826826e-001  -0.000000e+000
    outer loop
      vertex  4.912635e+001  6.626346e+000  7.000000e+000
      vertex  4.912635e+001  6.626346e+000  0.000000e+000
      vertex  4.980000e+001  5.000000e+000  0.000000e+000
    endloop
  endfacet
  facet normal -9.238799e-001 -3.826826e-001  0.000000e+000
    outer loop
      vertex  4.912635e+001  6.626346e+000  7.000000e+000
      vertex  4.980000e+001  5.000000e+000  0.000000e+000
      vertex  4.980000e+001  5.000000e+000  7.000000e+000
    endloop
  endfacet
  facet normal -3.826833e-001 -9.238796e-001  -0.000000e+000
    outer loop
      vertex  4.912635e+001  6.626346e+000  0.000000e+000
      vertex  4.750000e+001  7.300000e+000  7.000000e+000
      vertex  4.750000e+001  7.300000e+000  0.000000e+000
    endloop
  endfacet
  facet normal  3.826833e-001 -9.238796e-001  0.000000e+000
    outer loop
      vertex  4.750000e+001  7.300000e+000  0.000000e+000
      vertex  4.750000e+001  7.300000e+000  7.000000e+000
      vertex  4.587365e+001  6.626346e+000  7.000000e+000
    endloop
  endfacet
  facet normal  3.826833e-001 -9.238796e-001  0.000000e+000
    outer loop
      vertex  4.750000e+001  7.300000e+000  0.000000e+000
      vertex  4.587365e+001  6.626346e+000  7.000000e+000
      vertex  4.587365e+001  6.626346e+000  0.000000e+000
    endloop
  endfacet
  facet normal  9.238799e-001 -3.826826e-001  0.000000e+000
    outer loop
      vertex  4.587365e+001  6.626346e+000  0.000000e+000
      vertex  4.587365e+001  6.626346e+000  7.000000e+000
      vertex  4.520000e+001  5.000000e+000  7.000000e+000
    endloop
  endfacet
  facet normal  9.238799e-001 -3.826826e-001  0.000000e+000
    outer loop
      vertex  4.587365e+001  6.626346e+000  0.000000e+000
      vertex  4.520000e+001  5.000000e+000  7.000000e+000
      vertex  4.520000e+001  5.000000e+000  0.000000e+000
    endloop
  endfacet
  facet normal  3.826833e-001  9.238796e-001  -0.000000e+000
    outer loop
      vertex  4.750000e+001 -7.300000e+000  7.000000e+000
      vertex  4.587365e+001 -6.626346e+000  0.000000e+000
      vertex  4.587365e+001 -6.626346e+000  7.000000e+000
    endloop
  endfacet
  facet normal  9.238799e-001  3.826826e-001  0.000000e+000
    outer loop
      vertex  4.587365e+001 -6.626346e+000  7.000000e+000
      vertex  4.587365e+001 -6.626346e+000  0.000000e+000
      vertex  4.520000e+001 -5.000000e+000  0.000000e+000
    endloop
  endfacet
  facet normal  9.238799e-001  3.826826e-001  -0.000000e+000
    outer loop
      vertex  4.587365e+001 -6.626346e+000  7.000000e+000
      vertex  4.520000e+001 -5.000000e+000  0.000000e+000
      vertex  4.520000e+001 -5.000000e+000  7.000000e+000
    endloop
  endfacet
  facet normal  3.826833e-001  9.238796e-001  0.000000e+000
    outer loop
      vertex  4.587365e+001 -6.626346e+000  0.000000e+000
      vertex  4.750000e+001 -7.300000e+000  7.000000e+000
      vertex  4.750000e+001 -7.300000e+000  0.000000e+000
    endloop
  endfacet
  facet normal -3.826833e-001  9.238796e-001  0.000000e+000
    outer loop
      vertex  4.750000e+001 -7.300000e+000  0.000000e+000
      vertex  4.750000e+001 -7.300000e+000  7.000000e+000
      vertex  4.912635e+001 -6.626346e+000  7.000000e+000
    endloop
  endfacet
  facet normal -3.826833e-001  9.238796e-001  0.000000e+000
    outer loop
      vertex  4.750000e+001 -7.300000e+000  0.000000e+000
      vertex  4.912635e+001 -6.626346e+000  7.000000e+000
      vertex  4.912635e+001 -6.626346e+000  0.000000e+000
    endloop
  endfacet
  facet normal -9.238799e-001  3.826826e-001  0.000000e+000
    outer loop
      vertex  4.912635e+001 -6.626346e+000  0.000000e+000
      vertex  4.912635e+001 -6.626346e+000  7.000000e+000
      vertex  4.980000e+001 -5.000000e+000  7.000000e+000
    endloop
  endfacet
  facet normal -9.238799e-001  3.826826e-001  0.000000e+000
    outer loop
      vertex  4.912635e+001 -6.626346e+000  0.000000e+000
      vertex  4.980000e+001 -5.000000e+000  7.000000e+000
      vertex  4.980000e+001 -5.000000e+000  0.000000e+000
    endloop
  endfacet
  facet normal -3.826832e-001 -9.238796e-001  0.000000e+000
    outer loop
      vertex  4.750000e+001 -2.700000e+000  7.000000e+000
      vertex  4.912635e+001 -3.373654e+000  0.000000e+000
      vertex  4.912635e+001 -3.373654e+000  7.000000e+000
    endloop
  endfacet
  facet normal -9.238799e-001 -3.826826e-001  -0.000000e+000
    outer loop
      vertex  4.912635e+001 -3.373654e+000  7.000000e+000
      vertex  4.912635e+001 -3.373654e+000  0.000000e+000
      vertex  4.980000e+001 -5.000000e+000  0.000000e+000
    endloop
  endfacet
  facet normal -9.238799e-001 -3.826826e-001  0.000000e+000
    outer loop
      vertex  4.912635e+001 -3.373654e+000  7.000000e+000
      vertex  4.980000e+001 -5.000000e+000  0.000000e+000
      vertex  4.980000e+001 -5.000000e+000  7.000000e+000
    endloop
  endfacet
  facet normal -3.826832e-001 -9.238796e-001  -0.000000e+000
    outer loop
      vertex  4.912635e+001 -3.373654e+000  0.000000e+000
      vertex  4.750000e+001 -2.700000e+000  7.000000e+000
      vertex  4.750000e+001 -2.700000e+000  0.000000e+000
    endloop
  endfacet
  facet normal  3.826832e-001 -9.238796e-001  0.000000e+000
    outer loop
      vertex  4.750000e+001 -2.700000e+000  0.000000e+000
      vertex  4.750000e+001 -2.700000e+000  7.000000e+000
      vertex  4.587365e+001 -3.373654e+000  7.000000e+000
    endloop
  endfacet
  facet normal  3.826832e-001 -9.238796e-001  0.000000e+000
    outer loop
      vertex  4.750000e+001 -2.700000e+000  0.000000e+000
      vertex  4.587365e+001 -3.373654e+000  7.000000e+000
      vertex  4.587365e+001 -3.373654e+000  0.000000e+000
    endloop
  endfacet
  facet normal  9.238799e-001 -3.826826e-001  0.000000e+000
    outer loop
      vertex  4.587365e+001 -3.373654e+000  0.000000e+000
      vertex  4.587365e+001 -3.373654e+000  7.000000e+000
      vertex  4.520000e+001 -5.000000e+000  7.000000e+000
    endloop
  endfacet
  facet normal  9.238799e-001 -3.826826e-001  0.000000e+000
    outer loop
      vertex  4.587365e+001 -3.373654e+000  0.000000e+000
      vertex  4.520000e+001 -5.000000e+000  7.000000e+000
      vertex  4.520000e+001 -5.000000e+000  0.000000e+000
    endloop
  endfacet
  facet normal  3.826839e-001  9.238793e-001  -0.000000e+000
    outer loop
      vertex  9.600000e+001  2.700000e+000  7.000000e+000
      vertex  9.437366e+001  3.373654e+000  0.000000e+000
      vertex  9.437366e+001  3.373654e+000  7.000000e+000
    endloop
  endfacet
  facet normal  9.238783e-001  3.826863e-001  0.000000e+000
    outer loop
      vertex  9.437366e+001  3.373654e+000  7.000000e+000
      vertex  9.437366e+001  3.373654e+000  0.000000e+000
      vertex  9.370000e+001  5.000000e+000  0.000000e+000
    endloop
  endfacet
  facet normal  9.238783e-001  3.826863e-001  -0.000000e+000
    outer loop
      vertex  9.437366e+001  3.373654e+000  7.000000e+000
      vertex  9.370000e+001  5.000000e+000  0.000000e+000
      vertex  9.370000e+001  5.000000e+000  7.000000e+000
    endloop
  endfacet
  facet normal  3.826839e-001  9.238793e-001  0.000000e+000
    outer loop
      vertex  9.437366e+001  3.373654e+000  0.000000e+000
      vertex  9.600000e+001  2.700000e+000  7.000000e+000
      vertex  9.600000e+001  2.700000e+000  0.000000e+000
    endloop
  endfacet
  facet normal -3.826839e-001  9.238793e-001  0.000000e+000
    outer loop
      vertex  9.600000e+001  2.700000e+000  0.000000e+000
      vertex  9.600000e+001  2.700000e+000  7.000000e+000
      vertex  9.762634e+001  3.373654e+000  7.000000e+000
    endloop
  endfacet
  facet normal -3.826839e-001  9.238793e-001  0.000000e+000
    outer loop
      vertex  9.600000e+001  2.700000e+000  0.000000e+000
      vertex  9.762634e+001  3.373654e+000  7.000000e+000
      vertex  9.762634e+001  3.373654e+000  0.000000e+000
    endloop
  endfacet
  facet normal -9.238783e-001  3.826863e-001  0.000000e+000
    outer loop
      vertex  9.762634e+001  3.373654e+000  0.000000e+000
      vertex  9.762634e+001  3.373654e+000  7.000000e+000
      vertex  9.830000e+001  5.000000e+000  7.000000e+000
    endloop
  endfacet
  facet normal -9.238783e-001  3.826863e-001  0.000000e+000
    outer loop
      vertex  9.762634e+001  3.373654e+000  0.000000e+000
      vertex  9.830000e+001  5.000000e+000  7.000000e+000
      vertex  9.830000e+001  5.000000e+000  0.000000e+000
    endloop
  endfacet
  facet normal -3.826841e-001 -9.238793e-001  0.000000e+000
    outer loop
      vertex  9.600000e+001  7.300000e+000  7.000000e+000
      vertex  9.762634e+001  6.626346e+000  0.000000e+000
      vertex  9.762634e+001  6.626346e+000  7.000000e+000
    endloop
  endfacet
  facet normal -9.238783e-001 -3.826863e-001  -0.000000e+000
    outer loop
      vertex  9.762634e+001  6.626346e+000  7.000000e+000
      vertex  9.762634e+001  6.626346e+000  0.000000e+000
      vertex  9.830000e+001  5.000000e+000  0.000000e+000
    endloop
  endfacet
  facet normal -9.238783e-001 -3.826863e-001  0.000000e+000
    outer loop
      vertex  9.762634e+001  6.626346e+000  7.000000e+000
      vertex  9.830000e+001  5.000000e+000  0.000000e+000
      vertex  9.830000e+001  5.000000e+000  7.000000e+000
    endloop
  endfacet
  facet normal -3.826841e-001 -9.238793e-001  -0.000000e+000
    outer loop
      vertex  9.762634e+001  6.626346e+000  0.000000e+000
      vertex  9.600000e+001  7.300000e+000  7.000000e+000
      vertex  9.600000e+001  7.300000e+000  0.000000e+000
    endloop
  endfacet
  facet normal  3.826841e-001 -9.238793e-001  0.000000e+000
    outer loop
      vertex  9.600000e+001  7.300000e+000  0.000000e+000
      vertex  9.600000e+001  7.300000e+000  7.000000e+000
      vertex  9.437366e+001  6.626346e+000  7.000000e+000
    endloop
  endfacet
  facet normal  3.826841e-001 -9.238793e-001  0.000000e+000
    outer loop
      vertex  9.600000e+001  7.300000e+000  0.000000e+000
      vertex  9.437366e+001  6.626346e+000  7.000000e+000
      vertex  9.437366e+001  6.626346e+000  0.000000e+000
    endloop
  endfacet
  facet normal  9.238783e-001 -3.826863e-001  0.000000e+000
    outer loop
      vertex  9.437366e+001  6.626346e+000  0.000000e+000
      vertex  9.437366e+001  6.626346e+000  7.000000e+000
      vertex  9.370000e+001  5.000000e+000  7.000000e+000
    endloop
  endfacet
  facet normal  9.238783e-001 -3.826863e-001  0.000000e+000
    outer loop
      vertex  9.437366e+001  6.626346e+000  0.000000e+000
      vertex  9.370000e+001  5.000000e+000  7.000000e+000
      vertex  9.370000e+001  5.000000e+000  0.000000e+000
    endloop
  endfacet
  facet normal  3.826841e-001  9.238793e-001  -0.000000e+000
    outer loop
      vertex  9.600000e+001 -7.300000e+000  7.000000e+000
      vertex  9.437366e+001 -6.626346e+000  0.000000e+000
      vertex  9.437366e+001 -6.626346e+000  7.000000e+000
    endloop
  endfacet
  facet normal  9.238783e-001  3.826863e-001  0.000000e+000
    outer loop
      vertex  9.437366e+001 -6.626346e+000  7.000000e+000
      vertex  9.437366e+001 -6.626346e+000  0.000000e+000
      vertex  9.370000e+001 -5.000000e+000  0.000000e+000
    endloop
  endfacet
  facet normal  9.238783e-001  3.826863e-001  -0.000000e+000
    outer loop
      vertex  9.437366e+001 -6.626346e+000  7.000000e+000
      vertex  9.370000e+001 -5.000000e+000  0.000000e+000
      vertex  9.370000e+001 -5.000000e+000  7.000000e+000
    endloop
  endfacet
  facet normal  3.826841e-001  9.238793e-001  0.000000e+000
    outer loop
      vertex  9.437366e+001 -6.626346e+000  0.000000e+000
      vertex  9.600000e+001 -7.300000e+000  7.000000e+000
      vertex  9.600000e+001 -7.300000e+000  0.000000e+000
    endloop
  endfacet
  facet normal -3.826841e-001  9.238793e-001  0.000000e+000
    outer loop
      vertex  9.600000e+001 -7.300000e+000  0.000000e+000
      vertex  9.600000e+001 -7.300000e+000  7.000000e+000
      vertex  9.762634e+001 -6.626346e+000  7.000000e+000
    endloop
  endfacet
  facet normal -3.826841e-001  9.238793e-001  0.000000e+000
    outer loop
      vertex  9.600000e+001 -7.300000e+000  0.000000e+000
      vertex  9.762634e+001 -6.626346e+000  7.000000e+000
      vertex  9.762634e+001 -6.626346e+000  0.000000e+000
    endloop
  endfacet
  facet normal -9.238783e-001  3.826863e-001  0.000000e+000
    outer loop
      vertex  9.762634e+001 -6.626346e+000  0.000000e+000
      vertex  9.762634e+001 -6.626346e+000  7.000000e+000
      vertex  9.830000e+001 -5.000000e+000  7.000000e+000
    endloop
  endfacet
  facet normal -9.238783e-001  3.826863e-001  0.000000e+000
    outer loop
      vertex  9.762634e+001 -6.626346e+000  0.000000e+000
      vertex  9.830000e+001 -5.000000e+000  7.000000e+000
      vertex  9.830000e+001 -5.000000e+000  0.000000e+000
    endloop
  endfacet
  facet normal -3.826839e-001 -9.238793e-001  0.000000e+000
    outer loop
      vertex  9.600000e+001 -2.700000e+000  7.000000e+000
      vertex  9.762634e+001 -3.373654e+000  0.000000e+000
      vertex  9.762634e+001 -3.373654e+000  7.000000e+000
    endloop
  endfacet
  facet normal -9.238783e-001 -3.826863e-001  -0.000000e+000
    outer loop
      vertex  9.762634e+001 -3.373654e+000  7.000000e+000
      vertex  9.762634e+001 -3.373654e+000  0.000000e+000
      vertex  9.830000e+001 -5.000000e+000  0.000000e+000
    endloop
  endfacet
  facet normal -9.238783e-001 -3.826863e-001  0.000000e+000
    outer loop
      vertex  9.762634e+001 -3.373654e+000  7.000000e+000
      vertex  9.830000e+001 -5.000000e+000  0.000000e+000
      vertex  9.830000e+001 -5.000000e+000  7.000000e+000
    endloop
  endfacet
  facet normal -3.826839e-001 -9.238793e-001  -0.000000e+000
    outer loop
      vertex  9.762634e+001 -3.373654e+000  0.000000e+000
      vertex  9.600000e+001 -2.700000e+000  7.000000e+000
      vertex  9.600000e+001 -2.700000e+000  0.000000e+000
    endloop
  endfacet
  facet normal  3.826839e-001 -9.238793e-001  0.000000e+000
    outer loop
      vertex  9.600000e+001 -2.700000e+000  0.000000e+000
      vertex  9.600000e+001 -2.700000e+000  7.000000e+000
      vertex  9.437366e+001 -3.373654e+000  7.000000e+000
    endloop
  endfacet
  facet normal  3.826839e-001 -9.238793e-001  0.000000e+000
    outer loop
      vertex  9.600000e+001 -2.700000e+000  0.000000e+000
      vertex  9.437366e+001 -3.373654e+000  7.000000e+000
      vertex  9.437366e+001 -3.373654e+000  0.000000e+000
    endloop
  endfacet
  facet normal  9.238783e-001 -3.826863e-001  0.000000e+000
    outer loop
      vertex  9.437366e+001 -3.373654e+000  0.000000e+000
      vertex  9.437366e+001 -3.373654e+000  7.000000e+000
      vertex  9.370000e+001 -5.000000e+000  7.000000e+000
    endloop
  endfacet
  facet normal  9.238783e-001 -3.826863e-001  0.000000e+000
    outer loop
      vertex  9.437366e+001 -3.373654e+000  0.000000e+000
      vertex  9.370000e+001 -5.000000e+000  7.000000e+000
      vertex  9.370000e+001 -5.000000e+000  0.000000e+000
    endloop
  endfacet
endsolid CATIA STL
