ISO-10303-21;
HEADER;
FILE_DESCRIPTION(
  ('This file contains a STEP AP42 implementation'
    ,'as created by ZW3D STEP Interface translator.')
  ,'2;1'
  );
FILE_NAME(
  '直流电机_MG513P60-12V（GMR）.stp'
  ,'24 514.143955',
  (''),
  ('ZWCAD Software Co.'),
  'Version 1.0',
  'ZW3D to STEP translator',
  ''
  );
FILE_SCHEMA(('AUTOMOTIVE_DESIGN { 1 0 10303 214 1 1 1 1 }'));
ENDSEC;

DATA;

/**File Base Unit**/
#1 = (LENGTH_UNIT()NAMED_UNIT(*)SI_UNIT(.MILLI.,.METRE.));
#2 = (NAMED_UNIT(*)PLANE_ANGLE_UNIT()SI_UNIT($,.RADIAN.));
#3 = (NAMED_UNIT(*)SI_UNIT($,.STERADIAN.)SOLID_ANGLE_UNIT());
#4 = UNCERTAINTY_MEASURE_WITH_UNIT(LENGTH_MEASURE(0.01),#1,'DISTANCE_ACCURACY_VALUE','Maximum Tolerance applied to model');
#5 = (GEOMETRIC_REPRESENTATION_CONTEXT(3)GLOBAL_UNCERTAINTY_ASSIGNED_CONTEXT((#4))GLOBAL_UNIT_ASSIGNED_CONTEXT((#1,#2,#3))REPRESENTATION_CONTEXT('STEP 203','TOP_LEVEL_ASSEMBLY_PART'));

/**product_definition_shape**/
#6=APPLICATION_CONTEXT('mechanical parts and assemblies' );
#7=DESIGN_CONTEXT('NONE',#6,'design');
#8=MECHANICAL_CONTEXT('NONE',#6,'mechanical');
#9=PRODUCT('0','Part','',(#8));
#10=PRODUCT_DEFINITION_FORMATION_WITH_SPECIFIED_SOURCE('ANY','',#9,.NOT_KNOWN.);
#11=PRODUCT_DEFINITION('UNKNOWN','',#10,#7);
#12=PRODUCT_DEFINITION_SHAPE('NONE','NONE',#11);
#13=PRODUCT_RELATED_PRODUCT_CATEGORY('detail','',(#9));
/**geometry information**/
#14=CARTESIAN_POINT('',(0.,0.,0.));
#15=DIRECTION('',(0.,0.,1.));
#16=DIRECTION('',(1.,0.,0.));
#17=AXIS2_PLACEMENT_3D('',#14,#15,#16);
#18=APPLICATION_CONTEXT('part');
#19=MECHANICAL_CONTEXT('none',#18,'component');
#20=PRODUCT('直流电机_MG513P60-12V（GMR）','直流电机_MG513P60-12V（GMR）','',(#19));
#21=PRODUCT_RELATED_PRODUCT_CATEGORY('detail','',(#20));
#22=PRODUCT_DEFINITION_FORMATION_WITH_SPECIFIED_SOURCE('ANY','UNSPECIFIED',#20,.NOT_KNOWN.);
#23=APPLICATION_CONTEXT('part');
#24=APPLICATION_PROTOCOL_DEFINITION('international standard','config_control_design',1994,#23);
#25=DESIGN_CONTEXT('detailed',#23,'design');
#26=PRODUCT_DEFINITION('','UNSPECIFIED',#22,#25);
#27=PRODUCT_DEFINITION_SHAPE('NONE','NONE',#26);
#28=SHAPE_REPRESENTATION('直流电机_MG513P60-12V（GMR）',(#17),#5);
#29=SHAPE_DEFINITION_REPRESENTATION(#27,#28);
#30=CARTESIAN_POINT('',(-4.3943667558704,-46.7,-3.5527136788005E-15));
#31=DIRECTION('',(1.,0.,0.));
#32=DIRECTION('',(-0.,1.,0.));
#33=AXIS2_PLACEMENT_3D('',#30,#32,#31);
#34=PLANE('',#33);
#35=CARTESIAN_POINT('',(16.4,-46.7,5.3098215789571E-15));
#36=VERTEX_POINT('',#35);
#37=CARTESIAN_POINT('',(15.730365223548,-46.7,-4.6384922047776));
#38=VERTEX_POINT('',#37);
#39=CARTESIAN_POINT('',(9.5923269327614E-14,-46.7,-8.8817841970013E-16));
#40=DIRECTION('',(1.,6.4988664856107E-15,3.7792682918643E-16));
#41=DIRECTION('',(-6.8565975381661E-15,1.,9.8985100265129E-16));
#42=AXIS2_PLACEMENT_3D('',#39,#41,#40);
#43=CIRCLE('',#42,16.4);
#44=EDGE_CURVE('',#36,#38,#43,.T.);
#45=ORIENTED_EDGE('',*,*,#44,.T.);
#46=CARTESIAN_POINT('',(4.6266328948641,-46.7,-15.733857380063));
#47=VERTEX_POINT('',#46);
#48=CARTESIAN_POINT('',(15.730365223548,-46.7,-4.6384922047776));
#49=DIRECTION('',(-0.70737324947362,0.,-0.70684021244489));
#50=VECTOR('',#49,15.697133496279);
#51=LINE('',#48,#50);
#52=EDGE_CURVE('',#38,#47,#51,.T.);
#53=ORIENTED_EDGE('',*,*,#52,.T.);
#54=CARTESIAN_POINT('',(-8.8817841970013E-15,-46.7,1.7763568394003E-14));
#55=DIRECTION('',(0.28211176188196,-8.6651553141475E-16,-0.95938154756481));
#56=DIRECTION('',(-6.3512611949581E-16,1.,-6.8803124857956E-16));
#57=AXIS2_PLACEMENT_3D('',#54,#56,#55);
#58=CIRCLE('',#57,16.4);
#59=EDGE_CURVE('',#47,#36,#58,.T.);
#60=ORIENTED_EDGE('',*,*,#59,.T.);
#61=EDGE_LOOP('',(#45,#53,#60));
#62=FACE_OUTER_BOUND('',#61,.T.);
#63=ADVANCED_FACE('',(#62),#34,.T.);
#64=CARTESIAN_POINT('',(-4.3943667558704,-57.5,-3.5527136788005E-15));
#65=DIRECTION('',(1.,0.,0.));
#66=DIRECTION('',(0.,-1.,0.));
#67=AXIS2_PLACEMENT_3D('',#64,#66,#65);
#68=PLANE('',#67);
#69=CARTESIAN_POINT('',(16.4,-57.5,6.5377888820136E-15));
#70=VERTEX_POINT('',#69);
#71=CARTESIAN_POINT('',(1.7763568394003E-14,-57.5,4.0256409481196E-15));
#72=DIRECTION('',(1.,-4.3325776570738E-16,1.5317975206671E-16));
#73=DIRECTION('',(-4.3325776570738E-16,-1.,-6.6366317132033E-32));
#74=AXIS2_PLACEMENT_3D('',#71,#73,#72);
#75=CIRCLE('',#74,16.4);
#76=EDGE_CURVE('',#70,#70,#75,.T.);
#77=ORIENTED_EDGE('',*,*,#76,.T.);
#78=EDGE_LOOP('',(#77));
#79=FACE_OUTER_BOUND('',#78,.T.);
#80=ADVANCED_FACE('',(#79),#68,.T.);
#81=CARTESIAN_POINT('',(9.7699626167014E-15,-46.7,1.2434497875802E-14));
#82=DIRECTION('',(1.,-1.2997732971221E-15,-4.3443148151476E-16));
#83=DIRECTION('',(-5.7567119795378E-16,-1.,1.1370067620893E-16));
#84=AXIS2_PLACEMENT_3D('',#81,#83,#82);
#85=CYLINDRICAL_SURFACE('',#84,16.4);
#86=ORIENTED_EDGE('',*,*,#59,.F.);
#87=CARTESIAN_POINT('',(4.6266328948641,-52.5,-15.733857380063));
#88=VERTEX_POINT('',#87);
#89=CARTESIAN_POINT('',(4.6266328948641,-46.7,-15.733857380063));
#90=DIRECTION('',(0.,-1.,0.));
#91=VECTOR('',#90,5.8);
#92=LINE('',#89,#91);
#93=EDGE_CURVE('',#47,#88,#92,.T.);
#94=ORIENTED_EDGE('',*,*,#93,.T.);
#95=CARTESIAN_POINT('',(15.730365223548,-52.5,-4.6384922047776));
#96=VERTEX_POINT('',#95);
#97=CARTESIAN_POINT('',(1.5987211554602E-14,-52.5,-1.4210854715202E-14));
#98=DIRECTION('',(0.28211176188196,-1.2997732971221E-15,-0.95938154756481));
#99=DIRECTION('',(-7.8475027858723E-16,-1.,7.8534206856954E-16));
#100=AXIS2_PLACEMENT_3D('',#97,#99,#98);
#101=CIRCLE('',#100,16.4);
#102=EDGE_CURVE('',#88,#96,#101,.T.);
#103=ORIENTED_EDGE('',*,*,#102,.T.);
#104=CARTESIAN_POINT('',(15.730365223548,-52.5,-4.6384922047776));
#105=DIRECTION('',(0.,1.,0.));
#106=VECTOR('',#105,5.8);
#107=LINE('',#104,#106);
#108=EDGE_CURVE('',#96,#38,#107,.T.);
#109=ORIENTED_EDGE('',*,*,#108,.T.);
#110=ORIENTED_EDGE('',*,*,#44,.F.);
#111=CARTESIAN_POINT('',(16.4,-46.7,5.3098215789571E-15));
#112=DIRECTION('',(0.,-1.,1.1370067620894E-16));
#113=VECTOR('',#112,10.8);
#114=LINE('',#111,#113);
#115=EDGE_CURVE('',#36,#70,#114,.T.);
#116=ORIENTED_EDGE('',*,*,#115,.T.);
#117=ORIENTED_EDGE('',*,*,#76,.F.);
#118=ORIENTED_EDGE('',*,*,#115,.F.);
#119=EDGE_LOOP('',(#86,#94,#103,#109,#110,#116,#117,#118));
#120=FACE_OUTER_BOUND('',#119,.T.);
#121=ADVANCED_FACE('',(#120),#85,.T.);
#122=CARTESIAN_POINT('',(10.178499059206,-49.6,-10.18617479242));
#123=DIRECTION('',(-0.70737324947363,0.,-0.70684021244487));
#124=DIRECTION('',(0.70684021244487,0.,-0.70737324947363));
#125=AXIS2_PLACEMENT_3D('',#122,#124,#123);
#126=PLANE('',#125);
#127=CARTESIAN_POINT('',(15.730365223548,-52.5,-4.6384922047776));
#128=DIRECTION('',(-0.70737324947362,0.,-0.70684021244489));
#129=VECTOR('',#128,15.697133496279);
#130=LINE('',#127,#129);
#131=EDGE_CURVE('',#96,#88,#130,.T.);
#132=ORIENTED_EDGE('',*,*,#131,.T.);
#133=ORIENTED_EDGE('',*,*,#93,.F.);
#134=ORIENTED_EDGE('',*,*,#52,.F.);
#135=ORIENTED_EDGE('',*,*,#108,.F.);
#136=EDGE_LOOP('',(#132,#133,#134,#135));
#137=FACE_OUTER_BOUND('',#136,.T.);
#138=ADVANCED_FACE('',(#137),#126,.T.);
#139=CARTESIAN_POINT('',(10.178499059206,-52.5,-10.181991215721));
#140=DIRECTION('',(1.,0.,3.199567112783E-16));
#141=DIRECTION('',(-0.,1.,0.));
#142=AXIS2_PLACEMENT_3D('',#139,#141,#140);
#143=PLANE('',#142);
#144=ORIENTED_EDGE('',*,*,#131,.F.);
#145=ORIENTED_EDGE('',*,*,#102,.F.);
#146=EDGE_LOOP('',(#144,#145));
#147=FACE_OUTER_BOUND('',#146,.T.);
#148=ADVANCED_FACE('',(#147),#143,.T.);
#149=CLOSED_SHELL('',(#63,#80,#121,#138,#148));
#150=COLOUR_RGB('',0.745098,0.901961,0.960784);
#151=FILL_AREA_STYLE_COLOUR('',#150);
#152=FILL_AREA_STYLE('',(#151));
#153=SURFACE_STYLE_FILL_AREA(#152);
#154=SURFACE_SIDE_STYLE('',(#153));
#155=SURFACE_STYLE_USAGE(.BOTH.,#154);
#156=PRESENTATION_STYLE_ASSIGNMENT((#155));
#157=OVER_RIDING_STYLED_ITEM('',(#156),#63,#149);
#158=OVER_RIDING_STYLED_ITEM('',(#156),#80,#149);
#159=OVER_RIDING_STYLED_ITEM('',(#156),#121,#149);
#160=OVER_RIDING_STYLED_ITEM('',(#156),#138,#149);
#161=OVER_RIDING_STYLED_ITEM('',(#156),#148,#149);
#162=MANIFOLD_SOLID_BREP('S4',#149);
#163=CARTESIAN_POINT('',(-6.4961524227066,19.8,-1.4210854715202E-14));
#164=DIRECTION('',(-1.,0.,0.));
#165=DIRECTION('',(0.,1.,-0.));
#166=AXIS2_PLACEMENT_3D('',#163,#165,#164);
#167=PLANE('',#166);
#168=CARTESIAN_POINT('',(-10.3,19.8,-2.9058102816463E-15));
#169=VERTEX_POINT('',#168);
#170=CARTESIAN_POINT('',(-4.8,19.8,1.6583123951777));
#171=VERTEX_POINT('',#170);
#172=CARTESIAN_POINT('',(-7.3,19.8,-8.8817841970013E-15));
#173=DIRECTION('',(-1.,-3.5527136788005E-15,1.9919913051183E-15));
#174=DIRECTION('',(-4.2159042545178E-15,1.,3.1322254217699E-15));
#175=AXIS2_PLACEMENT_3D('',#172,#174,#173);
#176=CIRCLE('',#175,3.);
#177=EDGE_CURVE('',#169,#171,#176,.T.);
#178=ORIENTED_EDGE('',*,*,#177,.T.);
#179=CARTESIAN_POINT('',(-4.8,19.8,-1.6583123951777));
#180=VERTEX_POINT('',#179);
#181=CARTESIAN_POINT('',(-4.8,19.8,1.6583123951777));
#182=DIRECTION('',(0.,0.,-1.));
#183=VECTOR('',#182,3.3166247903554);
#184=LINE('',#181,#183);
#185=EDGE_CURVE('',#171,#180,#184,.T.);
#186=ORIENTED_EDGE('',*,*,#185,.T.);
#187=CARTESIAN_POINT('',(-7.3,19.8,-6.2172489379009E-15));
#188=DIRECTION('',(0.83333333333333,-4.736951571734E-15,-0.55277079839257));
#189=DIRECTION('',(2.0364009123363E-15,1.,-5.6464189853616E-15));
#190=AXIS2_PLACEMENT_3D('',#187,#189,#188);
#191=CIRCLE('',#190,3.);
#192=EDGE_CURVE('',#180,#169,#191,.T.);
#193=ORIENTED_EDGE('',*,*,#192,.T.);
#194=EDGE_LOOP('',(#178,#186,#193));
#195=FACE_OUTER_BOUND('',#194,.T.);
#196=ADVANCED_FACE('',(#195),#167,.T.);
#197=CARTESIAN_POINT('',(-7.3,6.,-4.8849813083507E-15));
#198=DIRECTION('',(-1.,-2.9605947323338E-16,1.0171228011182E-15));
#199=DIRECTION('',(0.,1.,-7.7695462076104E-17));
#200=AXIS2_PLACEMENT_3D('',#197,#199,#198);
#201=CYLINDRICAL_SURFACE('',#200,3.);
#202=CARTESIAN_POINT('',(-10.3,6.,-1.833612904996E-15));
#203=VERTEX_POINT('',#202);
#204=CARTESIAN_POINT('',(-7.3,6.,-1.2055759215225E-15));
#205=DIRECTION('',(-1.,1.3217474800778E-15,-2.0934566115784E-16));
#206=DIRECTION('',(1.3217474800778E-15,1.,1.0467283057892E-15));
#207=AXIS2_PLACEMENT_3D('',#204,#206,#205);
#208=CIRCLE('',#207,3.);
#209=EDGE_CURVE('',#203,#203,#208,.T.);
#210=ORIENTED_EDGE('',*,*,#209,.T.);
#211=CARTESIAN_POINT('',(-10.3,6.,-1.833612904996E-15));
#212=DIRECTION('',(0.,1.,-7.7695462076109E-17));
#213=VECTOR('',#212,13.8);
#214=LINE('',#211,#213);
#215=EDGE_CURVE('',#203,#169,#214,.T.);
#216=ORIENTED_EDGE('',*,*,#215,.T.);
#217=ORIENTED_EDGE('',*,*,#192,.F.);
#218=CARTESIAN_POINT('',(-4.8,8.3,-1.6583123951777));
#219=VERTEX_POINT('',#218);
#220=CARTESIAN_POINT('',(-4.8,19.8,-1.6583123951777));
#221=DIRECTION('',(0.,-1.,0.));
#222=VECTOR('',#221,11.5);
#223=LINE('',#220,#222);
#224=EDGE_CURVE('',#180,#219,#223,.T.);
#225=ORIENTED_EDGE('',*,*,#224,.T.);
#226=CARTESIAN_POINT('',(-4.8,8.3,1.6583123951777));
#227=VERTEX_POINT('',#226);
#228=CARTESIAN_POINT('',(-7.3,8.3,-3.7585690103099E-15));
#229=DIRECTION('',(0.83333333333333,5.9211894646675E-16,-0.55277079839257));
#230=DIRECTION('',(8.8817841970013E-16,-1.,9.5140204887208E-31));
#231=AXIS2_PLACEMENT_3D('',#228,#230,#229);
#232=CIRCLE('',#231,3.);
#233=EDGE_CURVE('',#219,#227,#232,.T.);
#234=ORIENTED_EDGE('',*,*,#233,.T.);
#235=CARTESIAN_POINT('',(-4.8,8.3,1.6583123951777));
#236=DIRECTION('',(0.,1.,0.));
#237=VECTOR('',#236,11.5);
#238=LINE('',#235,#237);
#239=EDGE_CURVE('',#227,#171,#238,.T.);
#240=ORIENTED_EDGE('',*,*,#239,.T.);
#241=ORIENTED_EDGE('',*,*,#177,.F.);
#242=ORIENTED_EDGE('',*,*,#215,.F.);
#243=EDGE_LOOP('',(#210,#216,#217,#225,#234,#240,#241,#242));
#244=FACE_OUTER_BOUND('',#243,.T.);
#245=ADVANCED_FACE('',(#244),#201,.T.);
#246=CARTESIAN_POINT('',(-4.8,14.05,-1.9984014443253E-15));
#247=DIRECTION('',(0.,0.,1.));
#248=DIRECTION('',(1.,0.,-0.));
#249=AXIS2_PLACEMENT_3D('',#246,#248,#247);
#250=PLANE('',#249);
#251=ORIENTED_EDGE('',*,*,#185,.F.);
#252=ORIENTED_EDGE('',*,*,#239,.F.);
#253=CARTESIAN_POINT('',(-4.8,8.3,1.6583123951777));
#254=DIRECTION('',(0.,0.,-1.));
#255=VECTOR('',#254,3.3166247903554);
#256=LINE('',#253,#255);
#257=EDGE_CURVE('',#227,#219,#256,.T.);
#258=ORIENTED_EDGE('',*,*,#257,.T.);
#259=ORIENTED_EDGE('',*,*,#224,.F.);
#260=EDGE_LOOP('',(#251,#252,#258,#259));
#261=FACE_OUTER_BOUND('',#260,.T.);
#262=ADVANCED_FACE('',(#261),#250,.T.);
#263=CARTESIAN_POINT('',(-5.3583123951777,8.3,-2.2204460492503E-15));
#264=DIRECTION('',(-1.,0.,0.));
#265=DIRECTION('',(0.,1.,-0.));
#266=AXIS2_PLACEMENT_3D('',#263,#265,#264);
#267=PLANE('',#266);
#268=ORIENTED_EDGE('',*,*,#233,.F.);
#269=ORIENTED_EDGE('',*,*,#257,.F.);
#270=EDGE_LOOP('',(#268,#269));
#271=FACE_OUTER_BOUND('',#270,.T.);
#272=ADVANCED_FACE('',(#271),#267,.T.);
#273=CARTESIAN_POINT('',(-5.6923048454133,6.,-1.7763568394003E-15));
#274=DIRECTION('',(-1.,0.,0.));
#275=DIRECTION('',(0.,1.,-0.));
#276=AXIS2_PLACEMENT_3D('',#273,#275,#274);
#277=PLANE('',#276);
#278=CARTESIAN_POINT('',(-12.8,6.,-5.2365533742026E-16));
#279=VERTEX_POINT('',#278);
#280=CARTESIAN_POINT('',(-7.3,6.,-2.4077662878408E-15));
#281=DIRECTION('',(-1.,1.1418854244973E-16,3.4256562734919E-16));
#282=DIRECTION('',(1.1418854244973E-16,1.,-1.1418854244973E-16));
#283=AXIS2_PLACEMENT_3D('',#280,#282,#281);
#284=CIRCLE('',#283,5.5);
#285=EDGE_CURVE('',#279,#279,#284,.T.);
#286=ORIENTED_EDGE('',*,*,#285,.T.);
#287=EDGE_LOOP('',(#286));
#288=FACE_OUTER_BOUND('',#287,.T.);
#289=ORIENTED_EDGE('',*,*,#209,.F.);
#290=EDGE_LOOP('',(#289));
#291=FACE_BOUND('',#290,.T.);
#292=ADVANCED_FACE('',(#288,#291),#277,.T.);
#293=CARTESIAN_POINT('',(-7.3,11.5,-3.5527136788005E-15));
#294=DIRECTION('',(-1.,-2.2106265572546E-16,8.0544451426409E-16));
#295=DIRECTION('',(2.2106265572546E-16,-1.,-2.6945521275825E-16));
#296=AXIS2_PLACEMENT_3D('',#293,#295,#294);
#297=CONICAL_SURFACE('',#296,0.,0.78539816339744);
#298=CARTESIAN_POINT('',(-13.3,5.5,-1.8063540287423E-15));
#299=VERTEX_POINT('',#298);
#300=CARTESIAN_POINT('',(-12.8,6.,-5.2365533742026E-16));
#301=DIRECTION('',(-0.70710678118655,-0.70710678118655,-1.8140098857058E-15));
#302=VECTOR('',#301,0.70710678118655);
#303=LINE('',#300,#302);
#304=EDGE_CURVE('',#279,#299,#303,.T.);
#305=ORIENTED_EDGE('',*,*,#304,.T.);
#306=CARTESIAN_POINT('',(-7.3,5.5,-9.3427978304244E-15));
#307=DIRECTION('',(-1.,-0.,1.256073966947E-15));
#308=DIRECTION('',(0.,1.,0.));
#309=AXIS2_PLACEMENT_3D('',#306,#308,#307);
#310=CIRCLE('',#309,6.);
#311=EDGE_CURVE('',#299,#299,#310,.T.);
#312=ORIENTED_EDGE('',*,*,#311,.T.);
#313=ORIENTED_EDGE('',*,*,#304,.F.);
#314=ORIENTED_EDGE('',*,*,#285,.F.);
#315=EDGE_LOOP('',(#305,#312,#313,#314));
#316=FACE_OUTER_BOUND('',#315,.T.);
#317=ADVANCED_FACE('',(#316),#297,.T.);
#318=CARTESIAN_POINT('',(-7.3,-1.6464551175828E-15,-1.0658141036402E-14));
#319=DIRECTION('',(-1.,-2.1650286969568E-17,1.7763568394002E-15));
#320=DIRECTION('',(0.,1.,-6.1232339957368E-17));
#321=AXIS2_PLACEMENT_3D('',#318,#320,#319);
#322=CYLINDRICAL_SURFACE('',#321,6.);
#323=CARTESIAN_POINT('',(-13.3,6.0379748909462E-48,9.8607613152626E-32));
#324=VERTEX_POINT('',#323);
#325=CARTESIAN_POINT('',(-7.3,-5.256972933079E-31,-2.512147933894E-15));
#326=DIRECTION('',(-1.,8.7616215551315E-32,4.1869132231567E-16));
#327=DIRECTION('',(6.1978766166082E-32,1.,-6.1232339957368E-17));
#328=AXIS2_PLACEMENT_3D('',#325,#327,#326);
#329=CIRCLE('',#328,6.);
#330=EDGE_CURVE('',#324,#324,#329,.T.);
#331=ORIENTED_EDGE('',*,*,#330,.T.);
#332=CARTESIAN_POINT('',(-13.3,6.0379748909462E-48,9.8607613152626E-32));
#333=DIRECTION('',(0.,1.,-3.2842800522587E-16));
#334=VECTOR('',#333,5.5);
#335=LINE('',#332,#334);
#336=EDGE_CURVE('',#324,#299,#335,.T.);
#337=ORIENTED_EDGE('',*,*,#336,.T.);
#338=ORIENTED_EDGE('',*,*,#311,.F.);
#339=ORIENTED_EDGE('',*,*,#336,.F.);
#340=EDGE_LOOP('',(#331,#337,#338,#339));
#341=FACE_OUTER_BOUND('',#340,.T.);
#342=ADVANCED_FACE('',(#341),#322,.T.);
#343=CARTESIAN_POINT('',(-4.9034702214895,3.9443045261051E-31,2.1316282072803E-14));
#344=DIRECTION('',(1.,0.,0.));
#345=DIRECTION('',(0.,1.,-6.1232339957368E-17));
#346=AXIS2_PLACEMENT_3D('',#343,#345,#344);
#347=PLANE('',#346);
#348=CARTESIAN_POINT('',(18.190382074052,-2.2276793182255E-15,2.));
#349=VERTEX_POINT('',#348);
#350=CARTESIAN_POINT('',(15.75,-1.9288187086571E-15,2.));
#351=VERTEX_POINT('',#350);
#352=CARTESIAN_POINT('',(18.190382074052,-2.2276793182255E-15,2.));
#353=DIRECTION('',(-1.,1.2246467991472E-16,0.));
#354=VECTOR('',#353,2.440382074052);
#355=LINE('',#352,#354);
#356=EDGE_CURVE('',#349,#351,#355,.T.);
#357=ORIENTED_EDGE('',*,*,#356,.T.);
#358=CARTESIAN_POINT('',(15.75,-1.9288187086571E-15,-2.));
#359=VERTEX_POINT('',#358);
#360=CARTESIAN_POINT('',(15.75,-1.9288187086571E-15,-5.9952043329758E-15));
#361=DIRECTION('',(8.8817841970012E-16,0.,1.));
#362=DIRECTION('',(-1.2246467991474E-16,-1.,8.67196507148E-32));
#363=AXIS2_PLACEMENT_3D('',#360,#362,#361);
#364=CIRCLE('',#363,2.);
#365=EDGE_CURVE('',#351,#359,#364,.T.);
#366=ORIENTED_EDGE('',*,*,#365,.T.);
#367=CARTESIAN_POINT('',(18.190382074052,-2.2276793182255E-15,-2.));
#368=VERTEX_POINT('',#367);
#369=CARTESIAN_POINT('',(15.75,-1.9288187086571E-15,-2.));
#370=DIRECTION('',(1.,-1.2246467991472E-16,0.));
#371=VECTOR('',#370,2.440382074052);
#372=LINE('',#369,#371);
#373=EDGE_CURVE('',#359,#368,#372,.T.);
#374=ORIENTED_EDGE('',*,*,#373,.T.);
#375=CARTESIAN_POINT('',(-7.5101322827099,9.1972594611939E-16,-16.687957127707));
#376=VERTEX_POINT('',#375);
#377=CARTESIAN_POINT('',(-3.0198066269804E-14,1.1339875512552E-29,6.5725203057809E-14));
#378=DIRECTION('',(0.99400994940176,-6.6920590117345E-18,-0.10928961748634));
#379=DIRECTION('',(1.5979842825227E-32,1.,-6.1232339957368E-17));
#380=AXIS2_PLACEMENT_3D('',#377,#379,#378);
#381=CIRCLE('',#380,18.3);
#382=EDGE_CURVE('',#368,#376,#381,.T.);
#383=ORIENTED_EDGE('',*,*,#382,.T.);
#384=CARTESIAN_POINT('',(-6.2135947990866,7.6094589819E-16,-14.753332980674));
#385=VERTEX_POINT('',#384);
#386=CARTESIAN_POINT('',(-7.5101322827099,9.1972594611939E-16,-16.687957127707));
#387=DIRECTION('',(0.55671643553466,-6.8178100081028E-17,0.83070260045673));
#388=VECTOR('',#387,2.3289010362665);
#389=LINE('',#386,#388);
#390=EDGE_CURVE('',#376,#385,#389,.T.);
#391=ORIENTED_EDGE('',*,*,#390,.T.);
#392=CARTESIAN_POINT('',(-9.6070508075688,1.1765244020735E-15,-12.639900109605));
#393=VERTEX_POINT('',#392);
#394=CARTESIAN_POINT('',(-7.875,9.6440935432854E-16,-13.639900109605));
#395=DIRECTION('',(0.8307026004568,-1.0173172806928E-16,-0.55671643553457));
#396=DIRECTION('',(-1.2246467991474E-16,-1.,2.2099109422258E-30));
#397=AXIS2_PLACEMENT_3D('',#394,#396,#395);
#398=CIRCLE('',#397,1.9999999999998);
#399=EDGE_CURVE('',#385,#393,#398,.T.);
#400=ORIENTED_EDGE('',*,*,#399,.T.);
#401=CARTESIAN_POINT('',(-10.827241844595,1.3259547068578E-15,-14.753332980674));
#402=VERTEX_POINT('',#401);
#403=CARTESIAN_POINT('',(-9.6070508075688,1.1765244020735E-15,-12.639900109605));
#404=DIRECTION('',(-0.50000000000009,6.1232339957403E-17,-0.86602540378438));
#405=VECTOR('',#404,2.4403820740519);
#406=LINE('',#403,#405);
#407=EDGE_CURVE('',#393,#402,#406,.T.);
#408=ORIENTED_EDGE('',*,*,#407,.T.);
#409=CARTESIAN_POINT('',(-10.827241890171,1.3259547124393E-15,14.753332947226));
#410=VERTEX_POINT('',#409);
#411=CARTESIAN_POINT('',(-2.8421709430404E-14,-1.8735446498999E-30,7.105427357601E-15));
#412=DIRECTION('',(-0.59165255981394,-4.9365087463218E-17,-0.80619305905323));
#413=DIRECTION('',(1.0809473542674E-31,1.,-6.1232339957368E-17));
#414=AXIS2_PLACEMENT_3D('',#411,#413,#412);
#415=CIRCLE('',#414,18.299999999999);
#416=EDGE_CURVE('',#402,#410,#415,.T.);
#417=ORIENTED_EDGE('',*,*,#416,.T.);
#418=CARTESIAN_POINT('',(-9.6070508075688,1.1765244020735E-15,12.639900109605));
#419=VERTEX_POINT('',#418);
#420=CARTESIAN_POINT('',(-10.827241890171,1.3259547124393E-15,14.753332947226));
#421=DIRECTION('',(0.50000001994181,-6.1232342399579E-17,-0.86602539227103));
#422=VECTOR('',#421,2.4403820678731);
#423=LINE('',#420,#422);
#424=EDGE_CURVE('',#410,#419,#423,.T.);
#425=ORIENTED_EDGE('',*,*,#424,.T.);
#426=CARTESIAN_POINT('',(-6.2135947990865,7.6094589819E-16,14.753332980674));
#427=VERTEX_POINT('',#426);
#428=CARTESIAN_POINT('',(-7.875,9.6440935432854E-16,13.639900109605));
#429=DIRECTION('',(-0.86602540378443,1.0605752387249E-16,-0.50000000000002));
#430=DIRECTION('',(-1.2246467991474E-16,-1.,-1.7906941680093E-31));
#431=AXIS2_PLACEMENT_3D('',#428,#430,#429);
#432=CIRCLE('',#431,1.9999999999999);
#433=EDGE_CURVE('',#419,#427,#432,.T.);
#434=ORIENTED_EDGE('',*,*,#433,.T.);
#435=CARTESIAN_POINT('',(-7.5101322827099,9.1972594611939E-16,16.687957127707));
#436=VERTEX_POINT('',#435);
#437=CARTESIAN_POINT('',(-6.2135947990865,7.6094589819E-16,14.753332980674));
#438=DIRECTION('',(-0.55671643553469,6.8178100081026E-17,0.83070260045671));
#439=VECTOR('',#438,2.3289010362666);
#440=LINE('',#437,#439);
#441=EDGE_CURVE('',#427,#436,#440,.T.);
#442=ORIENTED_EDGE('',*,*,#441,.T.);
#443=CARTESIAN_POINT('',(-1.5543122344752E-15,3.5498740734946E-30,1.0658141036402E-14));
#444=DIRECTION('',(-0.41038974222459,5.5838396941954E-17,0.91191022555778));
#445=DIRECTION('',(1.2517543546427E-31,1.,-6.1232339957368E-17));
#446=AXIS2_PLACEMENT_3D('',#443,#445,#444);
#447=CIRCLE('',#446,18.3);
#448=EDGE_CURVE('',#436,#349,#447,.T.);
#449=ORIENTED_EDGE('',*,*,#448,.T.);
#450=EDGE_LOOP('',(#357,#366,#374,#383,#391,#400,#408,#417,#425,#434,#442,#449));
#451=FACE_OUTER_BOUND('',#450,.T.);
#452=ORIENTED_EDGE('',*,*,#330,.F.);
#453=EDGE_LOOP('',(#452));
#454=FACE_BOUND('',#453,.T.);
#455=CARTESIAN_POINT('',(13.423393758659,0.,-6.5));
#456=VERTEX_POINT('',#455);
#457=CARTESIAN_POINT('',(13.423393758659,0.,-7.75));
#458=DIRECTION('',(-5.0242958677881E-16,-0.,1.));
#459=DIRECTION('',(0.,-1.,0.));
#460=AXIS2_PLACEMENT_3D('',#457,#459,#458);
#461=CIRCLE('',#460,1.25);
#462=EDGE_CURVE('',#456,#456,#461,.T.);
#463=ORIENTED_EDGE('',*,*,#462,.T.);
#464=EDGE_LOOP('',(#463));
#465=FACE_BOUND('',#464,.T.);
#466=CARTESIAN_POINT('',(13.423393758659,8.8817841970013E-16,9.));
#467=VERTEX_POINT('',#466);
#468=CARTESIAN_POINT('',(13.423393758659,1.4084612921534E-15,7.75));
#469=DIRECTION('',(1.22502241334E-31,-4.1622629796258E-16,1.));
#470=DIRECTION('',(2.9431643779752E-16,-1.,-4.1622629796258E-16));
#471=AXIS2_PLACEMENT_3D('',#468,#470,#469);
#472=CIRCLE('',#471,1.25);
#473=EDGE_CURVE('',#467,#467,#472,.T.);
#474=ORIENTED_EDGE('',*,*,#473,.T.);
#475=EDGE_LOOP('',(#474));
#476=FACE_BOUND('',#475,.T.);
#477=CARTESIAN_POINT('',(-2.8172151342435E-15,8.8817841970013E-16,16.75));
#478=VERTEX_POINT('',#477);
#479=CARTESIAN_POINT('',(-1.5611411672965E-15,5.2028287245323E-16,15.5));
#480=DIRECTION('',(-1.0048591735576E-15,2.9431643779752E-16,1.));
#481=DIRECTION('',(2.9431643779752E-16,-1.,2.9431643779752E-16));
#482=AXIS2_PLACEMENT_3D('',#479,#481,#480);
#483=CIRCLE('',#482,1.25);
#484=EDGE_CURVE('',#478,#478,#483,.T.);
#485=ORIENTED_EDGE('',*,*,#484,.T.);
#486=EDGE_LOOP('',(#485));
#487=FACE_BOUND('',#486,.T.);
#488=CARTESIAN_POINT('',(-12.779804144225,-1.7115553365677E-06,4.7800750881401));
#489=VERTEX_POINT('',#488);
#490=CARTESIAN_POINT('',(-12.77958022532,-7.0355549919981E-07,-4.78014530434));
#491=VERTEX_POINT('',#490);
#492=CARTESIAN_POINT('',(-12.779750228785,2.9269375746489E-16,4.7800518103452));
#493=CARTESIAN_POINT('',(-12.497495498482,3.0287778222444E-16,4.9463695562724));
#494=CARTESIAN_POINT('',(-11.849934152606,3.2624901309821E-16,5.3280507216507));
#495=CARTESIAN_POINT('',(-11.240638041549,3.4818073740468E-16,5.6862229607279));
#496=CARTESIAN_POINT('',(-10.80119182682,3.6420429925693E-16,5.9479075846278));
#497=CARTESIAN_POINT('',(-10.382596923432,3.7833017754286E-16,6.1786006839893));
#498=CARTESIAN_POINT('',(-9.9530131478116,3.9025893967031E-16,6.37341215348));
#499=CARTESIAN_POINT('',(-9.5371882330615,3.9991129152343E-16,6.5310470219146));
#500=CARTESIAN_POINT('',(-9.1118690694897,4.0790372067875E-16,6.6615732954636));
#501=CARTESIAN_POINT('',(-8.6792125555608,4.1420055471489E-16,6.7644083992752));
#502=CARTESIAN_POINT('',(-8.2406492562914,4.1878006850058E-16,6.8391975350305));
#503=CARTESIAN_POINT('',(-7.7983635302184,4.2161958106377E-16,6.8855702943464));
#504=CARTESIAN_POINT('',(-7.3538253711581,4.2270963104555E-16,6.9033721615058));
#505=CARTESIAN_POINT('',(-6.9092477916857,4.2204479530775E-16,6.8925145699413));
#506=CARTESIAN_POINT('',(-6.4661086141953,4.1962728320624E-16,6.8530336011722));
#507=CARTESIAN_POINT('',(-6.0266138560436,4.1546912958965E-16,6.7851257991924));
#508=CARTESIAN_POINT('',(-5.5922244496785,4.0958415663498E-16,6.6890168972826));
#509=CARTESIAN_POINT('',(-5.1651028538466,4.0200166066497E-16,6.5651853407016));
#510=CARTESIAN_POINT('',(-4.7466688713078,3.9274684679363E-16,6.4140427601995));
#511=CARTESIAN_POINT('',(-4.3390055321771,3.818657869387E-16,6.2363415672923));
#512=CARTESIAN_POINT('',(-3.9434679576695,3.693946510317E-16,6.0326724617888));
#513=CARTESIAN_POINT('',(-3.5620251959823,3.5539552234676E-16,5.8040493404988));
#514=CARTESIAN_POINT('',(-3.1959452080264,3.3991493564543E-16,5.5512321737515));
#515=CARTESIAN_POINT('',(-2.8470503975043,3.230299557208E-16,5.2754795251284));
#516=CARTESIAN_POINT('',(-2.5165005320829,3.0479671024567E-16,4.9777080290886));
#517=CARTESIAN_POINT('',(-2.2059411409319,2.8530596718104E-16,4.6594000389284));
#518=CARTESIAN_POINT('',(-1.9164045602443,2.6462251606496E-16,4.3216136481017));
#519=CARTESIAN_POINT('',(-1.6493321486148,2.4284932236712E-16,3.9660304103387));
#520=CARTESIAN_POINT('',(-1.4056116863605,2.200587627618E-16,3.593832326431));
#521=CARTESIAN_POINT('',(-1.1864564522713,1.9636429223568E-16,3.2068722569216));
#522=CARTESIAN_POINT('',(-0.99259494407479,1.718446740157E-16,2.8064365029222));
#523=CARTESIAN_POINT('',(-0.82499223597844,1.4662197060906E-16,2.3945184964538));
#524=CARTESIAN_POINT('',(-0.68420545134586,1.2078002530352E-16,1.9724875023167));
#525=CARTESIAN_POINT('',(-0.57093548979912,9.4447483183388E-17,1.5424444541748));
#526=CARTESIAN_POINT('',(-0.48555859570871,6.7711877962486E-17,1.1058188860597));
#527=CARTESIAN_POINT('',(-0.43425539504228,4.3429775990087E-17,0.70926206674977));
#528=CARTESIAN_POINT('',(-0.40686863186626,2.1756337534311E-17,0.35530795572174));
#529=CARTESIAN_POINT('',(-0.39770701311107,5.6493202612922E-25,9.2260400748061E-09));
#530=CARTESIAN_POINT('',(-0.40802395734345,-2.4501604120158E-17,-0.40014156142354));
#531=CARTESIAN_POINT('',(-0.44810879641128,-5.1632734714425E-17,-0.84322654908131));
#532=CARTESIAN_POINT('',(-0.51661523453105,-7.853833744894E-17,-1.2826283872807));
#533=CARTESIAN_POINT('',(-0.61331582513242,-1.0512897544228E-16,-1.7168864609041));
#534=CARTESIAN_POINT('',(-0.7377291368078,-1.3127227624271E-16,-2.1438389637585));
#535=CARTESIAN_POINT('',(-0.88944161282081,-1.5688133643741E-16,-2.5620666554085));
#536=CARTESIAN_POINT('',(-1.067698003475,-1.8182867009855E-16,-2.9694875326527));
#537=CARTESIAN_POINT('',(-1.2719057636405,-2.0603134933517E-16,-3.3647472802544));
#538=CARTESIAN_POINT('',(-1.5010483149674,-2.2936888940696E-16,-3.7458782330817));
#539=CARTESIAN_POINT('',(-1.7543639604859,-2.5176371356708E-16,-4.1116134667133));
#540=CARTESIAN_POINT('',(-2.0305916551079,-2.7310433686193E-16,-4.4601322936878));
#541=CARTESIAN_POINT('',(-2.3288131852653,-2.9331982053248E-16,-4.7902761961523));
#542=CARTESIAN_POINT('',(-2.6475439573212,-3.1230952872456E-16,-5.1004016658844));
#543=CARTESIAN_POINT('',(-2.9857244724446,-3.3001033739933E-16,-5.3894778090973));
#544=CARTESIAN_POINT('',(-3.3416712148925,-3.4633412914987E-16,-5.656065559327));
#545=CARTESIAN_POINT('',(-3.7142009755414,-3.6122664175931E-16,-5.8992787473222));
#546=CARTESIAN_POINT('',(-4.1014592427068,-3.746137379598E-16,-6.1179066196167));
#547=CARTESIAN_POINT('',(-4.5021587240487,-3.8645091745825E-16,-6.3112224312727));
#548=CARTESIAN_POINT('',(-4.9143046745869,-3.9667925291513E-16,-6.4782638258038));
#549=CARTESIAN_POINT('',(-5.3365270723748,-4.0526474413214E-16,-6.6184755378335));
#550=CARTESIAN_POINT('',(-5.7667240279714,-4.1216465118489E-16,-6.7311595714267));
#551=CARTESIAN_POINT('',(-6.2034655157554,-4.1735603796562E-16,-6.8159413515179));
#552=CARTESIAN_POINT('',(-6.644577367956,-4.2081306093324E-16,-6.8723988210516));
#553=CARTESIAN_POINT('',(-7.0885932766689,-4.2252422854748E-16,-6.9003443089332));
#554=CARTESIAN_POINT('',(-7.5333028602598,-4.2248102227724E-16,-6.8996386969923));
#555=CARTESIAN_POINT('',(-7.9772278559856,-4.2068358622087E-16,-6.8702843385336));
#556=CARTESIAN_POINT('',(-8.4181583117379,-4.1714086583168E-16,-6.8124273238963));
#557=CARTESIAN_POINT('',(-8.8546286840129,-4.1186465432151E-16,-6.7262602508457));
#558=CARTESIAN_POINT('',(-9.2844653171418,-4.0488113045056E-16,-6.6122106509804));
#559=CARTESIAN_POINT('',(-9.7062450863105,-3.9621410100353E-16,-6.4706673185998));
#560=CARTESIAN_POINT('',(-10.1178387369,-3.8590363871506E-16,-6.3022846911247));
#561=CARTESIAN_POINT('',(-10.501776004429,-3.7448962338603E-16,-6.1158796748052));
#562=CARTESIAN_POINT('',(-10.801469751456,-3.6411110897194E-16,-5.9463856717781));
#563=CARTESIAN_POINT('',(-11.070873166991,-3.5432803737309E-16,-5.7866159878879));
#564=CARTESIAN_POINT('',(-11.443940247946,-3.4088803212144E-16,-5.5671240452151));
#565=CARTESIAN_POINT('',(-12.003304451856,-3.2070345284335E-16,-5.2374848497809));
#566=CARTESIAN_POINT('',(-12.55927194691,-3.0064820854651E-16,-4.9099578548825));
#567=CARTESIAN_POINT('',(-12.779590026715,-2.9270050104806E-16,-4.7801619414161));
#568=B_SPLINE_CURVE_WITH_KNOTS('',2,(#492,#493,#494,#495,#496,#497,#498,#499,#500,#501,#502,#503,#504,#505,#506,#507,#508,#509,#510,#511,#512,#513,#514,#515,#516,#517,#518,#519,#520,#521,#522,#523,#524,#525,#526,#527,#528,#529,#530,#531,#532,#533,#534,#535,#536,#537,#538,#539,#540,#541,#542,#543,#544,#545,#546,#547,#548,#549,#550,#551,#552,#553,#554,#555,#556,#557,#558,#559,#560,#561,#562,#563,#564,#565,#566,#567),.UNSPECIFIED.,.F.,.U.,(3,1,1,1,1,1,1,1,1,1,1,1,1,1,1,1,1,1,1,1,1,1,1,1,1,1,1,1,1,1,1,1,1,1,1,1,1,1,1,1,1,1,1,1,1,1,1,1,1,1,1,1,1,1,1,1,1,1,1,1,1,1,1,1,1,1,1,1,1,1,1,1,1,1,3),(0.33303713550642,0.34000306745817,0.34901984750575,0.35503103420414,0.35989479876304,0.36518950058448,0.36991581546091,0.37464213033735,0.37936844521378,0.38409476009021,0.38882107496665,0.39354738984308,0.39827370471951,0.40300001959594,0.40772633447238,0.41245264934881,0.41717896422524,0.42190527910167,0.42663159397811,0.43135790885454,0.43608422373097,0.4408105386074,0.44553685348384,0.45026316836027,0.4549894832367,0.45971579811313,0.46444211298957,0.469168427866,0.47389474274243,0.47862105761887,0.4833473724953,0.48807368737173,0.49280000224816,0.4975263171246,0.50225263200103,0.50602566111937,0.50979869023772,0.51358049610679,0.51830681098322,0.52303312585966,0.52775944073609,0.53248575561252,0.53721207048895,0.54193838536539,0.54666470024182,0.55139101511825,0.55611732999468,0.56084364487112,0.56556995974755,0.57029627462398,0.57502258950041,0.57974890437685,0.58447521925328,0.58920153412971,0.59392784900614,0.59865416388258,0.60338047875901,0.60810679363544,0.61283310851188,0.61755942338831,0.62228573826474,0.62701205314117,0.63173836801761,0.63646468289404,0.64119099777047,0.6459173126469,0.65064362752334,0.65536994239977,0.6600962572762,0.66443752853372,0.66741594940219,0.67109735328433,0.67661945910754,0.68490261784235,0.69033969946484),.UNSPECIFIED.);
#569=EDGE_CURVE('',#489,#491,#568,.T.);
#570=ORIENTED_EDGE('',*,*,#569,.T.);
#571=CARTESIAN_POINT('',(-12.77960136286,-2.9270023529301E-16,-4.7801576013068));
#572=CARTESIAN_POINT('',(-12.585678743814,-3.1311130525029E-16,-5.1134956702338));
#573=CARTESIAN_POINT('',(-12.193683485125,-3.5437775306951E-16,-5.7874279068258));
#574=CARTESIAN_POINT('',(-11.863184214186,-3.8912324283785E-16,-6.3548648166766));
#575=CARTESIAN_POINT('',(-11.617808517501,-4.1509038972831E-16,-6.7789405078641));
#576=CARTESIAN_POINT('',(-11.374302809238,-4.3981753350701E-16,-7.1827654114349));
#577=CARTESIAN_POINT('',(-11.063760278539,-4.6872617035445E-16,-7.6548792791652));
#578=CARTESIAN_POINT('',(-10.679965699471,-5.0102422129102E-16,-8.182346479652));
#579=CARTESIAN_POINT('',(-10.264102169029,-5.3261737988147E-16,-8.6983019145161));
#580=CARTESIAN_POINT('',(-9.8232356355701,-5.6292584760708E-16,-9.1932767553716));
#581=CARTESIAN_POINT('',(-9.3586393081753,-5.918610422513E-16,-9.6658243448377));
#582=CARTESIAN_POINT('',(-8.8712175570981,-6.1936682972883E-16,-10.115027943731));
#583=CARTESIAN_POINT('',(-8.3623889027752,-6.4536313495972E-16,-10.539579826756));
#584=CARTESIAN_POINT('',(-7.8331417424959,-6.6979946501798E-16,-10.938655381851));
#585=CARTESIAN_POINT('',(-7.2850166212064,-6.9260468940393E-16,-11.311092959801));
#586=CARTESIAN_POINT('',(-6.7190782116318,-7.1373451159947E-16,-11.656169143567));
#587=CARTESIAN_POINT('',(-6.1369738688813,-7.3312742609548E-16,-11.972879471957));
#588=CARTESIAN_POINT('',(-5.5398342649655,-7.5074576434657E-16,-12.260608770941));
#589=CARTESIAN_POINT('',(-4.9293975768558,-7.6653824221439E-16,-12.518519506981));
#590=CARTESIAN_POINT('',(-4.3068495089019,-7.8047418459367E-16,-12.746110717589));
#591=CARTESIAN_POINT('',(-3.6740021980179,-7.9251302620614E-16,-12.942719921498));
#592=CARTESIAN_POINT('',(-3.032084878657,-8.0263138296113E-16,-13.107965227524));
#593=CARTESIAN_POINT('',(-2.3829660684971,-8.1079980195577E-16,-13.241365633263));
#594=CARTESIAN_POINT('',(-1.7279066075418,-8.1700241695838E-16,-13.342662023486));
#595=CARTESIAN_POINT('',(-1.0688132681212,-8.2122117315809E-16,-13.411559540757));
#596=CARTESIAN_POINT('',(-0.40696626463576,-8.2344787609729E-16,-13.447924359425));
#597=CARTESIAN_POINT('',(0.25570787314371,-8.2367604420322E-16,-13.451650627376));
#598=CARTESIAN_POINT('',(0.91792197552027,-8.2190523428511E-16,-13.422731106754));
#599=CARTESIAN_POINT('',(1.5777484441576,-8.1814060088472E-16,-13.361249977615));
#600=CARTESIAN_POINT('',(2.2339056406346,-8.1238945637741E-16,-13.267326660112));
#601=CARTESIAN_POINT('',(2.88448359729,-8.0466854141631E-16,-13.141234549856));
#602=CARTESIAN_POINT('',(3.528218639893,-7.9499285300703E-16,-12.983218566537));
#603=CARTESIAN_POINT('',(4.163236959667,-7.8339055551638E-16,-12.793738669171));
#604=CARTESIAN_POINT('',(4.7883051052189,-7.6988418509735E-16,-12.573162901065));
#605=CARTESIAN_POINT('',(5.4016036040956,-7.5451305661358E-16,-12.322133322668));
#606=CARTESIAN_POINT('',(6.0019411932042,-7.3730702674678E-16,-12.041137530594));
#607=CARTESIAN_POINT('',(6.5875703867483,-7.1831617947193E-16,-11.730993458229));
#608=CARTESIAN_POINT('',(7.1573536661368,-6.975774023658E-16,-11.392303525416));
#609=CARTESIAN_POINT('',(7.709632484236,-6.7515106266025E-16,-11.026053603869));
#610=CARTESIAN_POINT('',(8.2433341017937,-6.5108072098821E-16,-10.632955092709));
#611=CARTESIAN_POINT('',(8.7569049995685,-6.254364422281E-16,-10.214152238238));
#612=CARTESIAN_POINT('',(9.2493476240734,-5.9826803749618E-16,-9.7704585177166));
#613=CARTESIAN_POINT('',(9.7192285543341,-5.6965458963223E-16,-9.3031654519303));
#614=CARTESIAN_POINT('',(10.165635099693,-5.3965167702829E-16,-8.8131807049022));
#615=CARTESIAN_POINT('',(10.58726784277,-5.0834663331891E-16,-8.3019305431222));
#616=CARTESIAN_POINT('',(10.983307809563,-4.7580026501718E-16,-7.7704080123093));
#617=CARTESIAN_POINT('',(11.352602191671,-4.4210730934655E-16,-7.2201602887356));
#618=CARTESIAN_POINT('',(11.69443367645,-4.0733321106948E-16,-6.6522561664813));
#619=CARTESIAN_POINT('',(12.007807247636,-3.7157919197172E-16,-6.0683487227571));
#620=CARTESIAN_POINT('',(12.292114212451,-3.3491470019877E-16,-5.4695721318497));
#621=CARTESIAN_POINT('',(12.546526999201,-2.9744646016654E-16,-4.8576693357405));
#622=CARTESIAN_POINT('',(12.770551439919,-2.5924724970167E-16,-4.2338288865355));
#623=CARTESIAN_POINT('',(12.963535434856,-2.2042826053587E-16,-3.5998666830197));
#624=CARTESIAN_POINT('',(13.125104139638,-1.8106489419061E-16,-2.9570141254879));
#625=CARTESIAN_POINT('',(13.254787226644,-1.4127173097848E-16,-2.3071424524498));
#626=CARTESIAN_POINT('',(13.352332986336,-1.0112606524977E-16,-1.6515139764408));
#627=CARTESIAN_POINT('',(13.410911832279,-6.4802931432818E-17,-1.0583121840181));
#628=CARTESIAN_POINT('',(13.442170663772,-3.2437625676734E-17,-0.5297466289761));
#629=CARTESIAN_POINT('',(13.4526120731,-2.8706191960874E-25,-4.6880769924874E-09));
#630=CARTESIAN_POINT('',(13.440858740452,3.6514754590821E-17,0.59633119714589));
#631=CARTESIAN_POINT('',(13.395175698851,7.7005814055693E-17,1.2576003809312));
#632=CARTESIAN_POINT('',(13.317002131265,1.1730021993487E-16,1.9156579679389));
#633=CARTESIAN_POINT('',(13.206489696376,1.5731970516359E-16,2.5692257600007));
#634=CARTESIAN_POINT('',(13.06396010516,1.9694777944198E-16,3.2164013261473));
#635=CARTESIAN_POINT('',(12.889690200027,2.3610746971739E-16,3.855927601032));
#636=CARTESIAN_POINT('',(12.684187253302,2.7468478845271E-16,4.485943026903));
#637=CARTESIAN_POINT('',(12.44785043111,3.1260480356188E-16,5.1052238699276));
#638=CARTESIAN_POINT('',(12.181367671805,3.4975713600313E-16,5.7119675035553));
#639=CARTESIAN_POINT('',(11.885256588058,3.8606962156521E-16,6.3049953967789));
#640=CARTESIAN_POINT('',(11.560379111425,4.2143656046534E-16,6.8825813411468));
#641=CARTESIAN_POINT('',(11.207366279727,4.5578925641763E-16,7.4436034411712));
#642=CARTESIAN_POINT('',(10.827245656322,4.8902771427047E-16,7.9864286520971));
#643=CARTESIAN_POINT('',(10.420755582605,5.2108737207209E-16,8.5100025972369));
#644=CARTESIAN_POINT('',(9.9890792855529,5.5187490933472E-16,9.0128012373684));
#645=CARTESIAN_POINT('',(9.5330552476364,5.8133052474314E-16,9.4938479428988));
#646=CARTESIAN_POINT('',(9.0540108812038,6.0936847775654E-16,9.9517424645343));
#647=CARTESIAN_POINT('',(8.552876675853,6.3593430781667E-16,10.385595393863));
#648=CARTESIAN_POINT('',(8.0311113523467,6.6095068608134E-16,10.794143855053));
#649=CARTESIAN_POINT('',(7.4897283809188,6.843690210601E-16,11.176594288844));
#650=CARTESIAN_POINT('',(6.9303036399918,7.0612114576076E-16,11.531833443772));
#651=CARTESIAN_POINT('',(6.353923748966,7.2616480913691E-16,11.859171307882));
#652=CARTESIAN_POINT('',(5.7622664566467,7.4444166732053E-16,12.157655053503));
#653=CARTESIAN_POINT('',(5.1564809905263,7.6091621957805E-16,12.426704909658));
#654=CARTESIAN_POINT('',(4.5383306942915,7.7554051114771E-16,12.665537715653));
#655=CARTESIAN_POINT('',(3.9090162551039,7.8828613599421E-16,12.873689565727));
#656=CARTESIAN_POINT('',(3.2703695056918,7.9911599366141E-16,13.050554563451));
#657=CARTESIAN_POINT('',(2.623630945263,8.0800904837349E-16,13.195789168535));
#658=CARTESIAN_POINT('',(1.9706831253498,8.1493941388399E-16,13.308970626492));
#659=CARTESIAN_POINT('',(1.312794323375,8.1989362874034E-16,13.389879095118));
#660=CARTESIAN_POINT('',(0.65187954742346,8.2285727202294E-16,13.438279062924));
#661=CARTESIAN_POINT('',(-0.010777450169352,8.2382458718933E-16,13.454076518436));
#662=CARTESIAN_POINT('',(-0.67324778187072,8.2279275854123E-16,13.437225477813));
#663=CARTESIAN_POINT('',(-1.3342446738539,8.1976379028929E-16,13.387758672297));
#664=CARTESIAN_POINT('',(-1.9918440708856,8.1474649927106E-16,13.305820091774));
#665=CARTESIAN_POINT('',(-2.6447686603798,8.077506310079E-16,13.191568892685));
#666=CARTESIAN_POINT('',(-3.2911178842722,7.9879654934282E-16,13.045337641824));
#667=CARTESIAN_POINT('',(-3.9296362821682,7.8790164656855E-16,12.867410376888));
#668=CARTESIAN_POINT('',(-4.5584652301014,7.7509763598806E-16,12.658305015417));
#669=CARTESIAN_POINT('',(-5.1763832988351,7.6040938794634E-16,12.418427720968));
#670=CARTESIAN_POINT('',(-5.7815918286341,7.4387965756194E-16,12.148476737617));
#671=CARTESIAN_POINT('',(-6.3729152702661,7.2554055197028E-16,11.848976414676));
#672=CARTESIAN_POINT('',(-6.9486323766157,7.0544545334515E-16,11.520798549203));
#673=CARTESIAN_POINT('',(-7.5076248825219,6.8363339415831E-16,11.164580589837));
#674=CARTESIAN_POINT('',(-8.0482656493923,6.6016786573338E-16,10.78135942858));
#675=CARTESIAN_POINT('',(-8.5695045548642,6.3509444761225E-16,10.371879435841));
#676=CARTESIAN_POINT('',(-9.0698242981013,6.0848612238151E-16,9.9373325077101));
#677=CARTESIAN_POINT('',(-9.5482534630276,5.8039458790682E-16,9.4785629344055));
#678=CARTESIAN_POINT('',(-10.003397352993,5.509015404872E-16,8.9969049177404));
#679=CARTESIAN_POINT('',(-10.4343859723,5.2006476827846E-16,8.4933022099196));
#680=CARTESIAN_POINT('',(-10.839891824211,4.8797143300129E-16,7.9691782698658));
#681=CARTESIAN_POINT('',(-11.245463366218,4.5243767520287E-16,7.3888679661414));
#682=CARTESIAN_POINT('',(-11.614748899149,4.1553700790855E-16,6.7862343362652));
#683=CARTESIAN_POINT('',(-11.970563735966,3.7778847010611E-16,6.1697539301804));
#684=CARTESIAN_POINT('',(-12.450837684352,3.2732291359056E-16,5.3455888476326));
#685=CARTESIAN_POINT('',(-12.759164082406,2.9486110971636E-16,4.8154473587267));
#686=CARTESIAN_POINT('',(-12.779750323316,2.9269375202109E-16,4.7800517214413));
#687=B_SPLINE_CURVE_WITH_KNOTS('',2,(#571,#572,#573,#574,#575,#576,#577,#578,#579,#580,#581,#582,#583,#584,#585,#586,#587,#588,#589,#590,#591,#592,#593,#594,#595,#596,#597,#598,#599,#600,#601,#602,#603,#604,#605,#606,#607,#608,#609,#610,#611,#612,#613,#614,#615,#616,#617,#618,#619,#620,#621,#622,#623,#624,#625,#626,#627,#628,#629,#630,#631,#632,#633,#634,#635,#636,#637,#638,#639,#640,#641,#642,#643,#644,#645,#646,#647,#648,#649,#650,#651,#652,#653,#654,#655,#656,#657,#658,#659,#660,#661,#662,#663,#664,#665,#666,#667,#668,#669,#670,#671,#672,#673,#674,#675,#676,#677,#678,#679,#680,#681,#682,#683,#684,#685,#686),.UNSPECIFIED.,.F.,.U.,(3,1,1,1,1,1,1,1,1,1,1,1,1,1,1,1,1,1,1,1,1,1,1,1,1,1,1,1,1,1,1,1,1,1,1,1,1,1,1,1,1,1,1,1,1,1,1,1,1,1,1,1,1,1,1,1,1,1,1,1,1,1,1,1,1,1,1,1,1,1,1,1,1,1,1,1,1,1,1,1,1,1,1,1,1,1,1,1,1,1,1,1,1,1,1,1,1,1,1,1,1,1,1,1,1,1,1,1,1,1,1,1,1,1,3),(0.27594282011899,0.28058291654788,0.28532358721713,0.28848403432997,0.29121868562067,0.29415720865394,0.29801665789078,0.30200263196157,0.30598860603237,0.30997458010316,0.31396055417396,0.31794652824475,0.32193250231555,0.32591847638634,0.32990445045714,0.33389042452794,0.33787639859873,0.34186237266953,0.34584834674032,0.34983432081112,0.35382029488191,0.35780626895271,0.3617922430235,0.3657782170943,0.36976419116509,0.37375016523589,0.37773613930668,0.38172211337748,0.38570808744827,0.38969406151907,0.39368003558986,0.39766600966066,0.40165198373145,0.40563795780225,0.40962393187304,0.41360990594384,0.41759588001464,0.42158185408543,0.42556782815623,0.42955380222702,0.43353977629782,0.43752575036861,0.44151172443941,0.4454976985102,0.449483672581,0.45346964665179,0.45745562072259,0.46144159479338,0.46542756886418,0.46941354293497,0.47339951700577,0.47738549107656,0.48137146514736,0.48535743921815,0.48934341328895,0.49332938735975,0.49651420866366,0.49969902996757,0.50288818081088,0.50687415488168,0.51086012895247,0.51484610302327,0.51883207709407,0.52281805116486,0.52680402523566,0.53078999930645,0.53477597337725,0.53876194744804,0.54274792151884,0.54673389558963,0.55071986966043,0.55470584373122,0.55869181780202,0.56267779187281,0.56666376594361,0.5706497400144,0.5746357140852,0.57862168815599,0.58260766222679,0.58659363629758,0.59057961036838,0.59456558443917,0.59855155850997,0.60253753258077,0.60652350665156,0.61050948072236,0.61449545479315,0.61848142886395,0.62246740293474,0.62645337700554,0.63043935107633,0.63442532514713,0.63841129921792,0.64239727328872,0.64638324735951,0.65036922143031,0.6543551955011,0.6583411695719,0.66232714364269,0.66631311771349,0.67029909178428,0.67428506585508,0.67827103992587,0.68225701399667,0.68624298806747,0.69022896213826,0.69421493620906,0.69820091027985,0.70218688435065,0.70617285842144,0.71070129444709,0.71467470659891,0.71926564353718,0.7261520489446,0.72664472611253),.UNSPECIFIED.);
#688=EDGE_CURVE('',#491,#489,#687,.T.);
#689=ORIENTED_EDGE('',*,*,#688,.T.);
#690=EDGE_LOOP('',(#570,#689));
#691=FACE_BOUND('',#690,.T.);
#692=CARTESIAN_POINT('',(-4.5853480993873E-15,1.7763568394003E-15,-14.25));
#693=VERTEX_POINT('',#692);
#694=CARTESIAN_POINT('',(-5.8414220663343E-15,-2.1550822204057E-16,-15.5));
#695=DIRECTION('',(1.0048591735576E-15,1.5934920491526E-15,1.));
#696=DIRECTION('',(1.5934920491526E-15,-1.,1.5934920491526E-15));
#697=AXIS2_PLACEMENT_3D('',#694,#696,#695);
#698=CIRCLE('',#697,1.25);
#699=EDGE_CURVE('',#693,#693,#698,.T.);
#700=ORIENTED_EDGE('',*,*,#699,.T.);
#701=EDGE_LOOP('',(#700));
#702=FACE_BOUND('',#701,.T.);
#703=CARTESIAN_POINT('',(-13.423393758659,0.,-6.5));
#704=VERTEX_POINT('',#703);
#705=CARTESIAN_POINT('',(-13.423393758659,0.,-7.75));
#706=DIRECTION('',(-5.0242958677881E-16,-0.,1.));
#707=DIRECTION('',(0.,-1.,0.));
#708=AXIS2_PLACEMENT_3D('',#705,#707,#706);
#709=CIRCLE('',#708,1.25);
#710=EDGE_CURVE('',#704,#704,#709,.T.);
#711=ORIENTED_EDGE('',*,*,#710,.T.);
#712=EDGE_LOOP('',(#711));
#713=FACE_BOUND('',#712,.T.);
#714=CARTESIAN_POINT('',(-13.423393758659,8.8817841970013E-16,9.));
#715=VERTEX_POINT('',#714);
#716=CARTESIAN_POINT('',(-13.423393758659,1.4084612921534E-15,7.75));
#717=DIRECTION('',(1.22502241334E-31,-4.1622629796258E-16,1.));
#718=DIRECTION('',(2.9431643779752E-16,-1.,-4.1622629796258E-16));
#719=AXIS2_PLACEMENT_3D('',#716,#718,#717);
#720=CIRCLE('',#719,1.25);
#721=EDGE_CURVE('',#715,#715,#720,.T.);
#722=ORIENTED_EDGE('',*,*,#721,.T.);
#723=EDGE_LOOP('',(#722));
#724=FACE_BOUND('',#723,.T.);
#725=ADVANCED_FACE('',(#451,#454,#465,#476,#487,#691,#702,#713,#724),#347,.T.);
#726=CARTESIAN_POINT('',(16.970191037026,-1.,2.));
#727=DIRECTION('',(1.,-1.8197527943348E-16,9.0987639716739E-17));
#728=DIRECTION('',(9.0987639716739E-17,0.,-1.));
#729=AXIS2_PLACEMENT_3D('',#726,#728,#727);
#730=PLANE('',#729);
#731=ORIENTED_EDGE('',*,*,#356,.F.);
#732=CARTESIAN_POINT('',(18.190382074052,-2.,2.));
#733=VERTEX_POINT('',#732);
#734=CARTESIAN_POINT('',(18.190382074052,-2.2276793182255E-15,2.));
#735=DIRECTION('',(0.,-1.,0.));
#736=VECTOR('',#735,2.);
#737=LINE('',#734,#736);
#738=EDGE_CURVE('',#349,#733,#737,.T.);
#739=ORIENTED_EDGE('',*,*,#738,.T.);
#740=CARTESIAN_POINT('',(15.75,-2.,2.));
#741=VERTEX_POINT('',#740);
#742=CARTESIAN_POINT('',(18.190382074052,-2.,2.));
#743=DIRECTION('',(-1.,0.,0.));
#744=VECTOR('',#743,2.440382074052);
#745=LINE('',#742,#744);
#746=EDGE_CURVE('',#733,#741,#745,.T.);
#747=ORIENTED_EDGE('',*,*,#746,.T.);
#748=CARTESIAN_POINT('',(15.75,-2.,2.));
#749=DIRECTION('',(0.,1.,0.));
#750=VECTOR('',#749,2.);
#751=LINE('',#748,#750);
#752=EDGE_CURVE('',#741,#351,#751,.T.);
#753=ORIENTED_EDGE('',*,*,#752,.T.);
#754=EDGE_LOOP('',(#731,#739,#747,#753));
#755=FACE_OUTER_BOUND('',#754,.T.);
#756=ADVANCED_FACE('',(#755),#730,.T.);
#757=CARTESIAN_POINT('',(15.75,1.3262683772681E-15,1.5765166949677E-14));
#758=DIRECTION('',(-1.5987211554602E-14,2.2504423106606E-16,1.));
#759=DIRECTION('',(3.5527136788005E-15,-1.,0.));
#760=AXIS2_PLACEMENT_3D('',#757,#759,#758);
#761=CYLINDRICAL_SURFACE('',#760,2.);
#762=ORIENTED_EDGE('',*,*,#365,.F.);
#763=ORIENTED_EDGE('',*,*,#752,.F.);
#764=CARTESIAN_POINT('',(15.75,-2.,-2.));
#765=VERTEX_POINT('',#764);
#766=CARTESIAN_POINT('',(15.75,-2.,-5.9952043329758E-15));
#767=DIRECTION('',(8.8817841970012E-16,0.,1.));
#768=DIRECTION('',(-1.1102230246252E-16,-1.,-1.1102230246252E-16));
#769=AXIS2_PLACEMENT_3D('',#766,#768,#767);
#770=CIRCLE('',#769,2.);
#771=EDGE_CURVE('',#741,#765,#770,.T.);
#772=ORIENTED_EDGE('',*,*,#771,.T.);
#773=CARTESIAN_POINT('',(15.75,-2.,-2.));
#774=DIRECTION('',(0.,1.,0.));
#775=VECTOR('',#774,2.);
#776=LINE('',#773,#775);
#777=EDGE_CURVE('',#765,#359,#776,.T.);
#778=ORIENTED_EDGE('',*,*,#777,.T.);
#779=EDGE_LOOP('',(#762,#763,#772,#778));
#780=FACE_OUTER_BOUND('',#779,.T.);
#781=ADVANCED_FACE('',(#780),#761,.F.);
#782=CARTESIAN_POINT('',(16.970191037026,-1.,-2.));
#783=DIRECTION('',(-1.,1.8197527943348E-16,1.4558022354678E-15));
#784=DIRECTION('',(1.4558022354678E-15,0.,1.));
#785=AXIS2_PLACEMENT_3D('',#782,#784,#783);
#786=PLANE('',#785);
#787=ORIENTED_EDGE('',*,*,#373,.F.);
#788=ORIENTED_EDGE('',*,*,#777,.F.);
#789=CARTESIAN_POINT('',(18.190382074052,-2.,-2.));
#790=VERTEX_POINT('',#789);
#791=CARTESIAN_POINT('',(15.75,-2.,-2.));
#792=DIRECTION('',(1.,0.,0.));
#793=VECTOR('',#792,2.440382074052);
#794=LINE('',#791,#793);
#795=EDGE_CURVE('',#765,#790,#794,.T.);
#796=ORIENTED_EDGE('',*,*,#795,.T.);
#797=CARTESIAN_POINT('',(18.190382074052,-2.,-2.));
#798=DIRECTION('',(0.,1.,0.));
#799=VECTOR('',#798,2.);
#800=LINE('',#797,#799);
#801=EDGE_CURVE('',#790,#368,#800,.T.);
#802=ORIENTED_EDGE('',*,*,#801,.T.);
#803=EDGE_LOOP('',(#787,#788,#796,#802));
#804=FACE_OUTER_BOUND('',#803,.T.);
#805=ADVANCED_FACE('',(#804),#786,.T.);
#806=CARTESIAN_POINT('',(1.7763568394003E-15,6.7322156673653E-15,-1.7763568394003E-14));
#807=DIRECTION('',(1.,2.0394081433644E-17,9.7068679748622E-16));
#808=DIRECTION('',(-7.4014868308344E-17,-1.,6.1232339957368E-17));
#809=AXIS2_PLACEMENT_3D('',#806,#808,#807);
#810=CYLINDRICAL_SURFACE('',#809,18.3);
#811=CARTESIAN_POINT('',(18.3,-24.,1.4695761589768E-15));
#812=VERTEX_POINT('',#811);
#813=CARTESIAN_POINT('',(2.8421709430404E-14,-24.,6.4938720267649E-15));
#814=DIRECTION('',(1.,-1.4905224895818E-16,-2.7455168676438E-16));
#815=DIRECTION('',(1.4905224895817E-16,1.,-3.4318960845547E-16));
#816=AXIS2_PLACEMENT_3D('',#813,#815,#814);
#817=CIRCLE('',#816,18.3);
#818=EDGE_CURVE('',#812,#812,#817,.T.);
#819=ORIENTED_EDGE('',*,*,#818,.T.);
#820=CARTESIAN_POINT('',(18.3,-2.,-2.8656735100048E-15));
#821=VERTEX_POINT('',#820);
#822=CARTESIAN_POINT('',(18.3,-24.,1.4695761589768E-15));
#823=DIRECTION('',(0.,1.,-1.9705680313553E-16));
#824=VECTOR('',#823,22.);
#825=LINE('',#822,#824);
#826=EDGE_CURVE('',#812,#821,#825,.T.);
#827=ORIENTED_EDGE('',*,*,#826,.T.);
#828=CARTESIAN_POINT('',(5.2935433814127E-13,-2.0000000000002,6.7279515292284E-14));
#829=DIRECTION('',(1.,6.115326824165E-15,-3.8330704263547E-15));
#830=DIRECTION('',(6.0947949065041E-15,-1.,3.3404938836406E-16));
#831=AXIS2_PLACEMENT_3D('',#828,#830,#829);
#832=CIRCLE('',#831,18.299999999999);
#833=EDGE_CURVE('',#821,#733,#832,.T.);
#834=ORIENTED_EDGE('',*,*,#833,.T.);
#835=ORIENTED_EDGE('',*,*,#738,.F.);
#836=ORIENTED_EDGE('',*,*,#448,.F.);
#837=CARTESIAN_POINT('',(-7.5101322827099,-2.,16.687957127707));
#838=VERTEX_POINT('',#837);
#839=CARTESIAN_POINT('',(-7.5101322827099,9.1972594611939E-16,16.687957127707));
#840=DIRECTION('',(0.,-1.,0.));
#841=VECTOR('',#840,2.);
#842=LINE('',#839,#841);
#843=EDGE_CURVE('',#436,#838,#842,.T.);
#844=ORIENTED_EDGE('',*,*,#843,.T.);
#845=CARTESIAN_POINT('',(-10.827241890171,-2.,14.753332947226));
#846=VERTEX_POINT('',#845);
#847=CARTESIAN_POINT('',(-6.3948846218409E-14,-2.,1.0480505352461E-13));
#848=DIRECTION('',(-0.41038974222459,0.,0.91191022555778));
#849=DIRECTION('',(-1.0422426720236E-16,-1.,-5.0844961401264E-17));
#850=AXIS2_PLACEMENT_3D('',#847,#849,#848);
#851=CIRCLE('',#850,18.3);
#852=EDGE_CURVE('',#838,#846,#851,.T.);
#853=ORIENTED_EDGE('',*,*,#852,.T.);
#854=CARTESIAN_POINT('',(-10.827241890171,-2.,14.753332947226));
#855=DIRECTION('',(0.,1.,0.));
#856=VECTOR('',#855,2.);
#857=LINE('',#854,#856);
#858=EDGE_CURVE('',#846,#410,#857,.T.);
#859=ORIENTED_EDGE('',*,*,#858,.T.);
#860=ORIENTED_EDGE('',*,*,#416,.F.);
#861=CARTESIAN_POINT('',(-10.827241844595,-2.,-14.753332980674));
#862=VERTEX_POINT('',#861);
#863=CARTESIAN_POINT('',(-10.827241844595,1.3259547068578E-15,-14.753332980674));
#864=DIRECTION('',(0.,-1.,0.));
#865=VECTOR('',#864,2.);
#866=LINE('',#863,#865);
#867=EDGE_CURVE('',#402,#862,#866,.T.);
#868=ORIENTED_EDGE('',*,*,#867,.T.);
#869=CARTESIAN_POINT('',(-7.5101322827099,-2.,-16.687957127707));
#870=VERTEX_POINT('',#869);
#871=CARTESIAN_POINT('',(-4.0678571622266E-13,-2.,-7.7449158197851E-13));
#872=DIRECTION('',(-0.59165255981395,-2.9241939774282E-15,-0.80619305905323));
#873=DIRECTION('',(1.3883850181383E-15,-1.,2.6100751594765E-15));
#874=AXIS2_PLACEMENT_3D('',#871,#873,#872);
#875=CIRCLE('',#874,18.299999999999);
#876=EDGE_CURVE('',#862,#870,#875,.T.);
#877=ORIENTED_EDGE('',*,*,#876,.T.);
#878=CARTESIAN_POINT('',(-7.5101322827099,-2.,-16.687957127707));
#879=DIRECTION('',(0.,1.,0.));
#880=VECTOR('',#879,2.);
#881=LINE('',#878,#880);
#882=EDGE_CURVE('',#870,#376,#881,.T.);
#883=ORIENTED_EDGE('',*,*,#882,.T.);
#884=ORIENTED_EDGE('',*,*,#382,.F.);
#885=ORIENTED_EDGE('',*,*,#801,.F.);
#886=CARTESIAN_POINT('',(-6.0751403907489E-13,-2.0000000000001,1.3700152123874E-13));
#887=DIRECTION('',(0.99400994940176,1.358961516481E-15,-0.10928961748634));
#888=DIRECTION('',(1.3500128614149E-15,-1.,-7.3992804935578E-17));
#889=AXIS2_PLACEMENT_3D('',#886,#888,#887);
#890=CIRCLE('',#889,18.3);
#891=EDGE_CURVE('',#790,#821,#890,.T.);
#892=ORIENTED_EDGE('',*,*,#891,.T.);
#893=ORIENTED_EDGE('',*,*,#826,.F.);
#894=EDGE_LOOP('',(#819,#827,#834,#835,#836,#844,#853,#859,#860,#868,#877,#883,#884,#885,#892,#893));
#895=FACE_OUTER_BOUND('',#894,.T.);
#896=ADVANCED_FACE('',(#895),#810,.T.);
#897=CARTESIAN_POINT('',(-6.8618635408982,-1.,-15.720645054191));
#898=DIRECTION('',(-0.55671643553466,0.,-0.83070260045673));
#899=DIRECTION('',(-0.83070260045673,0.,0.55671643553466));
#900=AXIS2_PLACEMENT_3D('',#897,#899,#898);
#901=PLANE('',#900);
#902=ORIENTED_EDGE('',*,*,#390,.F.);
#903=ORIENTED_EDGE('',*,*,#882,.F.);
#904=CARTESIAN_POINT('',(-6.2135947990866,-2.,-14.753332980674));
#905=VERTEX_POINT('',#904);
#906=CARTESIAN_POINT('',(-7.5101322827099,-2.,-16.687957127707));
#907=DIRECTION('',(0.55671643553466,0.,0.83070260045673));
#908=VECTOR('',#907,2.3289010362665);
#909=LINE('',#906,#908);
#910=EDGE_CURVE('',#870,#905,#909,.T.);
#911=ORIENTED_EDGE('',*,*,#910,.T.);
#912=CARTESIAN_POINT('',(-6.2135947990866,-2.,-14.753332980674));
#913=DIRECTION('',(0.,1.,0.));
#914=VECTOR('',#913,2.);
#915=LINE('',#912,#914);
#916=EDGE_CURVE('',#905,#385,#915,.T.);
#917=ORIENTED_EDGE('',*,*,#916,.T.);
#918=EDGE_LOOP('',(#902,#903,#911,#917));
#919=FACE_OUTER_BOUND('',#918,.T.);
#920=ADVANCED_FACE('',(#919),#901,.T.);
#921=CARTESIAN_POINT('',(-7.8750000000001,8.723488449809E-15,-13.639900109605));
#922=DIRECTION('',(0.83070188125147,2.5469599986385E-15,-0.55671750869294));
#923=DIRECTION('',(-4.4408920985006E-16,-1.,-6.2172489379009E-15));
#924=AXIS2_PLACEMENT_3D('',#921,#923,#922);
#925=CYLINDRICAL_SURFACE('',#924,2.0000000000001);
#926=ORIENTED_EDGE('',*,*,#399,.F.);
#927=ORIENTED_EDGE('',*,*,#916,.F.);
#928=CARTESIAN_POINT('',(-9.6070508075688,-2.,-12.639900109605));
#929=VERTEX_POINT('',#928);
#930=CARTESIAN_POINT('',(-7.875,-2.,-13.639900109605));
#931=DIRECTION('',(0.8307026004568,-3.3306690738759E-16,-0.55671643553457));
#932=DIRECTION('',(-3.3981666248077E-16,-1.,1.1605025184543E-17));
#933=AXIS2_PLACEMENT_3D('',#930,#932,#931);
#934=CIRCLE('',#933,1.9999999999998);
#935=EDGE_CURVE('',#905,#929,#934,.T.);
#936=ORIENTED_EDGE('',*,*,#935,.T.);
#937=CARTESIAN_POINT('',(-9.6070508075688,-2.,-12.639900109605));
#938=DIRECTION('',(0.,1.,0.));
#939=VECTOR('',#938,2.);
#940=LINE('',#937,#939);
#941=EDGE_CURVE('',#929,#393,#940,.T.);
#942=ORIENTED_EDGE('',*,*,#941,.T.);
#943=EDGE_LOOP('',(#926,#927,#936,#942));
#944=FACE_OUTER_BOUND('',#943,.T.);
#945=ADVANCED_FACE('',(#944),#925,.F.);
#946=CARTESIAN_POINT('',(-10.217146326082,-1.,-13.69661654514));
#947=DIRECTION('',(0.50000000000003,0.,0.86602540378442));
#948=DIRECTION('',(0.86602540378442,0.,-0.50000000000003));
#949=AXIS2_PLACEMENT_3D('',#946,#948,#947);
#950=PLANE('',#949);
#951=ORIENTED_EDGE('',*,*,#407,.F.);
#952=ORIENTED_EDGE('',*,*,#941,.F.);
#953=CARTESIAN_POINT('',(-9.6070508075688,-2.,-12.639900109605));
#954=DIRECTION('',(-0.50000000000009,0.,-0.86602540378438));
#955=VECTOR('',#954,2.4403820740519);
#956=LINE('',#953,#955);
#957=EDGE_CURVE('',#929,#862,#956,.T.);
#958=ORIENTED_EDGE('',*,*,#957,.T.);
#959=ORIENTED_EDGE('',*,*,#867,.F.);
#960=EDGE_LOOP('',(#951,#952,#958,#959));
#961=FACE_OUTER_BOUND('',#960,.T.);
#962=ADVANCED_FACE('',(#961),#950,.T.);
#963=CARTESIAN_POINT('',(-10.217146326082,-1.,13.69661654514));
#964=DIRECTION('',(-0.50000000000002,0.,0.86602540378443));
#965=DIRECTION('',(0.86602540378443,0.,0.50000000000002));
#966=AXIS2_PLACEMENT_3D('',#963,#965,#964);
#967=PLANE('',#966);
#968=ORIENTED_EDGE('',*,*,#424,.F.);
#969=ORIENTED_EDGE('',*,*,#858,.F.);
#970=CARTESIAN_POINT('',(-9.6070508075688,-2.,12.639900109605));
#971=VERTEX_POINT('',#970);
#972=CARTESIAN_POINT('',(-10.827241890171,-2.,14.753332947226));
#973=DIRECTION('',(0.50000001994181,0.,-0.86602539227103));
#974=VECTOR('',#973,2.4403820678731);
#975=LINE('',#972,#974);
#976=EDGE_CURVE('',#846,#971,#975,.T.);
#977=ORIENTED_EDGE('',*,*,#976,.T.);
#978=CARTESIAN_POINT('',(-9.6070508075688,-2.,12.639900109605));
#979=DIRECTION('',(0.,1.,0.));
#980=VECTOR('',#979,2.);
#981=LINE('',#978,#980);
#982=EDGE_CURVE('',#971,#419,#981,.T.);
#983=ORIENTED_EDGE('',*,*,#982,.T.);
#984=EDGE_LOOP('',(#968,#969,#977,#983));
#985=FACE_OUTER_BOUND('',#984,.T.);
#986=ADVANCED_FACE('',(#985),#967,.T.);
#987=CARTESIAN_POINT('',(-7.8750000000001,2.1490976139071E-15,13.639900109605));
#988=DIRECTION('',(-0.86602604971814,-1.6260507498916E-16,-0.49999888120835));
#989=DIRECTION('',(0.,-1.,8.8817841970012E-16));
#990=AXIS2_PLACEMENT_3D('',#987,#989,#988);
#991=CYLINDRICAL_SURFACE('',#990,2.);
#992=ORIENTED_EDGE('',*,*,#433,.F.);
#993=ORIENTED_EDGE('',*,*,#982,.F.);
#994=CARTESIAN_POINT('',(-6.2135947990865,-2.,14.753332980674));
#995=VERTEX_POINT('',#994);
#996=CARTESIAN_POINT('',(-7.875,-2.,13.639900109605));
#997=DIRECTION('',(-0.86602540378443,-1.1102230246252E-16,-0.50000000000002));
#998=DIRECTION('',(-4.6540321595575E-16,-1.,4.1044175510678E-16));
#999=AXIS2_PLACEMENT_3D('',#996,#998,#997);
#1000=CIRCLE('',#999,1.9999999999999);
#1001=EDGE_CURVE('',#971,#995,#1000,.T.);
#1002=ORIENTED_EDGE('',*,*,#1001,.T.);
#1003=CARTESIAN_POINT('',(-6.2135947990865,-2.,14.753332980674));
#1004=DIRECTION('',(0.,1.,0.));
#1005=VECTOR('',#1004,2.);
#1006=LINE('',#1003,#1005);
#1007=EDGE_CURVE('',#995,#427,#1006,.T.);
#1008=ORIENTED_EDGE('',*,*,#1007,.T.);
#1009=EDGE_LOOP('',(#992,#993,#1002,#1008));
#1010=FACE_OUTER_BOUND('',#1009,.T.);
#1011=ADVANCED_FACE('',(#1010),#991,.F.);
#1012=CARTESIAN_POINT('',(-6.8618635408982,-1.,15.720645054191));
#1013=DIRECTION('',(0.55671643553467,0.,-0.83070260045673));
#1014=DIRECTION('',(-0.83070260045673,-0.,-0.55671643553467));
#1015=AXIS2_PLACEMENT_3D('',#1012,#1014,#1013);
#1016=PLANE('',#1015);
#1017=ORIENTED_EDGE('',*,*,#441,.F.);
#1018=ORIENTED_EDGE('',*,*,#1007,.F.);
#1019=CARTESIAN_POINT('',(-6.2135947990865,-2.,14.753332980674));
#1020=DIRECTION('',(-0.55671643553469,0.,0.83070260045671));
#1021=VECTOR('',#1020,2.3289010362666);
#1022=LINE('',#1019,#1021);
#1023=EDGE_CURVE('',#995,#838,#1022,.T.);
#1024=ORIENTED_EDGE('',*,*,#1023,.T.);
#1025=ORIENTED_EDGE('',*,*,#843,.F.);
#1026=EDGE_LOOP('',(#1017,#1018,#1024,#1025));
#1027=FACE_OUTER_BOUND('',#1026,.T.);
#1028=ADVANCED_FACE('',(#1027),#1016,.T.);
#1029=CARTESIAN_POINT('',(-13.423393758659,-8.,7.75));
#1030=DIRECTION('',(0.,0.,1.));
#1031=DIRECTION('',(-4.4408920985006E-16,1.,4.4408920985006E-16));
#1032=AXIS2_PLACEMENT_3D('',#1029,#1031,#1030);
#1033=CYLINDRICAL_SURFACE('',#1032,1.25);
#1034=CARTESIAN_POINT('',(-13.423393758659,-8.,9.));
#1035=VERTEX_POINT('',#1034);
#1036=CARTESIAN_POINT('',(-13.423393758659,-8.,9.));
#1037=DIRECTION('',(0.,1.,0.));
#1038=VECTOR('',#1037,8.);
#1039=LINE('',#1036,#1038);
#1040=EDGE_CURVE('',#1035,#715,#1039,.T.);
#1041=ORIENTED_EDGE('',*,*,#1040,.T.);
#1042=ORIENTED_EDGE('',*,*,#721,.F.);
#1043=ORIENTED_EDGE('',*,*,#1040,.F.);
#1044=CARTESIAN_POINT('',(-13.423393758659,-8.,7.75));
#1045=DIRECTION('',(2.5243548967072E-31,-5.0242958677881E-16,1.));
#1046=DIRECTION('',(5.0242958677881E-16,-1.,-5.0242958677881E-16));
#1047=AXIS2_PLACEMENT_3D('',#1044,#1046,#1045);
#1048=CIRCLE('',#1047,1.25);
#1049=EDGE_CURVE('',#1035,#1035,#1048,.T.);
#1050=ORIENTED_EDGE('',*,*,#1049,.T.);
#1051=EDGE_LOOP('',(#1041,#1042,#1043,#1050));
#1052=FACE_OUTER_BOUND('',#1051,.T.);
#1053=ADVANCED_FACE('',(#1052),#1033,.F.);
#1054=CARTESIAN_POINT('',(-13.423393758659,-8.,-7.75));
#1055=DIRECTION('',(0.,0.,1.));
#1056=DIRECTION('',(0.,1.,0.));
#1057=AXIS2_PLACEMENT_3D('',#1054,#1056,#1055);
#1058=CYLINDRICAL_SURFACE('',#1057,1.25);
#1059=CARTESIAN_POINT('',(-13.423393758659,-8.,-6.5));
#1060=VERTEX_POINT('',#1059);
#1061=CARTESIAN_POINT('',(-13.423393758659,-8.,-6.5));
#1062=DIRECTION('',(0.,1.,0.));
#1063=VECTOR('',#1062,8.);
#1064=LINE('',#1061,#1063);
#1065=EDGE_CURVE('',#1060,#704,#1064,.T.);
#1066=ORIENTED_EDGE('',*,*,#1065,.T.);
#1067=ORIENTED_EDGE('',*,*,#710,.F.);
#1068=ORIENTED_EDGE('',*,*,#1065,.F.);
#1069=CARTESIAN_POINT('',(-13.423393758659,-8.,-7.75));
#1070=DIRECTION('',(-5.0242958677881E-16,-0.,1.));
#1071=DIRECTION('',(0.,-1.,0.));
#1072=AXIS2_PLACEMENT_3D('',#1069,#1071,#1070);
#1073=CIRCLE('',#1072,1.25);
#1074=EDGE_CURVE('',#1060,#1060,#1073,.T.);
#1075=ORIENTED_EDGE('',*,*,#1074,.T.);
#1076=EDGE_LOOP('',(#1066,#1067,#1068,#1075));
#1077=FACE_OUTER_BOUND('',#1076,.T.);
#1078=ADVANCED_FACE('',(#1077),#1058,.F.);
#1079=CARTESIAN_POINT('',(-1.5543122344752E-15,-8.,-15.5));
#1080=DIRECTION('',(3.0198066269803E-15,2.8421709430404E-15,1.));
#1081=DIRECTION('',(-8.507242685797E-16,1.,-1.3322676295502E-15));
#1082=AXIS2_PLACEMENT_3D('',#1079,#1081,#1080);
#1083=CYLINDRICAL_SURFACE('',#1082,1.25);
#1084=CARTESIAN_POINT('',(2.2204460492503E-15,-8.,-14.25));
#1085=VERTEX_POINT('',#1084);
#1086=CARTESIAN_POINT('',(2.2204460492503E-15,-8.,-14.25));
#1087=DIRECTION('',(-8.507242685797E-16,1.,0.));
#1088=VECTOR('',#1087,8.);
#1089=LINE('',#1086,#1088);
#1090=EDGE_CURVE('',#1085,#693,#1089,.T.);
#1091=ORIENTED_EDGE('',*,*,#1090,.T.);
#1092=ORIENTED_EDGE('',*,*,#699,.F.);
#1093=ORIENTED_EDGE('',*,*,#1090,.F.);
#1094=CARTESIAN_POINT('',(9.6437208230328E-16,-8.,-15.5));
#1095=DIRECTION('',(1.0048591735576E-15,-0.,1.));
#1096=DIRECTION('',(-0.,-1.,0.));
#1097=AXIS2_PLACEMENT_3D('',#1094,#1096,#1095);
#1098=CIRCLE('',#1097,1.25);
#1099=EDGE_CURVE('',#1085,#1085,#1098,.T.);
#1100=ORIENTED_EDGE('',*,*,#1099,.T.);
#1101=EDGE_LOOP('',(#1091,#1092,#1093,#1100));
#1102=FACE_OUTER_BOUND('',#1101,.T.);
#1103=ADVANCED_FACE('',(#1102),#1083,.F.);
#1104=CARTESIAN_POINT('',(-40.074214621687,-0.6,10.603962469054));
#1105=CARTESIAN_POINT('',(-36.933874786995,-0.6,8.7538487701668));
#1106=CARTESIAN_POINT('',(-32.384346443414,-0.6,6.0735024738485));
#1107=CARTESIAN_POINT('',(-26.584110952925,-0.6,2.656334086915));
#1108=CARTESIAN_POINT('',(-22.779414724268,-0.6,0.41478336877419));
#1109=CARTESIAN_POINT('',(-19.427008514663,-0.6,-1.5601664996469));
#1110=CARTESIAN_POINT('',(-16.688395605037,-0.6,-3.173837319232));
#1111=CARTESIAN_POINT('',(-14.668027804457,-0.6,-4.3637782132841));
#1112=CARTESIAN_POINT('',(-13.323011786302,-0.6,-5.1566785265892));
#1113=CARTESIAN_POINT('',(-12.42367922018,-0.6,-5.6858300122587));
#1114=CARTESIAN_POINT('',(-11.827844067001,-0.6,-6.0378253457896));
#1115=CARTESIAN_POINT('',(-11.414712046445,-0.6,-6.2798372158388));
#1116=CARTESIAN_POINT('',(-11.092670347623,-0.6,-6.4720727816423));
#1117=CARTESIAN_POINT('',(-10.748418235652,-0.6,-6.6655177133944));
#1118=CARTESIAN_POINT('',(-10.350933313284,-0.6,-6.8564888468305));
#1119=CARTESIAN_POINT('',(-9.9207740759026,-0.6,-7.0328756436329));
#1120=CARTESIAN_POINT('',(-9.4523117635128,-0.6,-7.1899342579938));
#1121=CARTESIAN_POINT('',(-8.9953125666932,-0.6,-7.3112317303062));
#1122=CARTESIAN_POINT('',(-8.510318315401,-0.6,-7.4069643019077));
#1123=CARTESIAN_POINT('',(-8.041574499126,-0.6,-7.4684744874574));
#1124=CARTESIAN_POINT('',(-7.5482813246696,-0.6,-7.501092080453));
#1125=CARTESIAN_POINT('',(-7.0755236509301,-0.6,-7.5018425049705));
#1126=CARTESIAN_POINT('',(-6.5821283207117,-0.6,-7.4707890706437));
#1127=CARTESIAN_POINT('',(-6.1131955562432,-0.6,-7.4107708559884));
#1128=CARTESIAN_POINT('',(-5.62788355927,-0.6,-7.3165603907699));
#1129=CARTESIAN_POINT('',(-5.1705541131569,-0.6,-7.1967693855724));
#1130=CARTESIAN_POINT('',(-4.7013758843562,-0.6,-7.040964569553));
#1131=CARTESIAN_POINT('',(-4.2632359202981,-0.6,-6.863387887246));
#1132=CARTESIAN_POINT('',(-3.8179741954127,-0.6,-6.648573204979));
#1133=CARTESIAN_POINT('',(-3.4062915791149,-0.6,-6.4161564896047));
#1134=CARTESIAN_POINT('',(-2.9923323614611,-0.6,-6.1458952872461));
#1135=CARTESIAN_POINT('',(-2.6139360853446,-0.6,-5.8624938681148));
#1136=CARTESIAN_POINT('',(-2.2381461317492,-0.6,-5.5412692392994));
#1137=CARTESIAN_POINT('',(-1.8993130344158,-0.6,-5.2115841800405));
#1138=CARTESIAN_POINT('',(-1.5679259498034,-0.6,-4.8447245999285));
#1139=CARTESIAN_POINT('',(-1.2742765957322,-0.6,-4.47422471728));
#1140=CARTESIAN_POINT('',(-0.99278943008259,-0.6,-4.0678156539601));
#1141=CARTESIAN_POINT('',(-0.74919487572125,-0.6,-3.6626468004008));
#1142=CARTESIAN_POINT('',(-0.52227693882436,-0.6,-3.2234297717539));
#1143=CARTESIAN_POINT('',(-0.3327779320156,-0.6,-2.7903128796885));
#1144=CARTESIAN_POINT('',(-0.16419333673666,-0.6,-2.3255736603134));
#1145=CARTESIAN_POINT('',(-0.031933295835947,-0.6,-1.8716931426859));
#1146=CARTESIAN_POINT('',(0.075521510623332,-0.6,-1.3891413799336));
#1147=CARTESIAN_POINT('',(0.14834854519505,-0.6,-0.92202444650576));
#1148=CARTESIAN_POINT('',(0.19095642398437,-0.6,-0.45106202666006));
#1149=CARTESIAN_POINT('',(0.20387066251599,-0.6,-0.021665087356548));
#1150=CARTESIAN_POINT('',(0.19337343031249,-0.6,0.3860976667565));
#1151=CARTESIAN_POINT('',(0.16192168363987,-0.6,0.79258012254592));
#1152=CARTESIAN_POINT('',(0.10498697512189,-0.6,1.218180224249));
#1153=CARTESIAN_POINT('',(0.014275729285256,-0.6,1.6820807478376));
#1154=CARTESIAN_POINT('',(-0.10613827409587,-0.6,2.1392486571339));
#1155=CARTESIAN_POINT('',(-0.26258208338233,-0.6,2.6082135452301));
#1156=CARTESIAN_POINT('',(-0.440755488526,-0.6,3.0461113438792));
#1157=CARTESIAN_POINT('',(-0.65617655265782,-0.6,3.4910799634331));
#1158=CARTESIAN_POINT('',(-0.88915389099798,-0.6,3.9024455863424));
#1159=CARTESIAN_POINT('',(-1.1599787820056,-0.6,4.3160362374848));
#1160=CARTESIAN_POINT('',(-1.4438954301299,-0.6,4.6940460835669));
#1161=CARTESIAN_POINT('',(-1.7656317021837,-0.6,5.0693980815853));
#1162=CARTESIAN_POINT('',(-2.09577805025,-0.6,5.4077817322661));
#1163=CARTESIAN_POINT('',(-2.4630887409386,-0.6,5.7386687339352));
#1164=CARTESIAN_POINT('',(-2.8339883203249,-0.6,6.0318130809013));
#1165=CARTESIAN_POINT('',(-3.2407804787541,-0.6,6.3127463313742));
#1166=CARTESIAN_POINT('',(-3.6462808060854,-0.6,6.5557886953335));
#1167=CARTESIAN_POINT('',(-4.0858065626469,-0.6,6.7821080729776));
#1168=CARTESIAN_POINT('',(-4.5191811972726,-0.6,6.9710168663769));
#1169=CARTESIAN_POINT('',(-4.9841496971565,-0.6,7.1389681849229));
#1170=CARTESIAN_POINT('',(-5.4382098198846,-0.6,7.2706097872301));
#1171=CARTESIAN_POINT('',(-5.920908161645,-0.6,7.3774070733667));
#1172=CARTESIAN_POINT('',(-6.3881218297843,-0.6,7.4495978015057));
#1173=CARTESIAN_POINT('',(-6.8805429780583,-0.6,7.4934695509167));
#1174=CARTESIAN_POINT('',(-7.3531601576292,-0.6,7.5050117471297));
#1175=CARTESIAN_POINT('',(-7.847135376257,-0.6,7.4852308773343));
#1176=CARTESIAN_POINT('',(-8.3173177372177,-0.6,7.4359309651062));
#1177=CARTESIAN_POINT('',(-8.8046468961288,-0.6,7.3528344789277));
#1178=CARTESIAN_POINT('',(-9.2646144259636,-0.6,7.2434818987312));
#1179=CARTESIAN_POINT('',(-9.7371323673984,-0.6,7.0985672121972));
#1180=CARTESIAN_POINT('',(-10.191605748753,-0.6,6.9260050193156));
#1181=CARTESIAN_POINT('',(-10.652347843435,-0.6,6.7164937488234));
#1182=CARTESIAN_POINT('',(-11.117510997315,-0.6,6.4596354173728));
#1183=CARTESIAN_POINT('',(-11.608932486123,-0.6,6.164145452586));
#1184=CARTESIAN_POINT('',(-12.284356455378,-0.6,5.7697387112898));
#1185=CARTESIAN_POINT('',(-13.256681381714,-0.6,5.1944492262074));
#1186=CARTESIAN_POINT('',(-14.519969315232,-0.6,4.4517243184449));
#1187=CARTESIAN_POINT('',(-16.010750161715,-0.6,3.572823354413));
#1188=CARTESIAN_POINT('',(-17.657071513504,-0.6,2.6030467321361));
#1189=CARTESIAN_POINT('',(-19.682331088839,-0.6,1.4097991345298));
#1190=CARTESIAN_POINT('',(-22.10507677789,-0.6,-0.017511036937434));
#1191=CARTESIAN_POINT('',(-24.951838347681,-0.6,-1.6946829045821));
#1192=CARTESIAN_POINT('',(-28.015727135678,-0.6,-3.4997557068464));
#1193=CARTESIAN_POINT('',(-32.459593282191,-0.6,-6.1178421936775));
#1194=CARTESIAN_POINT('',(-35.86246263187,-0.6,-8.1226266523476));
#1195=CARTESIAN_POINT('',(-38.17987150006,-0.6,-9.4879184357506));
#1196=CARTESIAN_POINT('',(-39.769652977851,6.8095978329484E-16,11.120917210888));
#1197=CARTESIAN_POINT('',(-36.629330051247,5.6767358320817E-16,9.2708131618587));
#1198=CARTESIAN_POINT('',(-32.079752171401,4.0354797645502E-16,6.5904385939845));
#1199=CARTESIAN_POINT('',(-26.279582663418,1.9430906597165E-16,3.1733078648789));
#1200=CARTESIAN_POINT('',(-22.47475424787,5.7049050858941E-17,0.93168170444998));
#1201=CARTESIAN_POINT('',(-19.122807111635,-6.3865707741411E-17,-1.0430061595862));
#1202=CARTESIAN_POINT('',(-16.383200120105,-1.6270928791899E-16,-2.657244325993));
#1203=CARTESIAN_POINT('',(-14.364352444151,-2.3551902979369E-16,-3.8463176477931));
#1204=CARTESIAN_POINT('',(-13.017208619906,-2.8414453132712E-16,-4.6404323520046));
#1205=CARTESIAN_POINT('',(-12.120856938195,-3.1644154263914E-16,-5.1678825741342));
#1206=CARTESIAN_POINT('',(-11.520845572755,-3.3814098578645E-16,-5.522261374004));
#1207=CARTESIAN_POINT('',(-11.113719957994,-3.5275003427315E-16,-5.7608452415627));
#1208=CARTESIAN_POINT('',(-10.780794752573,-3.649014114315E-16,-5.9592922904067));
#1209=CARTESIAN_POINT('',(-10.477233529315,-3.7532448123216E-16,-6.1295139381162));
#1210=CARTESIAN_POINT('',(-10.105697877307,-3.8629362204523E-16,-6.3086536022334));
#1211=CARTESIAN_POINT('',(-9.7115256980513,-3.961733590498E-16,-6.4700019520017));
#1212=CARTESIAN_POINT('',(-9.2800380188694,-4.0503918242393E-16,-6.6147918355878));
#1213=CARTESIAN_POINT('',(-8.8597184101573,-4.1186800780856E-16,-6.7263150174453));
#1214=CARTESIAN_POINT('',(-8.4134862258307,-4.1726233466304E-16,-6.8144110604552));
#1215=CARTESIAN_POINT('',(-7.9822508403748,-4.2072711226211E-16,-6.8709951727312));
#1216=CARTESIAN_POINT('',(-7.5284183245508,-4.2256468452225E-16,-6.9010050051403));
#1217=CARTESIAN_POINT('',(-7.0934819305131,-4.2260693473281E-16,-6.9016950034417));
#1218=CARTESIAN_POINT('',(-6.6395580181938,-4.2085758576332E-16,-6.8731259667087));
#1219=CARTESIAN_POINT('',(-6.2081399245486,-4.174765327061E-16,-6.8179091799654));
#1220=CARTESIAN_POINT('',(-5.7616528717788,-4.1216930421213E-16,-6.7312355611282));
#1221=CARTESIAN_POINT('',(-5.3409097850595,-4.0542102720871E-16,-6.6210278341638));
#1222=CARTESIAN_POINT('',(-4.9092658134026,-3.96643957266E-16,-6.4776874041096));
#1223=CARTESIAN_POINT('',(-4.5061770467455,-3.8664039633887E-16,-6.3143168562244));
#1224=CARTESIAN_POINT('',(-4.0965362597643,-3.7453907914178E-16,-6.1166873485897));
#1225=CARTESIAN_POINT('',(-3.7177882527911,-3.6144617335966E-16,-5.9028639704332));
#1226=CARTESIAN_POINT('',(-3.3369457725431,-3.4622134560539E-16,-5.654223664267));
#1227=CARTESIAN_POINT('',(-2.9888211985175,-3.3025628012794E-16,-5.3934943586654));
#1228=CARTESIAN_POINT('',(-2.6430944412092,-3.121604913076E-16,-5.0979677001555));
#1229=CARTESIAN_POINT('',(-2.3313679916626,-2.9358809469039E-16,-4.7946574456373));
#1230=CARTESIAN_POINT('',(-2.0264918738192,-2.7292151780643E-16,-4.4571466319342));
#1231=CARTESIAN_POINT('',(-1.7563344680736,-2.5204986901942E-16,-4.1162867398976));
#1232=CARTESIAN_POINT('',(-1.497366275676,-2.2915532132661E-16,-3.7423904016433));
#1233=CARTESIAN_POINT('',(-1.2732592856636,-2.0633063930383E-16,-3.3696350563687));
#1234=CARTESIAN_POINT('',(-1.0644947837184,-1.8158789580372E-16,-2.9655553900136));
#1235=CARTESIAN_POINT('',(-0.89015569745435,-1.5718879588959E-16,-2.5670878493134));
#1236=CARTESIAN_POINT('',(-0.73505786979772,-1.3100829160707E-16,-2.1395277674883));
#1237=CARTESIAN_POINT('',(-0.61337863216908,-1.0543949874411E-16,-1.721957691271));
#1238=CARTESIAN_POINT('',(-0.51452021022653,-7.8255547046946E-17,-1.2780100695389));
#1239=CARTESIAN_POINT('',(-0.44751933842056,-5.1941097208849E-17,-0.84826249078529));
#1240=CARTESIAN_POINT('',(-0.40832008993438,-2.5410016689643E-17,-0.41497706452725));
#1241=CARTESIAN_POINT('',(-0.3964389904853,-1.2204756746847E-18,-0.019931880368029));
#1242=CARTESIAN_POINT('',(-0.40609644411251,2.1750330500575E-17,0.35520985341599));
#1243=CARTESIAN_POINT('',(-0.43503205105132,4.4649012666609E-17,0.72917371274224));
#1244=CARTESIAN_POINT('',(-0.48741198288787,6.8624663570911E-17,1.1207258063091));
#1245=CARTESIAN_POINT('',(-0.57086632905756,9.4757920972349E-17,1.5475142880106));
#1246=CARTESIAN_POINT('',(-0.68164721216821,1.2051190494481E-16,1.9681087645632));
#1247=CARTESIAN_POINT('',(-0.82557551671174,1.469304570043E-16,2.3995564616117));
#1248=CARTESIAN_POINT('',(-0.98949504944393,1.7159888332789E-16,2.8024224363688));
#1249=CARTESIAN_POINT('',(-1.1876824284452,1.9666563552815E-16,3.2117935663585));
#1250=CARTESIAN_POINT('',(-1.4020215797181,2.198394048234E-16,3.590249939435));
#1251=CARTESIAN_POINT('',(-1.6511804794452,2.4313851830903E-16,3.970753338486));
#1252=CARTESIAN_POINT('',(-1.9123837957195,2.6443323151936E-16,4.3185223968816));
#1253=CARTESIAN_POINT('',(-2.2083811660091,2.8557821817399E-16,4.6638462350585));
#1254=CARTESIAN_POINT('',(-2.5121158062299,3.0464063908973E-16,4.9751591936848));
#1255=CARTESIAN_POINT('',(-2.8500416416637,3.2328074563351E-16,5.2795752352203));
#1256=CARTESIAN_POINT('',(-3.1912692546983,3.3979466679874E-16,5.5492680344295));
#1257=CARTESIAN_POINT('',(-3.5655180404564,3.5562069107305E-16,5.8077266248627));
#1258=CARTESIAN_POINT('',(-3.9385783415912,3.6931217951509E-16,6.0313255997112));
#1259=CARTESIAN_POINT('',(-4.3429420376696,3.8206159937875E-16,6.239539427119));
#1260=CARTESIAN_POINT('',(-4.7416467013914,3.9270354064527E-16,6.4133355171252));
#1261=CARTESIAN_POINT('',(-5.1694177218465,4.0216486867982E-16,6.5678507298565));
#1262=CARTESIAN_POINT('',(-5.5871530329625,4.0958073422195E-16,6.6889610050361));
#1263=CARTESIAN_POINT('',(-6.0312355149137,4.1559702586298E-16,6.7872145038445));
#1264=CARTESIAN_POINT('',(-6.4610720655531,4.1966380136114E-16,6.8536299879006));
#1265=CARTESIAN_POINT('',(-6.9140996229322,4.2213525800328E-16,6.8939919378745));
#1266=CARTESIAN_POINT('',(-7.348907105748,4.2278548486118E-16,6.9046109483248));
#1267=CARTESIAN_POINT('',(-7.8033656604141,4.216711054045E-16,6.8864117506874));
#1268=CARTESIAN_POINT('',(-8.2359291106583,4.1889401224728E-16,6.8410583776308));
#1269=CARTESIAN_POINT('',(-8.6842900817878,4.1421222076544E-16,6.764598920339));
#1270=CARTESIAN_POINT('',(-9.1074022721638,4.080540696153E-16,6.6640286799329));
#1271=CARTESIAN_POINT('',(-9.5423620228884,3.9988170650013E-16,6.5305638618178));
#1272=CARTESIAN_POINT('',(-9.9596796217869,3.9018941507848E-16,6.37227673073));
#1273=CARTESIAN_POINT('',(-10.38708205564,3.7825988636348E-16,6.1774527419145));
#1274=CARTESIAN_POINT('',(-10.801488763104,3.6427866741839E-16,5.9491221088727));
#1275=CARTESIAN_POINT('',(-11.310540497842,3.4557836850033E-16,5.6437230512656));
#1276=CARTESIAN_POINT('',(-11.975582120746,3.2178523636784E-16,5.2551517154477));
#1277=CARTESIAN_POINT('',(-12.955136364652,2.863101131477E-16,4.6757989870555));
#1278=CARTESIAN_POINT('',(-14.213890020257,2.4098737936823E-16,3.9356225735619));
#1279=CARTESIAN_POINT('',(-15.70648344169,1.8710783574641E-16,3.055702850433));
#1280=CARTESIAN_POINT('',(-17.352372354823,1.2774102659974E-16,2.0861692806233));
#1281=CARTESIAN_POINT('',(-19.377852498317,5.4668093046202E-17,0.89279771252027));
#1282=CARTESIAN_POINT('',(-21.800480253928,-3.2725389837944E-17,-0.53444617437008));
#1283=CARTESIAN_POINT('',(-24.647285039983,-1.3542403512172E-16,-2.2116423317483));
#1284=CARTESIAN_POINT('',(-27.711162054786,-2.4595246141527E-16,-4.0167085168803));
#1285=CARTESIAN_POINT('',(-32.155034171694,-4.0626422868986E-16,-6.6347983593754));
#1286=CARTESIAN_POINT('',(-35.55789980529,-5.290217443129E-16,-8.6395807294188));
#1287=CARTESIAN_POINT('',(-37.875309856224,-6.1262179564018E-16,-10.004873177584));
#1288=B_SPLINE_SURFACE_WITH_KNOTS('',1,3,((#1104,#1105,#1106,#1107,#1108,#1109,#1110,#1111,#1112,#1113,#1114,#1115,#1116,#1117,#1118,#1119,#1120,#1121,#1122,#1123,#1124,#1125,#1126,#1127,#1128,#1129,#1130,#1131,#1132,#1133,#1134,#1135,#1136,#1137,#1138,#1139,#1140,#1141,#1142,#1143,#1144,#1145,#1146,#1147,#1148,#1149,#1150,#1151,#1152,#1153,#1154,#1155,#1156,#1157,#1158,#1159,#1160,#1161,#1162,#1163,#1164,#1165,#1166,#1167,#1168,#1169,#1170,#1171,#1172,#1173,#1174,#1175,#1176,#1177,#1178,#1179,#1180,#1181,#1182,#1183,#1184,#1185,#1186,#1187,#1188,#1189,#1190,#1191,#1192,#1193,#1194,#1195),(#1196,#1197,#1198,#1199,#1200,#1201,#1202,#1203,#1204,#1205,#1206,#1207,#1208,#1209,#1210,#1211,#1212,#1213,#1214,#1215,#1216,#1217,#1218,#1219,#1220,#1221,#1222,#1223,#1224,#1225,#1226,#1227,#1228,#1229,#1230,#1231,#1232,#1233,#1234,#1235,#1236,#1237,#1238,#1239,#1240,#1241,#1242,#1243,#1244,#1245,#1246,#1247,#1248,#1249,#1250,#1251,#1252,#1253,#1254,#1255,#1256,#1257,#1258,#1259,#1260,#1261,#1262,#1263,#1264,#1265,#1266,#1267,#1268,#1269,#1270,#1271,#1272,#1273,#1274,#1275,#1276,#1277,#1278,#1279,#1280,#1281,#1282,#1283,#1284,#1285,#1286,#1287)),.UNSPECIFIED.,.F.,.F.,.U.,(2,2),(4,1,1,1,1,1,1,1,1,1,1,1,1,1,1,1,1,1,1,1,1,1,1,1,1,1,1,1,1,1,1,1,1,1,1,1,1,1,1,1,1,1,1,1,1,1,1,1,1,1,1,1,1,1,1,1,1,1,1,1,1,1,1,1,1,1,1,1,1,1,1,1,1,1,1,1,1,1,1,1,1,1,1,1,1,1,1,1,1,4),(0.,0.84874889307321),(0.,11.083613745987,16.05740549403,20.471458733317,24.512352966765,27.888553495775,30.139353848447,31.639887416896,32.640243129195,33.307146937394,33.751749476194,34.085574383044,34.466958240677,34.880089716008,35.381357373207,35.82001343008,36.32128108728,36.759937144152,37.261204801351,37.699860858225,38.201128515424,38.639784572297,39.141052229496,39.57970828637,40.080975943568,40.519632000442,41.020899657641,41.459555714514,41.960823371713,42.399479428586,42.900747085786,43.339403142658,43.840670799858,44.279326856731,44.78059451393,45.219250570803,45.720518228003,46.159174284875,46.660441942074,47.099097998948,47.600365656147,48.03902171302,48.540289370219,48.978945427093,49.417601483965,49.793064128794,50.168526773623,50.606601018778,51.045257075651,51.546524732851,51.985180789723,52.486448446922,52.925104503796,53.426372160995,53.865028217868,54.366295875067,54.804951931941,55.306219589139,55.744875646013,56.246143303212,56.684799360085,57.186067017284,57.624723074157,58.125990731357,58.564646788229,59.065914445429,59.504570502302,60.005838159501,60.444494216374,60.945761873574,61.384417930446,61.885685587645,62.324341644519,62.825609301718,63.264265358591,63.76553301579,64.24186750236,64.745689631424,65.290805699995,66.016775724709,67.105730761782,68.739163317391,70.465071320226,72.371516605522,74.548767814512,77.613615348949,80.922188214709,84.596349077455,88.427408495501,96.606573213044),.UNSPECIFIED.);
#1289=CARTESIAN_POINT('',(-11.107020547945,-0.6,6.4619342729188));
#1290=VERTEX_POINT('',#1289);
#1291=CARTESIAN_POINT('',(-11.107020547945,-0.6,-6.4619342729188));
#1292=VERTEX_POINT('',#1291);
#1293=CARTESIAN_POINT('',(-7.3,-0.6,1.0658141036402E-14));
#1294=DIRECTION('',(-0.50760273972601,2.9605947323338E-17,0.86159123638919));
#1295=DIRECTION('',(-5.0583592567847E-17,1.,-6.9204458962249E-17));
#1296=AXIS2_PLACEMENT_3D('',#1293,#1295,#1294);
#1297=CIRCLE('',#1296,7.4999999999999);
#1298=EDGE_CURVE('',#1290,#1292,#1297,.T.);
#1299=ORIENTED_EDGE('',*,*,#1298,.T.);
#1300=CARTESIAN_POINT('',(-11.107020547945,-0.6,-6.4619342729188));
#1301=CARTESIAN_POINT('',(-11.527534983664,-0.44961491991961,-6.044004717419));
#1302=CARTESIAN_POINT('',(-12.361400610818,-0.14995354873579,-5.2005856192711));
#1303=CARTESIAN_POINT('',(-12.7795570287,-1.4071066038934E-06,-4.7801365467827));
#1304=B_SPLINE_CURVE_WITH_KNOTS('',3,(#1300,#1301,#1302,#1303),.UNSPECIFIED.,.F.,.U.,(4,4),(0.,0.99999687209848),.UNSPECIFIED.);
#1305=EDGE_CURVE('',#1292,#491,#1304,.T.);
#1306=ORIENTED_EDGE('',*,*,#1305,.T.);
#1307=ORIENTED_EDGE('',*,*,#569,.F.);
#1308=CARTESIAN_POINT('',(-12.77984413252,-8.4407086994683E-06,4.780112381716));
#1309=CARTESIAN_POINT('',(-12.362192574605,-0.15150594604656,5.2006101198905));
#1310=CARTESIAN_POINT('',(-11.528755411775,-0.44925513581973,6.0452922692344));
#1311=CARTESIAN_POINT('',(-11.107020547945,-0.6,6.4619342729186));
#1312=B_SPLINE_CURVE_WITH_KNOTS('',3,(#1308,#1309,#1310,#1311),.UNSPECIFIED.,.F.,.U.,(4,4),(0.,0.99998142828984),.UNSPECIFIED.);
#1313=EDGE_CURVE('',#489,#1290,#1312,.T.);
#1314=ORIENTED_EDGE('',*,*,#1313,.T.);
#1315=EDGE_LOOP('',(#1299,#1306,#1307,#1314));
#1316=FACE_OUTER_BOUND('',#1315,.T.);
#1317=ADVANCED_FACE('',(#1316),#1288,.T.);
#1318=CARTESIAN_POINT('',(-35.326774078112,-0.6,-35.167907313852));
#1319=CARTESIAN_POINT('',(-33.919023870405,-0.6,-32.748213341237));
#1320=CARTESIAN_POINT('',(-31.637042800609,-0.6,-28.82585270575));
#1321=CARTESIAN_POINT('',(-28.230646422349,-0.6,-22.970817087966));
#1322=CARTESIAN_POINT('',(-24.981312418483,-0.6,-17.385689206181));
#1323=CARTESIAN_POINT('',(-21.446152198958,-0.6,-11.309614753665));
#1324=CARTESIAN_POINT('',(-18.215226265572,-0.6,-5.7553473625375));
#1325=CARTESIAN_POINT('',(-15.687974623378,-0.6,-1.4128390035863));
#1326=CARTESIAN_POINT('',(-13.956458814694,-0.6,1.5654057026671));
#1327=CARTESIAN_POINT('',(-12.80178908732,-0.6,3.5472266131873));
#1328=CARTESIAN_POINT('',(-12.032465745922,-0.6,4.8735894959343));
#1329=CARTESIAN_POINT('',(-11.502869014109,-0.6,5.7780717610954));
#1330=CARTESIAN_POINT('',(-11.101204040256,-0.6,6.4785678168263));
#1331=CARTESIAN_POINT('',(-10.747222188756,-0.6,7.0559078191546));
#1332=CARTESIAN_POINT('',(-10.364696199417,-0.6,7.6051355657675));
#1333=CARTESIAN_POINT('',(-9.9744426644866,-0.6,8.109740733128));
#1334=CARTESIAN_POINT('',(-9.5534045249561,-0.6,8.6016628056395));
#1335=CARTESIAN_POINT('',(-9.1281907696985,-0.6,9.0516592160799));
#1336=CARTESIAN_POINT('',(-8.6609139055215,-0.6,9.4997316083599));
#1337=CARTESIAN_POINT('',(-8.1934686217173,-0.6,9.9057264291431));
#1338=CARTESIAN_POINT('',(-7.6843882358367,-0.6,10.30565466425));
#1339=CARTESIAN_POINT('',(-7.1792692984905,-0.6,10.663696993227));
#1340=CARTESIAN_POINT('',(-6.6333165843117,-0.6,11.011605341064));
#1341=CARTESIAN_POINT('',(-6.0954257867021,-0.6,11.318220955027));
#1342=CARTESIAN_POINT('',(-5.5178963768738,-0.6,11.610734717606));
#1343=CARTESIAN_POINT('',(-4.9524518181728,-0.6,11.862949131467));
#1344=CARTESIAN_POINT('',(-4.3489481678682,-0.6,12.097230713725));
#1345=CARTESIAN_POINT('',(-3.7614351208016,-0.6,12.292597241413));
#1346=CARTESIAN_POINT('',(-3.137811693588,-0.6,12.46637392682));
#1347=CARTESIAN_POINT('',(-2.5339295038702,-0.6,12.602997356863));
#1348=CARTESIAN_POINT('',(-1.8962359439944,-0.6,12.714583373135));
#1349=CARTESIAN_POINT('',(-1.2818427504079,-0.6,12.791138349299));
#1350=CARTESIAN_POINT('',(-0.63626519383085,-0.6,12.839451223117));
#1351=CARTESIAN_POINT('',(-0.017321100226507,-0.6,12.855195101094));
#1352=CARTESIAN_POINT('',(0.62987783602121,-0.6,12.839766159062));
#1353=CARTESIAN_POINT('',(1.2473685784375,-0.6,12.79454621068));
#1354=CARTESIAN_POINT('',(1.8899105486485,-0.6,12.715525125837));
#1355=CARTESIAN_POINT('',(2.4999577873365,-0.6,12.609780020652));
#1356=CARTESIAN_POINT('',(3.1316096220871,-0.6,12.467933360527));
#1357=CARTESIAN_POINT('',(3.7282954124274,-0.6,12.302688910371));
#1358=CARTESIAN_POINT('',(4.3429295852908,-0.6,12.099392700665));
#1359=CARTESIAN_POINT('',(4.9204655993667,-0.6,11.876251908458));
#1360=CARTESIAN_POINT('',(5.5121196688048,-0.6,11.613478284496));
#1361=CARTESIAN_POINT('',(6.0649033467976,-0.6,11.334605793838));
#1362=CARTESIAN_POINT('',(6.6278377965982,-0.6,11.014903869289));
#1363=CARTESIAN_POINT('',(7.1505066960849,-0.6,10.683004965689));
#1364=CARTESIAN_POINT('',(7.679260613245,-0.6,10.309476104127));
#1365=CARTESIAN_POINT('',(8.1667444291653,-0.6,9.9277704715807));
#1366=CARTESIAN_POINT('',(8.6561884791015,-0.6,9.5040382007841));
#1367=CARTESIAN_POINT('',(9.1037582297595,-0.6,9.0762286882701));
#1368=CARTESIAN_POINT('',(9.5491444149429,-0.6,8.6064035491172));
#1369=CARTESIAN_POINT('',(9.9524583169001,-0.6,8.1366402500082));
#1370=CARTESIAN_POINT('',(10.349466036218,-0.6,7.6252799209516));
#1371=CARTESIAN_POINT('',(10.704611623055,-0.6,7.1181199137983));
#1372=CARTESIAN_POINT('',(11.049389585088,-0.6,6.5701849977616));
#1373=CARTESIAN_POINT('',(11.352921661444,-0.6,6.0305481389613));
#1374=CARTESIAN_POINT('',(11.642125245071,-0.6,5.4513540416863));
#1375=CARTESIAN_POINT('',(11.891099307766,-0.6,4.8844752384726));
#1376=CARTESIAN_POINT('',(12.121923007748,-0.6,4.2796406068618));
#1377=CARTESIAN_POINT('',(12.313923809501,-0.6,3.6910190280918));
#1378=CARTESIAN_POINT('',(12.484128453423,-0.6,3.0664112718886));
#1379=CARTESIAN_POINT('',(12.61729342854,-0.6,2.4617569154024));
#1380=CARTESIAN_POINT('',(12.725227915931,-0.6,1.823435651048));
#1381=CARTESIAN_POINT('',(12.798265193213,-0.6,1.2086127950158));
#1382=CARTESIAN_POINT('',(12.8409437364,-0.6,0.59084298075465));
#1383=CARTESIAN_POINT('',(12.853878234998,-0.6,0.028277852231013));
#1384=CARTESIAN_POINT('',(12.843356786258,-0.6,-0.50603304321085));
#1385=CARTESIAN_POINT('',(12.811815834475,-0.6,-1.0393624315287));
#1386=CARTESIAN_POINT('',(12.754685125421,-0.6,-1.5990148685743));
#1387=CARTESIAN_POINT('',(12.663577979538,-0.6,-2.2113637362824));
#1388=CARTESIAN_POINT('',(12.542415384077,-0.6,-2.8185385276289));
#1389=CARTESIAN_POINT('',(12.384615675643,-0.6,-3.4463945124641));
#1390=CARTESIAN_POINT('',(12.204311289368,-0.6,-4.0387036637536));
#1391=CARTESIAN_POINT('',(11.985512756467,-0.6,-4.6479915034489));
#1392=CARTESIAN_POINT('',(11.747815633515,-0.6,-5.219690505267));
#1393=CARTESIAN_POINT('',(11.470140809578,-0.6,-5.8044991955221));
#1394=CARTESIAN_POINT('',(11.177356798416,-0.6,-6.3500422132953));
#1395=CARTESIAN_POINT('',(10.843499351616,-0.6,-6.9046986117216));
#1396=CARTESIAN_POINT('',(10.498468690362,-0.6,-7.4187934507812));
#1397=CARTESIAN_POINT('',(10.111667304199,-0.6,-7.9379169457012));
#1398=CARTESIAN_POINT('',(9.7177370653495,-0.6,-8.4155764767745));
#1399=CARTESIAN_POINT('',(9.2817440216786,-0.6,-8.8941311562019));
#1400=CARTESIAN_POINT('',(8.8427356426388,-0.6,-9.3307217010315));
#1401=CARTESIAN_POINT('',(8.3617804216114,-0.6,-9.7640652030006));
#1402=CARTESIAN_POINT('',(7.8819526336886,-0.6,-10.155351485201));
#1403=CARTESIAN_POINT('',(7.3607008844249,-0.6,-10.539280032228));
#1404=CARTESIAN_POINT('',(6.844708399739,-0.6,-10.881466262882));
#1405=CARTESIAN_POINT('',(6.2882166798121,-0.6,-11.212255441945));
#1406=CARTESIAN_POINT('',(5.7410650368767,-0.6,-11.502022141782));
#1407=CARTESIAN_POINT('',(5.154731759673,-0.6,-11.776463034099));
#1408=CARTESIAN_POINT('',(4.5817287656804,-0.6,-12.010999235094));
#1409=CARTESIAN_POINT('',(3.971241831485,-0.6,-12.226429545192));
#1410=CARTESIAN_POINT('',(3.3779460723448,-0.6,-12.403460059194));
#1411=CARTESIAN_POINT('',(2.7492276911739,-0.6,-12.557789941298));
#1412=CARTESIAN_POINT('',(2.1413946087974,-0.6,-12.675597431171));
#1413=CARTESIAN_POINT('',(1.5005438502393,-0.6,-12.767329762374));
#1414=CARTESIAN_POINT('',(0.88406991016408,-0.6,-12.824771401535));
#1415=CARTESIAN_POINT('',(0.23730353754106,-0.6,-12.853016305084));
#1416=CARTESIAN_POINT('',(-0.38183097148604,-0.6,-12.849534863835));
#1417=CARTESIAN_POINT('',(-1.0282388086786,-0.6,-12.814018341645));
#1418=CARTESIAN_POINT('',(-1.6440277882707,-0.6,-12.749647592741));
#1419=CARTESIAN_POINT('',(-2.2838064186164,-0.6,-12.650714183396));
#1420=CARTESIAN_POINT('',(-2.8902762246911,-0.6,-12.526078574425));
#1421=CARTESIAN_POINT('',(-3.5172192853595,-0.6,-12.364688010883));
#1422=CARTESIAN_POINT('',(-4.1084866772678,-0.6,-12.180996606609));
#1423=CARTESIAN_POINT('',(-4.7165123206045,-0.6,-11.958714506085));
#1424=CARTESIAN_POINT('',(-5.2868415335035,-0.6,-11.717749259372));
#1425=CARTESIAN_POINT('',(-5.8700514247626,-0.6,-11.436731936393));
#1426=CARTESIAN_POINT('',(-6.4139098144255,-0.6,-11.140830399317));
#1427=CARTESIAN_POINT('',(-6.9666463363899,-0.6,-10.803803958339));
#1428=CARTESIAN_POINT('',(-7.4787580947413,-0.6,-10.455836572269));
#1429=CARTESIAN_POINT('',(-7.9956590443892,-0.6,-10.066070604202));
#1430=CARTESIAN_POINT('',(-8.4710569752568,-0.6,-9.6694124011247));
#1431=CARTESIAN_POINT('',(-8.9471050781978,-0.6,-9.2306901680836));
#1432=CARTESIAN_POINT('',(-9.3811867754522,-0.6,-8.7891819560541));
#1433=CARTESIAN_POINT('',(-9.8117248010393,-0.6,-8.3057891929402));
#1434=CARTESIAN_POINT('',(-10.197600450581,-0.6,-7.8270973121641));
#1435=CARTESIAN_POINT('',(-10.553832569293,-0.6,-7.3377948064472));
#1436=CARTESIAN_POINT('',(-10.848039376108,-0.6,-6.8948658628894));
#1437=CARTESIAN_POINT('',(-11.105656643223,-0.6,-6.4673501939298));
#1438=CARTESIAN_POINT('',(-11.379872027873,-0.6,-5.9913144373229));
#1439=CARTESIAN_POINT('',(-11.743880747746,-0.6,-5.3683803373975));
#1440=CARTESIAN_POINT('',(-12.273877257454,-0.6,-4.4555067638355));
#1441=CARTESIAN_POINT('',(-13.068487417819,-0.6,-3.0910546166278));
#1442=CARTESIAN_POINT('',(-14.126928840866,-0.6,-1.2708925149636));
#1443=CARTESIAN_POINT('',(-15.380086814562,-0.6,0.88270716441487));
#1444=CARTESIAN_POINT('',(-16.593093357155,-0.6,2.967751319633));
#1445=CARTESIAN_POINT('',(-17.818402756572,-0.6,5.0738437408753));
#1446=CARTESIAN_POINT('',(-19.268523990193,-0.6,7.5663744259687));
#1447=CARTESIAN_POINT('',(-21.412702365733,-0.6,11.251864385723));
#1448=CARTESIAN_POINT('',(-24.228204167178,-0.6,16.091260605887));
#1449=CARTESIAN_POINT('',(-28.914006252963,-0.6,24.145395186643));
#1450=CARTESIAN_POINT('',(-32.569490663771,-0.6,30.428583279307));
#1451=CARTESIAN_POINT('',(-35.110400819895,-0.6,34.795996656215));
#1452=CARTESIAN_POINT('',(-35.845389823542,-2.1349379555532E-15,-34.866182756362));
#1453=CARTESIAN_POINT('',(-34.437638800705,-1.9867743489671E-15,-32.44648743377));
#1454=CARTESIAN_POINT('',(-32.155660726534,-1.7465993328857E-15,-28.524131759488));
#1455=CARTESIAN_POINT('',(-28.74925751995,-1.3880811090152E-15,-22.669084832976));
#1456=CARTESIAN_POINT('',(-25.499959217186,-1.0460942802988E-15,-17.084016077568));
#1457=CARTESIAN_POINT('',(-21.964579596075,-6.7401977431472E-16,-11.00757826312));
#1458=CARTESIAN_POINT('',(-18.734270341698,-3.3398152258762E-16,-5.454332184923));
#1459=CARTESIAN_POINT('',(-16.205954533031,-6.7971657427694E-17,-1.1100614066851));
#1460=CARTESIAN_POINT('',(-14.47596482217,1.14238473415E-16,1.8656558526841));
#1461=CARTESIAN_POINT('',(-13.319157624252,2.3580676589953E-16,3.8510167350081));
#1462=CARTESIAN_POINT('',(-12.552828829816,3.1671939201891E-16,5.1724201988593));
#1463=CARTESIAN_POINT('',(-12.018905404325,3.725417273053E-16,6.0840681176757));
#1464=CARTESIAN_POINT('',(-11.624762452771,4.1467193210822E-16,6.7721065763114));
#1465=CARTESIAN_POINT('',(-11.24761797981,4.5237273142469E-16,7.3878073537554));
#1466=CARTESIAN_POINT('',(-10.848939647745,4.873936793556E-16,7.9597428367908));
#1467=CARTESIAN_POINT('',(-10.440079090163,5.1977507772073E-16,8.4885712040829));
#1468=CARTESIAN_POINT('',(-9.9994985669464,5.5129075804381E-16,9.003261322818));
#1469=CARTESIAN_POINT('',(-9.554402609852,5.8013460742428E-16,9.474317130918));
#1470=CARTESIAN_POINT('',(-9.0653160973933,6.0885129269682E-16,9.9432961915342));
#1471=CARTESIAN_POINT('',(-8.5760424961571,6.3487230315475E-16,10.368251541535));
#1472=CARTESIAN_POINT('',(-8.0431924708702,6.6050421014154E-16,10.786852349615));
#1473=CARTESIAN_POINT('',(-7.5144880584426,6.8345167402563E-16,11.161612874855));
#1474=CARTESIAN_POINT('',(-6.9430434372994,7.0574961506068E-16,11.525765886982));
#1475=CARTESIAN_POINT('',(-6.3800371044998,7.2540105175002E-16,11.846698203189));
#1476=CARTESIAN_POINT('',(-5.7755413445277,7.4414867891353E-16,12.152870189701));
#1477=CARTESIAN_POINT('',(-5.1836947044021,7.6031346335773E-16,12.416861153552));
#1478=CARTESIAN_POINT('',(-4.5520118955985,7.7532890672602E-16,12.662081953194));
#1479=CARTESIAN_POINT('',(-3.9370663326512,7.8785022834013E-16,12.866570653492));
#1480=CARTESIAN_POINT('',(-3.2843243018525,7.9898782591717E-16,13.048461425342));
#1481=CARTESIAN_POINT('',(-2.6522452783687,8.0774421795118E-16,13.19146415952));
#1482=CARTESIAN_POINT('',(-1.9847761437143,8.1489592614357E-16,13.308260417794));
#1483=CARTESIAN_POINT('',(-1.3416953301934,8.1980244461705E-16,13.388389945376));
#1484=CARTESIAN_POINT('',(-0.66597407447666,8.2289888615187E-16,13.438958673224));
#1485=CARTESIAN_POINT('',(-0.018129867552261,8.2390793392386E-16,13.455437673907));
#1486=CARTESIAN_POINT('',(0.65928847427901,8.2291907084926E-16,13.439288314348));
#1487=CARTESIAN_POINT('',(1.3056114692595,8.2002085935186E-16,13.391956928688));
#1488=CARTESIAN_POINT('',(1.9781553991691,8.149562844281E-16,13.309246143386));
#1489=CARTESIAN_POINT('',(2.6166873338269,8.0817892862363E-16,13.198563523562));
#1490=CARTESIAN_POINT('',(3.2778326394608,7.9908777226558E-16,13.050093673081));
#1491=CARTESIAN_POINT('',(3.9023792449143,7.8849701790908E-16,12.877133528754));
#1492=CARTESIAN_POINT('',(4.5457122896624,7.7546747158198E-16,12.664344889023));
#1493=CARTESIAN_POINT('',(5.1502149658741,7.6116605743496E-16,12.430785071498));
#1494=CARTESIAN_POINT('',(5.7694949062587,7.4432451812692E-16,12.155741861983));
#1495=CARTESIAN_POINT('',(6.3480894952862,7.2645117930942E-16,11.863848087713));
#1496=CARTESIAN_POINT('',(6.9373088221203,7.0596102337986E-16,11.529218446843));
#1497=CARTESIAN_POINT('',(7.4843824951239,6.8468914552923E-16,11.181822318173));
#1498=CARTESIAN_POINT('',(8.0378253111397,6.6074914382791E-16,10.790852420273));
#1499=CARTESIAN_POINT('',(8.5480710172975,6.3628508111981E-16,10.391323956635));
#1500=CARTESIAN_POINT('',(9.0603684859078,6.0912747075113E-16,9.9478065214432));
#1501=CARTESIAN_POINT('',(9.5288364350401,5.8170854409958E-16,9.500021467489));
#1502=CARTESIAN_POINT('',(9.9950188623333,5.5159677553746E-16,9.008258967753));
#1503=CARTESIAN_POINT('',(10.417164541814,5.2148897039266E-16,8.5165611955339));
#1504=CARTESIAN_POINT('',(10.832709586548,4.8871515180099E-16,7.9813241195952));
#1505=CARTESIAN_POINT('',(11.204437846699,4.5621053787826E-16,7.4504834895399));
#1506=CARTESIAN_POINT('',(11.565314390618,4.2109260142951E-16,6.876964063805));
#1507=CARTESIAN_POINT('',(11.883019170928,3.8650649939784E-16,6.3121301532319));
#1508=CARTESIAN_POINT('',(12.185726423829,3.4938511708711E-16,5.7058919735938));
#1509=CARTESIAN_POINT('',(12.446325734587,3.1305303967653E-16,5.1125441212028));
#1510=CARTESIAN_POINT('',(12.687927194881,2.7428831866085E-16,4.4794681838359));
#1511=CARTESIAN_POINT('',(12.888893014614,2.365627155087E-16,3.8633623290144));
#1512=CARTESIAN_POINT('',(13.067044957085,1.9653070651317E-16,3.2095900083192));
#1513=CARTESIAN_POINT('',(13.206427752051,1.5777753958938E-16,2.5767027635925));
#1514=CARTESIAN_POINT('',(13.319401982044,1.1686661214269E-16,1.9085766152992));
#1515=CARTESIAN_POINT('',(13.395849560211,7.7461731465335E-17,1.2650460772733));
#1516=CARTESIAN_POINT('',(13.440520875843,3.7867975998713E-17,0.61843097985604));
#1517=CARTESIAN_POINT('',(13.454059319901,1.8123682001123E-18,0.029598218872153));
#1518=CARTESIAN_POINT('',(13.443046597289,-3.2432385183604E-17,-0.52966104522847));
#1519=CARTESIAN_POINT('',(13.410032916241,-6.6614232364783E-17,-1.0878929730786));
#1520=CARTESIAN_POINT('',(13.350234625441,-1.0248316157944E-16,-1.673677041426));
#1521=CARTESIAN_POINT('',(13.2548734494,-1.4172948078864E-16,-2.3146180741633));
#1522=CARTESIAN_POINT('',(13.128053456486,-1.8064418600586E-16,-2.9501434394248));
#1523=CARTESIAN_POINT('',(12.96288566828,-2.2088437864388E-16,-3.607315657015));
#1524=CARTESIAN_POINT('',(12.774162400155,-2.5884632361985E-16,-4.2272812667304));
#1525=CARTESIAN_POINT('',(12.545147593345,-2.9789645714335E-16,-4.8650183440769));
#1526=CARTESIAN_POINT('',(12.296351772045,-3.3453746801172E-16,-5.4634114627113));
#1527=CARTESIAN_POINT('',(12.005711586679,-3.7201869765777E-16,-6.075526395313));
#1528=CARTESIAN_POINT('',(11.699256726747,-4.0698333390836E-16,-6.6465422388188));
#1529=CARTESIAN_POINT('',(11.349810605388,-4.4253205982588E-16,-7.227096990479));
#1530=CARTESIAN_POINT('',(10.988669563064,-4.7548113709461E-16,-7.7651962578216));
#1531=CARTESIAN_POINT('',(10.583807411788,-5.0875250814634E-16,-8.3085589820763));
#1532=CARTESIAN_POINT('',(10.171483543109,-5.3936639414891E-16,-8.8085216819157));
#1533=CARTESIAN_POINT('',(9.7151328475935,-5.7003765149631E-16,-9.3094213269195));
#1534=CARTESIAN_POINT('',(9.2556260228398,-5.9801936713208E-16,-9.7663974224804));
#1535=CARTESIAN_POINT('',(8.7522137486906,-6.2579297512317E-16,-10.219974862285));
#1536=CARTESIAN_POINT('',(8.2499815504367,-6.5087107544024E-16,-10.629531321086));
#1537=CARTESIAN_POINT('',(7.7043911980945,-6.7547760793294E-16,-11.031386492877));
#1538=CARTESIAN_POINT('',(7.1643056791042,-6.9740881536294E-16,-11.389550290721));
#1539=CARTESIAN_POINT('',(6.5818299099979,-7.1860956937275E-16,-11.735784878923));
#1540=CARTESIAN_POINT('',(6.0091303304274,-7.3718113371737E-16,-12.039081541398));
#1541=CARTESIAN_POINT('',(5.3954196239378,-7.5477044502656E-16,-12.326336794447));
#1542=CARTESIAN_POINT('',(4.7956616263347,-7.6980220730415E-16,-12.571824102102));
#1543=CARTESIAN_POINT('',(4.1566694656399,-7.8360944556869E-16,-12.797313415007));
#1544=CARTESIAN_POINT('',(3.5356711807811,-7.9495558570001E-16,-12.982609945226));
#1545=CARTESIAN_POINT('',(2.8775962993221,-8.0484680969991E-16,-13.144145891865));
#1546=CARTESIAN_POINT('',(2.2413819057062,-8.1239726107916E-16,-13.267454120564));
#1547=CARTESIAN_POINT('',(1.5706081545306,-8.1827651805513E-16,-13.363469673458));
#1548=CARTESIAN_POINT('',(0.92534943904334,-8.2195803528379E-16,-13.423593412502));
#1549=CARTESIAN_POINT('',(0.24838385836008,-8.2376829175551E-16,-13.453157144232));
#1550=CARTESIAN_POINT('',(-0.39965965497954,-8.2354516118111E-16,-13.449513145415));
#1551=CARTESIAN_POINT('',(-1.0762499592784,-8.2126885621745E-16,-13.412338264212));
#1552=CARTESIAN_POINT('',(-1.7207917316918,-8.1714324238448E-16,-13.344961877227));
#1553=CARTESIAN_POINT('',(-2.3904432941945,-8.1080245795849E-16,-13.241409009079));
#1554=CARTESIAN_POINT('',(-3.0252307565816,-8.0281438261069E-16,-13.110953838603));
#1555=CARTESIAN_POINT('',(-3.6814474232051,-7.9247062938642E-16,-12.942027528887));
#1556=CARTESIAN_POINT('',(-4.3003226310477,-7.8069758322542E-16,-12.749759094116));
#1557=CARTESIAN_POINT('',(-4.9367385769243,-7.6645120384936E-16,-12.517098062609));
#1558=CARTESIAN_POINT('',(-5.5336979472173,-7.5100739483245E-16,-12.264881521028));
#1559=CARTESIAN_POINT('',(-6.1441394304377,-7.3299659044853E-16,-11.970742763691));
#1560=CARTESIAN_POINT('',(-6.7133919807017,-7.1403183614008E-16,-11.661024821805));
#1561=CARTESIAN_POINT('',(-7.2919372347583,-6.9243132463817E-16,-11.308261698316));
#1562=CARTESIAN_POINT('',(-7.8279607530828,-6.7012960234067E-16,-10.944046933487));
#1563=CARTESIAN_POINT('',(-8.368997462554,-6.45148908839E-16,-10.536081248702));
#1564=CARTESIAN_POINT('',(-8.8665919822232,-6.1972661752932E-16,-10.120903724418));
#1565=CARTESIAN_POINT('',(-9.3648721265464,-5.9160784589763E-16,-9.6616893345825));
#1566=CARTESIAN_POINT('',(-9.819209093234,-5.6331233251578E-16,-9.1995885329221));
#1567=CARTESIAN_POINT('',(-10.269905216688,-5.3232519044526E-16,-8.6935300988968));
#1568=CARTESIAN_POINT('',(-10.673623574771,-5.0166354041997E-16,-8.1927873533699));
#1569=CARTESIAN_POINT('',(-11.047171987564,-4.7023156652621E-16,-7.6794642643675));
#1570=CARTESIAN_POINT('',(-11.353399886007,-4.4202424034338E-16,-7.2188036689621));
#1571=CARTESIAN_POINT('',(-11.627605505693,-4.1414426279654E-16,-6.763489082483));
#1572=CARTESIAN_POINT('',(-11.896716553709,-3.8551925454837E-16,-6.2960072212949));
#1573=CARTESIAN_POINT('',(-12.263696456167,-3.4707065783666E-16,-5.6680939856014));
#1574=CARTESIAN_POINT('',(-12.791636358684,-2.9138430898181E-16,-4.7586668937474));
#1575=CARTESIAN_POINT('',(-13.587716110832,-2.0768491095067E-16,-3.3917519907824));
#1576=CARTESIAN_POINT('',(-14.645210880845,-9.6329265964945E-17,-1.5731762991911));
#1577=CARTESIAN_POINT('',(-15.898777221058,3.5582585747238E-17,0.58110772464374));
#1578=CARTESIAN_POINT('',(-17.111694812869,1.6324559071401E-16,2.6660028153043));
#1579=CARTESIAN_POINT('',(-18.337021992267,2.9220838230327E-16,4.7721250324047));
#1580=CARTESIAN_POINT('',(-19.787135984557,4.4483112550705E-16,7.2646435824069));
#1581=CARTESIAN_POINT('',(-21.931320975167,6.705029784293E-16,10.950144627759));
#1582=CARTESIAN_POINT('',(-24.746818757428,9.6683012054725E-16,15.789534112536));
#1583=CARTESIAN_POINT('',(-29.43262281878,1.4600038299789E-15,23.843672003967));
#1584=CARTESIAN_POINT('',(-33.088105883533,1.8447380011611E-15,30.126857840898));
#1585=CARTESIAN_POINT('',(-35.629016565324,2.112164995731E-15,34.494272098724));
#1586=B_SPLINE_SURFACE_WITH_KNOTS('',1,3,((#1318,#1319,#1320,#1321,#1322,#1323,#1324,#1325,#1326,#1327,#1328,#1329,#1330,#1331,#1332,#1333,#1334,#1335,#1336,#1337,#1338,#1339,#1340,#1341,#1342,#1343,#1344,#1345,#1346,#1347,#1348,#1349,#1350,#1351,#1352,#1353,#1354,#1355,#1356,#1357,#1358,#1359,#1360,#1361,#1362,#1363,#1364,#1365,#1366,#1367,#1368,#1369,#1370,#1371,#1372,#1373,#1374,#1375,#1376,#1377,#1378,#1379,#1380,#1381,#1382,#1383,#1384,#1385,#1386,#1387,#1388,#1389,#1390,#1391,#1392,#1393,#1394,#1395,#1396,#1397,#1398,#1399,#1400,#1401,#1402,#1403,#1404,#1405,#1406,#1407,#1408,#1409,#1410,#1411,#1412,#1413,#1414,#1415,#1416,#1417,#1418,#1419,#1420,#1421,#1422,#1423,#1424,#1425,#1426,#1427,#1428,#1429,#1430,#1431,#1432,#1433,#1434,#1435,#1436,#1437,#1438,#1439,#1440,#1441,#1442,#1443,#1444,#1445,#1446,#1447,#1448,#1449,#1450,#1451),(#1452,#1453,#1454,#1455,#1456,#1457,#1458,#1459,#1460,#1461,#1462,#1463,#1464,#1465,#1466,#1467,#1468,#1469,#1470,#1471,#1472,#1473,#1474,#1475,#1476,#1477,#1478,#1479,#1480,#1481,#1482,#1483,#1484,#1485,#1486,#1487,#1488,#1489,#1490,#1491,#1492,#1493,#1494,#1495,#1496,#1497,#1498,#1499,#1500,#1501,#1502,#1503,#1504,#1505,#1506,#1507,#1508,#1509,#1510,#1511,#1512,#1513,#1514,#1515,#1516,#1517,#1518,#1519,#1520,#1521,#1522,#1523,#1524,#1525,#1526,#1527,#1528,#1529,#1530,#1531,#1532,#1533,#1534,#1535,#1536,#1537,#1538,#1539,#1540,#1541,#1542,#1543,#1544,#1545,#1546,#1547,#1548,#1549,#1550,#1551,#1552,#1553,#1554,#1555,#1556,#1557,#1558,#1559,#1560,#1561,#1562,#1563,#1564,#1565,#1566,#1567,#1568,#1569,#1570,#1571,#1572,#1573,#1574,#1575,#1576,#1577,#1578,#1579,#1580,#1581,#1582,#1583,#1584,#1585)),.UNSPECIFIED.,.F.,.F.,.U.,(2,2),(4,1,1,1,1,1,1,1,1,1,1,1,1,1,1,1,1,1,1,1,1,1,1,1,1,1,1,1,1,1,1,1,1,1,1,1,1,1,1,1,1,1,1,1,1,1,1,1,1,1,1,1,1,1,1,1,1,1,1,1,1,1,1,1,1,1,1,1,1,1,1,1,1,1,1,1,1,1,1,1,1,1,1,1,1,1,1,1,1,1,1,1,1,1,1,1,1,1,1,1,1,1,1,1,1,1,1,1,1,1,1,1,1,1,1,1,1,1,1,1,1,1,1,1,1,1,1,1,1,1,1,4),(0.,1.),(0.,5.1010158562568,8.2688134808484,12.343155259116,16.875067805381,21.078468005392,24.050722566737,26.032225607634,27.353227634898,28.233895653075,28.821007665192,29.270614603287,29.692153378564,30.095000418249,30.514582472489,30.881739689522,31.301321743761,31.668478960794,32.088061015034,32.455218232067,32.874800286306,33.241957503339,33.661539557579,34.028696774612,34.448278828852,34.815436045884,35.235018100124,35.602175317157,36.021757371397,36.388914588429,36.808496642669,37.175653859702,37.595235913942,37.962393130974,38.381975185214,38.749132402247,39.168714456487,39.53587167352,39.955453727759,40.322610944792,40.742192999032,41.109350216065,41.528932270305,41.896089487337,42.315671541577,42.68282875861,43.10241081285,43.469568029882,43.889150084122,44.256307301155,44.675889355395,45.043046572427,45.462628626667,45.8297858437,46.24936789794,46.616525114973,47.036107169212,47.403264386245,47.822846440485,48.190003657518,48.609585711758,48.97674292879,49.39632498303,49.763482200063,50.130639417095,50.445086946542,50.759534475988,51.126406842642,51.493564059675,51.913146113914,52.280303330947,52.699885385187,53.06704260222,53.48662465646,53.853781873492,54.273363927732,54.640521144765,55.060103199005,55.427260416037,55.846842470277,56.21399968731,56.63358174155,57.000738958582,57.420321012822,57.787478229855,58.207060284095,58.574217501128,58.993799555367,59.3609567724,59.78053882664,60.147696043673,60.567278097913,60.934435314945,61.354017369185,61.721174586218,62.140756640458,62.50791385749,62.92749591173,63.294653128763,63.714235183003,64.081392400035,64.500974454275,64.868131671308,65.287713725548,65.65487094258,66.07445299682,66.441610213853,66.861192268093,67.228349485126,67.647931539365,68.015088756398,68.434670810638,68.801828027671,69.221410081911,69.588567298943,70.008149353183,70.366982209688,70.717650045276,70.996071473073,71.305540302157,71.709714109934,72.3159748216,73.225365889099,74.589452490347,76.150972678619,77.766338390623,78.984783158912,80.590915698082,83.020884750374,86.754266222017,90.792951813229,100.),.UNSPECIFIED.);
#1587=CARTESIAN_POINT('',(5.3290705182008E-15,-0.6,7.105427357601E-15));
#1588=DIRECTION('',(-0.86435957571558,-2.5919603687747E-17,-0.50287426248396));
#1589=DIRECTION('',(1.036909230083E-17,-1.,4.38866233134E-17));
#1590=AXIS2_PLACEMENT_3D('',#1587,#1589,#1588);
#1591=CIRCLE('',#1590,12.85);
#1592=EDGE_CURVE('',#1292,#1290,#1591,.T.);
#1593=ORIENTED_EDGE('',*,*,#1592,.T.);
#1594=ORIENTED_EDGE('',*,*,#1313,.F.);
#1595=ORIENTED_EDGE('',*,*,#688,.F.);
#1596=ORIENTED_EDGE('',*,*,#1305,.F.);
#1597=EDGE_LOOP('',(#1593,#1594,#1595,#1596));
#1598=FACE_OUTER_BOUND('',#1597,.T.);
#1599=ADVANCED_FACE('',(#1598),#1586,.T.);
#1600=CARTESIAN_POINT('',(3.1086244689504E-14,-8.,15.5));
#1601=DIRECTION('',(-2.5046631435543E-14,7.105427357601E-16,1.));
#1602=DIRECTION('',(-3.2439631616481E-16,1.,-4.4408920985006E-16));
#1603=AXIS2_PLACEMENT_3D('',#1600,#1602,#1601);
#1604=CYLINDRICAL_SURFACE('',#1603,1.25);
#1605=CARTESIAN_POINT('',(-2.2204460492503E-16,-8.,16.75));
#1606=VERTEX_POINT('',#1605);
#1607=CARTESIAN_POINT('',(-2.2204460492503E-16,-8.,16.75));
#1608=DIRECTION('',(-3.2439631616481E-16,1.,0.));
#1609=VECTOR('',#1608,8.);
#1610=LINE('',#1607,#1609);
#1611=EDGE_CURVE('',#1606,#478,#1610,.T.);
#1612=ORIENTED_EDGE('',*,*,#1611,.T.);
#1613=ORIENTED_EDGE('',*,*,#484,.F.);
#1614=ORIENTED_EDGE('',*,*,#1611,.F.);
#1615=CARTESIAN_POINT('',(1.034029362022E-15,-8.,15.5));
#1616=DIRECTION('',(-1.0048591735576E-15,-0.,1.));
#1617=DIRECTION('',(0.,-1.,0.));
#1618=AXIS2_PLACEMENT_3D('',#1615,#1617,#1616);
#1619=CIRCLE('',#1618,1.25);
#1620=EDGE_CURVE('',#1606,#1606,#1619,.T.);
#1621=ORIENTED_EDGE('',*,*,#1620,.T.);
#1622=EDGE_LOOP('',(#1612,#1613,#1614,#1621));
#1623=FACE_OUTER_BOUND('',#1622,.T.);
#1624=ADVANCED_FACE('',(#1623),#1604,.F.);
#1625=CARTESIAN_POINT('',(13.423393758659,-8.,7.75));
#1626=DIRECTION('',(0.,0.,1.));
#1627=DIRECTION('',(-4.4408920985006E-16,1.,4.4408920985006E-16));
#1628=AXIS2_PLACEMENT_3D('',#1625,#1627,#1626);
#1629=CYLINDRICAL_SURFACE('',#1628,1.25);
#1630=CARTESIAN_POINT('',(13.423393758659,-8.,9.));
#1631=VERTEX_POINT('',#1630);
#1632=CARTESIAN_POINT('',(13.423393758659,-8.,9.));
#1633=DIRECTION('',(0.,1.,0.));
#1634=VECTOR('',#1633,8.);
#1635=LINE('',#1632,#1634);
#1636=EDGE_CURVE('',#1631,#467,#1635,.T.);
#1637=ORIENTED_EDGE('',*,*,#1636,.T.);
#1638=ORIENTED_EDGE('',*,*,#473,.F.);
#1639=ORIENTED_EDGE('',*,*,#1636,.F.);
#1640=CARTESIAN_POINT('',(13.423393758659,-8.,7.75));
#1641=DIRECTION('',(2.5243548967072E-31,-5.0242958677881E-16,1.));
#1642=DIRECTION('',(5.0242958677881E-16,-1.,-5.0242958677881E-16));
#1643=AXIS2_PLACEMENT_3D('',#1640,#1642,#1641);
#1644=CIRCLE('',#1643,1.25);
#1645=EDGE_CURVE('',#1631,#1631,#1644,.T.);
#1646=ORIENTED_EDGE('',*,*,#1645,.T.);
#1647=EDGE_LOOP('',(#1637,#1638,#1639,#1646));
#1648=FACE_OUTER_BOUND('',#1647,.T.);
#1649=ADVANCED_FACE('',(#1648),#1629,.F.);
#1650=CARTESIAN_POINT('',(13.423393758659,-8.,-7.75));
#1651=DIRECTION('',(0.,0.,1.));
#1652=DIRECTION('',(0.,1.,0.));
#1653=AXIS2_PLACEMENT_3D('',#1650,#1652,#1651);
#1654=CYLINDRICAL_SURFACE('',#1653,1.25);
#1655=CARTESIAN_POINT('',(13.423393758659,-8.,-6.5));
#1656=VERTEX_POINT('',#1655);
#1657=CARTESIAN_POINT('',(13.423393758659,-8.,-6.5));
#1658=DIRECTION('',(0.,1.,0.));
#1659=VECTOR('',#1658,8.);
#1660=LINE('',#1657,#1659);
#1661=EDGE_CURVE('',#1656,#456,#1660,.T.);
#1662=ORIENTED_EDGE('',*,*,#1661,.T.);
#1663=ORIENTED_EDGE('',*,*,#462,.F.);
#1664=ORIENTED_EDGE('',*,*,#1661,.F.);
#1665=CARTESIAN_POINT('',(13.423393758659,-8.,-7.75));
#1666=DIRECTION('',(-5.0242958677881E-16,-0.,1.));
#1667=DIRECTION('',(0.,-1.,0.));
#1668=AXIS2_PLACEMENT_3D('',#1665,#1667,#1666);
#1669=CIRCLE('',#1668,1.25);
#1670=EDGE_CURVE('',#1656,#1656,#1669,.T.);
#1671=ORIENTED_EDGE('',*,*,#1670,.T.);
#1672=EDGE_LOOP('',(#1662,#1663,#1664,#1671));
#1673=FACE_OUTER_BOUND('',#1672,.T.);
#1674=ADVANCED_FACE('',(#1673),#1654,.F.);
#1675=CARTESIAN_POINT('',(16.080139249871,-2.,-0.33013924987057));
#1676=DIRECTION('',(0.,0.,-1.));
#1677=DIRECTION('',(0.,1.,0.));
#1678=AXIS2_PLACEMENT_3D('',#1675,#1677,#1676);
#1679=PLANE('',#1678);
#1680=ORIENTED_EDGE('',*,*,#771,.F.);
#1681=ORIENTED_EDGE('',*,*,#746,.F.);
#1682=ORIENTED_EDGE('',*,*,#833,.F.);
#1683=ORIENTED_EDGE('',*,*,#891,.F.);
#1684=ORIENTED_EDGE('',*,*,#795,.F.);
#1685=EDGE_LOOP('',(#1680,#1681,#1682,#1683,#1684));
#1686=FACE_OUTER_BOUND('',#1685,.T.);
#1687=CARTESIAN_POINT('',(15.75,-2.,-1.5));
#1688=VERTEX_POINT('',#1687);
#1689=CARTESIAN_POINT('',(15.75,-2.,3.7747582837255E-15));
#1690=DIRECTION('',(-5.2336415289459E-17,-0.,-1.));
#1691=DIRECTION('',(0.,-1.,0.));
#1692=AXIS2_PLACEMENT_3D('',#1689,#1691,#1690);
#1693=CIRCLE('',#1692,1.5);
#1694=EDGE_CURVE('',#1688,#1688,#1693,.T.);
#1695=ORIENTED_EDGE('',*,*,#1694,.T.);
#1696=EDGE_LOOP('',(#1695));
#1697=FACE_BOUND('',#1696,.T.);
#1698=ADVANCED_FACE('',(#1686,#1697),#1679,.T.);
#1699=CARTESIAN_POINT('',(-4.9034702214895,-24.,-7.105427357601E-15));
#1700=DIRECTION('',(1.,0.,0.));
#1701=DIRECTION('',(0.,-1.,1.941373594973E-16));
#1702=AXIS2_PLACEMENT_3D('',#1699,#1701,#1700);
#1703=PLANE('',#1702);
#1704=ORIENTED_EDGE('',*,*,#818,.F.);
#1705=EDGE_LOOP('',(#1704));
#1706=FACE_OUTER_BOUND('',#1705,.T.);
#1707=CARTESIAN_POINT('',(15.4,-24.,1.1577253048184E-15));
#1708=VERTEX_POINT('',#1707);
#1709=CARTESIAN_POINT('',(-1.0658141036402E-14,-24.,4.9259472056595E-15));
#1710=DIRECTION('',(1.,3.1225893803555E-16,-2.4468973382085E-16));
#1711=DIRECTION('',(-3.1225893803555E-16,1.,8.1563244606949E-17));
#1712=AXIS2_PLACEMENT_3D('',#1709,#1711,#1710);
#1713=CIRCLE('',#1712,15.4);
#1714=EDGE_CURVE('',#1708,#1708,#1713,.T.);
#1715=ORIENTED_EDGE('',*,*,#1714,.T.);
#1716=EDGE_LOOP('',(#1715));
#1717=FACE_BOUND('',#1716,.T.);
#1718=ADVANCED_FACE('',(#1706,#1717),#1703,.T.);
#1719=CARTESIAN_POINT('',(-7.9818075816764,-2.,13.768470934074));
#1720=DIRECTION('',(0.,0.,-1.));
#1721=DIRECTION('',(1.5607080034295E-16,1.,0.));
#1722=AXIS2_PLACEMENT_3D('',#1719,#1721,#1720);
#1723=PLANE('',#1722);
#1724=ORIENTED_EDGE('',*,*,#1001,.F.);
#1725=ORIENTED_EDGE('',*,*,#976,.F.);
#1726=ORIENTED_EDGE('',*,*,#852,.F.);
#1727=ORIENTED_EDGE('',*,*,#1023,.F.);
#1728=EDGE_LOOP('',(#1724,#1725,#1726,#1727));
#1729=FACE_OUTER_BOUND('',#1728,.T.);
#1730=CARTESIAN_POINT('',(-7.875,-2.,12.139900109605));
#1731=VERTEX_POINT('',#1730);
#1732=CARTESIAN_POINT('',(-7.875,-2.,13.639900109605));
#1733=DIRECTION('',(-4.1869132231567E-16,-0.,-1.));
#1734=DIRECTION('',(0.,-1.,0.));
#1735=AXIS2_PLACEMENT_3D('',#1732,#1734,#1733);
#1736=CIRCLE('',#1735,1.5);
#1737=EDGE_CURVE('',#1731,#1731,#1736,.T.);
#1738=ORIENTED_EDGE('',*,*,#1737,.T.);
#1739=EDGE_LOOP('',(#1738));
#1740=FACE_BOUND('',#1739,.T.);
#1741=ADVANCED_FACE('',(#1729,#1740),#1723,.T.);
#1742=CARTESIAN_POINT('',(-7.9818075816764,-2.,-13.768470934075));
#1743=DIRECTION('',(0.,0.,-1.));
#1744=DIRECTION('',(1.5607080284278E-16,1.,0.));
#1745=AXIS2_PLACEMENT_3D('',#1742,#1744,#1743);
#1746=PLANE('',#1745);
#1747=ORIENTED_EDGE('',*,*,#935,.F.);
#1748=ORIENTED_EDGE('',*,*,#910,.F.);
#1749=ORIENTED_EDGE('',*,*,#876,.F.);
#1750=ORIENTED_EDGE('',*,*,#957,.F.);
#1751=EDGE_LOOP('',(#1747,#1748,#1749,#1750));
#1752=FACE_OUTER_BOUND('',#1751,.T.);
#1753=CARTESIAN_POINT('',(-7.875,-2.,-15.139900109605));
#1754=VERTEX_POINT('',#1753);
#1755=CARTESIAN_POINT('',(-7.875,-2.,-13.639900109605));
#1756=DIRECTION('',(8.3738264463135E-16,-0.,-1.));
#1757=DIRECTION('',(0.,-1.,0.));
#1758=AXIS2_PLACEMENT_3D('',#1755,#1757,#1756);
#1759=CIRCLE('',#1758,1.5);
#1760=EDGE_CURVE('',#1754,#1754,#1759,.T.);
#1761=ORIENTED_EDGE('',*,*,#1760,.T.);
#1762=EDGE_LOOP('',(#1761));
#1763=FACE_BOUND('',#1762,.T.);
#1764=ADVANCED_FACE('',(#1752,#1763),#1746,.T.);
#1765=CARTESIAN_POINT('',(-13.423393758659,-8.,7.75));
#1766=DIRECTION('',(0.,-7.105427357601E-16,1.));
#1767=DIRECTION('',(-7.105427357601E-16,1.,7.105427357601E-16));
#1768=AXIS2_PLACEMENT_3D('',#1765,#1767,#1766);
#1769=PLANE('',#1768);
#1770=ORIENTED_EDGE('',*,*,#1049,.F.);
#1771=EDGE_LOOP('',(#1770));
#1772=FACE_OUTER_BOUND('',#1771,.T.);
#1773=ADVANCED_FACE('',(#1772),#1769,.T.);
#1774=CARTESIAN_POINT('',(-13.423393758659,-8.,-7.75));
#1775=DIRECTION('',(0.,0.,1.));
#1776=DIRECTION('',(0.,1.,0.));
#1777=AXIS2_PLACEMENT_3D('',#1774,#1776,#1775);
#1778=PLANE('',#1777);
#1779=ORIENTED_EDGE('',*,*,#1074,.F.);
#1780=EDGE_LOOP('',(#1779));
#1781=FACE_OUTER_BOUND('',#1780,.T.);
#1782=ADVANCED_FACE('',(#1781),#1778,.T.);
#1783=CARTESIAN_POINT('',(-2.2204460492503E-15,-8.,-15.5));
#1784=DIRECTION('',(0.,1.7763568394002E-15,1.));
#1785=DIRECTION('',(-7.105427357601E-16,1.,-1.7763568394002E-15));
#1786=AXIS2_PLACEMENT_3D('',#1783,#1785,#1784);
#1787=PLANE('',#1786);
#1788=ORIENTED_EDGE('',*,*,#1099,.F.);
#1789=EDGE_LOOP('',(#1788));
#1790=FACE_OUTER_BOUND('',#1789,.T.);
#1791=ADVANCED_FACE('',(#1790),#1787,.T.);
#1792=CARTESIAN_POINT('',(0.29567899096493,-0.6,-1.0658141036402E-14));
#1793=DIRECTION('',(-1.,0.,0.));
#1794=DIRECTION('',(0.,1.,-5.9330539290073E-17));
#1795=AXIS2_PLACEMENT_3D('',#1792,#1794,#1793);
#1796=PLANE('',#1795);
#1797=ORIENTED_EDGE('',*,*,#1592,.F.);
#1798=ORIENTED_EDGE('',*,*,#1298,.F.);
#1799=EDGE_LOOP('',(#1797,#1798));
#1800=FACE_OUTER_BOUND('',#1799,.T.);
#1801=ADVANCED_FACE('',(#1800),#1796,.T.);
#1802=CARTESIAN_POINT('',(-4.4408920985006E-15,-8.,15.5));
#1803=DIRECTION('',(0.,7.105427357601E-16,1.));
#1804=DIRECTION('',(-7.105427357601E-16,1.,-7.105427357601E-16));
#1805=AXIS2_PLACEMENT_3D('',#1802,#1804,#1803);
#1806=PLANE('',#1805);
#1807=ORIENTED_EDGE('',*,*,#1620,.F.);
#1808=EDGE_LOOP('',(#1807));
#1809=FACE_OUTER_BOUND('',#1808,.T.);
#1810=ADVANCED_FACE('',(#1809),#1806,.T.);
#1811=CARTESIAN_POINT('',(13.423393758659,-8.,7.75));
#1812=DIRECTION('',(0.,-7.105427357601E-16,1.));
#1813=DIRECTION('',(-7.105427357601E-16,1.,7.105427357601E-16));
#1814=AXIS2_PLACEMENT_3D('',#1811,#1813,#1812);
#1815=PLANE('',#1814);
#1816=ORIENTED_EDGE('',*,*,#1645,.F.);
#1817=EDGE_LOOP('',(#1816));
#1818=FACE_OUTER_BOUND('',#1817,.T.);
#1819=ADVANCED_FACE('',(#1818),#1815,.T.);
#1820=CARTESIAN_POINT('',(13.423393758659,-8.,-7.75));
#1821=DIRECTION('',(0.,0.,1.));
#1822=DIRECTION('',(0.,1.,0.));
#1823=AXIS2_PLACEMENT_3D('',#1820,#1822,#1821);
#1824=PLANE('',#1823);
#1825=ORIENTED_EDGE('',*,*,#1670,.F.);
#1826=EDGE_LOOP('',(#1825));
#1827=FACE_OUTER_BOUND('',#1826,.T.);
#1828=ADVANCED_FACE('',(#1827),#1824,.T.);
#1829=CARTESIAN_POINT('',(15.75,-1.8,-6.883382752676E-15));
#1830=DIRECTION('',(4.3131895474958E-15,0.,-1.));
#1831=DIRECTION('',(0.,1.,0.));
#1832=AXIS2_PLACEMENT_3D('',#1829,#1831,#1830);
#1833=TOROIDAL_SURFACE('',#1832,1.5,0.19999999999999);
#1834=ORIENTED_EDGE('',*,*,#1694,.F.);
#1835=CARTESIAN_POINT('',(15.75,-1.8,-1.7));
#1836=VERTEX_POINT('',#1835);
#1837=CARTESIAN_POINT('',(15.75,-1.8,-1.5));
#1838=DIRECTION('',(1.7763568394003E-14,-1.,0.));
#1839=DIRECTION('',(1.,2.6803154833089E-14,2.6803154833089E-14));
#1840=AXIS2_PLACEMENT_3D('',#1837,#1839,#1838);
#1841=CIRCLE('',#1840,0.2);
#1842=EDGE_CURVE('',#1688,#1836,#1841,.T.);
#1843=ORIENTED_EDGE('',*,*,#1842,.T.);
#1844=CARTESIAN_POINT('',(15.75,-1.8,3.1086244689504E-15));
#1845=DIRECTION('',(1.8471675984515E-16,-3.21894941299E-16,-1.));
#1846=DIRECTION('',(4.6179189961287E-16,-1.,3.21894941299E-16));
#1847=AXIS2_PLACEMENT_3D('',#1844,#1846,#1845);
#1848=CIRCLE('',#1847,1.7);
#1849=EDGE_CURVE('',#1836,#1836,#1848,.T.);
#1850=ORIENTED_EDGE('',*,*,#1849,.T.);
#1851=ORIENTED_EDGE('',*,*,#1842,.F.);
#1852=EDGE_LOOP('',(#1834,#1843,#1850,#1851));
#1853=FACE_OUTER_BOUND('',#1852,.T.);
#1854=ADVANCED_FACE('',(#1853),#1833,.T.);
#1855=CARTESIAN_POINT('',(2.1687148197481E-14,-25.,-3.9627091058085E-13));
#1856=DIRECTION('',(1.,-2.6200442359738E-16,2.4637302280033E-14));
#1857=DIRECTION('',(-2.6200442359739E-16,-1.,3.5463697591066E-16));
#1858=AXIS2_PLACEMENT_3D('',#1855,#1857,#1856);
#1859=TOROIDAL_SURFACE('',#1858,15.4,0.99999999999999);
#1860=ORIENTED_EDGE('',*,*,#1714,.F.);
#1861=CARTESIAN_POINT('',(16.4,-25.,-2.9127392339995E-15));
#1862=VERTEX_POINT('',#1861);
#1863=CARTESIAN_POINT('',(15.4,-25.,1.2596209927871E-15));
#1864=DIRECTION('',(-3.5527136788005E-15,1.,-1.0189568796866E-16));
#1865=DIRECTION('',(-1.5551872558325E-16,-1.0189568796866E-16,-1.));
#1866=AXIS2_PLACEMENT_3D('',#1863,#1865,#1864);
#1867=CIRCLE('',#1866,1.);
#1868=EDGE_CURVE('',#1708,#1862,#1867,.T.);
#1869=ORIENTED_EDGE('',*,*,#1868,.T.);
#1870=CARTESIAN_POINT('',(-2.4868995751604E-14,-25.,-4.0059130010546E-16));
#1871=DIRECTION('',(1.,8.0081180518288E-16,-1.5317975206671E-16));
#1872=DIRECTION('',(-8.0081180518288E-16,1.,-1.1488481405003E-15));
#1873=AXIS2_PLACEMENT_3D('',#1870,#1872,#1871);
#1874=CIRCLE('',#1873,16.4);
#1875=EDGE_CURVE('',#1862,#1862,#1874,.T.);
#1876=ORIENTED_EDGE('',*,*,#1875,.T.);
#1877=ORIENTED_EDGE('',*,*,#1868,.F.);
#1878=EDGE_LOOP('',(#1860,#1869,#1876,#1877));
#1879=FACE_OUTER_BOUND('',#1878,.T.);
#1880=ADVANCED_FACE('',(#1879),#1859,.T.);
#1881=CARTESIAN_POINT('',(-7.875,-1.8,13.639900109605));
#1882=DIRECTION('',(3.9890906015106E-14,-8.232636272983E-16,-1.));
#1883=DIRECTION('',(-7.4288751605419E-17,1.,-8.2326362729831E-16));
#1884=AXIS2_PLACEMENT_3D('',#1881,#1883,#1882);
#1885=TOROIDAL_SURFACE('',#1884,1.5,0.2);
#1886=ORIENTED_EDGE('',*,*,#1737,.F.);
#1887=CARTESIAN_POINT('',(-7.875,-1.8,11.939900109605));
#1888=VERTEX_POINT('',#1887);
#1889=CARTESIAN_POINT('',(-7.875,-1.8,12.139900109605));
#1890=DIRECTION('',(-8.8817841970013E-15,-1.,0.));
#1891=DIRECTION('',(1.,-1.3401577416545E-14,-1.3401577416545E-14));
#1892=AXIS2_PLACEMENT_3D('',#1889,#1891,#1890);
#1893=CIRCLE('',#1892,0.2);
#1894=EDGE_CURVE('',#1731,#1888,#1893,.T.);
#1895=ORIENTED_EDGE('',*,*,#1894,.T.);
#1896=CARTESIAN_POINT('',(-7.875,-1.8,13.639900109605));
#1897=DIRECTION('',(-3.694335196903E-16,-5.4102286359837E-17,-1.));
#1898=DIRECTION('',(-1.8471675984515E-16,-1.,5.4102286359837E-17));
#1899=AXIS2_PLACEMENT_3D('',#1896,#1898,#1897);
#1900=CIRCLE('',#1899,1.7);
#1901=EDGE_CURVE('',#1888,#1888,#1900,.T.);
#1902=ORIENTED_EDGE('',*,*,#1901,.T.);
#1903=ORIENTED_EDGE('',*,*,#1894,.F.);
#1904=EDGE_LOOP('',(#1886,#1895,#1902,#1903));
#1905=FACE_OUTER_BOUND('',#1904,.T.);
#1906=ADVANCED_FACE('',(#1905),#1885,.T.);
#1907=CARTESIAN_POINT('',(-7.875,-1.8,-13.639900109605));
#1908=DIRECTION('',(3.0186229533241E-14,1.6465272545967E-16,-1.));
#1909=DIRECTION('',(-7.4288751605458E-17,1.,1.6465272545967E-16));
#1910=AXIS2_PLACEMENT_3D('',#1907,#1909,#1908);
#1911=TOROIDAL_SURFACE('',#1910,1.5,0.2);
#1912=ORIENTED_EDGE('',*,*,#1760,.F.);
#1913=CARTESIAN_POINT('',(-7.875,-1.8,-15.339900109605));
#1914=VERTEX_POINT('',#1913);
#1915=CARTESIAN_POINT('',(-7.875,-1.8,-15.139900109605));
#1916=DIRECTION('',(-8.8817841970013E-15,-1.,8.8817841970013E-15));
#1917=DIRECTION('',(1.,-1.3401577416545E-14,-1.3401577416545E-14));
#1918=AXIS2_PLACEMENT_3D('',#1915,#1917,#1916);
#1919=CIRCLE('',#1918,0.2);
#1920=EDGE_CURVE('',#1754,#1914,#1919,.T.);
#1921=ORIENTED_EDGE('',*,*,#1920,.T.);
#1922=CARTESIAN_POINT('',(-7.875,-1.8,-13.639900109605));
#1923=DIRECTION('',(0.,-0.,-1.));
#1924=DIRECTION('',(0.,-1.,0.));
#1925=AXIS2_PLACEMENT_3D('',#1922,#1924,#1923);
#1926=CIRCLE('',#1925,1.7);
#1927=EDGE_CURVE('',#1914,#1914,#1926,.T.);
#1928=ORIENTED_EDGE('',*,*,#1927,.T.);
#1929=ORIENTED_EDGE('',*,*,#1920,.F.);
#1930=EDGE_LOOP('',(#1912,#1921,#1928,#1929));
#1931=FACE_OUTER_BOUND('',#1930,.T.);
#1932=ADVANCED_FACE('',(#1931),#1911,.T.);
#1933=CARTESIAN_POINT('',(15.75,-1.8,-2.9420910152567E-14));
#1934=DIRECTION('',(0.,1.3061447348531E-16,-1.));
#1935=DIRECTION('',(0.,1.,3.0278809762504E-16));
#1936=AXIS2_PLACEMENT_3D('',#1933,#1935,#1934);
#1937=CYLINDRICAL_SURFACE('',#1936,1.7);
#1938=CARTESIAN_POINT('',(15.75,-0.7,-1.7));
#1939=VERTEX_POINT('',#1938);
#1940=CARTESIAN_POINT('',(15.75,-0.7,-1.7));
#1941=DIRECTION('',(0.,-1.,0.));
#1942=VECTOR('',#1941,1.1);
#1943=LINE('',#1940,#1942);
#1944=EDGE_CURVE('',#1939,#1836,#1943,.T.);
#1945=ORIENTED_EDGE('',*,*,#1944,.T.);
#1946=ORIENTED_EDGE('',*,*,#1849,.F.);
#1947=ORIENTED_EDGE('',*,*,#1944,.F.);
#1948=CARTESIAN_POINT('',(15.75,-0.7,9.3258734068513E-15));
#1949=DIRECTION('',(-1.284397955742E-31,3.2721587792829E-16,-1.));
#1950=DIRECTION('',(3.9252311467094E-16,-1.,-3.2721587792829E-16));
#1951=AXIS2_PLACEMENT_3D('',#1948,#1950,#1949);
#1952=CIRCLE('',#1951,1.7);
#1953=EDGE_CURVE('',#1939,#1939,#1952,.T.);
#1954=ORIENTED_EDGE('',*,*,#1953,.T.);
#1955=EDGE_LOOP('',(#1945,#1946,#1947,#1954));
#1956=FACE_OUTER_BOUND('',#1955,.T.);
#1957=ADVANCED_FACE('',(#1956),#1937,.T.);
#1958=CARTESIAN_POINT('',(1.2434497875802E-14,-25.,-1.2434497875802E-14));
#1959=DIRECTION('',(1.,2.1662888285369E-16,8.2552439896373E-16));
#1960=DIRECTION('',(8.1859762184343E-17,-1.,1.0189568796866E-16));
#1961=AXIS2_PLACEMENT_3D('',#1958,#1960,#1959);
#1962=CYLINDRICAL_SURFACE('',#1961,16.4);
#1963=CARTESIAN_POINT('',(16.4,-42.7,2.2976161011355E-16));
#1964=VERTEX_POINT('',#1963);
#1965=CARTESIAN_POINT('',(16.276079678289,-42.7,-2.01226993865));
#1966=VERTEX_POINT('',#1965);
#1967=CARTESIAN_POINT('',(2.1316282072803E-14,-42.700000000002,-7.327471962526E-15));
#1968=DIRECTION('',(1.,1.0138231717553E-13,4.608069251609E-16));
#1969=DIRECTION('',(-1.016149654691E-13,1.,2.7266380859836E-15));
#1970=AXIS2_PLACEMENT_3D('',#1967,#1969,#1968);
#1971=CIRCLE('',#1970,16.4);
#1972=EDGE_CURVE('',#1964,#1966,#1971,.T.);
#1973=ORIENTED_EDGE('',*,*,#1972,.T.);
#1974=CARTESIAN_POINT('',(16.276079678289,-46.7,-2.01226993865));
#1975=VERTEX_POINT('',#1974);
#1976=CARTESIAN_POINT('',(16.276079678289,-42.7,-2.01226993865));
#1977=DIRECTION('',(0.,-1.,0.));
#1978=VECTOR('',#1977,4.);
#1979=LINE('',#1976,#1978);
#1980=EDGE_CURVE('',#1966,#1975,#1979,.T.);
#1981=ORIENTED_EDGE('',*,*,#1980,.T.);
#1982=CARTESIAN_POINT('',(16.006899388709,-46.7,-3.5691976633057));
#1983=VERTEX_POINT('',#1982);
#1984=CARTESIAN_POINT('',(2.1955770534987E-12,-46.699999999999,-3.3573144264665E-13));
#1985=DIRECTION('',(0.99244388282249,-8.1885717718705E-14,-0.12269938650304));
#1986=DIRECTION('',(8.0623948840139E-14,1.,-1.3939232728773E-14));
#1987=AXIS2_PLACEMENT_3D('',#1984,#1986,#1985);
#1988=CIRCLE('',#1987,16.399999999998);
#1989=EDGE_CURVE('',#1975,#1983,#1988,.T.);
#1990=ORIENTED_EDGE('',*,*,#1989,.T.);
#1991=CARTESIAN_POINT('',(15.730365223549,-46.7,-4.6384922047771));
#1992=VERTEX_POINT('',#1991);
#1993=CARTESIAN_POINT('',(-1.4264145420384E-12,-46.699999999999,3.3928415632545E-13));
#1994=DIRECTION('',(0.97603045053104,-9.2283904095663E-14,-0.21763400386011));
#1995=DIRECTION('',(8.9207053654154E-14,1.,-2.3070161823458E-14));
#1996=AXIS2_PLACEMENT_3D('',#1993,#1995,#1994);
#1997=CIRCLE('',#1996,16.400000000001);
#1998=EDGE_CURVE('',#1983,#1992,#1997,.T.);
#1999=ORIENTED_EDGE('',*,*,#1998,.T.);
#2000=CARTESIAN_POINT('',(4.6266328948633,-46.7,-15.733857380063));
#2001=VERTEX_POINT('',#2000);
#2002=CARTESIAN_POINT('',(-5.3290705182008E-15,-46.7,0.));
#2003=DIRECTION('',(0.95916861119198,-2.1662888285368E-15,-0.28283489053518));
#2004=DIRECTION('',(1.5632027649576E-15,1.,-2.204777584936E-15));
#2005=AXIS2_PLACEMENT_3D('',#2002,#2004,#2003);
#2006=CIRCLE('',#2005,16.400000000001);
#2007=EDGE_CURVE('',#1992,#2001,#2006,.T.);
#2008=ORIENTED_EDGE('',*,*,#2007,.T.);
#2009=CARTESIAN_POINT('',(3.5571301979736,-46.7,-16.009585402335));
#2010=VERTEX_POINT('',#2009);
#2011=CARTESIAN_POINT('',(-1.0178524689763E-12,-46.7,3.7836400679225E-12));
#2012=DIRECTION('',(0.28211176188191,-1.9929857222535E-14,-0.95938154756483));
#2013=DIRECTION('',(5.0755405353035E-15,1.,-1.9687169428593E-14));
#2014=AXIS2_PLACEMENT_3D('',#2011,#2013,#2012);
#2015=CIRCLE('',#2014,16.400000000004);
#2016=EDGE_CURVE('',#2001,#2010,#2015,.T.);
#2017=ORIENTED_EDGE('',*,*,#2016,.T.);
#2018=CARTESIAN_POINT('',(2.,-46.7,-16.277591959501));
#2019=VERTEX_POINT('',#2018);
#2020=CARTESIAN_POINT('',(-1.6520118606422E-13,-46.7,7.105427357601E-13));
#2021=DIRECTION('',(0.21689818280327,-1.0398186376977E-14,-0.97619423184971));
#2022=DIRECTION('',(1.7927621952333E-15,1.,-1.0416029299835E-14));
#2023=AXIS2_PLACEMENT_3D('',#2020,#2022,#2021);
#2024=CIRCLE('',#2023,16.400000000001);
#2025=EDGE_CURVE('',#2010,#2019,#2024,.T.);
#2026=ORIENTED_EDGE('',*,*,#2025,.T.);
#2027=CARTESIAN_POINT('',(2.,-42.7,-16.277591959501));
#2028=VERTEX_POINT('',#2027);
#2029=CARTESIAN_POINT('',(2.,-46.7,-16.277591959501));
#2030=DIRECTION('',(0.,1.,0.));
#2031=VECTOR('',#2030,4.);
#2032=LINE('',#2029,#2031);
#2033=EDGE_CURVE('',#2019,#2028,#2032,.T.);
#2034=ORIENTED_EDGE('',*,*,#2033,.T.);
#2035=CARTESIAN_POINT('',(-2.,-42.7,-16.277591959501));
#2036=VERTEX_POINT('',#2035);
#2037=CARTESIAN_POINT('',(-2.9800881272976E-14,-42.7,5.3290705182008E-14));
#2038=DIRECTION('',(0.12195121951219,-8.5785037610059E-14,-0.9925360950915));
#2039=DIRECTION('',(1.5426566622335E-28,1.,-8.6843849614944E-14));
#2040=AXIS2_PLACEMENT_3D('',#2037,#2039,#2038);
#2041=CIRCLE('',#2040,16.4);
#2042=EDGE_CURVE('',#2028,#2036,#2041,.T.);
#2043=ORIENTED_EDGE('',*,*,#2042,.T.);
#2044=CARTESIAN_POINT('',(-2.,-46.7,-16.277591959501));
#2045=VERTEX_POINT('',#2044);
#2046=CARTESIAN_POINT('',(-2.,-42.7,-16.277591959501));
#2047=DIRECTION('',(0.,-1.,0.));
#2048=VECTOR('',#2047,4.);
#2049=LINE('',#2046,#2048);
#2050=EDGE_CURVE('',#2036,#2045,#2049,.T.);
#2051=ORIENTED_EDGE('',*,*,#2050,.T.);
#2052=CARTESIAN_POINT('',(-16.276079678289,-46.7,-2.01226993865));
#2053=VERTEX_POINT('',#2052);
#2054=CARTESIAN_POINT('',(5.3290705182008E-15,-46.7,1.9539925233403E-14));
#2055=DIRECTION('',(-0.12195121951219,-1.2997732971221E-15,-0.9925360950915));
#2056=DIRECTION('',(-1.6273686765845E-15,1.,-1.6285958956212E-15));
#2057=AXIS2_PLACEMENT_3D('',#2054,#2056,#2055);
#2058=CIRCLE('',#2057,16.4);
#2059=EDGE_CURVE('',#2045,#2053,#2058,.T.);
#2060=ORIENTED_EDGE('',*,*,#2059,.T.);
#2061=CARTESIAN_POINT('',(-16.276079678289,-42.7,-2.01226993865));
#2062=VERTEX_POINT('',#2061);
#2063=CARTESIAN_POINT('',(-16.276079678289,-46.7,-2.01226993865));
#2064=DIRECTION('',(0.,1.,0.));
#2065=VECTOR('',#2064,4.);
#2066=LINE('',#2063,#2065);
#2067=EDGE_CURVE('',#2053,#2062,#2066,.T.);
#2068=ORIENTED_EDGE('',*,*,#2067,.T.);
#2069=CARTESIAN_POINT('',(-16.276079678289,-42.7,2.0122699386503));
#2070=VERTEX_POINT('',#2069);
#2071=CARTESIAN_POINT('',(1.8474111129763E-13,-42.7,-2.4950837406555E-14));
#2072=DIRECTION('',(-0.99244388282249,-7.3653820170252E-15,-0.12269938650304));
#2073=DIRECTION('',(-7.1673346827642E-15,1.,7.5924668392389E-29));
#2074=AXIS2_PLACEMENT_3D('',#2071,#2073,#2072);
#2075=CIRCLE('',#2074,16.4);
#2076=EDGE_CURVE('',#2062,#2070,#2075,.T.);
#2077=ORIENTED_EDGE('',*,*,#2076,.T.);
#2078=CARTESIAN_POINT('',(-16.276079678289,-46.7,2.0122699386503));
#2079=VERTEX_POINT('',#2078);
#2080=CARTESIAN_POINT('',(-16.276079678289,-42.7,2.0122699386503));
#2081=DIRECTION('',(0.,-1.,0.));
#2082=VECTOR('',#2081,4.);
#2083=LINE('',#2080,#2082);
#2084=EDGE_CURVE('',#2070,#2079,#2083,.T.);
#2085=ORIENTED_EDGE('',*,*,#2084,.T.);
#2086=CARTESIAN_POINT('',(-2.,-46.7,16.277591959501));
#2087=VERTEX_POINT('',#2086);
#2088=CARTESIAN_POINT('',(1.7763568394003E-14,-46.7,7.105427357601E-15));
#2089=DIRECTION('',(-0.99244388282249,8.6651553141474E-16,0.12269938650306));
#2090=DIRECTION('',(1.8081874184273E-16,1.,-1.8095509951348E-16));
#2091=AXIS2_PLACEMENT_3D('',#2088,#2090,#2089);
#2092=CIRCLE('',#2091,16.4);
#2093=EDGE_CURVE('',#2079,#2087,#2092,.T.);
#2094=ORIENTED_EDGE('',*,*,#2093,.T.);
#2095=CARTESIAN_POINT('',(-2.,-42.7,16.277591959501));
#2096=VERTEX_POINT('',#2095);
#2097=CARTESIAN_POINT('',(-2.,-46.7,16.277591959501));
#2098=DIRECTION('',(0.,1.,0.));
#2099=VECTOR('',#2098,4.);
#2100=LINE('',#2097,#2099);
#2101=EDGE_CURVE('',#2087,#2096,#2100,.T.);
#2102=ORIENTED_EDGE('',*,*,#2101,.T.);
#2103=CARTESIAN_POINT('',(2.,-42.7,16.277591959501));
#2104=VERTEX_POINT('',#2103);
#2105=CARTESIAN_POINT('',(4.3809816433715E-14,-42.7,1.9895196601283E-13));
#2106=DIRECTION('',(-0.1219512195122,-5.6756767307666E-14,0.9925360950915));
#2107=DIRECTION('',(-1.5406427501418E-28,1.,5.7820317628748E-14));
#2108=AXIS2_PLACEMENT_3D('',#2105,#2107,#2106);
#2109=CIRCLE('',#2108,16.4);
#2110=EDGE_CURVE('',#2096,#2104,#2109,.T.);
#2111=ORIENTED_EDGE('',*,*,#2110,.T.);
#2112=CARTESIAN_POINT('',(2.,-46.7,16.277591959501));
#2113=VERTEX_POINT('',#2112);
#2114=CARTESIAN_POINT('',(2.,-42.7,16.277591959501));
#2115=DIRECTION('',(0.,-1.,0.));
#2116=VECTOR('',#2115,4.);
#2117=LINE('',#2114,#2116);
#2118=EDGE_CURVE('',#2104,#2113,#2117,.T.);
#2119=ORIENTED_EDGE('',*,*,#2118,.T.);
#2120=CARTESIAN_POINT('',(16.276079678289,-46.7,2.0122699386503));
#2121=VERTEX_POINT('',#2120);
#2122=CARTESIAN_POINT('',(-1.0658141036402E-14,-46.7,1.0658141036402E-14));
#2123=DIRECTION('',(0.12195121951219,-1.7330310628295E-15,0.9925360950915));
#2124=DIRECTION('',(1.6273686765846E-15,1.,1.6285958956213E-15));
#2125=AXIS2_PLACEMENT_3D('',#2122,#2124,#2123);
#2126=CIRCLE('',#2125,16.4);
#2127=EDGE_CURVE('',#2113,#2121,#2126,.T.);
#2128=ORIENTED_EDGE('',*,*,#2127,.T.);
#2129=CARTESIAN_POINT('',(16.276079678289,-42.7,2.0122699386503));
#2130=VERTEX_POINT('',#2129);
#2131=CARTESIAN_POINT('',(16.276079678289,-46.7,2.0122699386503));
#2132=DIRECTION('',(0.,1.,0.));
#2133=VECTOR('',#2132,4.);
#2134=LINE('',#2131,#2133);
#2135=EDGE_CURVE('',#2121,#2130,#2134,.T.);
#2136=ORIENTED_EDGE('',*,*,#2135,.T.);
#2137=CARTESIAN_POINT('',(3.0198066269804E-13,-42.700000000001,-9.9920072216264E-15));
#2138=DIRECTION('',(0.99244388282249,8.4918522078646E-14,0.12269938650307));
#2139=DIRECTION('',(-8.5310827647939E-14,1.,-1.7225908827664E-15));
#2140=AXIS2_PLACEMENT_3D('',#2137,#2139,#2138);
#2141=CIRCLE('',#2140,16.4);
#2142=EDGE_CURVE('',#2130,#1964,#2141,.T.);
#2143=ORIENTED_EDGE('',*,*,#2142,.T.);
#2144=CARTESIAN_POINT('',(16.4,-42.7,2.2976161011355E-16));
#2145=DIRECTION('',(0.,1.,-1.7754242057136E-16));
#2146=VECTOR('',#2145,17.7);
#2147=LINE('',#2144,#2146);
#2148=EDGE_CURVE('',#1964,#1862,#2147,.T.);
#2149=ORIENTED_EDGE('',*,*,#2148,.T.);
#2150=ORIENTED_EDGE('',*,*,#1875,.F.);
#2151=ORIENTED_EDGE('',*,*,#2148,.F.);
#2152=EDGE_LOOP('',(#1973,#1981,#1990,#1999,#2008,#2017,#2026,#2034,#2043,#2051,#2060,#2068,#2077,#2085,#2094,#2102,#2111,#2119,#2128,#2136,#2143,#2149,#2150,#2151));
#2153=FACE_OUTER_BOUND('',#2152,.T.);
#2154=ADVANCED_FACE('',(#2153),#1962,.T.);
#2155=CARTESIAN_POINT('',(-7.875,-1.8,13.639900109605));
#2156=DIRECTION('',(-3.1347473636475E-15,-1.0449157878825E-15,-1.));
#2157=DIRECTION('',(8.0743492700011E-16,1.,0.));
#2158=AXIS2_PLACEMENT_3D('',#2155,#2157,#2156);
#2159=CYLINDRICAL_SURFACE('',#2158,1.7);
#2160=CARTESIAN_POINT('',(-7.875,-0.7,11.939900109605));
#2161=VERTEX_POINT('',#2160);
#2162=CARTESIAN_POINT('',(-7.875,-0.7,11.939900109605));
#2163=DIRECTION('',(0.,-1.,0.));
#2164=VECTOR('',#2163,1.1);
#2165=LINE('',#2162,#2164);
#2166=EDGE_CURVE('',#2161,#1888,#2165,.T.);
#2167=ORIENTED_EDGE('',*,*,#2166,.T.);
#2168=ORIENTED_EDGE('',*,*,#1901,.F.);
#2169=ORIENTED_EDGE('',*,*,#2166,.F.);
#2170=CARTESIAN_POINT('',(-7.875,-0.7,13.639900109605));
#2171=DIRECTION('',(-3.694335196903E-16,3.961548199275E-18,-1.));
#2172=DIRECTION('',(6.9268784941931E-17,-1.,-3.961548199275E-18));
#2173=AXIS2_PLACEMENT_3D('',#2170,#2172,#2171);
#2174=CIRCLE('',#2173,1.7);
#2175=EDGE_CURVE('',#2161,#2161,#2174,.T.);
#2176=ORIENTED_EDGE('',*,*,#2175,.T.);
#2177=EDGE_LOOP('',(#2167,#2168,#2169,#2176));
#2178=FACE_OUTER_BOUND('',#2177,.T.);
#2179=ADVANCED_FACE('',(#2178),#2159,.T.);
#2180=CARTESIAN_POINT('',(-7.875,-1.8,-13.639900109605));
#2181=DIRECTION('',(-1.0449157878825E-15,-1.1755302613678E-15,-1.));
#2182=DIRECTION('',(0.,1.,-1.6148698540002E-15));
#2183=AXIS2_PLACEMENT_3D('',#2180,#2182,#2181);
#2184=CYLINDRICAL_SURFACE('',#2183,1.7);
#2185=CARTESIAN_POINT('',(-7.875,-0.7,-15.339900109605));
#2186=VERTEX_POINT('',#2185);
#2187=CARTESIAN_POINT('',(-7.875,-0.7,-15.339900109605));
#2188=DIRECTION('',(0.,-1.,0.));
#2189=VECTOR('',#2188,1.1);
#2190=LINE('',#2187,#2189);
#2191=EDGE_CURVE('',#2186,#1914,#2190,.T.);
#2192=ORIENTED_EDGE('',*,*,#2191,.T.);
#2193=ORIENTED_EDGE('',*,*,#1927,.F.);
#2194=ORIENTED_EDGE('',*,*,#2191,.F.);
#2195=CARTESIAN_POINT('',(-7.875,-0.7,-13.639900109605));
#2196=DIRECTION('',(-1.4559140680146E-31,3.5030547290893E-16,-1.));
#2197=DIRECTION('',(4.1561270965159E-16,-1.,-3.5030547290893E-16));
#2198=AXIS2_PLACEMENT_3D('',#2195,#2197,#2196);
#2199=CIRCLE('',#2198,1.7);
#2200=EDGE_CURVE('',#2186,#2186,#2199,.T.);
#2201=ORIENTED_EDGE('',*,*,#2200,.T.);
#2202=EDGE_LOOP('',(#2192,#2193,#2194,#2201));
#2203=FACE_OUTER_BOUND('',#2202,.T.);
#2204=ADVANCED_FACE('',(#2203),#2184,.T.);
#2205=CARTESIAN_POINT('',(15.75,-0.70000000000001,1.2188840868362E-14));
#2206=DIRECTION('',(-2.9111164353206E-14,7.6045463071255E-17,-1.));
#2207=DIRECTION('',(-3.4310531459777E-17,1.,7.6045463071256E-17));
#2208=AXIS2_PLACEMENT_3D('',#2205,#2207,#2206);
#2209=TOROIDAL_SURFACE('',#2208,1.5,0.19999999999999);
#2210=CARTESIAN_POINT('',(15.75,-0.5,-1.5));
#2211=VERTEX_POINT('',#2210);
#2212=CARTESIAN_POINT('',(15.75,-0.7,-1.5));
#2213=DIRECTION('',(1.7763568394003E-14,1.,0.));
#2214=DIRECTION('',(-1.,2.6803154833089E-14,-2.6803154833089E-14));
#2215=AXIS2_PLACEMENT_3D('',#2212,#2214,#2213);
#2216=CIRCLE('',#2215,0.2);
#2217=EDGE_CURVE('',#2211,#1939,#2216,.T.);
#2218=ORIENTED_EDGE('',*,*,#2217,.T.);
#2219=ORIENTED_EDGE('',*,*,#1953,.F.);
#2220=ORIENTED_EDGE('',*,*,#2217,.F.);
#2221=CARTESIAN_POINT('',(15.75,-0.5,8.8817841970013E-15));
#2222=DIRECTION('',(5.2336415289459E-17,-0.,-1.));
#2223=DIRECTION('',(0.,-1.,0.));
#2224=AXIS2_PLACEMENT_3D('',#2221,#2223,#2222);
#2225=CIRCLE('',#2224,1.5);
#2226=EDGE_CURVE('',#2211,#2211,#2225,.T.);
#2227=ORIENTED_EDGE('',*,*,#2226,.T.);
#2228=EDGE_LOOP('',(#2218,#2219,#2220,#2227));
#2229=FACE_OUTER_BOUND('',#2228,.T.);
#2230=ADVANCED_FACE('',(#2229),#2209,.T.);
#2231=CARTESIAN_POINT('',(15.41226993865,-42.7,1.6697754290362E-13));
#2232=DIRECTION('',(1.,0.,0.));
#2233=DIRECTION('',(0.,-1.,0.));
#2234=AXIS2_PLACEMENT_3D('',#2231,#2233,#2232);
#2235=PLANE('',#2234);
#2236=CARTESIAN_POINT('',(13.4,-42.7,2.0122699386503));
#2237=VERTEX_POINT('',#2236);
#2238=CARTESIAN_POINT('',(16.276079678289,-42.7,2.0122699386503));
#2239=DIRECTION('',(-1.,0.,0.));
#2240=VECTOR('',#2239,2.876079678289);
#2241=LINE('',#2238,#2240);
#2242=EDGE_CURVE('',#2130,#2237,#2241,.T.);
#2243=ORIENTED_EDGE('',*,*,#2242,.T.);
#2244=CARTESIAN_POINT('',(13.4,-42.7,-2.01226993865));
#2245=VERTEX_POINT('',#2244);
#2246=CARTESIAN_POINT('',(13.4,-42.7,2.0122699386503));
#2247=DIRECTION('',(0.,0.,-1.));
#2248=VECTOR('',#2247,4.0245398773003);
#2249=LINE('',#2246,#2248);
#2250=EDGE_CURVE('',#2237,#2245,#2249,.T.);
#2251=ORIENTED_EDGE('',*,*,#2250,.T.);
#2252=CARTESIAN_POINT('',(13.4,-42.7,-2.01226993865));
#2253=DIRECTION('',(1.,0.,0.));
#2254=VECTOR('',#2253,2.876079678289);
#2255=LINE('',#2252,#2254);
#2256=EDGE_CURVE('',#2245,#1966,#2255,.T.);
#2257=ORIENTED_EDGE('',*,*,#2256,.T.);
#2258=ORIENTED_EDGE('',*,*,#1972,.F.);
#2259=ORIENTED_EDGE('',*,*,#2142,.F.);
#2260=EDGE_LOOP('',(#2243,#2251,#2257,#2258,#2259));
#2261=FACE_OUTER_BOUND('',#2260,.T.);
#2262=ADVANCED_FACE('',(#2261),#2235,.T.);
#2263=CARTESIAN_POINT('',(14.838039839144,-44.7,-2.01226993865));
#2264=DIRECTION('',(1.,0.,0.));
#2265=DIRECTION('',(-0.,2.2204460492503E-16,1.));
#2266=AXIS2_PLACEMENT_3D('',#2263,#2265,#2264);
#2267=PLANE('',#2266);
#2268=CARTESIAN_POINT('',(13.4,-46.7,-2.01226993865));
#2269=VERTEX_POINT('',#2268);
#2270=CARTESIAN_POINT('',(14.451144877953,-46.7,-2.01226993865));
#2271=VERTEX_POINT('',#2270);
#2272=CARTESIAN_POINT('',(13.4,-46.7,-2.01226993865));
#2273=DIRECTION('',(1.,0.,0.));
#2274=VECTOR('',#2273,1.051144877953);
#2275=LINE('',#2272,#2274);
#2276=EDGE_CURVE('',#2269,#2271,#2275,.T.);
#2277=ORIENTED_EDGE('',*,*,#2276,.T.);
#2278=CARTESIAN_POINT('',(14.451144877953,-46.7,-2.01226993865));
#2279=DIRECTION('',(1.,0.,0.));
#2280=VECTOR('',#2279,1.824934800336);
#2281=LINE('',#2278,#2280);
#2282=EDGE_CURVE('',#2271,#1975,#2281,.T.);
#2283=ORIENTED_EDGE('',*,*,#2282,.T.);
#2284=ORIENTED_EDGE('',*,*,#1980,.F.);
#2285=ORIENTED_EDGE('',*,*,#2256,.F.);
#2286=CARTESIAN_POINT('',(13.4,-42.7,-2.01226993865));
#2287=DIRECTION('',(0.,-1.,0.));
#2288=VECTOR('',#2287,4.);
#2289=LINE('',#2286,#2288);
#2290=EDGE_CURVE('',#2245,#2269,#2289,.T.);
#2291=ORIENTED_EDGE('',*,*,#2290,.T.);
#2292=EDGE_LOOP('',(#2277,#2283,#2284,#2285,#2291));
#2293=FACE_OUTER_BOUND('',#2292,.T.);
#2294=ADVANCED_FACE('',(#2293),#2267,.T.);
#2295=CARTESIAN_POINT('',(-0.063493563684354,-46.7,-2.1316282072803E-14));
#2296=DIRECTION('',(1.,0.,0.));
#2297=DIRECTION('',(0.,-1.,0.));
#2298=AXIS2_PLACEMENT_3D('',#2295,#2297,#2296);
#2299=PLANE('',#2298);
#2300=ORIENTED_EDGE('',*,*,#2282,.F.);
#2301=CARTESIAN_POINT('',(14.451144877953,-46.7,-2.01226993865));
#2302=DIRECTION('',(0.7068402124448,0.,-0.7073732494737));
#2303=VECTOR('',#2302,2.2009988726801);
#2304=LINE('',#2301,#2303);
#2305=EDGE_CURVE('',#2271,#1983,#2304,.T.);
#2306=ORIENTED_EDGE('',*,*,#2305,.T.);
#2307=ORIENTED_EDGE('',*,*,#1989,.F.);
#2308=EDGE_LOOP('',(#2300,#2306,#2307));
#2309=FACE_OUTER_BOUND('',#2308,.T.);
#2310=ADVANCED_FACE('',(#2309),#2299,.T.);
#2311=CARTESIAN_POINT('',(2.,-44.7,-14.83879597975));
#2312=DIRECTION('',(-2.3149001809498E-16,0.,1.));
#2313=DIRECTION('',(-1.,0.,-2.3149001809498E-16));
#2314=AXIS2_PLACEMENT_3D('',#2311,#2313,#2312);
#2315=PLANE('',#2314);
#2316=CARTESIAN_POINT('',(2.,-46.7,-14.45128095304));
#2317=VERTEX_POINT('',#2316);
#2318=CARTESIAN_POINT('',(2.,-46.7,-16.277591959501));
#2319=DIRECTION('',(0.,0.,1.));
#2320=VECTOR('',#2319,1.826311006461);
#2321=LINE('',#2318,#2320);
#2322=EDGE_CURVE('',#2019,#2317,#2321,.T.);
#2323=ORIENTED_EDGE('',*,*,#2322,.T.);
#2324=CARTESIAN_POINT('',(2.,-46.7,-13.4));
#2325=VERTEX_POINT('',#2324);
#2326=CARTESIAN_POINT('',(2.,-46.7,-14.45128095304));
#2327=DIRECTION('',(0.,0.,1.));
#2328=VECTOR('',#2327,1.05128095304);
#2329=LINE('',#2326,#2328);
#2330=EDGE_CURVE('',#2317,#2325,#2329,.T.);
#2331=ORIENTED_EDGE('',*,*,#2330,.T.);
#2332=CARTESIAN_POINT('',(2.,-42.7,-13.4));
#2333=VERTEX_POINT('',#2332);
#2334=CARTESIAN_POINT('',(2.,-46.7,-13.4));
#2335=DIRECTION('',(0.,1.,0.));
#2336=VECTOR('',#2335,4.);
#2337=LINE('',#2334,#2336);
#2338=EDGE_CURVE('',#2325,#2333,#2337,.T.);
#2339=ORIENTED_EDGE('',*,*,#2338,.T.);
#2340=CARTESIAN_POINT('',(2.,-42.7,-13.4));
#2341=DIRECTION('',(0.,0.,-1.));
#2342=VECTOR('',#2341,2.877591959501);
#2343=LINE('',#2340,#2342);
#2344=EDGE_CURVE('',#2333,#2028,#2343,.T.);
#2345=ORIENTED_EDGE('',*,*,#2344,.T.);
#2346=ORIENTED_EDGE('',*,*,#2033,.F.);
#2347=EDGE_LOOP('',(#2323,#2331,#2339,#2345,#2346));
#2348=FACE_OUTER_BOUND('',#2347,.T.);
#2349=ADVANCED_FACE('',(#2348),#2315,.T.);
#2350=CARTESIAN_POINT('',(1.7763568394003E-15,-42.7,-14.523328553092));
#2351=DIRECTION('',(1.,0.,0.));
#2352=DIRECTION('',(0.,-1.,0.));
#2353=AXIS2_PLACEMENT_3D('',#2350,#2352,#2351);
#2354=PLANE('',#2353);
#2355=ORIENTED_EDGE('',*,*,#2042,.F.);
#2356=ORIENTED_EDGE('',*,*,#2344,.F.);
#2357=CARTESIAN_POINT('',(-2.,-42.7,-13.4));
#2358=VERTEX_POINT('',#2357);
#2359=CARTESIAN_POINT('',(2.,-42.7,-13.4));
#2360=DIRECTION('',(-1.,0.,0.));
#2361=VECTOR('',#2360,4.);
#2362=LINE('',#2359,#2361);
#2363=EDGE_CURVE('',#2333,#2358,#2362,.T.);
#2364=ORIENTED_EDGE('',*,*,#2363,.T.);
#2365=CARTESIAN_POINT('',(-2.,-42.7,-13.4));
#2366=DIRECTION('',(0.,0.,-1.));
#2367=VECTOR('',#2366,2.877591959501);
#2368=LINE('',#2365,#2367);
#2369=EDGE_CURVE('',#2358,#2036,#2368,.T.);
#2370=ORIENTED_EDGE('',*,*,#2369,.T.);
#2371=EDGE_LOOP('',(#2355,#2356,#2364,#2370));
#2372=FACE_OUTER_BOUND('',#2371,.T.);
#2373=ADVANCED_FACE('',(#2372),#2354,.T.);
#2374=CARTESIAN_POINT('',(-2.,-44.7,-14.83879597975));
#2375=DIRECTION('',(0.,0.,-1.));
#2376=DIRECTION('',(1.,-0.,0.));
#2377=AXIS2_PLACEMENT_3D('',#2374,#2376,#2375);
#2378=PLANE('',#2377);
#2379=CARTESIAN_POINT('',(-2.,-46.7,-13.4));
#2380=VERTEX_POINT('',#2379);
#2381=CARTESIAN_POINT('',(-2.,-46.7,-13.4));
#2382=DIRECTION('',(0.,0.,-1.));
#2383=VECTOR('',#2382,2.877591959501);
#2384=LINE('',#2381,#2383);
#2385=EDGE_CURVE('',#2380,#2045,#2384,.T.);
#2386=ORIENTED_EDGE('',*,*,#2385,.T.);
#2387=ORIENTED_EDGE('',*,*,#2050,.F.);
#2388=ORIENTED_EDGE('',*,*,#2369,.F.);
#2389=CARTESIAN_POINT('',(-2.,-42.7,-13.4));
#2390=DIRECTION('',(0.,-1.,0.));
#2391=VECTOR('',#2390,4.);
#2392=LINE('',#2389,#2391);
#2393=EDGE_CURVE('',#2358,#2380,#2392,.T.);
#2394=ORIENTED_EDGE('',*,*,#2393,.T.);
#2395=EDGE_LOOP('',(#2386,#2387,#2388,#2394));
#2396=FACE_OUTER_BOUND('',#2395,.T.);
#2397=ADVANCED_FACE('',(#2396),#2378,.T.);
#2398=CARTESIAN_POINT('',(-0.063493563684354,-46.7,-2.1316282072803E-14));
#2399=DIRECTION('',(1.,0.,0.));
#2400=DIRECTION('',(0.,-1.,0.));
#2401=AXIS2_PLACEMENT_3D('',#2398,#2400,#2399);
#2402=PLANE('',#2401);
#2403=CARTESIAN_POINT('',(13.4,-46.7,2.0122699386503));
#2404=VERTEX_POINT('',#2403);
#2405=CARTESIAN_POINT('',(13.4,-46.7,2.0122699386503));
#2406=DIRECTION('',(1.,0.,0.));
#2407=VECTOR('',#2406,2.876079678289);
#2408=LINE('',#2405,#2407);
#2409=EDGE_CURVE('',#2404,#2121,#2408,.T.);
#2410=ORIENTED_EDGE('',*,*,#2409,.T.);
#2411=ORIENTED_EDGE('',*,*,#2127,.F.);
#2412=CARTESIAN_POINT('',(2.,-46.7,13.4));
#2413=VERTEX_POINT('',#2412);
#2414=CARTESIAN_POINT('',(2.,-46.7,16.277591959501));
#2415=DIRECTION('',(0.,0.,-1.));
#2416=VECTOR('',#2415,2.877591959501);
#2417=LINE('',#2414,#2416);
#2418=EDGE_CURVE('',#2113,#2413,#2417,.T.);
#2419=ORIENTED_EDGE('',*,*,#2418,.T.);
#2420=CARTESIAN_POINT('',(-2.,-46.7,13.4));
#2421=VERTEX_POINT('',#2420);
#2422=CARTESIAN_POINT('',(2.,-46.7,13.4));
#2423=DIRECTION('',(-1.,0.,0.));
#2424=VECTOR('',#2423,4.);
#2425=LINE('',#2422,#2424);
#2426=EDGE_CURVE('',#2413,#2421,#2425,.T.);
#2427=ORIENTED_EDGE('',*,*,#2426,.T.);
#2428=CARTESIAN_POINT('',(-2.,-46.7,13.4));
#2429=DIRECTION('',(0.,0.,1.));
#2430=VECTOR('',#2429,2.877591959501);
#2431=LINE('',#2428,#2430);
#2432=EDGE_CURVE('',#2421,#2087,#2431,.T.);
#2433=ORIENTED_EDGE('',*,*,#2432,.T.);
#2434=ORIENTED_EDGE('',*,*,#2093,.F.);
#2435=CARTESIAN_POINT('',(-13.4,-46.7,2.0122699386503));
#2436=VERTEX_POINT('',#2435);
#2437=CARTESIAN_POINT('',(-16.276079678289,-46.7,2.0122699386503));
#2438=DIRECTION('',(1.,0.,0.));
#2439=VECTOR('',#2438,2.876079678289);
#2440=LINE('',#2437,#2439);
#2441=EDGE_CURVE('',#2079,#2436,#2440,.T.);
#2442=ORIENTED_EDGE('',*,*,#2441,.T.);
#2443=CARTESIAN_POINT('',(-13.4,-46.7,-2.01226993865));
#2444=VERTEX_POINT('',#2443);
#2445=CARTESIAN_POINT('',(-13.4,-46.7,2.0122699386503));
#2446=DIRECTION('',(0.,0.,-1.));
#2447=VECTOR('',#2446,4.0245398773003);
#2448=LINE('',#2445,#2447);
#2449=EDGE_CURVE('',#2436,#2444,#2448,.T.);
#2450=ORIENTED_EDGE('',*,*,#2449,.T.);
#2451=CARTESIAN_POINT('',(-13.4,-46.7,-2.01226993865));
#2452=DIRECTION('',(-1.,0.,0.));
#2453=VECTOR('',#2452,2.876079678289);
#2454=LINE('',#2451,#2453);
#2455=EDGE_CURVE('',#2444,#2053,#2454,.T.);
#2456=ORIENTED_EDGE('',*,*,#2455,.T.);
#2457=ORIENTED_EDGE('',*,*,#2059,.F.);
#2458=ORIENTED_EDGE('',*,*,#2385,.F.);
#2459=CARTESIAN_POINT('',(0.94951123365389,-46.7,-13.4));
#2460=VERTEX_POINT('',#2459);
#2461=CARTESIAN_POINT('',(-2.,-46.7,-13.4));
#2462=DIRECTION('',(1.,0.,0.));
#2463=VECTOR('',#2462,2.9495112336539);
#2464=LINE('',#2461,#2463);
#2465=EDGE_CURVE('',#2380,#2460,#2464,.T.);
#2466=ORIENTED_EDGE('',*,*,#2465,.T.);
#2467=CARTESIAN_POINT('',(-0.9942670232759,-46.7,-11.45475591562));
#2468=VERTEX_POINT('',#2467);
#2469=CARTESIAN_POINT('',(0.94951123365389,-46.7,-13.4));
#2470=DIRECTION('',(-0.70684021244496,0.,0.70737324947355));
#2471=VECTOR('',#2470,2.7499542650612);
#2472=LINE('',#2469,#2471);
#2473=EDGE_CURVE('',#2460,#2468,#2472,.T.);
#2474=ORIENTED_EDGE('',*,*,#2473,.T.);
#2475=CARTESIAN_POINT('',(11.45550216746,-46.7,0.98563182341003));
#2476=VERTEX_POINT('',#2475);
#2477=CARTESIAN_POINT('',(-0.9942670232759,-46.7,-11.45475591562));
#2478=DIRECTION('',(0.70737324947362,0.,0.70684021244488));
#2479=VECTOR('',#2478,17.6);
#2480=LINE('',#2477,#2479);
#2481=EDGE_CURVE('',#2468,#2476,#2480,.T.);
#2482=ORIENTED_EDGE('',*,*,#2481,.T.);
#2483=CARTESIAN_POINT('',(13.4,-46.7,-0.96033237922163));
#2484=VERTEX_POINT('',#2483);
#2485=CARTESIAN_POINT('',(11.45550216746,-46.7,0.98563182341003));
#2486=DIRECTION('',(0.70684021244487,0.,-0.70737324947364));
#2487=VECTOR('',#2486,2.7509722824261);
#2488=LINE('',#2485,#2487);
#2489=EDGE_CURVE('',#2476,#2484,#2488,.T.);
#2490=ORIENTED_EDGE('',*,*,#2489,.T.);
#2491=CARTESIAN_POINT('',(13.4,-46.7,-0.96033237922163));
#2492=DIRECTION('',(0.,0.,1.));
#2493=VECTOR('',#2492,2.9726023178719);
#2494=LINE('',#2491,#2493);
#2495=EDGE_CURVE('',#2484,#2404,#2494,.T.);
#2496=ORIENTED_EDGE('',*,*,#2495,.T.);
#2497=EDGE_LOOP('',(#2410,#2411,#2419,#2427,#2433,#2434,#2442,#2450,#2456,#2457,#2458,#2466,#2474,#2482,#2490,#2496));
#2498=FACE_OUTER_BOUND('',#2497,.T.);
#2499=ADVANCED_FACE('',(#2498),#2402,.T.);
#2500=CARTESIAN_POINT('',(-14.838039839144,-44.7,-2.01226993865));
#2501=DIRECTION('',(1.,0.,-4.6322347729333E-16));
#2502=DIRECTION('',(4.6322347729333E-16,1.1102230246252E-16,1.));
#2503=AXIS2_PLACEMENT_3D('',#2500,#2502,#2501);
#2504=PLANE('',#2503);
#2505=ORIENTED_EDGE('',*,*,#2455,.F.);
#2506=CARTESIAN_POINT('',(-13.4,-42.7,-2.01226993865));
#2507=VERTEX_POINT('',#2506);
#2508=CARTESIAN_POINT('',(-13.4,-46.7,-2.01226993865));
#2509=DIRECTION('',(0.,1.,0.));
#2510=VECTOR('',#2509,4.);
#2511=LINE('',#2508,#2510);
#2512=EDGE_CURVE('',#2444,#2507,#2511,.T.);
#2513=ORIENTED_EDGE('',*,*,#2512,.T.);
#2514=CARTESIAN_POINT('',(-13.4,-42.7,-2.01226993865));
#2515=DIRECTION('',(-1.,0.,0.));
#2516=VECTOR('',#2515,2.876079678289);
#2517=LINE('',#2514,#2516);
#2518=EDGE_CURVE('',#2507,#2062,#2517,.T.);
#2519=ORIENTED_EDGE('',*,*,#2518,.T.);
#2520=ORIENTED_EDGE('',*,*,#2067,.F.);
#2521=EDGE_LOOP('',(#2505,#2513,#2519,#2520));
#2522=FACE_OUTER_BOUND('',#2521,.T.);
#2523=ADVANCED_FACE('',(#2522),#2504,.T.);
#2524=CARTESIAN_POINT('',(-14.51259386862,-42.7,1.4876988529977E-13));
#2525=DIRECTION('',(1.,0.,0.));
#2526=DIRECTION('',(0.,-1.,0.));
#2527=AXIS2_PLACEMENT_3D('',#2524,#2526,#2525);
#2528=PLANE('',#2527);
#2529=ORIENTED_EDGE('',*,*,#2518,.F.);
#2530=CARTESIAN_POINT('',(-13.4,-42.7,2.0122699386503));
#2531=VERTEX_POINT('',#2530);
#2532=CARTESIAN_POINT('',(-13.4,-42.7,-2.01226993865));
#2533=DIRECTION('',(0.,0.,1.));
#2534=VECTOR('',#2533,4.0245398773003);
#2535=LINE('',#2532,#2534);
#2536=EDGE_CURVE('',#2507,#2531,#2535,.T.);
#2537=ORIENTED_EDGE('',*,*,#2536,.T.);
#2538=CARTESIAN_POINT('',(-13.4,-42.7,2.0122699386503));
#2539=DIRECTION('',(-1.,0.,0.));
#2540=VECTOR('',#2539,2.876079678289);
#2541=LINE('',#2538,#2540);
#2542=EDGE_CURVE('',#2531,#2070,#2541,.T.);
#2543=ORIENTED_EDGE('',*,*,#2542,.T.);
#2544=ORIENTED_EDGE('',*,*,#2076,.F.);
#2545=EDGE_LOOP('',(#2529,#2537,#2543,#2544));
#2546=FACE_OUTER_BOUND('',#2545,.T.);
#2547=ADVANCED_FACE('',(#2546),#2528,.T.);
#2548=CARTESIAN_POINT('',(-14.838039839144,-44.7,2.0122699386503));
#2549=DIRECTION('',(-1.,0.,-1.0808547803511E-15));
#2550=DIRECTION('',(1.0808547803511E-15,-1.1102230246252E-16,-1.));
#2551=AXIS2_PLACEMENT_3D('',#2548,#2550,#2549);
#2552=PLANE('',#2551);
#2553=ORIENTED_EDGE('',*,*,#2441,.F.);
#2554=ORIENTED_EDGE('',*,*,#2084,.F.);
#2555=ORIENTED_EDGE('',*,*,#2542,.F.);
#2556=CARTESIAN_POINT('',(-13.4,-42.7,2.0122699386503));
#2557=DIRECTION('',(0.,-1.,0.));
#2558=VECTOR('',#2557,4.);
#2559=LINE('',#2556,#2558);
#2560=EDGE_CURVE('',#2531,#2436,#2559,.T.);
#2561=ORIENTED_EDGE('',*,*,#2560,.T.);
#2562=EDGE_LOOP('',(#2553,#2554,#2555,#2561));
#2563=FACE_OUTER_BOUND('',#2562,.T.);
#2564=ADVANCED_FACE('',(#2563),#2552,.T.);
#2565=CARTESIAN_POINT('',(-2.,-44.7,14.83879597975));
#2566=DIRECTION('',(0.,0.,-1.));
#2567=DIRECTION('',(1.,-0.,0.));
#2568=AXIS2_PLACEMENT_3D('',#2565,#2567,#2566);
#2569=PLANE('',#2568);
#2570=ORIENTED_EDGE('',*,*,#2432,.F.);
#2571=CARTESIAN_POINT('',(-2.,-42.7,13.4));
#2572=VERTEX_POINT('',#2571);
#2573=CARTESIAN_POINT('',(-2.,-46.7,13.4));
#2574=DIRECTION('',(0.,1.,0.));
#2575=VECTOR('',#2574,4.);
#2576=LINE('',#2573,#2575);
#2577=EDGE_CURVE('',#2421,#2572,#2576,.T.);
#2578=ORIENTED_EDGE('',*,*,#2577,.T.);
#2579=CARTESIAN_POINT('',(-2.,-42.7,13.4));
#2580=DIRECTION('',(0.,0.,1.));
#2581=VECTOR('',#2580,2.877591959501);
#2582=LINE('',#2579,#2581);
#2583=EDGE_CURVE('',#2572,#2096,#2582,.T.);
#2584=ORIENTED_EDGE('',*,*,#2583,.T.);
#2585=ORIENTED_EDGE('',*,*,#2101,.F.);
#2586=EDGE_LOOP('',(#2570,#2578,#2584,#2585));
#2587=FACE_OUTER_BOUND('',#2586,.T.);
#2588=ADVANCED_FACE('',(#2587),#2569,.T.);
#2589=CARTESIAN_POINT('',(1.7763568394003E-15,-42.7,15.4));
#2590=DIRECTION('',(1.,0.,0.));
#2591=DIRECTION('',(0.,-1.,0.));
#2592=AXIS2_PLACEMENT_3D('',#2589,#2591,#2590);
#2593=PLANE('',#2592);
#2594=ORIENTED_EDGE('',*,*,#2110,.F.);
#2595=ORIENTED_EDGE('',*,*,#2583,.F.);
#2596=CARTESIAN_POINT('',(2.,-42.7,13.4));
#2597=VERTEX_POINT('',#2596);
#2598=CARTESIAN_POINT('',(-2.,-42.7,13.4));
#2599=DIRECTION('',(1.,0.,0.));
#2600=VECTOR('',#2599,4.);
#2601=LINE('',#2598,#2600);
#2602=EDGE_CURVE('',#2572,#2597,#2601,.T.);
#2603=ORIENTED_EDGE('',*,*,#2602,.T.);
#2604=CARTESIAN_POINT('',(2.,-42.7,13.4));
#2605=DIRECTION('',(0.,0.,1.));
#2606=VECTOR('',#2605,2.877591959501);
#2607=LINE('',#2604,#2606);
#2608=EDGE_CURVE('',#2597,#2104,#2607,.T.);
#2609=ORIENTED_EDGE('',*,*,#2608,.T.);
#2610=EDGE_LOOP('',(#2594,#2595,#2603,#2609));
#2611=FACE_OUTER_BOUND('',#2610,.T.);
#2612=ADVANCED_FACE('',(#2611),#2593,.T.);
#2613=CARTESIAN_POINT('',(2.,-44.7,14.83879597975));
#2614=DIRECTION('',(-1.2346134298399E-15,0.,1.));
#2615=DIRECTION('',(-1.,0.,-1.2346134298399E-15));
#2616=AXIS2_PLACEMENT_3D('',#2613,#2615,#2614);
#2617=PLANE('',#2616);
#2618=ORIENTED_EDGE('',*,*,#2418,.F.);
#2619=ORIENTED_EDGE('',*,*,#2118,.F.);
#2620=ORIENTED_EDGE('',*,*,#2608,.F.);
#2621=CARTESIAN_POINT('',(2.,-42.7,13.4));
#2622=DIRECTION('',(0.,-1.,0.));
#2623=VECTOR('',#2622,4.);
#2624=LINE('',#2621,#2623);
#2625=EDGE_CURVE('',#2597,#2413,#2624,.T.);
#2626=ORIENTED_EDGE('',*,*,#2625,.T.);
#2627=EDGE_LOOP('',(#2618,#2619,#2620,#2626));
#2628=FACE_OUTER_BOUND('',#2627,.T.);
#2629=ADVANCED_FACE('',(#2628),#2617,.T.);
#2630=CARTESIAN_POINT('',(14.838039839144,-44.7,2.0122699386503));
#2631=DIRECTION('',(-1.,0.,-1.38967043188E-15));
#2632=DIRECTION('',(1.38967043188E-15,-1.1102230246252E-16,-1.));
#2633=AXIS2_PLACEMENT_3D('',#2630,#2632,#2631);
#2634=PLANE('',#2633);
#2635=ORIENTED_EDGE('',*,*,#2409,.F.);
#2636=CARTESIAN_POINT('',(13.4,-46.7,2.0122699386503));
#2637=DIRECTION('',(0.,1.,0.));
#2638=VECTOR('',#2637,4.);
#2639=LINE('',#2636,#2638);
#2640=EDGE_CURVE('',#2404,#2237,#2639,.T.);
#2641=ORIENTED_EDGE('',*,*,#2640,.T.);
#2642=ORIENTED_EDGE('',*,*,#2242,.F.);
#2643=ORIENTED_EDGE('',*,*,#2135,.F.);
#2644=EDGE_LOOP('',(#2635,#2641,#2642,#2643));
#2645=FACE_OUTER_BOUND('',#2644,.T.);
#2646=ADVANCED_FACE('',(#2645),#2634,.T.);
#2647=CARTESIAN_POINT('',(-0.063493563684354,-46.7,-2.1316282072803E-14));
#2648=DIRECTION('',(1.,0.,0.));
#2649=DIRECTION('',(0.,-1.,0.));
#2650=AXIS2_PLACEMENT_3D('',#2647,#2649,#2648);
#2651=PLANE('',#2650);
#2652=ORIENTED_EDGE('',*,*,#2025,.F.);
#2653=CARTESIAN_POINT('',(3.5571301979736,-46.7,-16.009585402335));
#2654=DIRECTION('',(-0.70684021244508,0.,0.70737324947343));
#2655=VECTOR('',#2654,2.202945121907);
#2656=LINE('',#2653,#2655);
#2657=EDGE_CURVE('',#2010,#2317,#2656,.T.);
#2658=ORIENTED_EDGE('',*,*,#2657,.T.);
#2659=ORIENTED_EDGE('',*,*,#2322,.F.);
#2660=EDGE_LOOP('',(#2652,#2658,#2659));
#2661=FACE_OUTER_BOUND('',#2660,.T.);
#2662=ADVANCED_FACE('',(#2661),#2651,.T.);
#2663=CARTESIAN_POINT('',(4.0918815464185,-46.7,-16.070113020999));
#2664=DIRECTION('',(-1.3206892488521E-15,0.,-1.));
#2665=DIRECTION('',(0.,1.,0.));
#2666=AXIS2_PLACEMENT_3D('',#2663,#2665,#2664);
#2667=PLANE('',#2666);
#2668=CARTESIAN_POINT('',(3.9536144638382,-46.7,-16.406368661935));
#2669=VERTEX_POINT('',#2668);
#2670=CARTESIAN_POINT('',(3.9536144638382,-46.7,-16.406368661935));
#2671=DIRECTION('',(-0.70684021244434,0.,0.70737324947417));
#2672=VECTOR('',#2671,0.56092488639478);
#2673=LINE('',#2670,#2672);
#2674=EDGE_CURVE('',#2669,#2010,#2673,.T.);
#2675=ORIENTED_EDGE('',*,*,#2674,.T.);
#2676=ORIENTED_EDGE('',*,*,#2016,.F.);
#2677=CARTESIAN_POINT('',(4.6266328948633,-46.7,-15.733857380063));
#2678=DIRECTION('',(-0.70737324947335,0.,-0.70684021244515));
#2679=VECTOR('',#2678,0.95143325185985);
#2680=LINE('',#2677,#2679);
#2681=EDGE_CURVE('',#2001,#2669,#2680,.T.);
#2682=ORIENTED_EDGE('',*,*,#2681,.T.);
#2683=EDGE_LOOP('',(#2675,#2676,#2682));
#2684=FACE_OUTER_BOUND('',#2683,.T.);
#2685=ADVANCED_FACE('',(#2684),#2667,.T.);
#2686=CARTESIAN_POINT('',(-0.063493563684354,-46.7,-2.1316282072803E-14));
#2687=DIRECTION('',(1.,0.,0.));
#2688=DIRECTION('',(0.,-1.,0.));
#2689=AXIS2_PLACEMENT_3D('',#2686,#2688,#2687);
#2690=PLANE('',#2689);
#2691=ORIENTED_EDGE('',*,*,#2007,.F.);
#2692=CARTESIAN_POINT('',(15.730365223549,-46.7,-4.6384922047771));
#2693=DIRECTION('',(-0.70737324947366,0.,-0.70684021244484));
#2694=VECTOR('',#2693,15.69713349628);
#2695=LINE('',#2692,#2694);
#2696=EDGE_CURVE('',#1992,#2001,#2695,.T.);
#2697=ORIENTED_EDGE('',*,*,#2696,.T.);
#2698=EDGE_LOOP('',(#2691,#2697));
#2699=FACE_OUTER_BOUND('',#2698,.T.);
#2700=ADVANCED_FACE('',(#2699),#2690,.T.);
#2701=CARTESIAN_POINT('',(16.066874439061,-46.7,-4.1038449340416));
#2702=DIRECTION('',(0.,0.,-1.));
#2703=DIRECTION('',(0.,1.,0.));
#2704=AXIS2_PLACEMENT_3D('',#2701,#2703,#2702);
#2705=PLANE('',#2704);
#2706=CARTESIAN_POINT('',(16.403383654574,-46.7,-3.9659809229054));
#2707=VERTEX_POINT('',#2706);
#2708=CARTESIAN_POINT('',(16.403383654574,-46.7,-3.9659809229054));
#2709=DIRECTION('',(-0.70737324947346,0.,-0.70684021244505));
#2710=VECTOR('',#2709,0.95143325185957);
#2711=LINE('',#2708,#2710);
#2712=EDGE_CURVE('',#2707,#1992,#2711,.T.);
#2713=ORIENTED_EDGE('',*,*,#2712,.T.);
#2714=ORIENTED_EDGE('',*,*,#1998,.F.);
#2715=CARTESIAN_POINT('',(16.006899388709,-46.7,-3.5691976633057));
#2716=DIRECTION('',(0.70684021244496,0.,-0.70737324947354));
#2717=VECTOR('',#2716,0.56092488639485);
#2718=LINE('',#2715,#2717);
#2719=EDGE_CURVE('',#1983,#2707,#2718,.T.);
#2720=ORIENTED_EDGE('',*,*,#2719,.T.);
#2721=EDGE_LOOP('',(#2713,#2714,#2720));
#2722=FACE_OUTER_BOUND('',#2721,.T.);
#2723=ADVANCED_FACE('',(#2722),#2705,.T.);
#2724=CARTESIAN_POINT('',(-7.875,-0.7,13.639900109605));
#2725=DIRECTION('',(9.7046601151073E-15,-1.5209092614251E-16,-1.));
#2726=DIRECTION('',(1.8368488181681E-30,1.,-1.5209092614251E-16));
#2727=AXIS2_PLACEMENT_3D('',#2724,#2726,#2725);
#2728=TOROIDAL_SURFACE('',#2727,1.5,0.2);
#2729=CARTESIAN_POINT('',(-7.875,-0.5,12.139900109605));
#2730=VERTEX_POINT('',#2729);
#2731=CARTESIAN_POINT('',(-7.875,-0.7,12.139900109605));
#2732=DIRECTION('',(-8.8817841970013E-15,1.,0.));
#2733=DIRECTION('',(-1.,-1.3401577416545E-14,1.3401577416545E-14));
#2734=AXIS2_PLACEMENT_3D('',#2731,#2733,#2732);
#2735=CIRCLE('',#2734,0.2);
#2736=EDGE_CURVE('',#2730,#2161,#2735,.T.);
#2737=ORIENTED_EDGE('',*,*,#2736,.T.);
#2738=ORIENTED_EDGE('',*,*,#2175,.F.);
#2739=ORIENTED_EDGE('',*,*,#2736,.F.);
#2740=CARTESIAN_POINT('',(-7.875,-0.5,13.639900109605));
#2741=DIRECTION('',(-4.1869132231567E-16,-0.,-1.));
#2742=DIRECTION('',(0.,-1.,0.));
#2743=AXIS2_PLACEMENT_3D('',#2740,#2742,#2741);
#2744=CIRCLE('',#2743,1.5);
#2745=EDGE_CURVE('',#2730,#2730,#2744,.T.);
#2746=ORIENTED_EDGE('',*,*,#2745,.T.);
#2747=EDGE_LOOP('',(#2737,#2738,#2739,#2746));
#2748=FACE_OUTER_BOUND('',#2747,.T.);
#2749=ADVANCED_FACE('',(#2748),#2728,.T.);
#2750=CARTESIAN_POINT('',(-7.875,-0.7,-13.639900109605));
#2751=DIRECTION('',(3.77431608842E-14,1.7743941383293E-16,-1.));
#2752=DIRECTION('',(-3.431053145978E-17,1.,1.7743941383293E-16));
#2753=AXIS2_PLACEMENT_3D('',#2750,#2752,#2751);
#2754=TOROIDAL_SURFACE('',#2753,1.5,0.2);
#2755=CARTESIAN_POINT('',(-7.875,-0.5,-15.139900109605));
#2756=VERTEX_POINT('',#2755);
#2757=CARTESIAN_POINT('',(-7.875,-0.7,-15.139900109605));
#2758=DIRECTION('',(-8.8817841970013E-15,1.,8.8817841970013E-15));
#2759=DIRECTION('',(-1.,-1.3401577416545E-14,1.3401577416545E-14));
#2760=AXIS2_PLACEMENT_3D('',#2757,#2759,#2758);
#2761=CIRCLE('',#2760,0.2);
#2762=EDGE_CURVE('',#2756,#2186,#2761,.T.);
#2763=ORIENTED_EDGE('',*,*,#2762,.T.);
#2764=ORIENTED_EDGE('',*,*,#2200,.F.);
#2765=ORIENTED_EDGE('',*,*,#2762,.F.);
#2766=CARTESIAN_POINT('',(-7.875,-0.5,-13.639900109605));
#2767=DIRECTION('',(8.3738264463135E-16,-0.,-1.));
#2768=DIRECTION('',(0.,-1.,0.));
#2769=AXIS2_PLACEMENT_3D('',#2766,#2768,#2767);
#2770=CIRCLE('',#2769,1.5);
#2771=EDGE_CURVE('',#2756,#2756,#2770,.T.);
#2772=ORIENTED_EDGE('',*,*,#2771,.T.);
#2773=EDGE_LOOP('',(#2763,#2764,#2765,#2772));
#2774=FACE_OUTER_BOUND('',#2773,.T.);
#2775=ADVANCED_FACE('',(#2774),#2754,.T.);
#2776=CARTESIAN_POINT('',(15.75,-0.5,0.45551362713292));
#2777=DIRECTION('',(0.,0.,-1.));
#2778=DIRECTION('',(7.4014868308343E-17,1.,0.));
#2779=AXIS2_PLACEMENT_3D('',#2776,#2778,#2777);
#2780=PLANE('',#2779);
#2781=ORIENTED_EDGE('',*,*,#2226,.F.);
#2782=EDGE_LOOP('',(#2781));
#2783=FACE_OUTER_BOUND('',#2782,.T.);
#2784=CARTESIAN_POINT('',(15.966987298108,-0.5,1.3758330249198));
#2785=VERTEX_POINT('',#2784);
#2786=CARTESIAN_POINT('',(15.666987298108,-0.5,0.85621778264912));
#2787=VERTEX_POINT('',#2786);
#2788=CARTESIAN_POINT('',(15.966987298108,-0.5,1.3758330249198));
#2789=DIRECTION('',(-0.49999999999999,0.,-0.86602540378445));
#2790=VECTOR('',#2789,0.60000000000002);
#2791=LINE('',#2788,#2790);
#2792=EDGE_CURVE('',#2785,#2787,#2791,.T.);
#2793=ORIENTED_EDGE('',*,*,#2792,.T.);
#2794=CARTESIAN_POINT('',(15.393782217351,-0.5,0.78301270189224));
#2795=VERTEX_POINT('',#2794);
#2796=CARTESIAN_POINT('',(15.493782217351,-0.5,0.95621778264912));
#2797=DIRECTION('',(0.86602540378458,2.775557561563E-16,-0.49999999999975));
#2798=DIRECTION('',(4.6740201653122E-16,1.,2.3694099832911E-15));
#2799=AXIS2_PLACEMENT_3D('',#2796,#2798,#2797);
#2800=CIRCLE('',#2799,0.19999999999999);
#2801=EDGE_CURVE('',#2787,#2795,#2800,.T.);
#2802=ORIENTED_EDGE('',*,*,#2801,.T.);
#2803=CARTESIAN_POINT('',(14.87416697508,-0.5,1.0830127018922));
#2804=VERTEX_POINT('',#2803);
#2805=CARTESIAN_POINT('',(15.393782217351,-0.5,0.78301270189224));
#2806=DIRECTION('',(-0.86602540378461,0.,0.49999999999971));
#2807=VECTOR('',#2806,0.60000000000027);
#2808=LINE('',#2805,#2807);
#2809=EDGE_CURVE('',#2795,#2804,#2808,.T.);
#2810=ORIENTED_EDGE('',*,*,#2809,.T.);
#2811=CARTESIAN_POINT('',(14.37416697508,-0.5,0.2169872981078));
#2812=VERTEX_POINT('',#2811);
#2813=CARTESIAN_POINT('',(14.87416697508,-0.5,1.0830127018922));
#2814=DIRECTION('',(-0.50000000000002,0.,-0.86602540378443));
#2815=VECTOR('',#2814,0.99999999999997);
#2816=LINE('',#2813,#2815);
#2817=EDGE_CURVE('',#2804,#2812,#2816,.T.);
#2818=ORIENTED_EDGE('',*,*,#2817,.T.);
#2819=CARTESIAN_POINT('',(14.893782217351,-0.5,-0.083012701892203));
#2820=VERTEX_POINT('',#2819);
#2821=CARTESIAN_POINT('',(14.37416697508,-0.5,0.2169872981078));
#2822=DIRECTION('',(0.86602540378458,0.,-0.49999999999976));
#2823=VECTOR('',#2822,0.60000000000029);
#2824=LINE('',#2821,#2823);
#2825=EDGE_CURVE('',#2812,#2820,#2824,.T.);
#2826=ORIENTED_EDGE('',*,*,#2825,.T.);
#2827=CARTESIAN_POINT('',(14.966987298108,-0.5,-0.35621778264909));
#2828=VERTEX_POINT('',#2827);
#2829=CARTESIAN_POINT('',(14.793782217351,-0.5,-0.25621778264909));
#2830=DIRECTION('',(0.50000000000001,0.,0.86602540378443));
#2831=DIRECTION('',(-2.2883619002226E-16,1.,-6.1316472315513E-17));
#2832=AXIS2_PLACEMENT_3D('',#2829,#2831,#2830);
#2833=CIRCLE('',#2832,0.2000000000001);
#2834=EDGE_CURVE('',#2820,#2828,#2833,.T.);
#2835=ORIENTED_EDGE('',*,*,#2834,.T.);
#2836=CARTESIAN_POINT('',(14.666987298108,-0.5,-0.87583302491975));
#2837=VERTEX_POINT('',#2836);
#2838=CARTESIAN_POINT('',(14.966987298108,-0.5,-0.35621778264909));
#2839=DIRECTION('',(-0.5,0.,-0.86602540378444));
#2840=VECTOR('',#2839,0.6);
#2841=LINE('',#2838,#2840);
#2842=EDGE_CURVE('',#2828,#2837,#2841,.T.);
#2843=ORIENTED_EDGE('',*,*,#2842,.T.);
#2844=CARTESIAN_POINT('',(15.533012701892,-0.5,-1.3758330249198));
#2845=VERTEX_POINT('',#2844);
#2846=CARTESIAN_POINT('',(14.666987298108,-0.5,-0.87583302491975));
#2847=DIRECTION('',(0.86602540378431,0.,-0.50000000000023));
#2848=VECTOR('',#2847,0.99999999999965);
#2849=LINE('',#2846,#2848);
#2850=EDGE_CURVE('',#2837,#2845,#2849,.T.);
#2851=ORIENTED_EDGE('',*,*,#2850,.T.);
#2852=CARTESIAN_POINT('',(15.833012701892,-0.5,-0.85621778264909));
#2853=VERTEX_POINT('',#2852);
#2854=CARTESIAN_POINT('',(15.533012701892,-0.5,-1.3758330249198));
#2855=DIRECTION('',(0.49999999999997,0.,0.86602540378446));
#2856=VECTOR('',#2855,0.60000000000004);
#2857=LINE('',#2854,#2856);
#2858=EDGE_CURVE('',#2845,#2853,#2857,.T.);
#2859=ORIENTED_EDGE('',*,*,#2858,.T.);
#2860=CARTESIAN_POINT('',(16.106217782649,-0.5,-0.7830127018922));
#2861=VERTEX_POINT('',#2860);
#2862=CARTESIAN_POINT('',(16.006217782649,-0.5,-0.95621778264908));
#2863=DIRECTION('',(-0.8660254037846,0.,0.49999999999972));
#2864=DIRECTION('',(-0.,1.,0.));
#2865=AXIS2_PLACEMENT_3D('',#2862,#2864,#2863);
#2866=CIRCLE('',#2865,0.2);
#2867=EDGE_CURVE('',#2853,#2861,#2866,.T.);
#2868=ORIENTED_EDGE('',*,*,#2867,.T.);
#2869=CARTESIAN_POINT('',(16.62583302492,-0.5,-1.0830127018922));
#2870=VERTEX_POINT('',#2869);
#2871=CARTESIAN_POINT('',(16.106217782649,-0.5,-0.7830127018922));
#2872=DIRECTION('',(0.86602540378458,0.,-0.49999999999976));
#2873=VECTOR('',#2872,0.60000000000029);
#2874=LINE('',#2871,#2873);
#2875=EDGE_CURVE('',#2861,#2870,#2874,.T.);
#2876=ORIENTED_EDGE('',*,*,#2875,.T.);
#2877=CARTESIAN_POINT('',(17.12583302492,-0.5,-0.21698729810776));
#2878=VERTEX_POINT('',#2877);
#2879=CARTESIAN_POINT('',(16.62583302492,-0.5,-1.0830127018922));
#2880=DIRECTION('',(0.5,0.,0.86602540378444));
#2881=VECTOR('',#2880,1.);
#2882=LINE('',#2879,#2881);
#2883=EDGE_CURVE('',#2870,#2878,#2882,.T.);
#2884=ORIENTED_EDGE('',*,*,#2883,.T.);
#2885=CARTESIAN_POINT('',(16.606217782649,-0.5,0.08301270189224));
#2886=VERTEX_POINT('',#2885);
#2887=CARTESIAN_POINT('',(17.12583302492,-0.5,-0.21698729810776));
#2888=DIRECTION('',(-0.86602540378458,0.,0.49999999999976));
#2889=VECTOR('',#2888,0.60000000000029);
#2890=LINE('',#2887,#2889);
#2891=EDGE_CURVE('',#2878,#2886,#2890,.T.);
#2892=ORIENTED_EDGE('',*,*,#2891,.T.);
#2893=CARTESIAN_POINT('',(16.533012701892,-0.5,0.35621778264912));
#2894=VERTEX_POINT('',#2893);
#2895=CARTESIAN_POINT('',(16.706217782649,-0.5,0.25621778264912));
#2896=DIRECTION('',(-0.50000000000003,-5.551115123123E-16,-0.86602540378442));
#2897=DIRECTION('',(-9.1534476008905E-16,1.,-2.4526588926205E-16));
#2898=AXIS2_PLACEMENT_3D('',#2895,#2897,#2896);
#2899=CIRCLE('',#2898,0.2000000000001);
#2900=EDGE_CURVE('',#2886,#2894,#2899,.T.);
#2901=ORIENTED_EDGE('',*,*,#2900,.T.);
#2902=CARTESIAN_POINT('',(16.833012701892,-0.5,0.87583302491979));
#2903=VERTEX_POINT('',#2902);
#2904=CARTESIAN_POINT('',(16.533012701892,-0.5,0.35621778264912));
#2905=DIRECTION('',(0.49999999999999,0.,0.86602540378444));
#2906=VECTOR('',#2905,0.6);
#2907=LINE('',#2904,#2906);
#2908=EDGE_CURVE('',#2894,#2903,#2907,.T.);
#2909=ORIENTED_EDGE('',*,*,#2908,.T.);
#2910=CARTESIAN_POINT('',(16.833012701892,-0.5,0.87583302491979));
#2911=DIRECTION('',(-0.86602540378432,0.,0.5000000000002));
#2912=VECTOR('',#2911,0.99999999999962);
#2913=LINE('',#2910,#2912);
#2914=EDGE_CURVE('',#2903,#2785,#2913,.T.);
#2915=ORIENTED_EDGE('',*,*,#2914,.T.);
#2916=EDGE_LOOP('',(#2793,#2802,#2810,#2818,#2826,#2835,#2843,#2851,#2859,#2868,#2876,#2884,#2892,#2901,#2909,#2915));
#2917=FACE_BOUND('',#2916,.T.);
#2918=ADVANCED_FACE('',(#2783,#2917),#2780,.T.);
#2919=CARTESIAN_POINT('',(13.4,-44.7,1.7053025658242E-13));
#2920=DIRECTION('',(0.,0.,-1.));
#2921=DIRECTION('',(1.,-0.,0.));
#2922=AXIS2_PLACEMENT_3D('',#2919,#2921,#2920);
#2923=PLANE('',#2922);
#2924=ORIENTED_EDGE('',*,*,#2495,.F.);
#2925=CARTESIAN_POINT('',(13.4,-46.7,-0.96033237922163));
#2926=DIRECTION('',(0.,0.,-1.));
#2927=VECTOR('',#2926,1.0519375594284);
#2928=LINE('',#2925,#2927);
#2929=EDGE_CURVE('',#2484,#2269,#2928,.T.);
#2930=ORIENTED_EDGE('',*,*,#2929,.T.);
#2931=ORIENTED_EDGE('',*,*,#2290,.F.);
#2932=ORIENTED_EDGE('',*,*,#2250,.F.);
#2933=ORIENTED_EDGE('',*,*,#2640,.F.);
#2934=EDGE_LOOP('',(#2924,#2930,#2931,#2932,#2933));
#2935=FACE_OUTER_BOUND('',#2934,.T.);
#2936=ADVANCED_FACE('',(#2935),#2923,.T.);
#2937=CARTESIAN_POINT('',(13.925572438976,-46.7,-1.4863011589358));
#2938=DIRECTION('',(0.,0.,-1.));
#2939=DIRECTION('',(-1.3519406328519E-14,1.,0.));
#2940=AXIS2_PLACEMENT_3D('',#2937,#2939,#2938);
#2941=PLANE('',#2940);
#2942=CARTESIAN_POINT('',(13.4,-46.7,-0.96033237922163));
#2943=DIRECTION('',(0.70684021244492,0.,-0.70737324947359));
#2944=VECTOR('',#2943,1.4871039584988);
#2945=LINE('',#2942,#2944);
#2946=EDGE_CURVE('',#2484,#2271,#2945,.T.);
#2947=ORIENTED_EDGE('',*,*,#2946,.T.);
#2948=ORIENTED_EDGE('',*,*,#2276,.F.);
#2949=ORIENTED_EDGE('',*,*,#2929,.F.);
#2950=EDGE_LOOP('',(#2947,#2948,#2949));
#2951=FACE_OUTER_BOUND('',#2950,.T.);
#2952=ADVANCED_FACE('',(#2951),#2941,.T.);
#2953=CARTESIAN_POINT('',(13.929442911017,-49.6,-1.4901745497477));
#2954=DIRECTION('',(-0.70684021244487,0.,0.70737324947363));
#2955=DIRECTION('',(0.70737324947363,0.,0.70684021244487));
#2956=AXIS2_PLACEMENT_3D('',#2953,#2955,#2954);
#2957=PLANE('',#2956);
#2958=ORIENTED_EDGE('',*,*,#2719,.F.);
#2959=ORIENTED_EDGE('',*,*,#2305,.F.);
#2960=ORIENTED_EDGE('',*,*,#2946,.F.);
#2961=ORIENTED_EDGE('',*,*,#2489,.F.);
#2962=CARTESIAN_POINT('',(11.45550216746,-52.5,0.98563182341003));
#2963=VERTEX_POINT('',#2962);
#2964=CARTESIAN_POINT('',(11.45550216746,-46.7,0.98563182341003));
#2965=DIRECTION('',(0.,-1.,0.));
#2966=VECTOR('',#2965,5.8);
#2967=LINE('',#2964,#2966);
#2968=EDGE_CURVE('',#2476,#2963,#2967,.T.);
#2969=ORIENTED_EDGE('',*,*,#2968,.T.);
#2970=CARTESIAN_POINT('',(16.403383654574,-52.5,-3.9659809229054));
#2971=VERTEX_POINT('',#2970);
#2972=CARTESIAN_POINT('',(11.45550216746,-52.5,0.98563182341003));
#2973=DIRECTION('',(0.70684021244487,0.,-0.70737324947364));
#2974=VECTOR('',#2973,6.9999999999999);
#2975=LINE('',#2972,#2974);
#2976=EDGE_CURVE('',#2963,#2971,#2975,.T.);
#2977=ORIENTED_EDGE('',*,*,#2976,.T.);
#2978=CARTESIAN_POINT('',(16.403383654574,-52.5,-3.9659809229054));
#2979=DIRECTION('',(0.,1.,0.));
#2980=VECTOR('',#2979,5.8);
#2981=LINE('',#2978,#2980);
#2982=EDGE_CURVE('',#2971,#2707,#2981,.T.);
#2983=ORIENTED_EDGE('',*,*,#2982,.T.);
#2984=EDGE_LOOP('',(#2958,#2959,#2960,#2961,#2969,#2977,#2983));
#2985=FACE_OUTER_BOUND('',#2984,.T.);
#2986=ADVANCED_FACE('',(#2985),#2957,.T.);
#2987=CARTESIAN_POINT('',(1.7763568394003E-15,-44.7,-13.4));
#2988=DIRECTION('',(-1.,0.,0.));
#2989=DIRECTION('',(0.,0.,-1.));
#2990=AXIS2_PLACEMENT_3D('',#2987,#2989,#2988);
#2991=PLANE('',#2990);
#2992=CARTESIAN_POINT('',(2.,-46.7,-13.4));
#2993=DIRECTION('',(-1.,0.,0.));
#2994=VECTOR('',#2993,1.0504887663461);
#2995=LINE('',#2992,#2994);
#2996=EDGE_CURVE('',#2325,#2460,#2995,.T.);
#2997=ORIENTED_EDGE('',*,*,#2996,.T.);
#2998=ORIENTED_EDGE('',*,*,#2465,.F.);
#2999=ORIENTED_EDGE('',*,*,#2393,.F.);
#3000=ORIENTED_EDGE('',*,*,#2363,.F.);
#3001=ORIENTED_EDGE('',*,*,#2338,.F.);
#3002=EDGE_LOOP('',(#2997,#2998,#2999,#3000,#3001));
#3003=FACE_OUTER_BOUND('',#3002,.T.);
#3004=ADVANCED_FACE('',(#3003),#2991,.T.);
#3005=CARTESIAN_POINT('',(1.4747556168268,-46.7,-13.925640476519));
#3006=DIRECTION('',(4.2242676286015E-16,6.7588282057624E-15,-1.));
#3007=DIRECTION('',(6.7639251225062E-15,1.,6.7588282057624E-15));
#3008=AXIS2_PLACEMENT_3D('',#3005,#3007,#3006);
#3009=PLANE('',#3008);
#3010=CARTESIAN_POINT('',(2.,-46.7,-14.45128095304));
#3011=DIRECTION('',(-0.70684021244476,0.,0.70737324947375));
#3012=VECTOR('',#3011,1.4861757266367);
#3013=LINE('',#3010,#3012);
#3014=EDGE_CURVE('',#2317,#2460,#3013,.T.);
#3015=ORIENTED_EDGE('',*,*,#3014,.T.);
#3016=ORIENTED_EDGE('',*,*,#2996,.F.);
#3017=ORIENTED_EDGE('',*,*,#2330,.F.);
#3018=EDGE_LOOP('',(#3015,#3016,#3017));
#3019=FACE_OUTER_BOUND('',#3018,.T.);
#3020=ADVANCED_FACE('',(#3019),#3009,.T.);
#3021=CARTESIAN_POINT('',(1.7763568394003E-15,-44.7,13.4));
#3022=DIRECTION('',(1.,0.,0.));
#3023=DIRECTION('',(0.,0.,1.));
#3024=AXIS2_PLACEMENT_3D('',#3021,#3023,#3022);
#3025=PLANE('',#3024);
#3026=ORIENTED_EDGE('',*,*,#2426,.F.);
#3027=ORIENTED_EDGE('',*,*,#2625,.F.);
#3028=ORIENTED_EDGE('',*,*,#2602,.F.);
#3029=ORIENTED_EDGE('',*,*,#2577,.F.);
#3030=EDGE_LOOP('',(#3026,#3027,#3028,#3029));
#3031=FACE_OUTER_BOUND('',#3030,.T.);
#3032=ADVANCED_FACE('',(#3031),#3025,.T.);
#3033=CARTESIAN_POINT('',(-13.4,-44.7,1.4921397450962E-13));
#3034=DIRECTION('',(0.,0.,1.));
#3035=DIRECTION('',(-1.,0.,0.));
#3036=AXIS2_PLACEMENT_3D('',#3033,#3035,#3034);
#3037=PLANE('',#3036);
#3038=ORIENTED_EDGE('',*,*,#2449,.F.);
#3039=ORIENTED_EDGE('',*,*,#2560,.F.);
#3040=ORIENTED_EDGE('',*,*,#2536,.F.);
#3041=ORIENTED_EDGE('',*,*,#2512,.F.);
#3042=EDGE_LOOP('',(#3038,#3039,#3040,#3041));
#3043=FACE_OUTER_BOUND('',#3042,.T.);
#3044=ADVANCED_FACE('',(#3043),#3037,.T.);
#3045=CARTESIAN_POINT('',(1.4796737202812,-49.6,-13.930562288777));
#3046=DIRECTION('',(0.70684021244487,0.,-0.70737324947363));
#3047=DIRECTION('',(-0.70737324947363,-0.,-0.70684021244487));
#3048=AXIS2_PLACEMENT_3D('',#3045,#3047,#3046);
#3049=PLANE('',#3048);
#3050=ORIENTED_EDGE('',*,*,#2473,.F.);
#3051=ORIENTED_EDGE('',*,*,#3014,.F.);
#3052=ORIENTED_EDGE('',*,*,#2657,.F.);
#3053=ORIENTED_EDGE('',*,*,#2674,.F.);
#3054=CARTESIAN_POINT('',(3.9536144638382,-52.5,-16.406368661935));
#3055=VERTEX_POINT('',#3054);
#3056=CARTESIAN_POINT('',(3.9536144638382,-46.7,-16.406368661935));
#3057=DIRECTION('',(0.,-1.,0.));
#3058=VECTOR('',#3057,5.8);
#3059=LINE('',#3056,#3058);
#3060=EDGE_CURVE('',#2669,#3055,#3059,.T.);
#3061=ORIENTED_EDGE('',*,*,#3060,.T.);
#3062=CARTESIAN_POINT('',(-0.9942670232759,-52.5,-11.45475591562));
#3063=VERTEX_POINT('',#3062);
#3064=CARTESIAN_POINT('',(3.9536144638382,-52.5,-16.406368661935));
#3065=DIRECTION('',(-0.7068402124449,0.,0.7073732494736));
#3066=VECTOR('',#3065,6.9999999999997);
#3067=LINE('',#3064,#3066);
#3068=EDGE_CURVE('',#3055,#3063,#3067,.T.);
#3069=ORIENTED_EDGE('',*,*,#3068,.T.);
#3070=CARTESIAN_POINT('',(-0.9942670232759,-52.5,-11.45475591562));
#3071=DIRECTION('',(0.,1.,0.));
#3072=VECTOR('',#3071,5.8);
#3073=LINE('',#3070,#3072);
#3074=EDGE_CURVE('',#3063,#2468,#3073,.T.);
#3075=ORIENTED_EDGE('',*,*,#3074,.T.);
#3076=EDGE_LOOP('',(#3050,#3051,#3052,#3053,#3061,#3069,#3075));
#3077=FACE_OUTER_BOUND('',#3076,.T.);
#3078=ADVANCED_FACE('',(#3077),#3049,.T.);
#3079=CARTESIAN_POINT('',(5.2306175720921,-49.6,-5.2345620461049));
#3080=DIRECTION('',(-0.70737324947363,0.,-0.70684021244487));
#3081=DIRECTION('',(-0.70684021244487,0.,0.70737324947363));
#3082=AXIS2_PLACEMENT_3D('',#3079,#3081,#3080);
#3083=PLANE('',#3082);
#3084=ORIENTED_EDGE('',*,*,#2481,.F.);
#3085=ORIENTED_EDGE('',*,*,#3074,.F.);
#3086=CARTESIAN_POINT('',(-0.9942670232759,-52.5,-11.45475591562));
#3087=DIRECTION('',(0.70737324947362,0.,0.70684021244488));
#3088=VECTOR('',#3087,17.6);
#3089=LINE('',#3086,#3088);
#3090=EDGE_CURVE('',#3063,#2963,#3089,.T.);
#3091=ORIENTED_EDGE('',*,*,#3090,.T.);
#3092=ORIENTED_EDGE('',*,*,#2968,.F.);
#3093=EDGE_LOOP('',(#3084,#3085,#3091,#3092));
#3094=FACE_OUTER_BOUND('',#3093,.T.);
#3095=ADVANCED_FACE('',(#3094),#3083,.T.);
#3096=CARTESIAN_POINT('',(10.178499059206,-49.6,-10.18617479242));
#3097=DIRECTION('',(0.70737324947363,0.,0.70684021244487));
#3098=DIRECTION('',(0.70684021244487,0.,-0.70737324947363));
#3099=AXIS2_PLACEMENT_3D('',#3096,#3098,#3097);
#3100=PLANE('',#3099);
#3101=ORIENTED_EDGE('',*,*,#2982,.F.);
#3102=CARTESIAN_POINT('',(16.403383654574,-52.5,-3.9659809229054));
#3103=DIRECTION('',(-0.70737324947363,0.,-0.70684021244487));
#3104=VECTOR('',#3103,17.6);
#3105=LINE('',#3102,#3104);
#3106=EDGE_CURVE('',#2971,#3055,#3105,.T.);
#3107=ORIENTED_EDGE('',*,*,#3106,.T.);
#3108=ORIENTED_EDGE('',*,*,#3060,.F.);
#3109=ORIENTED_EDGE('',*,*,#2681,.F.);
#3110=ORIENTED_EDGE('',*,*,#2696,.F.);
#3111=ORIENTED_EDGE('',*,*,#2712,.F.);
#3112=EDGE_LOOP('',(#3101,#3107,#3108,#3109,#3110,#3111));
#3113=FACE_OUTER_BOUND('',#3112,.T.);
#3114=ADVANCED_FACE('',(#3113),#3100,.T.);
#3115=CARTESIAN_POINT('',(-7.875,-0.5,14.095413736738));
#3116=DIRECTION('',(0.,0.,-1.));
#3117=DIRECTION('',(9.251858538543E-17,1.,0.));
#3118=AXIS2_PLACEMENT_3D('',#3115,#3117,#3116);
#3119=PLANE('',#3118);
#3120=ORIENTED_EDGE('',*,*,#2745,.F.);
#3121=EDGE_LOOP('',(#3120));
#3122=FACE_OUTER_BOUND('',#3121,.T.);
#3123=CARTESIAN_POINT('',(-8.375,-0.5,14.939900109605));
#3124=VERTEX_POINT('',#3123);
#3125=CARTESIAN_POINT('',(-8.375,-0.5,14.339900109605));
#3126=VERTEX_POINT('',#3125);
#3127=CARTESIAN_POINT('',(-8.375,-0.5,14.939900109605));
#3128=DIRECTION('',(0.,0.,-1.));
#3129=VECTOR('',#3128,0.6);
#3130=LINE('',#3127,#3129);
#3131=EDGE_CURVE('',#3124,#3126,#3130,.T.);
#3132=ORIENTED_EDGE('',*,*,#3131,.T.);
#3133=CARTESIAN_POINT('',(-8.575,-0.5,14.139900109605));
#3134=VERTEX_POINT('',#3133);
#3135=CARTESIAN_POINT('',(-8.575,-0.5,14.339900109605));
#3136=DIRECTION('',(1.,-8.3266726846886E-16,8.8817841970012E-15));
#3137=DIRECTION('',(5.0255915312042E-16,1.,-5.0255915312042E-16));
#3138=AXIS2_PLACEMENT_3D('',#3135,#3137,#3136);
#3139=CIRCLE('',#3138,0.2);
#3140=EDGE_CURVE('',#3126,#3134,#3139,.T.);
#3141=ORIENTED_EDGE('',*,*,#3140,.T.);
#3142=CARTESIAN_POINT('',(-9.175,-0.5,14.139900109605));
#3143=VERTEX_POINT('',#3142);
#3144=CARTESIAN_POINT('',(-8.575,-0.5,14.139900109605));
#3145=DIRECTION('',(-1.,0.,0.));
#3146=VECTOR('',#3145,0.6);
#3147=LINE('',#3144,#3146);
#3148=EDGE_CURVE('',#3134,#3143,#3147,.T.);
#3149=ORIENTED_EDGE('',*,*,#3148,.T.);
#3150=CARTESIAN_POINT('',(-9.175,-0.5,13.139900109605));
#3151=VERTEX_POINT('',#3150);
#3152=CARTESIAN_POINT('',(-9.175,-0.5,14.139900109605));
#3153=DIRECTION('',(0.,0.,-1.));
#3154=VECTOR('',#3153,1.);
#3155=LINE('',#3152,#3154);
#3156=EDGE_CURVE('',#3143,#3151,#3155,.T.);
#3157=ORIENTED_EDGE('',*,*,#3156,.T.);
#3158=CARTESIAN_POINT('',(-8.575,-0.5,13.139900109605));
#3159=VERTEX_POINT('',#3158);
#3160=CARTESIAN_POINT('',(-9.175,-0.5,13.139900109605));
#3161=DIRECTION('',(1.,0.,0.));
#3162=VECTOR('',#3161,0.6);
#3163=LINE('',#3160,#3162);
#3164=EDGE_CURVE('',#3151,#3159,#3163,.T.);
#3165=ORIENTED_EDGE('',*,*,#3164,.T.);
#3166=CARTESIAN_POINT('',(-8.375,-0.5,12.939900109605));
#3167=VERTEX_POINT('',#3166);
#3168=CARTESIAN_POINT('',(-8.575,-0.5,12.939900109605));
#3169=DIRECTION('',(0.,0.,1.));
#3170=DIRECTION('',(0.,1.,0.));
#3171=AXIS2_PLACEMENT_3D('',#3168,#3170,#3169);
#3172=CIRCLE('',#3171,0.2);
#3173=EDGE_CURVE('',#3159,#3167,#3172,.T.);
#3174=ORIENTED_EDGE('',*,*,#3173,.T.);
#3175=CARTESIAN_POINT('',(-8.375,-0.5,12.339900109605));
#3176=VERTEX_POINT('',#3175);
#3177=CARTESIAN_POINT('',(-8.375,-0.5,12.939900109605));
#3178=DIRECTION('',(0.,0.,-1.));
#3179=VECTOR('',#3178,0.6);
#3180=LINE('',#3177,#3179);
#3181=EDGE_CURVE('',#3167,#3176,#3180,.T.);
#3182=ORIENTED_EDGE('',*,*,#3181,.T.);
#3183=CARTESIAN_POINT('',(-7.375,-0.5,12.339900109605));
#3184=VERTEX_POINT('',#3183);
#3185=CARTESIAN_POINT('',(-8.375,-0.5,12.339900109605));
#3186=DIRECTION('',(1.,0.,0.));
#3187=VECTOR('',#3186,1.);
#3188=LINE('',#3185,#3187);
#3189=EDGE_CURVE('',#3176,#3184,#3188,.T.);
#3190=ORIENTED_EDGE('',*,*,#3189,.T.);
#3191=CARTESIAN_POINT('',(-7.375,-0.5,12.939900109605));
#3192=VERTEX_POINT('',#3191);
#3193=CARTESIAN_POINT('',(-7.375,-0.5,12.339900109605));
#3194=DIRECTION('',(0.,0.,1.));
#3195=VECTOR('',#3194,0.6);
#3196=LINE('',#3193,#3195);
#3197=EDGE_CURVE('',#3184,#3192,#3196,.T.);
#3198=ORIENTED_EDGE('',*,*,#3197,.T.);
#3199=CARTESIAN_POINT('',(-7.175,-0.5,13.139900109605));
#3200=VERTEX_POINT('',#3199);
#3201=CARTESIAN_POINT('',(-7.175,-0.5,12.939900109605));
#3202=DIRECTION('',(-1.,2.7755575615629E-16,-8.8817841970014E-15));
#3203=DIRECTION('',(3.0629759578495E-16,1.,-2.8741839628662E-17));
#3204=AXIS2_PLACEMENT_3D('',#3201,#3203,#3202);
#3205=CIRCLE('',#3204,0.2);
#3206=EDGE_CURVE('',#3192,#3200,#3205,.T.);
#3207=ORIENTED_EDGE('',*,*,#3206,.T.);
#3208=CARTESIAN_POINT('',(-6.575,-0.5,13.139900109605));
#3209=VERTEX_POINT('',#3208);
#3210=CARTESIAN_POINT('',(-7.175,-0.5,13.139900109605));
#3211=DIRECTION('',(1.,0.,0.));
#3212=VECTOR('',#3211,0.6);
#3213=LINE('',#3210,#3212);
#3214=EDGE_CURVE('',#3200,#3209,#3213,.T.);
#3215=ORIENTED_EDGE('',*,*,#3214,.T.);
#3216=CARTESIAN_POINT('',(-6.575,-0.5,14.139900109605));
#3217=VERTEX_POINT('',#3216);
#3218=CARTESIAN_POINT('',(-6.575,-0.5,13.139900109605));
#3219=DIRECTION('',(0.,0.,1.));
#3220=VECTOR('',#3219,1.);
#3221=LINE('',#3218,#3220);
#3222=EDGE_CURVE('',#3209,#3217,#3221,.T.);
#3223=ORIENTED_EDGE('',*,*,#3222,.T.);
#3224=CARTESIAN_POINT('',(-7.175,-0.5,14.139900109605));
#3225=VERTEX_POINT('',#3224);
#3226=CARTESIAN_POINT('',(-6.575,-0.5,14.139900109605));
#3227=DIRECTION('',(-1.,0.,0.));
#3228=VECTOR('',#3227,0.6);
#3229=LINE('',#3226,#3228);
#3230=EDGE_CURVE('',#3217,#3225,#3229,.T.);
#3231=ORIENTED_EDGE('',*,*,#3230,.T.);
#3232=CARTESIAN_POINT('',(-7.375,-0.5,14.339900109605));
#3233=VERTEX_POINT('',#3232);
#3234=CARTESIAN_POINT('',(-7.175,-0.5,14.339900109605));
#3235=DIRECTION('',(8.8817841970013E-15,0.,-1.));
#3236=DIRECTION('',(0.,1.,-0.));
#3237=AXIS2_PLACEMENT_3D('',#3234,#3236,#3235);
#3238=CIRCLE('',#3237,0.2);
#3239=EDGE_CURVE('',#3225,#3233,#3238,.T.);
#3240=ORIENTED_EDGE('',*,*,#3239,.T.);
#3241=CARTESIAN_POINT('',(-7.375,-0.5,14.939900109605));
#3242=VERTEX_POINT('',#3241);
#3243=CARTESIAN_POINT('',(-7.375,-0.5,14.339900109605));
#3244=DIRECTION('',(0.,0.,1.));
#3245=VECTOR('',#3244,0.6);
#3246=LINE('',#3243,#3245);
#3247=EDGE_CURVE('',#3233,#3242,#3246,.T.);
#3248=ORIENTED_EDGE('',*,*,#3247,.T.);
#3249=CARTESIAN_POINT('',(-7.375,-0.5,14.939900109605));
#3250=DIRECTION('',(-1.,0.,0.));
#3251=VECTOR('',#3250,1.);
#3252=LINE('',#3249,#3251);
#3253=EDGE_CURVE('',#3242,#3124,#3252,.T.);
#3254=ORIENTED_EDGE('',*,*,#3253,.T.);
#3255=EDGE_LOOP('',(#3132,#3141,#3149,#3157,#3165,#3174,#3182,#3190,#3198,#3207,#3215,#3223,#3231,#3240,#3248,#3254));
#3256=FACE_BOUND('',#3255,.T.);
#3257=ADVANCED_FACE('',(#3122,#3256),#3119,.T.);
#3258=CARTESIAN_POINT('',(-7.875,-0.5,-13.184386482472));
#3259=DIRECTION('',(0.,0.,-1.));
#3260=DIRECTION('',(9.251858538543E-17,1.,0.));
#3261=AXIS2_PLACEMENT_3D('',#3258,#3260,#3259);
#3262=PLANE('',#3261);
#3263=ORIENTED_EDGE('',*,*,#2771,.F.);
#3264=EDGE_LOOP('',(#3263));
#3265=FACE_OUTER_BOUND('',#3264,.T.);
#3266=CARTESIAN_POINT('',(-7.7919872981078,-0.5,-12.783682326956));
#3267=VERTEX_POINT('',#3266);
#3268=CARTESIAN_POINT('',(-8.0919872981078,-0.5,-12.264067084685));
#3269=VERTEX_POINT('',#3268);
#3270=CARTESIAN_POINT('',(-7.7919872981078,-0.5,-12.783682326956));
#3271=DIRECTION('',(-0.49999999999975,0.,0.86602540378458));
#3272=VECTOR('',#3271,0.60000000000029);
#3273=LINE('',#3270,#3272);
#3274=EDGE_CURVE('',#3267,#3269,#3273,.T.);
#3275=ORIENTED_EDGE('',*,*,#3274,.T.);
#3276=CARTESIAN_POINT('',(-8.9580127018922,-0.5,-12.764067084685));
#3277=VERTEX_POINT('',#3276);
#3278=CARTESIAN_POINT('',(-8.0919872981078,-0.5,-12.264067084685));
#3279=DIRECTION('',(-0.86602540378443,0.,-0.50000000000002));
#3280=VECTOR('',#3279,0.99999999999997);
#3281=LINE('',#3278,#3280);
#3282=EDGE_CURVE('',#3269,#3277,#3281,.T.);
#3283=ORIENTED_EDGE('',*,*,#3282,.T.);
#3284=CARTESIAN_POINT('',(-8.6580127018922,-0.5,-13.283682326956));
#3285=VERTEX_POINT('',#3284);
#3286=CARTESIAN_POINT('',(-8.9580127018922,-0.5,-12.764067084685));
#3287=DIRECTION('',(0.49999999999975,0.,-0.86602540378458));
#3288=VECTOR('',#3287,0.60000000000029);
#3289=LINE('',#3286,#3288);
#3290=EDGE_CURVE('',#3277,#3285,#3289,.T.);
#3291=ORIENTED_EDGE('',*,*,#3290,.T.);
#3292=CARTESIAN_POINT('',(-8.7312177826491,-0.5,-13.556887407713));
#3293=VERTEX_POINT('',#3292);
#3294=CARTESIAN_POINT('',(-8.8312177826491,-0.5,-13.383682326956));
#3295=DIRECTION('',(0.86602540378446,-5.5511151231229E-16,0.49999999999996));
#3296=DIRECTION('',(6.3049208456571E-16,1.,4.4877917072309E-16));
#3297=AXIS2_PLACEMENT_3D('',#3294,#3296,#3295);
#3298=CIRCLE('',#3297,0.2000000000001);
#3299=EDGE_CURVE('',#3285,#3293,#3298,.T.);
#3300=ORIENTED_EDGE('',*,*,#3299,.T.);
#3301=CARTESIAN_POINT('',(-9.2508330249197,-0.5,-13.856887407713));
#3302=VERTEX_POINT('',#3301);
#3303=CARTESIAN_POINT('',(-8.7312177826491,-0.5,-13.556887407713));
#3304=DIRECTION('',(-0.86602540378441,0.,-0.50000000000004));
#3305=VECTOR('',#3304,0.59999999999994);
#3306=LINE('',#3303,#3305);
#3307=EDGE_CURVE('',#3293,#3302,#3306,.T.);
#3308=ORIENTED_EDGE('',*,*,#3307,.T.);
#3309=CARTESIAN_POINT('',(-8.7508330249197,-0.5,-14.722912811497));
#3310=VERTEX_POINT('',#3309);
#3311=CARTESIAN_POINT('',(-9.2508330249197,-0.5,-13.856887407713));
#3312=DIRECTION('',(0.50000000000019,0.,-0.86602540378433));
#3313=VECTOR('',#3312,0.99999999999962);
#3314=LINE('',#3311,#3313);
#3315=EDGE_CURVE('',#3302,#3310,#3314,.T.);
#3316=ORIENTED_EDGE('',*,*,#3315,.T.);
#3317=CARTESIAN_POINT('',(-8.2312177826491,-0.5,-14.422912811497));
#3318=VERTEX_POINT('',#3317);
#3319=CARTESIAN_POINT('',(-8.7508330249197,-0.5,-14.722912811497));
#3320=DIRECTION('',(0.86602540378441,0.,0.50000000000005));
#3321=VECTOR('',#3320,0.59999999999995);
#3322=LINE('',#3319,#3321);
#3323=EDGE_CURVE('',#3310,#3318,#3322,.T.);
#3324=ORIENTED_EDGE('',*,*,#3323,.T.);
#3325=CARTESIAN_POINT('',(-7.9580127018922,-0.5,-14.496117892254));
#3326=VERTEX_POINT('',#3325);
#3327=CARTESIAN_POINT('',(-8.1312177826491,-0.5,-14.596117892254));
#3328=DIRECTION('',(-0.49999999999975,2.7755575615627E-16,0.86602540378458));
#3329=DIRECTION('',(-6.1316472315541E-17,1.,-2.2883619002234E-16));
#3330=AXIS2_PLACEMENT_3D('',#3327,#3329,#3328);
#3331=CIRCLE('',#3330,0.20000000000001);
#3332=EDGE_CURVE('',#3318,#3326,#3331,.T.);
#3333=ORIENTED_EDGE('',*,*,#3332,.T.);
#3334=CARTESIAN_POINT('',(-7.6580127018922,-0.5,-15.015733134525));
#3335=VERTEX_POINT('',#3334);
#3336=CARTESIAN_POINT('',(-7.9580127018922,-0.5,-14.496117892254));
#3337=DIRECTION('',(0.49999999999976,0.,-0.86602540378458));
#3338=VECTOR('',#3337,0.60000000000029);
#3339=LINE('',#3336,#3338);
#3340=EDGE_CURVE('',#3326,#3335,#3339,.T.);
#3341=ORIENTED_EDGE('',*,*,#3340,.T.);
#3342=CARTESIAN_POINT('',(-6.7919872981078,-0.5,-14.515733134525));
#3343=VERTEX_POINT('',#3342);
#3344=CARTESIAN_POINT('',(-7.6580127018922,-0.5,-15.015733134525));
#3345=DIRECTION('',(0.86602540378443,0.,0.50000000000002));
#3346=VECTOR('',#3345,0.99999999999997);
#3347=LINE('',#3344,#3346);
#3348=EDGE_CURVE('',#3335,#3343,#3347,.T.);
#3349=ORIENTED_EDGE('',*,*,#3348,.T.);
#3350=CARTESIAN_POINT('',(-7.0919872981078,-0.5,-13.996117892254));
#3351=VERTEX_POINT('',#3350);
#3352=CARTESIAN_POINT('',(-6.7919872981078,-0.5,-14.515733134525));
#3353=DIRECTION('',(-0.49999999999976,0.,0.86602540378458));
#3354=VECTOR('',#3353,0.60000000000029);
#3355=LINE('',#3352,#3354);
#3356=EDGE_CURVE('',#3343,#3351,#3355,.T.);
#3357=ORIENTED_EDGE('',*,*,#3356,.T.);
#3358=CARTESIAN_POINT('',(-7.0187822173509,-0.5,-13.722912811497));
#3359=VERTEX_POINT('',#3358);
#3360=CARTESIAN_POINT('',(-6.9187822173509,-0.5,-13.896117892254));
#3361=DIRECTION('',(-0.86602540378446,5.551115123123E-16,-0.49999999999997));
#3362=DIRECTION('',(1.1770456070969E-15,1.,-2.1081231913253E-16));
#3363=AXIS2_PLACEMENT_3D('',#3360,#3362,#3361);
#3364=CIRCLE('',#3363,0.2000000000001);
#3365=EDGE_CURVE('',#3351,#3359,#3364,.T.);
#3366=ORIENTED_EDGE('',*,*,#3365,.T.);
#3367=CARTESIAN_POINT('',(-6.4991669750802,-0.5,-13.422912811497));
#3368=VERTEX_POINT('',#3367);
#3369=CARTESIAN_POINT('',(-7.0187822173509,-0.5,-13.722912811497));
#3370=DIRECTION('',(0.86602540378445,0.,0.49999999999997));
#3371=VECTOR('',#3370,0.60000000000003);
#3372=LINE('',#3369,#3371);
#3373=EDGE_CURVE('',#3359,#3368,#3372,.T.);
#3374=ORIENTED_EDGE('',*,*,#3373,.T.);
#3375=CARTESIAN_POINT('',(-6.9991669750802,-0.5,-12.556887407713));
#3376=VERTEX_POINT('',#3375);
#3377=CARTESIAN_POINT('',(-6.4991669750802,-0.5,-13.422912811497));
#3378=DIRECTION('',(-0.50000000000019,0.,0.86602540378433));
#3379=VECTOR('',#3378,0.99999999999962);
#3380=LINE('',#3377,#3379);
#3381=EDGE_CURVE('',#3368,#3376,#3380,.T.);
#3382=ORIENTED_EDGE('',*,*,#3381,.T.);
#3383=CARTESIAN_POINT('',(-7.5187822173509,-0.5,-12.856887407713));
#3384=VERTEX_POINT('',#3383);
#3385=CARTESIAN_POINT('',(-6.9991669750802,-0.5,-12.556887407713));
#3386=DIRECTION('',(-0.86602540378445,0.,-0.49999999999997));
#3387=VECTOR('',#3386,0.60000000000003);
#3388=LINE('',#3385,#3387);
#3389=EDGE_CURVE('',#3376,#3384,#3388,.T.);
#3390=ORIENTED_EDGE('',*,*,#3389,.T.);
#3391=CARTESIAN_POINT('',(-7.6187822173509,-0.5,-12.683682326956));
#3392=DIRECTION('',(0.49999999999974,0.,-0.86602540378459));
#3393=DIRECTION('',(6.1316472315541E-17,1.,2.2883619002235E-16));
#3394=AXIS2_PLACEMENT_3D('',#3391,#3393,#3392);
#3395=CIRCLE('',#3394,0.20000000000001);
#3396=EDGE_CURVE('',#3384,#3267,#3395,.T.);
#3397=ORIENTED_EDGE('',*,*,#3396,.T.);
#3398=EDGE_LOOP('',(#3275,#3283,#3291,#3300,#3308,#3316,#3324,#3333,#3341,#3349,#3357,#3366,#3374,#3382,#3390,#3397));
#3399=FACE_BOUND('',#3398,.T.);
#3400=ADVANCED_FACE('',(#3265,#3399),#3262,.T.);
#3401=CARTESIAN_POINT('',(15.816987298108,-1.1,1.1160254037845));
#3402=DIRECTION('',(0.5,0.,0.86602540378444));
#3403=DIRECTION('',(0.86602540378444,0.,-0.5));
#3404=AXIS2_PLACEMENT_3D('',#3401,#3403,#3402);
#3405=PLANE('',#3404);
#3406=ORIENTED_EDGE('',*,*,#2792,.F.);
#3407=CARTESIAN_POINT('',(15.966987298108,-1.7,1.3758330249198));
#3408=VERTEX_POINT('',#3407);
#3409=CARTESIAN_POINT('',(15.966987298108,-0.5,1.3758330249198));
#3410=DIRECTION('',(0.,-1.,0.));
#3411=VECTOR('',#3410,1.2);
#3412=LINE('',#3409,#3411);
#3413=EDGE_CURVE('',#2785,#3408,#3412,.T.);
#3414=ORIENTED_EDGE('',*,*,#3413,.T.);
#3415=CARTESIAN_POINT('',(15.666987298108,-1.7,0.85621778264912));
#3416=VERTEX_POINT('',#3415);
#3417=CARTESIAN_POINT('',(15.966987298108,-1.7,1.3758330249198));
#3418=DIRECTION('',(-0.49999999999999,0.,-0.86602540378445));
#3419=VECTOR('',#3418,0.60000000000002);
#3420=LINE('',#3417,#3419);
#3421=EDGE_CURVE('',#3408,#3416,#3420,.T.);
#3422=ORIENTED_EDGE('',*,*,#3421,.T.);
#3423=CARTESIAN_POINT('',(15.666987298108,-1.7,0.85621778264912));
#3424=DIRECTION('',(0.,1.,0.));
#3425=VECTOR('',#3424,1.2);
#3426=LINE('',#3423,#3425);
#3427=EDGE_CURVE('',#3416,#2787,#3426,.T.);
#3428=ORIENTED_EDGE('',*,*,#3427,.T.);
#3429=EDGE_LOOP('',(#3406,#3414,#3422,#3428));
#3430=FACE_OUTER_BOUND('',#3429,.T.);
#3431=ADVANCED_FACE('',(#3430),#3405,.T.);
#3432=CARTESIAN_POINT('',(15.493782217351,-0.5,0.95621778264915));
#3433=DIRECTION('',(0.8660254104095,-4.9960036108126E-15,-0.49999998852506));
#3434=DIRECTION('',(-1.4802973661669E-15,-1.,6.5688195623655E-15));
#3435=AXIS2_PLACEMENT_3D('',#3432,#3434,#3433);
#3436=CYLINDRICAL_SURFACE('',#3435,0.20000000000003);
#3437=ORIENTED_EDGE('',*,*,#2801,.F.);
#3438=ORIENTED_EDGE('',*,*,#3427,.F.);
#3439=CARTESIAN_POINT('',(15.393782217351,-1.7,0.78301270189224));
#3440=VERTEX_POINT('',#3439);
#3441=CARTESIAN_POINT('',(15.493782217351,-1.7,0.95621778264912));
#3442=DIRECTION('',(0.86602540378458,-3.3306690738756E-15,-0.49999999999975));
#3443=DIRECTION('',(2.8156008192751E-15,1.,-1.2865303070291E-15));
#3444=AXIS2_PLACEMENT_3D('',#3441,#3443,#3442);
#3445=CIRCLE('',#3444,0.19999999999999);
#3446=EDGE_CURVE('',#3416,#3440,#3445,.T.);
#3447=ORIENTED_EDGE('',*,*,#3446,.T.);
#3448=CARTESIAN_POINT('',(15.393782217351,-1.7,0.78301270189224));
#3449=DIRECTION('',(0.,1.,0.));
#3450=VECTOR('',#3449,1.2);
#3451=LINE('',#3448,#3450);
#3452=EDGE_CURVE('',#3440,#2795,#3451,.T.);
#3453=ORIENTED_EDGE('',*,*,#3452,.T.);
#3454=EDGE_LOOP('',(#3437,#3438,#3447,#3453));
#3455=FACE_OUTER_BOUND('',#3454,.T.);
#3456=ADVANCED_FACE('',(#3455),#3436,.T.);
#3457=CARTESIAN_POINT('',(15.133974596216,-1.1,0.93301270189224));
#3458=DIRECTION('',(0.86602540378444,0.,-0.5));
#3459=DIRECTION('',(-0.5,-0.,-0.86602540378444));
#3460=AXIS2_PLACEMENT_3D('',#3457,#3459,#3458);
#3461=PLANE('',#3460);
#3462=ORIENTED_EDGE('',*,*,#2809,.F.);
#3463=ORIENTED_EDGE('',*,*,#3452,.F.);
#3464=CARTESIAN_POINT('',(14.87416697508,-1.7,1.0830127018922));
#3465=VERTEX_POINT('',#3464);
#3466=CARTESIAN_POINT('',(15.393782217351,-1.7,0.78301270189224));
#3467=DIRECTION('',(-0.86602540378461,0.,0.49999999999971));
#3468=VECTOR('',#3467,0.60000000000027);
#3469=LINE('',#3466,#3468);
#3470=EDGE_CURVE('',#3440,#3465,#3469,.T.);
#3471=ORIENTED_EDGE('',*,*,#3470,.T.);
#3472=CARTESIAN_POINT('',(14.87416697508,-1.7,1.0830127018922));
#3473=DIRECTION('',(0.,1.,0.));
#3474=VECTOR('',#3473,1.2);
#3475=LINE('',#3472,#3474);
#3476=EDGE_CURVE('',#3465,#2804,#3475,.T.);
#3477=ORIENTED_EDGE('',*,*,#3476,.T.);
#3478=EDGE_LOOP('',(#3462,#3463,#3471,#3477));
#3479=FACE_OUTER_BOUND('',#3478,.T.);
#3480=ADVANCED_FACE('',(#3479),#3461,.T.);
#3481=CARTESIAN_POINT('',(14.62416697508,-1.1,0.65000000000002));
#3482=DIRECTION('',(0.5,-2.2204460492503E-16,0.86602540378444));
#3483=DIRECTION('',(0.86602540378444,1.3877787807814E-16,-0.5));
#3484=AXIS2_PLACEMENT_3D('',#3481,#3483,#3482);
#3485=PLANE('',#3484);
#3486=ORIENTED_EDGE('',*,*,#2817,.F.);
#3487=ORIENTED_EDGE('',*,*,#3476,.F.);
#3488=CARTESIAN_POINT('',(14.37416697508,-1.7,0.2169872981078));
#3489=VERTEX_POINT('',#3488);
#3490=CARTESIAN_POINT('',(14.87416697508,-1.7,1.0830127018922));
#3491=DIRECTION('',(-0.50000000000002,0.,-0.86602540378443));
#3492=VECTOR('',#3491,0.99999999999997);
#3493=LINE('',#3490,#3492);
#3494=EDGE_CURVE('',#3465,#3489,#3493,.T.);
#3495=ORIENTED_EDGE('',*,*,#3494,.T.);
#3496=CARTESIAN_POINT('',(14.37416697508,-1.7,0.2169872981078));
#3497=DIRECTION('',(0.,1.,0.));
#3498=VECTOR('',#3497,1.2);
#3499=LINE('',#3496,#3498);
#3500=EDGE_CURVE('',#3489,#2812,#3499,.T.);
#3501=ORIENTED_EDGE('',*,*,#3500,.T.);
#3502=EDGE_LOOP('',(#3486,#3487,#3495,#3501));
#3503=FACE_OUTER_BOUND('',#3502,.T.);
#3504=ADVANCED_FACE('',(#3503),#3485,.T.);
#3505=CARTESIAN_POINT('',(14.633974596216,-1.1,0.066987298107797));
#3506=DIRECTION('',(-0.86602540378444,3.70074341541E-16,0.5));
#3507=DIRECTION('',(0.5,5.6086411686187E-16,0.86602540378444));
#3508=AXIS2_PLACEMENT_3D('',#3505,#3507,#3506);
#3509=PLANE('',#3508);
#3510=ORIENTED_EDGE('',*,*,#2825,.F.);
#3511=ORIENTED_EDGE('',*,*,#3500,.F.);
#3512=CARTESIAN_POINT('',(14.893782217351,-1.7,-0.083012701892203));
#3513=VERTEX_POINT('',#3512);
#3514=CARTESIAN_POINT('',(14.37416697508,-1.7,0.2169872981078));
#3515=DIRECTION('',(0.86602540378458,0.,-0.49999999999976));
#3516=VECTOR('',#3515,0.60000000000029);
#3517=LINE('',#3514,#3516);
#3518=EDGE_CURVE('',#3489,#3513,#3517,.T.);
#3519=ORIENTED_EDGE('',*,*,#3518,.T.);
#3520=CARTESIAN_POINT('',(14.893782217351,-1.7,-0.083012701892203));
#3521=DIRECTION('',(0.,1.,0.));
#3522=VECTOR('',#3521,1.2);
#3523=LINE('',#3520,#3522);
#3524=EDGE_CURVE('',#3513,#2820,#3523,.T.);
#3525=ORIENTED_EDGE('',*,*,#3524,.T.);
#3526=EDGE_LOOP('',(#3510,#3511,#3519,#3525));
#3527=FACE_OUTER_BOUND('',#3526,.T.);
#3528=ADVANCED_FACE('',(#3527),#3509,.T.);
#3529=CARTESIAN_POINT('',(14.793782217351,-0.5,-0.25621778264909));
#3530=DIRECTION('',(0.49999968346681,-2.2204460492502E-15,0.86602558653489));
#3531=DIRECTION('',(0.,-1.,-2.4517425127139E-15));
#3532=AXIS2_PLACEMENT_3D('',#3529,#3531,#3530);
#3533=CYLINDRICAL_SURFACE('',#3532,0.20000000000001);
#3534=ORIENTED_EDGE('',*,*,#2834,.F.);
#3535=ORIENTED_EDGE('',*,*,#3524,.F.);
#3536=CARTESIAN_POINT('',(14.966987298108,-1.7,-0.35621778264909));
#3537=VERTEX_POINT('',#3536);
#3538=CARTESIAN_POINT('',(14.793782217351,-1.7,-0.25621778264909));
#3539=DIRECTION('',(0.50000000000001,0.,0.86602540378443));
#3540=DIRECTION('',(0.,1.,0.));
#3541=AXIS2_PLACEMENT_3D('',#3538,#3540,#3539);
#3542=CIRCLE('',#3541,0.2000000000001);
#3543=EDGE_CURVE('',#3513,#3537,#3542,.T.);
#3544=ORIENTED_EDGE('',*,*,#3543,.T.);
#3545=CARTESIAN_POINT('',(14.966987298108,-1.7,-0.35621778264909));
#3546=DIRECTION('',(0.,1.,0.));
#3547=VECTOR('',#3546,1.2);
#3548=LINE('',#3545,#3547);
#3549=EDGE_CURVE('',#3537,#2828,#3548,.T.);
#3550=ORIENTED_EDGE('',*,*,#3549,.T.);
#3551=EDGE_LOOP('',(#3534,#3535,#3544,#3550));
#3552=FACE_OUTER_BOUND('',#3551,.T.);
#3553=ADVANCED_FACE('',(#3552),#3533,.T.);
#3554=CARTESIAN_POINT('',(14.816987298108,-1.1,-0.61602540378442));
#3555=DIRECTION('',(0.5,0.,0.86602540378444));
#3556=DIRECTION('',(0.86602540378444,0.,-0.5));
#3557=AXIS2_PLACEMENT_3D('',#3554,#3556,#3555);
#3558=PLANE('',#3557);
#3559=ORIENTED_EDGE('',*,*,#2842,.F.);
#3560=ORIENTED_EDGE('',*,*,#3549,.F.);
#3561=CARTESIAN_POINT('',(14.666987298108,-1.7,-0.87583302491975));
#3562=VERTEX_POINT('',#3561);
#3563=CARTESIAN_POINT('',(14.966987298108,-1.7,-0.35621778264909));
#3564=DIRECTION('',(-0.5,0.,-0.86602540378444));
#3565=VECTOR('',#3564,0.6);
#3566=LINE('',#3563,#3565);
#3567=EDGE_CURVE('',#3537,#3562,#3566,.T.);
#3568=ORIENTED_EDGE('',*,*,#3567,.T.);
#3569=CARTESIAN_POINT('',(14.666987298108,-1.7,-0.87583302491975));
#3570=DIRECTION('',(0.,1.,0.));
#3571=VECTOR('',#3570,1.2);
#3572=LINE('',#3569,#3571);
#3573=EDGE_CURVE('',#3562,#2837,#3572,.T.);
#3574=ORIENTED_EDGE('',*,*,#3573,.T.);
#3575=EDGE_LOOP('',(#3559,#3560,#3568,#3574));
#3576=FACE_OUTER_BOUND('',#3575,.T.);
#3577=ADVANCED_FACE('',(#3576),#3558,.T.);
#3578=CARTESIAN_POINT('',(15.1,-1.1,-1.1258330249198));
#3579=DIRECTION('',(-0.86602540378444,0.,0.5));
#3580=DIRECTION('',(0.5,0.,0.86602540378444));
#3581=AXIS2_PLACEMENT_3D('',#3578,#3580,#3579);
#3582=PLANE('',#3581);
#3583=ORIENTED_EDGE('',*,*,#2850,.F.);
#3584=ORIENTED_EDGE('',*,*,#3573,.F.);
#3585=CARTESIAN_POINT('',(15.533012701892,-1.7,-1.3758330249198));
#3586=VERTEX_POINT('',#3585);
#3587=CARTESIAN_POINT('',(14.666987298108,-1.7,-0.87583302491975));
#3588=DIRECTION('',(0.86602540378431,0.,-0.50000000000023));
#3589=VECTOR('',#3588,0.99999999999965);
#3590=LINE('',#3587,#3589);
#3591=EDGE_CURVE('',#3562,#3586,#3590,.T.);
#3592=ORIENTED_EDGE('',*,*,#3591,.T.);
#3593=CARTESIAN_POINT('',(15.533012701892,-1.7,-1.3758330249198));
#3594=DIRECTION('',(0.,1.,0.));
#3595=VECTOR('',#3594,1.2);
#3596=LINE('',#3593,#3595);
#3597=EDGE_CURVE('',#3586,#2845,#3596,.T.);
#3598=ORIENTED_EDGE('',*,*,#3597,.T.);
#3599=EDGE_LOOP('',(#3583,#3584,#3592,#3598));
#3600=FACE_OUTER_BOUND('',#3599,.T.);
#3601=ADVANCED_FACE('',(#3600),#3582,.T.);
#3602=CARTESIAN_POINT('',(15.683012701892,-1.1,-1.1160254037844));
#3603=DIRECTION('',(-0.5,3.7007434154165E-16,-0.86602540378444));
#3604=DIRECTION('',(-0.86602540378444,1.4670122950266E-15,0.5));
#3605=AXIS2_PLACEMENT_3D('',#3602,#3604,#3603);
#3606=PLANE('',#3605);
#3607=ORIENTED_EDGE('',*,*,#2858,.F.);
#3608=ORIENTED_EDGE('',*,*,#3597,.F.);
#3609=CARTESIAN_POINT('',(15.833012701892,-1.7,-0.85621778264909));
#3610=VERTEX_POINT('',#3609);
#3611=CARTESIAN_POINT('',(15.533012701892,-1.7,-1.3758330249198));
#3612=DIRECTION('',(0.49999999999997,0.,0.86602540378446));
#3613=VECTOR('',#3612,0.60000000000004);
#3614=LINE('',#3611,#3613);
#3615=EDGE_CURVE('',#3586,#3610,#3614,.T.);
#3616=ORIENTED_EDGE('',*,*,#3615,.T.);
#3617=CARTESIAN_POINT('',(15.833012701892,-1.7,-0.85621778264909));
#3618=DIRECTION('',(0.,1.,0.));
#3619=VECTOR('',#3618,1.2);
#3620=LINE('',#3617,#3619);
#3621=EDGE_CURVE('',#3610,#2853,#3620,.T.);
#3622=ORIENTED_EDGE('',*,*,#3621,.T.);
#3623=EDGE_LOOP('',(#3607,#3608,#3616,#3622));
#3624=FACE_OUTER_BOUND('',#3623,.T.);
#3625=ADVANCED_FACE('',(#3624),#3606,.T.);
#3626=CARTESIAN_POINT('',(16.006217782649,-0.5,-0.95621778264912));
#3627=DIRECTION('',(-0.86602541040952,-5.5511151231258E-16,0.49999998852502));
#3628=DIRECTION('',(0.,-1.,-3.7932620008026E-15));
#3629=AXIS2_PLACEMENT_3D('',#3626,#3628,#3627);
#3630=CYLINDRICAL_SURFACE('',#3629,0.2);
#3631=ORIENTED_EDGE('',*,*,#2867,.F.);
#3632=ORIENTED_EDGE('',*,*,#3621,.F.);
#3633=CARTESIAN_POINT('',(16.106217782649,-1.7,-0.7830127018922));
#3634=VERTEX_POINT('',#3633);
#3635=CARTESIAN_POINT('',(16.006217782649,-1.7,-0.95621778264908));
#3636=DIRECTION('',(-0.8660254037846,1.1102230246252E-15,0.49999999999972));
#3637=DIRECTION('',(2.897531534984E-15,1.,3.3723597463262E-15));
#3638=AXIS2_PLACEMENT_3D('',#3635,#3637,#3636);
#3639=CIRCLE('',#3638,0.2);
#3640=EDGE_CURVE('',#3610,#3634,#3639,.T.);
#3641=ORIENTED_EDGE('',*,*,#3640,.T.);
#3642=CARTESIAN_POINT('',(16.106217782649,-1.7,-0.7830127018922));
#3643=DIRECTION('',(0.,1.,0.));
#3644=VECTOR('',#3643,1.2);
#3645=LINE('',#3642,#3644);
#3646=EDGE_CURVE('',#3634,#2861,#3645,.T.);
#3647=ORIENTED_EDGE('',*,*,#3646,.T.);
#3648=EDGE_LOOP('',(#3631,#3632,#3641,#3647));
#3649=FACE_OUTER_BOUND('',#3648,.T.);
#3650=ADVANCED_FACE('',(#3649),#3630,.T.);
#3651=CARTESIAN_POINT('',(16.366025403784,-1.1,-0.9330127018922));
#3652=DIRECTION('',(-0.86602540378444,0.,0.5));
#3653=DIRECTION('',(0.5,0.,0.86602540378444));
#3654=AXIS2_PLACEMENT_3D('',#3651,#3653,#3652);
#3655=PLANE('',#3654);
#3656=ORIENTED_EDGE('',*,*,#2875,.F.);
#3657=ORIENTED_EDGE('',*,*,#3646,.F.);
#3658=CARTESIAN_POINT('',(16.62583302492,-1.7,-1.0830127018922));
#3659=VERTEX_POINT('',#3658);
#3660=CARTESIAN_POINT('',(16.106217782649,-1.7,-0.7830127018922));
#3661=DIRECTION('',(0.86602540378458,0.,-0.49999999999976));
#3662=VECTOR('',#3661,0.60000000000029);
#3663=LINE('',#3660,#3662);
#3664=EDGE_CURVE('',#3634,#3659,#3663,.T.);
#3665=ORIENTED_EDGE('',*,*,#3664,.T.);
#3666=CARTESIAN_POINT('',(16.62583302492,-1.7,-1.0830127018922));
#3667=DIRECTION('',(0.,1.,0.));
#3668=VECTOR('',#3667,1.2);
#3669=LINE('',#3666,#3668);
#3670=EDGE_CURVE('',#3659,#2870,#3669,.T.);
#3671=ORIENTED_EDGE('',*,*,#3670,.T.);
#3672=EDGE_LOOP('',(#3656,#3657,#3665,#3671));
#3673=FACE_OUTER_BOUND('',#3672,.T.);
#3674=ADVANCED_FACE('',(#3673),#3655,.T.);
#3675=CARTESIAN_POINT('',(16.87583302492,-1.1,-0.64999999999998));
#3676=DIRECTION('',(-0.5,2.2204460492503E-16,-0.86602540378444));
#3677=DIRECTION('',(-0.86602540378444,-1.3877787807814E-16,0.5));
#3678=AXIS2_PLACEMENT_3D('',#3675,#3677,#3676);
#3679=PLANE('',#3678);
#3680=ORIENTED_EDGE('',*,*,#2883,.F.);
#3681=ORIENTED_EDGE('',*,*,#3670,.F.);
#3682=CARTESIAN_POINT('',(17.12583302492,-1.7,-0.21698729810776));
#3683=VERTEX_POINT('',#3682);
#3684=CARTESIAN_POINT('',(16.62583302492,-1.7,-1.0830127018922));
#3685=DIRECTION('',(0.5,0.,0.86602540378444));
#3686=VECTOR('',#3685,1.);
#3687=LINE('',#3684,#3686);
#3688=EDGE_CURVE('',#3659,#3683,#3687,.T.);
#3689=ORIENTED_EDGE('',*,*,#3688,.T.);
#3690=CARTESIAN_POINT('',(17.12583302492,-1.7,-0.21698729810776));
#3691=DIRECTION('',(0.,1.,0.));
#3692=VECTOR('',#3691,1.2);
#3693=LINE('',#3690,#3692);
#3694=EDGE_CURVE('',#3683,#2878,#3693,.T.);
#3695=ORIENTED_EDGE('',*,*,#3694,.T.);
#3696=EDGE_LOOP('',(#3680,#3681,#3689,#3695));
#3697=FACE_OUTER_BOUND('',#3696,.T.);
#3698=ADVANCED_FACE('',(#3697),#3679,.T.);
#3699=CARTESIAN_POINT('',(16.866025403784,-1.1,-0.066987298107762));
#3700=DIRECTION('',(0.86602540378444,-3.7007434154101E-16,-0.5));
#3701=DIRECTION('',(-0.5,-5.6086411686187E-16,-0.86602540378444));
#3702=AXIS2_PLACEMENT_3D('',#3699,#3701,#3700);
#3703=PLANE('',#3702);
#3704=ORIENTED_EDGE('',*,*,#2891,.F.);
#3705=ORIENTED_EDGE('',*,*,#3694,.F.);
#3706=CARTESIAN_POINT('',(16.606217782649,-1.7,0.08301270189224));
#3707=VERTEX_POINT('',#3706);
#3708=CARTESIAN_POINT('',(17.12583302492,-1.7,-0.21698729810776));
#3709=DIRECTION('',(-0.86602540378458,0.,0.49999999999976));
#3710=VECTOR('',#3709,0.60000000000029);
#3711=LINE('',#3708,#3710);
#3712=EDGE_CURVE('',#3683,#3707,#3711,.T.);
#3713=ORIENTED_EDGE('',*,*,#3712,.T.);
#3714=CARTESIAN_POINT('',(16.606217782649,-1.7,0.08301270189224));
#3715=DIRECTION('',(0.,1.,0.));
#3716=VECTOR('',#3715,1.2);
#3717=LINE('',#3714,#3716);
#3718=EDGE_CURVE('',#3707,#2886,#3717,.T.);
#3719=ORIENTED_EDGE('',*,*,#3718,.T.);
#3720=EDGE_LOOP('',(#3704,#3705,#3713,#3719));
#3721=FACE_OUTER_BOUND('',#3720,.T.);
#3722=ADVANCED_FACE('',(#3721),#3703,.T.);
#3723=CARTESIAN_POINT('',(16.706217782649,-0.5,0.25621778264916));
#3724=DIRECTION('',(-0.49999968346675,-8.3266726846883E-16,-0.86602558653492));
#3725=DIRECTION('',(0.,-1.,1.3877787807814E-15));
#3726=AXIS2_PLACEMENT_3D('',#3723,#3725,#3724);
#3727=CYLINDRICAL_SURFACE('',#3726,0.20000000000001);
#3728=ORIENTED_EDGE('',*,*,#2900,.F.);
#3729=ORIENTED_EDGE('',*,*,#3718,.F.);
#3730=CARTESIAN_POINT('',(16.533012701892,-1.7,0.35621778264912));
#3731=VERTEX_POINT('',#3730);
#3732=CARTESIAN_POINT('',(16.706217782649,-1.7,0.25621778264912));
#3733=DIRECTION('',(-0.50000000000003,0.,-0.86602540378442));
#3734=DIRECTION('',(-1.3730171401336E-15,1.,-3.6789883389308E-16));
#3735=AXIS2_PLACEMENT_3D('',#3732,#3734,#3733);
#3736=CIRCLE('',#3735,0.2000000000001);
#3737=EDGE_CURVE('',#3707,#3731,#3736,.T.);
#3738=ORIENTED_EDGE('',*,*,#3737,.T.);
#3739=CARTESIAN_POINT('',(16.533012701892,-1.7,0.35621778264912));
#3740=DIRECTION('',(0.,1.,0.));
#3741=VECTOR('',#3740,1.2);
#3742=LINE('',#3739,#3741);
#3743=EDGE_CURVE('',#3731,#2894,#3742,.T.);
#3744=ORIENTED_EDGE('',*,*,#3743,.T.);
#3745=EDGE_LOOP('',(#3728,#3729,#3738,#3744));
#3746=FACE_OUTER_BOUND('',#3745,.T.);
#3747=ADVANCED_FACE('',(#3746),#3727,.T.);
#3748=CARTESIAN_POINT('',(16.683012701892,-1.1,0.61602540378446));
#3749=DIRECTION('',(-0.5,3.7007434154171E-16,-0.86602540378444));
#3750=DIRECTION('',(-0.86602540378444,-1.8503717077086E-16,0.5));
#3751=AXIS2_PLACEMENT_3D('',#3748,#3750,#3749);
#3752=PLANE('',#3751);
#3753=ORIENTED_EDGE('',*,*,#2908,.F.);
#3754=ORIENTED_EDGE('',*,*,#3743,.F.);
#3755=CARTESIAN_POINT('',(16.833012701892,-1.7,0.87583302491979));
#3756=VERTEX_POINT('',#3755);
#3757=CARTESIAN_POINT('',(16.533012701892,-1.7,0.35621778264912));
#3758=DIRECTION('',(0.49999999999999,0.,0.86602540378444));
#3759=VECTOR('',#3758,0.6);
#3760=LINE('',#3757,#3759);
#3761=EDGE_CURVE('',#3731,#3756,#3760,.T.);
#3762=ORIENTED_EDGE('',*,*,#3761,.T.);
#3763=CARTESIAN_POINT('',(16.833012701892,-1.7,0.87583302491979));
#3764=DIRECTION('',(0.,1.,0.));
#3765=VECTOR('',#3764,1.2);
#3766=LINE('',#3763,#3765);
#3767=EDGE_CURVE('',#3756,#2903,#3766,.T.);
#3768=ORIENTED_EDGE('',*,*,#3767,.T.);
#3769=EDGE_LOOP('',(#3753,#3754,#3762,#3768));
#3770=FACE_OUTER_BOUND('',#3769,.T.);
#3771=ADVANCED_FACE('',(#3770),#3752,.T.);
#3772=CARTESIAN_POINT('',(16.4,-1.1,1.1258330249198));
#3773=DIRECTION('',(0.86602540378444,0.,-0.5));
#3774=DIRECTION('',(-0.5,-0.,-0.86602540378444));
#3775=AXIS2_PLACEMENT_3D('',#3772,#3774,#3773);
#3776=PLANE('',#3775);
#3777=ORIENTED_EDGE('',*,*,#2914,.F.);
#3778=ORIENTED_EDGE('',*,*,#3767,.F.);
#3779=CARTESIAN_POINT('',(16.833012701892,-1.7,0.87583302491979));
#3780=DIRECTION('',(-0.86602540378432,0.,0.5000000000002));
#3781=VECTOR('',#3780,0.99999999999962);
#3782=LINE('',#3779,#3781);
#3783=EDGE_CURVE('',#3756,#3408,#3782,.T.);
#3784=ORIENTED_EDGE('',*,*,#3783,.T.);
#3785=ORIENTED_EDGE('',*,*,#3413,.F.);
#3786=EDGE_LOOP('',(#3777,#3778,#3784,#3785));
#3787=FACE_OUTER_BOUND('',#3786,.T.);
#3788=ADVANCED_FACE('',(#3787),#3776,.T.);
#3789=CARTESIAN_POINT('',(7.7045583156491,-52.5,-7.713193515515));
#3790=DIRECTION('',(2.0420651871828E-16,0.,-1.));
#3791=DIRECTION('',(0.,-1.,0.));
#3792=AXIS2_PLACEMENT_3D('',#3789,#3791,#3790);
#3793=PLANE('',#3792);
#3794=ORIENTED_EDGE('',*,*,#3090,.F.);
#3795=ORIENTED_EDGE('',*,*,#3068,.F.);
#3796=ORIENTED_EDGE('',*,*,#3106,.F.);
#3797=ORIENTED_EDGE('',*,*,#2976,.F.);
#3798=EDGE_LOOP('',(#3794,#3795,#3796,#3797));
#3799=FACE_OUTER_BOUND('',#3798,.T.);
#3800=ADVANCED_FACE('',(#3799),#3793,.T.);
#3801=CARTESIAN_POINT('',(-8.375,-1.1,14.639900109605));
#3802=DIRECTION('',(0.,0.,1.));
#3803=DIRECTION('',(1.,0.,-0.));
#3804=AXIS2_PLACEMENT_3D('',#3801,#3803,#3802);
#3805=PLANE('',#3804);
#3806=ORIENTED_EDGE('',*,*,#3131,.F.);
#3807=CARTESIAN_POINT('',(-8.375,-1.7,14.939900109605));
#3808=VERTEX_POINT('',#3807);
#3809=CARTESIAN_POINT('',(-8.375,-0.5,14.939900109605));
#3810=DIRECTION('',(0.,-1.,0.));
#3811=VECTOR('',#3810,1.2);
#3812=LINE('',#3809,#3811);
#3813=EDGE_CURVE('',#3124,#3808,#3812,.T.);
#3814=ORIENTED_EDGE('',*,*,#3813,.T.);
#3815=CARTESIAN_POINT('',(-8.375,-1.7,14.339900109605));
#3816=VERTEX_POINT('',#3815);
#3817=CARTESIAN_POINT('',(-8.375,-1.7,14.939900109605));
#3818=DIRECTION('',(0.,0.,-1.));
#3819=VECTOR('',#3818,0.6);
#3820=LINE('',#3817,#3819);
#3821=EDGE_CURVE('',#3808,#3816,#3820,.T.);
#3822=ORIENTED_EDGE('',*,*,#3821,.T.);
#3823=CARTESIAN_POINT('',(-8.375,-1.7,14.339900109605));
#3824=DIRECTION('',(0.,1.,0.));
#3825=VECTOR('',#3824,1.2);
#3826=LINE('',#3823,#3825);
#3827=EDGE_CURVE('',#3816,#3126,#3826,.T.);
#3828=ORIENTED_EDGE('',*,*,#3827,.T.);
#3829=EDGE_LOOP('',(#3806,#3814,#3822,#3828));
#3830=FACE_OUTER_BOUND('',#3829,.T.);
#3831=ADVANCED_FACE('',(#3830),#3805,.T.);
#3832=CARTESIAN_POINT('',(-8.575,-0.5,14.339900109605));
#3833=DIRECTION('',(0.99999999999993,-4.4408920985E-15,3.6550098059246E-07));
#3834=DIRECTION('',(-4.4408920985006E-15,-1.,4.4408920985006E-15));
#3835=AXIS2_PLACEMENT_3D('',#3832,#3834,#3833);
#3836=CYLINDRICAL_SURFACE('',#3835,0.20000000000003);
#3837=ORIENTED_EDGE('',*,*,#3140,.F.);
#3838=ORIENTED_EDGE('',*,*,#3827,.F.);
#3839=CARTESIAN_POINT('',(-8.575,-1.7,14.139900109605));
#3840=VERTEX_POINT('',#3839);
#3841=CARTESIAN_POINT('',(-8.575,-1.7,14.339900109605));
#3842=DIRECTION('',(1.,0.,8.8817841970012E-15));
#3843=DIRECTION('',(0.,1.,0.));
#3844=AXIS2_PLACEMENT_3D('',#3841,#3843,#3842);
#3845=CIRCLE('',#3844,0.2);
#3846=EDGE_CURVE('',#3816,#3840,#3845,.T.);
#3847=ORIENTED_EDGE('',*,*,#3846,.T.);
#3848=CARTESIAN_POINT('',(-8.575,-1.7,14.139900109605));
#3849=DIRECTION('',(0.,1.,0.));
#3850=VECTOR('',#3849,1.2);
#3851=LINE('',#3848,#3850);
#3852=EDGE_CURVE('',#3840,#3134,#3851,.T.);
#3853=ORIENTED_EDGE('',*,*,#3852,.T.);
#3854=EDGE_LOOP('',(#3837,#3838,#3847,#3853));
#3855=FACE_OUTER_BOUND('',#3854,.T.);
#3856=ADVANCED_FACE('',(#3855),#3836,.T.);
#3857=CARTESIAN_POINT('',(-8.875,-1.1,14.139900109605));
#3858=DIRECTION('',(1.,0.,0.));
#3859=DIRECTION('',(0.,0.,-1.));
#3860=AXIS2_PLACEMENT_3D('',#3857,#3859,#3858);
#3861=PLANE('',#3860);
#3862=ORIENTED_EDGE('',*,*,#3148,.F.);
#3863=ORIENTED_EDGE('',*,*,#3852,.F.);
#3864=CARTESIAN_POINT('',(-9.175,-1.7,14.139900109605));
#3865=VERTEX_POINT('',#3864);
#3866=CARTESIAN_POINT('',(-8.575,-1.7,14.139900109605));
#3867=DIRECTION('',(-1.,0.,0.));
#3868=VECTOR('',#3867,0.6);
#3869=LINE('',#3866,#3868);
#3870=EDGE_CURVE('',#3840,#3865,#3869,.T.);
#3871=ORIENTED_EDGE('',*,*,#3870,.T.);
#3872=CARTESIAN_POINT('',(-9.175,-1.7,14.139900109605));
#3873=DIRECTION('',(0.,1.,0.));
#3874=VECTOR('',#3873,1.2);
#3875=LINE('',#3872,#3874);
#3876=EDGE_CURVE('',#3865,#3143,#3875,.T.);
#3877=ORIENTED_EDGE('',*,*,#3876,.T.);
#3878=EDGE_LOOP('',(#3862,#3863,#3871,#3877));
#3879=FACE_OUTER_BOUND('',#3878,.T.);
#3880=ADVANCED_FACE('',(#3879),#3861,.T.);
#3881=CARTESIAN_POINT('',(-9.175,-1.1,13.639900109605));
#3882=DIRECTION('',(0.,0.,1.));
#3883=DIRECTION('',(1.,0.,-0.));
#3884=AXIS2_PLACEMENT_3D('',#3881,#3883,#3882);
#3885=PLANE('',#3884);
#3886=ORIENTED_EDGE('',*,*,#3156,.F.);
#3887=ORIENTED_EDGE('',*,*,#3876,.F.);
#3888=CARTESIAN_POINT('',(-9.175,-1.7,13.139900109605));
#3889=VERTEX_POINT('',#3888);
#3890=CARTESIAN_POINT('',(-9.175,-1.7,14.139900109605));
#3891=DIRECTION('',(0.,0.,-1.));
#3892=VECTOR('',#3891,1.);
#3893=LINE('',#3890,#3892);
#3894=EDGE_CURVE('',#3865,#3889,#3893,.T.);
#3895=ORIENTED_EDGE('',*,*,#3894,.T.);
#3896=CARTESIAN_POINT('',(-9.175,-1.7,13.139900109605));
#3897=DIRECTION('',(0.,1.,0.));
#3898=VECTOR('',#3897,1.2);
#3899=LINE('',#3896,#3898);
#3900=EDGE_CURVE('',#3889,#3151,#3899,.T.);
#3901=ORIENTED_EDGE('',*,*,#3900,.T.);
#3902=EDGE_LOOP('',(#3886,#3887,#3895,#3901));
#3903=FACE_OUTER_BOUND('',#3902,.T.);
#3904=ADVANCED_FACE('',(#3903),#3885,.T.);
#3905=CARTESIAN_POINT('',(-8.875,-1.1,13.139900109605));
#3906=DIRECTION('',(-1.,0.,0.));
#3907=DIRECTION('',(0.,0.,1.));
#3908=AXIS2_PLACEMENT_3D('',#3905,#3907,#3906);
#3909=PLANE('',#3908);
#3910=ORIENTED_EDGE('',*,*,#3164,.F.);
#3911=ORIENTED_EDGE('',*,*,#3900,.F.);
#3912=CARTESIAN_POINT('',(-8.575,-1.7,13.139900109605));
#3913=VERTEX_POINT('',#3912);
#3914=CARTESIAN_POINT('',(-9.175,-1.7,13.139900109605));
#3915=DIRECTION('',(1.,0.,0.));
#3916=VECTOR('',#3915,0.6);
#3917=LINE('',#3914,#3916);
#3918=EDGE_CURVE('',#3889,#3913,#3917,.T.);
#3919=ORIENTED_EDGE('',*,*,#3918,.T.);
#3920=CARTESIAN_POINT('',(-8.575,-1.7,13.139900109605));
#3921=DIRECTION('',(0.,1.,0.));
#3922=VECTOR('',#3921,1.2);
#3923=LINE('',#3920,#3922);
#3924=EDGE_CURVE('',#3913,#3159,#3923,.T.);
#3925=ORIENTED_EDGE('',*,*,#3924,.T.);
#3926=EDGE_LOOP('',(#3910,#3911,#3919,#3925));
#3927=FACE_OUTER_BOUND('',#3926,.T.);
#3928=ADVANCED_FACE('',(#3927),#3909,.T.);
#3929=CARTESIAN_POINT('',(-8.575,-0.5,12.939900109605));
#3930=DIRECTION('',(-3.6550098059254E-07,-9.992007221627E-15,0.99999999999993));
#3931=DIRECTION('',(-4.4408920985006E-15,-1.,-1.0362081563168E-14));
#3932=AXIS2_PLACEMENT_3D('',#3929,#3931,#3930);
#3933=CYLINDRICAL_SURFACE('',#3932,0.19999999999999);
#3934=ORIENTED_EDGE('',*,*,#3173,.F.);
#3935=ORIENTED_EDGE('',*,*,#3924,.F.);
#3936=CARTESIAN_POINT('',(-8.375,-1.7,12.939900109605));
#3937=VERTEX_POINT('',#3936);
#3938=CARTESIAN_POINT('',(-8.575,-1.7,12.939900109605));
#3939=DIRECTION('',(0.,0.,1.));
#3940=DIRECTION('',(0.,1.,0.));
#3941=AXIS2_PLACEMENT_3D('',#3938,#3940,#3939);
#3942=CIRCLE('',#3941,0.2);
#3943=EDGE_CURVE('',#3913,#3937,#3942,.T.);
#3944=ORIENTED_EDGE('',*,*,#3943,.T.);
#3945=CARTESIAN_POINT('',(-8.375,-1.7,12.939900109605));
#3946=DIRECTION('',(0.,1.,0.));
#3947=VECTOR('',#3946,1.2);
#3948=LINE('',#3945,#3947);
#3949=EDGE_CURVE('',#3937,#3167,#3948,.T.);
#3950=ORIENTED_EDGE('',*,*,#3949,.T.);
#3951=EDGE_LOOP('',(#3934,#3935,#3944,#3950));
#3952=FACE_OUTER_BOUND('',#3951,.T.);
#3953=ADVANCED_FACE('',(#3952),#3933,.T.);
#3954=CARTESIAN_POINT('',(-8.375,-1.1,12.639900109605));
#3955=DIRECTION('',(0.,0.,1.));
#3956=DIRECTION('',(1.,0.,-0.));
#3957=AXIS2_PLACEMENT_3D('',#3954,#3956,#3955);
#3958=PLANE('',#3957);
#3959=ORIENTED_EDGE('',*,*,#3181,.F.);
#3960=ORIENTED_EDGE('',*,*,#3949,.F.);
#3961=CARTESIAN_POINT('',(-8.375,-1.7,12.339900109605));
#3962=VERTEX_POINT('',#3961);
#3963=CARTESIAN_POINT('',(-8.375,-1.7,12.939900109605));
#3964=DIRECTION('',(0.,0.,-1.));
#3965=VECTOR('',#3964,0.6);
#3966=LINE('',#3963,#3965);
#3967=EDGE_CURVE('',#3937,#3962,#3966,.T.);
#3968=ORIENTED_EDGE('',*,*,#3967,.T.);
#3969=CARTESIAN_POINT('',(-8.375,-1.7,12.339900109605));
#3970=DIRECTION('',(0.,1.,0.));
#3971=VECTOR('',#3970,1.2);
#3972=LINE('',#3969,#3971);
#3973=EDGE_CURVE('',#3962,#3176,#3972,.T.);
#3974=ORIENTED_EDGE('',*,*,#3973,.T.);
#3975=EDGE_LOOP('',(#3959,#3960,#3968,#3974));
#3976=FACE_OUTER_BOUND('',#3975,.T.);
#3977=ADVANCED_FACE('',(#3976),#3958,.T.);
#3978=CARTESIAN_POINT('',(-7.875,-1.1,12.339900109605));
#3979=DIRECTION('',(-1.,2.2204460492503E-16,0.));
#3980=DIRECTION('',(0.,0.,1.));
#3981=AXIS2_PLACEMENT_3D('',#3978,#3980,#3979);
#3982=PLANE('',#3981);
#3983=ORIENTED_EDGE('',*,*,#3189,.F.);
#3984=ORIENTED_EDGE('',*,*,#3973,.F.);
#3985=CARTESIAN_POINT('',(-7.375,-1.7,12.339900109605));
#3986=VERTEX_POINT('',#3985);
#3987=CARTESIAN_POINT('',(-8.375,-1.7,12.339900109605));
#3988=DIRECTION('',(1.,0.,0.));
#3989=VECTOR('',#3988,1.);
#3990=LINE('',#3987,#3989);
#3991=EDGE_CURVE('',#3962,#3986,#3990,.T.);
#3992=ORIENTED_EDGE('',*,*,#3991,.T.);
#3993=CARTESIAN_POINT('',(-7.375,-1.7,12.339900109605));
#3994=DIRECTION('',(0.,1.,0.));
#3995=VECTOR('',#3994,1.2);
#3996=LINE('',#3993,#3995);
#3997=EDGE_CURVE('',#3986,#3184,#3996,.T.);
#3998=ORIENTED_EDGE('',*,*,#3997,.T.);
#3999=EDGE_LOOP('',(#3983,#3984,#3992,#3998));
#4000=FACE_OUTER_BOUND('',#3999,.T.);
#4001=ADVANCED_FACE('',(#4000),#3982,.T.);
#4002=CARTESIAN_POINT('',(-7.375,-1.1,12.639900109605));
#4003=DIRECTION('',(0.,0.,-1.));
#4004=DIRECTION('',(-1.,-0.,-0.));
#4005=AXIS2_PLACEMENT_3D('',#4002,#4004,#4003);
#4006=PLANE('',#4005);
#4007=ORIENTED_EDGE('',*,*,#3197,.F.);
#4008=ORIENTED_EDGE('',*,*,#3997,.F.);
#4009=CARTESIAN_POINT('',(-7.375,-1.7,12.939900109605));
#4010=VERTEX_POINT('',#4009);
#4011=CARTESIAN_POINT('',(-7.375,-1.7,12.339900109605));
#4012=DIRECTION('',(0.,0.,1.));
#4013=VECTOR('',#4012,0.6);
#4014=LINE('',#4011,#4013);
#4015=EDGE_CURVE('',#3986,#4010,#4014,.T.);
#4016=ORIENTED_EDGE('',*,*,#4015,.T.);
#4017=CARTESIAN_POINT('',(-7.375,-1.7,12.939900109605));
#4018=DIRECTION('',(0.,1.,0.));
#4019=VECTOR('',#4018,1.2);
#4020=LINE('',#4017,#4019);
#4021=EDGE_CURVE('',#4010,#3192,#4020,.T.);
#4022=ORIENTED_EDGE('',*,*,#4021,.T.);
#4023=EDGE_LOOP('',(#4007,#4008,#4016,#4022));
#4024=FACE_OUTER_BOUND('',#4023,.T.);
#4025=ADVANCED_FACE('',(#4024),#4006,.T.);
#4026=CARTESIAN_POINT('',(-7.175,-0.5,12.939900109605));
#4027=DIRECTION('',(-0.99999999999993,0.,-3.655010072379E-07));
#4028=DIRECTION('',(-7.4014868308344E-16,-1.,2.9605947323338E-15));
#4029=AXIS2_PLACEMENT_3D('',#4026,#4028,#4027);
#4030=CYLINDRICAL_SURFACE('',#4029,0.19999999999998);
#4031=ORIENTED_EDGE('',*,*,#3206,.F.);
#4032=ORIENTED_EDGE('',*,*,#4021,.F.);
#4033=CARTESIAN_POINT('',(-7.175,-1.7,13.139900109605));
#4034=VERTEX_POINT('',#4033);
#4035=CARTESIAN_POINT('',(-7.175,-1.7,12.939900109605));
#4036=DIRECTION('',(-1.,0.,-8.8817841970014E-15));
#4037=DIRECTION('',(-0.,1.,0.));
#4038=AXIS2_PLACEMENT_3D('',#4035,#4037,#4036);
#4039=CIRCLE('',#4038,0.2);
#4040=EDGE_CURVE('',#4010,#4034,#4039,.T.);
#4041=ORIENTED_EDGE('',*,*,#4040,.T.);
#4042=CARTESIAN_POINT('',(-7.175,-1.7,13.139900109605));
#4043=DIRECTION('',(0.,1.,0.));
#4044=VECTOR('',#4043,1.2);
#4045=LINE('',#4042,#4044);
#4046=EDGE_CURVE('',#4034,#3200,#4045,.T.);
#4047=ORIENTED_EDGE('',*,*,#4046,.T.);
#4048=EDGE_LOOP('',(#4031,#4032,#4041,#4047));
#4049=FACE_OUTER_BOUND('',#4048,.T.);
#4050=ADVANCED_FACE('',(#4049),#4030,.T.);
#4051=CARTESIAN_POINT('',(-6.875,-1.1,13.139900109605));
#4052=DIRECTION('',(-1.,0.,0.));
#4053=DIRECTION('',(0.,0.,1.));
#4054=AXIS2_PLACEMENT_3D('',#4051,#4053,#4052);
#4055=PLANE('',#4054);
#4056=ORIENTED_EDGE('',*,*,#3214,.F.);
#4057=ORIENTED_EDGE('',*,*,#4046,.F.);
#4058=CARTESIAN_POINT('',(-6.575,-1.7,13.139900109605));
#4059=VERTEX_POINT('',#4058);
#4060=CARTESIAN_POINT('',(-7.175,-1.7,13.139900109605));
#4061=DIRECTION('',(1.,0.,0.));
#4062=VECTOR('',#4061,0.6);
#4063=LINE('',#4060,#4062);
#4064=EDGE_CURVE('',#4034,#4059,#4063,.T.);
#4065=ORIENTED_EDGE('',*,*,#4064,.T.);
#4066=CARTESIAN_POINT('',(-6.575,-1.7,13.139900109605));
#4067=DIRECTION('',(0.,1.,0.));
#4068=VECTOR('',#4067,1.2);
#4069=LINE('',#4066,#4068);
#4070=EDGE_CURVE('',#4059,#3209,#4069,.T.);
#4071=ORIENTED_EDGE('',*,*,#4070,.T.);
#4072=EDGE_LOOP('',(#4056,#4057,#4065,#4071));
#4073=FACE_OUTER_BOUND('',#4072,.T.);
#4074=ADVANCED_FACE('',(#4073),#4055,.T.);
#4075=CARTESIAN_POINT('',(-6.575,-1.1,13.639900109605));
#4076=DIRECTION('',(0.,0.,-1.));
#4077=DIRECTION('',(-1.,-0.,-0.));
#4078=AXIS2_PLACEMENT_3D('',#4075,#4077,#4076);
#4079=PLANE('',#4078);
#4080=ORIENTED_EDGE('',*,*,#3222,.F.);
#4081=ORIENTED_EDGE('',*,*,#4070,.F.);
#4082=CARTESIAN_POINT('',(-6.575,-1.7,14.139900109605));
#4083=VERTEX_POINT('',#4082);
#4084=CARTESIAN_POINT('',(-6.575,-1.7,13.139900109605));
#4085=DIRECTION('',(0.,0.,1.));
#4086=VECTOR('',#4085,1.);
#4087=LINE('',#4084,#4086);
#4088=EDGE_CURVE('',#4059,#4083,#4087,.T.);
#4089=ORIENTED_EDGE('',*,*,#4088,.T.);
#4090=CARTESIAN_POINT('',(-6.575,-1.7,14.139900109605));
#4091=DIRECTION('',(0.,1.,0.));
#4092=VECTOR('',#4091,1.2);
#4093=LINE('',#4090,#4092);
#4094=EDGE_CURVE('',#4083,#3217,#4093,.T.);
#4095=ORIENTED_EDGE('',*,*,#4094,.T.);
#4096=EDGE_LOOP('',(#4080,#4081,#4089,#4095));
#4097=FACE_OUTER_BOUND('',#4096,.T.);
#4098=ADVANCED_FACE('',(#4097),#4079,.T.);
#4099=CARTESIAN_POINT('',(-6.875,-1.1,14.139900109605));
#4100=DIRECTION('',(1.,0.,0.));
#4101=DIRECTION('',(0.,0.,-1.));
#4102=AXIS2_PLACEMENT_3D('',#4099,#4101,#4100);
#4103=PLANE('',#4102);
#4104=ORIENTED_EDGE('',*,*,#3230,.F.);
#4105=ORIENTED_EDGE('',*,*,#4094,.F.);
#4106=CARTESIAN_POINT('',(-7.175,-1.7,14.139900109605));
#4107=VERTEX_POINT('',#4106);
#4108=CARTESIAN_POINT('',(-6.575,-1.7,14.139900109605));
#4109=DIRECTION('',(-1.,0.,0.));
#4110=VECTOR('',#4109,0.6);
#4111=LINE('',#4108,#4110);
#4112=EDGE_CURVE('',#4083,#4107,#4111,.T.);
#4113=ORIENTED_EDGE('',*,*,#4112,.T.);
#4114=CARTESIAN_POINT('',(-7.175,-1.7,14.139900109605));
#4115=DIRECTION('',(0.,1.,0.));
#4116=VECTOR('',#4115,1.2);
#4117=LINE('',#4114,#4116);
#4118=EDGE_CURVE('',#4107,#3225,#4117,.T.);
#4119=ORIENTED_EDGE('',*,*,#4118,.T.);
#4120=EDGE_LOOP('',(#4104,#4105,#4113,#4119));
#4121=FACE_OUTER_BOUND('',#4120,.T.);
#4122=ADVANCED_FACE('',(#4121),#4103,.T.);
#4123=CARTESIAN_POINT('',(-7.175,-0.5,14.339900109605));
#4124=DIRECTION('',(3.6550095394714E-07,-8.3266726846881E-16,-0.99999999999993));
#4125=DIRECTION('',(3.7007434154172E-15,-1.,0.));
#4126=AXIS2_PLACEMENT_3D('',#4123,#4125,#4124);
#4127=CYLINDRICAL_SURFACE('',#4126,0.20000000000002);
#4128=ORIENTED_EDGE('',*,*,#3239,.F.);
#4129=ORIENTED_EDGE('',*,*,#4118,.F.);
#4130=CARTESIAN_POINT('',(-7.375,-1.7,14.339900109605));
#4131=VERTEX_POINT('',#4130);
#4132=CARTESIAN_POINT('',(-7.175,-1.7,14.339900109605));
#4133=DIRECTION('',(8.8817841970013E-15,0.,-1.));
#4134=DIRECTION('',(0.,1.,-0.));
#4135=AXIS2_PLACEMENT_3D('',#4132,#4134,#4133);
#4136=CIRCLE('',#4135,0.2);
#4137=EDGE_CURVE('',#4107,#4131,#4136,.T.);
#4138=ORIENTED_EDGE('',*,*,#4137,.T.);
#4139=CARTESIAN_POINT('',(-7.375,-1.7,14.339900109605));
#4140=DIRECTION('',(0.,1.,0.));
#4141=VECTOR('',#4140,1.2);
#4142=LINE('',#4139,#4141);
#4143=EDGE_CURVE('',#4131,#3233,#4142,.T.);
#4144=ORIENTED_EDGE('',*,*,#4143,.T.);
#4145=EDGE_LOOP('',(#4128,#4129,#4138,#4144));
#4146=FACE_OUTER_BOUND('',#4145,.T.);
#4147=ADVANCED_FACE('',(#4146),#4127,.T.);
#4148=CARTESIAN_POINT('',(-7.375,-1.1,14.639900109605));
#4149=DIRECTION('',(0.,0.,-1.));
#4150=DIRECTION('',(-1.,-0.,-0.));
#4151=AXIS2_PLACEMENT_3D('',#4148,#4150,#4149);
#4152=PLANE('',#4151);
#4153=ORIENTED_EDGE('',*,*,#3247,.F.);
#4154=ORIENTED_EDGE('',*,*,#4143,.F.);
#4155=CARTESIAN_POINT('',(-7.375,-1.7,14.939900109605));
#4156=VERTEX_POINT('',#4155);
#4157=CARTESIAN_POINT('',(-7.375,-1.7,14.339900109605));
#4158=DIRECTION('',(0.,0.,1.));
#4159=VECTOR('',#4158,0.6);
#4160=LINE('',#4157,#4159);
#4161=EDGE_CURVE('',#4131,#4156,#4160,.T.);
#4162=ORIENTED_EDGE('',*,*,#4161,.T.);
#4163=CARTESIAN_POINT('',(-7.375,-1.7,14.939900109605));
#4164=DIRECTION('',(0.,1.,0.));
#4165=VECTOR('',#4164,1.2);
#4166=LINE('',#4163,#4165);
#4167=EDGE_CURVE('',#4156,#3242,#4166,.T.);
#4168=ORIENTED_EDGE('',*,*,#4167,.T.);
#4169=EDGE_LOOP('',(#4153,#4154,#4162,#4168));
#4170=FACE_OUTER_BOUND('',#4169,.T.);
#4171=ADVANCED_FACE('',(#4170),#4152,.T.);
#4172=CARTESIAN_POINT('',(-7.875,-1.1,14.939900109605));
#4173=DIRECTION('',(1.,-2.2204460492503E-16,0.));
#4174=DIRECTION('',(0.,0.,-1.));
#4175=AXIS2_PLACEMENT_3D('',#4172,#4174,#4173);
#4176=PLANE('',#4175);
#4177=ORIENTED_EDGE('',*,*,#3253,.F.);
#4178=ORIENTED_EDGE('',*,*,#4167,.F.);
#4179=CARTESIAN_POINT('',(-7.375,-1.7,14.939900109605));
#4180=DIRECTION('',(-1.,0.,0.));
#4181=VECTOR('',#4180,1.);
#4182=LINE('',#4179,#4181);
#4183=EDGE_CURVE('',#4156,#3808,#4182,.T.);
#4184=ORIENTED_EDGE('',*,*,#4183,.T.);
#4185=ORIENTED_EDGE('',*,*,#3813,.F.);
#4186=EDGE_LOOP('',(#4177,#4178,#4184,#4185));
#4187=FACE_OUTER_BOUND('',#4186,.T.);
#4188=ADVANCED_FACE('',(#4187),#4176,.T.);
#4189=CARTESIAN_POINT('',(-7.9419872981078,-1.1,-12.52387470582));
#4190=DIRECTION('',(0.5,0.,-0.86602540378444));
#4191=DIRECTION('',(-0.86602540378444,-0.,-0.5));
#4192=AXIS2_PLACEMENT_3D('',#4189,#4191,#4190);
#4193=PLANE('',#4192);
#4194=ORIENTED_EDGE('',*,*,#3274,.F.);
#4195=CARTESIAN_POINT('',(-7.7919872981078,-1.7,-12.783682326956));
#4196=VERTEX_POINT('',#4195);
#4197=CARTESIAN_POINT('',(-7.7919872981078,-0.5,-12.783682326956));
#4198=DIRECTION('',(0.,-1.,0.));
#4199=VECTOR('',#4198,1.2);
#4200=LINE('',#4197,#4199);
#4201=EDGE_CURVE('',#3267,#4196,#4200,.T.);
#4202=ORIENTED_EDGE('',*,*,#4201,.T.);
#4203=CARTESIAN_POINT('',(-8.0919872981078,-1.7,-12.264067084685));
#4204=VERTEX_POINT('',#4203);
#4205=CARTESIAN_POINT('',(-7.7919872981078,-1.7,-12.783682326956));
#4206=DIRECTION('',(-0.49999999999975,0.,0.86602540378458));
#4207=VECTOR('',#4206,0.60000000000029);
#4208=LINE('',#4205,#4207);
#4209=EDGE_CURVE('',#4196,#4204,#4208,.T.);
#4210=ORIENTED_EDGE('',*,*,#4209,.T.);
#4211=CARTESIAN_POINT('',(-8.0919872981078,-1.7,-12.264067084685));
#4212=DIRECTION('',(0.,1.,0.));
#4213=VECTOR('',#4212,1.2);
#4214=LINE('',#4211,#4213);
#4215=EDGE_CURVE('',#4204,#3269,#4214,.T.);
#4216=ORIENTED_EDGE('',*,*,#4215,.T.);
#4217=EDGE_LOOP('',(#4194,#4202,#4210,#4216));
#4218=FACE_OUTER_BOUND('',#4217,.T.);
#4219=ADVANCED_FACE('',(#4218),#4193,.T.);
#4220=CARTESIAN_POINT('',(-8.525,-1.1,-12.514067084685));
#4221=DIRECTION('',(0.86602540378444,-2.2204460492504E-16,0.5));
#4222=DIRECTION('',(0.5,0.,-0.86602540378444));
#4223=AXIS2_PLACEMENT_3D('',#4220,#4222,#4221);
#4224=PLANE('',#4223);
#4225=ORIENTED_EDGE('',*,*,#3282,.F.);
#4226=ORIENTED_EDGE('',*,*,#4215,.F.);
#4227=CARTESIAN_POINT('',(-8.9580127018922,-1.7,-12.764067084685));
#4228=VERTEX_POINT('',#4227);
#4229=CARTESIAN_POINT('',(-8.0919872981078,-1.7,-12.264067084685));
#4230=DIRECTION('',(-0.86602540378443,0.,-0.50000000000002));
#4231=VECTOR('',#4230,0.99999999999997);
#4232=LINE('',#4229,#4231);
#4233=EDGE_CURVE('',#4204,#4228,#4232,.T.);
#4234=ORIENTED_EDGE('',*,*,#4233,.T.);
#4235=CARTESIAN_POINT('',(-8.9580127018922,-1.7,-12.764067084685));
#4236=DIRECTION('',(0.,1.,0.));
#4237=VECTOR('',#4236,1.2);
#4238=LINE('',#4235,#4237);
#4239=EDGE_CURVE('',#4228,#3277,#4238,.T.);
#4240=ORIENTED_EDGE('',*,*,#4239,.T.);
#4241=EDGE_LOOP('',(#4225,#4226,#4234,#4240));
#4242=FACE_OUTER_BOUND('',#4241,.T.);
#4243=ADVANCED_FACE('',(#4242),#4224,.T.);
#4244=CARTESIAN_POINT('',(-8.8080127018922,-1.1,-13.02387470582));
#4245=DIRECTION('',(-0.5,0.,0.86602540378444));
#4246=DIRECTION('',(0.86602540378444,0.,0.5));
#4247=AXIS2_PLACEMENT_3D('',#4244,#4246,#4245);
#4248=PLANE('',#4247);
#4249=ORIENTED_EDGE('',*,*,#3290,.F.);
#4250=ORIENTED_EDGE('',*,*,#4239,.F.);
#4251=CARTESIAN_POINT('',(-8.6580127018922,-1.7,-13.283682326956));
#4252=VERTEX_POINT('',#4251);
#4253=CARTESIAN_POINT('',(-8.9580127018922,-1.7,-12.764067084685));
#4254=DIRECTION('',(0.49999999999975,0.,-0.86602540378458));
#4255=VECTOR('',#4254,0.60000000000029);
#4256=LINE('',#4253,#4255);
#4257=EDGE_CURVE('',#4228,#4252,#4256,.T.);
#4258=ORIENTED_EDGE('',*,*,#4257,.T.);
#4259=CARTESIAN_POINT('',(-8.6580127018922,-1.7,-13.283682326956));
#4260=DIRECTION('',(0.,1.,0.));
#4261=VECTOR('',#4260,1.2);
#4262=LINE('',#4259,#4261);
#4263=EDGE_CURVE('',#4252,#3285,#4262,.T.);
#4264=ORIENTED_EDGE('',*,*,#4263,.T.);
#4265=EDGE_LOOP('',(#4249,#4250,#4258,#4264));
#4266=FACE_OUTER_BOUND('',#4265,.T.);
#4267=ADVANCED_FACE('',(#4266),#4248,.T.);
#4268=CARTESIAN_POINT('',(-8.8312177826491,-0.5,-13.383682326956));
#4269=DIRECTION('',(0.86602539715945,-2.7755575615622E-15,0.50000001147481));
#4270=DIRECTION('',(-2.9605947323337E-15,-1.,0.));
#4271=AXIS2_PLACEMENT_3D('',#4268,#4270,#4269);
#4272=CYLINDRICAL_SURFACE('',#4271,0.20000000000005);
#4273=ORIENTED_EDGE('',*,*,#3299,.F.);
#4274=ORIENTED_EDGE('',*,*,#4263,.F.);
#4275=CARTESIAN_POINT('',(-8.7312177826491,-1.7,-13.556887407713));
#4276=VERTEX_POINT('',#4275);
#4277=CARTESIAN_POINT('',(-8.8312177826491,-1.7,-13.383682326956));
#4278=DIRECTION('',(0.86602540378446,-6.6613381477475E-15,0.49999999999996));
#4279=DIRECTION('',(6.5157201200503E-15,1.,-6.0528242493956E-16));
#4280=AXIS2_PLACEMENT_3D('',#4277,#4279,#4278);
#4281=CIRCLE('',#4280,0.2000000000001);
#4282=EDGE_CURVE('',#4252,#4276,#4281,.T.);
#4283=ORIENTED_EDGE('',*,*,#4282,.T.);
#4284=CARTESIAN_POINT('',(-8.7312177826491,-1.7,-13.556887407713));
#4285=DIRECTION('',(0.,1.,0.));
#4286=VECTOR('',#4285,1.2);
#4287=LINE('',#4284,#4286);
#4288=EDGE_CURVE('',#4276,#3293,#4287,.T.);
#4289=ORIENTED_EDGE('',*,*,#4288,.T.);
#4290=EDGE_LOOP('',(#4273,#4274,#4283,#4289));
#4291=FACE_OUTER_BOUND('',#4290,.T.);
#4292=ADVANCED_FACE('',(#4291),#4272,.T.);
#4293=CARTESIAN_POINT('',(-8.9910254037844,-1.1,-13.706887407713));
#4294=DIRECTION('',(0.86602540378444,0.,0.5));
#4295=DIRECTION('',(0.5,0.,-0.86602540378444));
#4296=AXIS2_PLACEMENT_3D('',#4293,#4295,#4294);
#4297=PLANE('',#4296);
#4298=ORIENTED_EDGE('',*,*,#3307,.F.);
#4299=ORIENTED_EDGE('',*,*,#4288,.F.);
#4300=CARTESIAN_POINT('',(-9.2508330249197,-1.7,-13.856887407713));
#4301=VERTEX_POINT('',#4300);
#4302=CARTESIAN_POINT('',(-8.7312177826491,-1.7,-13.556887407713));
#4303=DIRECTION('',(-0.86602540378441,0.,-0.50000000000004));
#4304=VECTOR('',#4303,0.59999999999994);
#4305=LINE('',#4302,#4304);
#4306=EDGE_CURVE('',#4276,#4301,#4305,.T.);
#4307=ORIENTED_EDGE('',*,*,#4306,.T.);
#4308=CARTESIAN_POINT('',(-9.2508330249197,-1.7,-13.856887407713));
#4309=DIRECTION('',(0.,1.,0.));
#4310=VECTOR('',#4309,1.2);
#4311=LINE('',#4308,#4310);
#4312=EDGE_CURVE('',#4301,#3302,#4311,.T.);
#4313=ORIENTED_EDGE('',*,*,#4312,.T.);
#4314=EDGE_LOOP('',(#4298,#4299,#4307,#4313));
#4315=FACE_OUTER_BOUND('',#4314,.T.);
#4316=ADVANCED_FACE('',(#4315),#4297,.T.);
#4317=CARTESIAN_POINT('',(-9.0008330249197,-1.1,-14.289900109605));
#4318=DIRECTION('',(-0.5,0.,0.86602540378444));
#4319=DIRECTION('',(0.86602540378444,0.,0.5));
#4320=AXIS2_PLACEMENT_3D('',#4317,#4319,#4318);
#4321=PLANE('',#4320);
#4322=ORIENTED_EDGE('',*,*,#3315,.F.);
#4323=ORIENTED_EDGE('',*,*,#4312,.F.);
#4324=CARTESIAN_POINT('',(-8.7508330249197,-1.7,-14.722912811497));
#4325=VERTEX_POINT('',#4324);
#4326=CARTESIAN_POINT('',(-9.2508330249197,-1.7,-13.856887407713));
#4327=DIRECTION('',(0.50000000000019,0.,-0.86602540378433));
#4328=VECTOR('',#4327,0.99999999999962);
#4329=LINE('',#4326,#4328);
#4330=EDGE_CURVE('',#4301,#4325,#4329,.T.);
#4331=ORIENTED_EDGE('',*,*,#4330,.T.);
#4332=CARTESIAN_POINT('',(-8.7508330249197,-1.7,-14.722912811497));
#4333=DIRECTION('',(0.,1.,0.));
#4334=VECTOR('',#4333,1.2);
#4335=LINE('',#4332,#4334);
#4336=EDGE_CURVE('',#4325,#3310,#4335,.T.);
#4337=ORIENTED_EDGE('',*,*,#4336,.T.);
#4338=EDGE_LOOP('',(#4322,#4323,#4331,#4337));
#4339=FACE_OUTER_BOUND('',#4338,.T.);
#4340=ADVANCED_FACE('',(#4339),#4321,.T.);
#4341=CARTESIAN_POINT('',(-8.4910254037844,-1.1,-14.572912811497));
#4342=DIRECTION('',(-0.86602540378444,0.,-0.5));
#4343=DIRECTION('',(-0.5,0.,0.86602540378444));
#4344=AXIS2_PLACEMENT_3D('',#4341,#4343,#4342);
#4345=PLANE('',#4344);
#4346=ORIENTED_EDGE('',*,*,#3323,.F.);
#4347=ORIENTED_EDGE('',*,*,#4336,.F.);
#4348=CARTESIAN_POINT('',(-8.2312177826491,-1.7,-14.422912811497));
#4349=VERTEX_POINT('',#4348);
#4350=CARTESIAN_POINT('',(-8.7508330249197,-1.7,-14.722912811497));
#4351=DIRECTION('',(0.86602540378441,0.,0.50000000000005));
#4352=VECTOR('',#4351,0.59999999999995);
#4353=LINE('',#4350,#4352);
#4354=EDGE_CURVE('',#4325,#4349,#4353,.T.);
#4355=ORIENTED_EDGE('',*,*,#4354,.T.);
#4356=CARTESIAN_POINT('',(-8.2312177826491,-1.7,-14.422912811497));
#4357=DIRECTION('',(0.,1.,0.));
#4358=VECTOR('',#4357,1.2);
#4359=LINE('',#4356,#4358);
#4360=EDGE_CURVE('',#4349,#3318,#4359,.T.);
#4361=ORIENTED_EDGE('',*,*,#4360,.T.);
#4362=EDGE_LOOP('',(#4346,#4347,#4355,#4361));
#4363=FACE_OUTER_BOUND('',#4362,.T.);
#4364=ADVANCED_FACE('',(#4363),#4345,.T.);
#4365=CARTESIAN_POINT('',(-8.1312177826491,-0.5,-14.596117892254));
#4366=DIRECTION('',(-0.50000031653282,-8.326672684691E-15,0.86602522103406));
#4367=DIRECTION('',(-1.4802973661669E-15,-1.,-7.4014868308344E-15));
#4368=AXIS2_PLACEMENT_3D('',#4365,#4367,#4366);
#4369=CYLINDRICAL_SURFACE('',#4368,0.19999999999995);
#4370=ORIENTED_EDGE('',*,*,#3332,.F.);
#4371=ORIENTED_EDGE('',*,*,#4360,.F.);
#4372=CARTESIAN_POINT('',(-7.9580127018922,-1.7,-14.496117892254));
#4373=VERTEX_POINT('',#4372);
#4374=CARTESIAN_POINT('',(-8.1312177826491,-1.7,-14.596117892254));
#4375=DIRECTION('',(-0.49999999999975,1.1102230246251E-15,0.86602540378458));
#4376=DIRECTION('',(1.2263294463108E-16,1.,4.5767238004469E-16));
#4377=AXIS2_PLACEMENT_3D('',#4374,#4376,#4375);
#4378=CIRCLE('',#4377,0.20000000000001);
#4379=EDGE_CURVE('',#4349,#4373,#4378,.T.);
#4380=ORIENTED_EDGE('',*,*,#4379,.T.);
#4381=CARTESIAN_POINT('',(-7.9580127018922,-1.7,-14.496117892254));
#4382=DIRECTION('',(0.,1.,0.));
#4383=VECTOR('',#4382,1.2);
#4384=LINE('',#4381,#4383);
#4385=EDGE_CURVE('',#4373,#3326,#4384,.T.);
#4386=ORIENTED_EDGE('',*,*,#4385,.T.);
#4387=EDGE_LOOP('',(#4370,#4371,#4380,#4386));
#4388=FACE_OUTER_BOUND('',#4387,.T.);
#4389=ADVANCED_FACE('',(#4388),#4369,.T.);
#4390=CARTESIAN_POINT('',(-7.8080127018922,-1.1,-14.755925513389));
#4391=DIRECTION('',(-0.5,0.,0.86602540378444));
#4392=DIRECTION('',(0.86602540378444,0.,0.5));
#4393=AXIS2_PLACEMENT_3D('',#4390,#4392,#4391);
#4394=PLANE('',#4393);
#4395=ORIENTED_EDGE('',*,*,#3340,.F.);
#4396=ORIENTED_EDGE('',*,*,#4385,.F.);
#4397=CARTESIAN_POINT('',(-7.6580127018922,-1.7,-15.015733134525));
#4398=VERTEX_POINT('',#4397);
#4399=CARTESIAN_POINT('',(-7.9580127018922,-1.7,-14.496117892254));
#4400=DIRECTION('',(0.49999999999976,0.,-0.86602540378458));
#4401=VECTOR('',#4400,0.60000000000029);
#4402=LINE('',#4399,#4401);
#4403=EDGE_CURVE('',#4373,#4398,#4402,.T.);
#4404=ORIENTED_EDGE('',*,*,#4403,.T.);
#4405=CARTESIAN_POINT('',(-7.6580127018922,-1.7,-15.015733134525));
#4406=DIRECTION('',(0.,1.,0.));
#4407=VECTOR('',#4406,1.2);
#4408=LINE('',#4405,#4407);
#4409=EDGE_CURVE('',#4398,#3335,#4408,.T.);
#4410=ORIENTED_EDGE('',*,*,#4409,.T.);
#4411=EDGE_LOOP('',(#4395,#4396,#4404,#4410));
#4412=FACE_OUTER_BOUND('',#4411,.T.);
#4413=ADVANCED_FACE('',(#4412),#4394,.T.);
#4414=CARTESIAN_POINT('',(-7.225,-1.1,-14.765733134525));
#4415=DIRECTION('',(-0.86602540378444,0.,-0.5));
#4416=DIRECTION('',(-0.5,0.,0.86602540378444));
#4417=AXIS2_PLACEMENT_3D('',#4414,#4416,#4415);
#4418=PLANE('',#4417);
#4419=ORIENTED_EDGE('',*,*,#3348,.F.);
#4420=ORIENTED_EDGE('',*,*,#4409,.F.);
#4421=CARTESIAN_POINT('',(-6.7919872981078,-1.7,-14.515733134525));
#4422=VERTEX_POINT('',#4421);
#4423=CARTESIAN_POINT('',(-7.6580127018922,-1.7,-15.015733134525));
#4424=DIRECTION('',(0.86602540378443,0.,0.50000000000002));
#4425=VECTOR('',#4424,0.99999999999997);
#4426=LINE('',#4423,#4425);
#4427=EDGE_CURVE('',#4398,#4422,#4426,.T.);
#4428=ORIENTED_EDGE('',*,*,#4427,.T.);
#4429=CARTESIAN_POINT('',(-6.7919872981078,-1.7,-14.515733134525));
#4430=DIRECTION('',(0.,1.,0.));
#4431=VECTOR('',#4430,1.2);
#4432=LINE('',#4429,#4431);
#4433=EDGE_CURVE('',#4422,#3343,#4432,.T.);
#4434=ORIENTED_EDGE('',*,*,#4433,.T.);
#4435=EDGE_LOOP('',(#4419,#4420,#4428,#4434));
#4436=FACE_OUTER_BOUND('',#4435,.T.);
#4437=ADVANCED_FACE('',(#4436),#4418,.T.);
#4438=CARTESIAN_POINT('',(-6.9419872981078,-1.1,-14.255925513389));
#4439=DIRECTION('',(0.5,0.,-0.86602540378444));
#4440=DIRECTION('',(-0.86602540378444,-0.,-0.5));
#4441=AXIS2_PLACEMENT_3D('',#4438,#4440,#4439);
#4442=PLANE('',#4441);
#4443=ORIENTED_EDGE('',*,*,#3356,.F.);
#4444=ORIENTED_EDGE('',*,*,#4433,.F.);
#4445=CARTESIAN_POINT('',(-7.0919872981078,-1.7,-13.996117892254));
#4446=VERTEX_POINT('',#4445);
#4447=CARTESIAN_POINT('',(-6.7919872981078,-1.7,-14.515733134525));
#4448=DIRECTION('',(-0.49999999999976,0.,0.86602540378458));
#4449=VECTOR('',#4448,0.60000000000029);
#4450=LINE('',#4447,#4449);
#4451=EDGE_CURVE('',#4422,#4446,#4450,.T.);
#4452=ORIENTED_EDGE('',*,*,#4451,.T.);
#4453=CARTESIAN_POINT('',(-7.0919872981078,-1.7,-13.996117892254));
#4454=DIRECTION('',(0.,1.,0.));
#4455=VECTOR('',#4454,1.2);
#4456=LINE('',#4453,#4455);
#4457=EDGE_CURVE('',#4446,#3351,#4456,.T.);
#4458=ORIENTED_EDGE('',*,*,#4457,.T.);
#4459=EDGE_LOOP('',(#4443,#4444,#4452,#4458));
#4460=FACE_OUTER_BOUND('',#4459,.T.);
#4461=ADVANCED_FACE('',(#4460),#4442,.T.);
#4462=CARTESIAN_POINT('',(-6.9187822173509,-0.5,-13.896117892254));
#4463=DIRECTION('',(-0.8660253971595,-8.3266726846882E-16,-0.50000001147474));
#4464=DIRECTION('',(5.9211894646675E-15,-1.,-5.9211894646675E-15));
#4465=AXIS2_PLACEMENT_3D('',#4462,#4464,#4463);
#4466=CYLINDRICAL_SURFACE('',#4465,0.20000000000001);
#4467=ORIENTED_EDGE('',*,*,#3365,.F.);
#4468=ORIENTED_EDGE('',*,*,#4457,.F.);
#4469=CARTESIAN_POINT('',(-7.0187822173509,-1.7,-13.722912811497));
#4470=VERTEX_POINT('',#4469);
#4471=CARTESIAN_POINT('',(-6.9187822173509,-1.7,-13.896117892254));
#4472=DIRECTION('',(-0.86602540378446,-1.1102230246246E-15,-0.49999999999997));
#4473=DIRECTION('',(2.3755522893558E-15,1.,-4.0765323649291E-15));
#4474=AXIS2_PLACEMENT_3D('',#4471,#4473,#4472);
#4475=CIRCLE('',#4474,0.2000000000001);
#4476=EDGE_CURVE('',#4446,#4470,#4475,.T.);
#4477=ORIENTED_EDGE('',*,*,#4476,.T.);
#4478=CARTESIAN_POINT('',(-7.0187822173509,-1.7,-13.722912811497));
#4479=DIRECTION('',(0.,1.,0.));
#4480=VECTOR('',#4479,1.2);
#4481=LINE('',#4478,#4480);
#4482=EDGE_CURVE('',#4470,#3359,#4481,.T.);
#4483=ORIENTED_EDGE('',*,*,#4482,.T.);
#4484=EDGE_LOOP('',(#4467,#4468,#4477,#4483));
#4485=FACE_OUTER_BOUND('',#4484,.T.);
#4486=ADVANCED_FACE('',(#4485),#4466,.T.);
#4487=CARTESIAN_POINT('',(-6.7589745962155,-1.1,-13.572912811497));
#4488=DIRECTION('',(-0.86602540378444,0.,-0.5));
#4489=DIRECTION('',(-0.5,0.,0.86602540378444));
#4490=AXIS2_PLACEMENT_3D('',#4487,#4489,#4488);
#4491=PLANE('',#4490);
#4492=ORIENTED_EDGE('',*,*,#3373,.F.);
#4493=ORIENTED_EDGE('',*,*,#4482,.F.);
#4494=CARTESIAN_POINT('',(-6.4991669750802,-1.7,-13.422912811497));
#4495=VERTEX_POINT('',#4494);
#4496=CARTESIAN_POINT('',(-7.0187822173509,-1.7,-13.722912811497));
#4497=DIRECTION('',(0.86602540378445,0.,0.49999999999997));
#4498=VECTOR('',#4497,0.60000000000003);
#4499=LINE('',#4496,#4498);
#4500=EDGE_CURVE('',#4470,#4495,#4499,.T.);
#4501=ORIENTED_EDGE('',*,*,#4500,.T.);
#4502=CARTESIAN_POINT('',(-6.4991669750802,-1.7,-13.422912811497));
#4503=DIRECTION('',(0.,1.,0.));
#4504=VECTOR('',#4503,1.2);
#4505=LINE('',#4502,#4504);
#4506=EDGE_CURVE('',#4495,#3368,#4505,.T.);
#4507=ORIENTED_EDGE('',*,*,#4506,.T.);
#4508=EDGE_LOOP('',(#4492,#4493,#4501,#4507));
#4509=FACE_OUTER_BOUND('',#4508,.T.);
#4510=ADVANCED_FACE('',(#4509),#4491,.T.);
#4511=CARTESIAN_POINT('',(-6.7491669750802,-1.1,-12.989900109605));
#4512=DIRECTION('',(0.5,0.,-0.86602540378444));
#4513=DIRECTION('',(-0.86602540378444,-0.,-0.5));
#4514=AXIS2_PLACEMENT_3D('',#4511,#4513,#4512);
#4515=PLANE('',#4514);
#4516=ORIENTED_EDGE('',*,*,#3381,.F.);
#4517=ORIENTED_EDGE('',*,*,#4506,.F.);
#4518=CARTESIAN_POINT('',(-6.9991669750802,-1.7,-12.556887407713));
#4519=VERTEX_POINT('',#4518);
#4520=CARTESIAN_POINT('',(-6.4991669750802,-1.7,-13.422912811497));
#4521=DIRECTION('',(-0.50000000000019,0.,0.86602540378433));
#4522=VECTOR('',#4521,0.99999999999962);
#4523=LINE('',#4520,#4522);
#4524=EDGE_CURVE('',#4495,#4519,#4523,.T.);
#4525=ORIENTED_EDGE('',*,*,#4524,.T.);
#4526=CARTESIAN_POINT('',(-6.9991669750802,-1.7,-12.556887407713));
#4527=DIRECTION('',(0.,1.,0.));
#4528=VECTOR('',#4527,1.2);
#4529=LINE('',#4526,#4528);
#4530=EDGE_CURVE('',#4519,#3376,#4529,.T.);
#4531=ORIENTED_EDGE('',*,*,#4530,.T.);
#4532=EDGE_LOOP('',(#4516,#4517,#4525,#4531));
#4533=FACE_OUTER_BOUND('',#4532,.T.);
#4534=ADVANCED_FACE('',(#4533),#4515,.T.);
#4535=CARTESIAN_POINT('',(-7.2589745962155,-1.1,-12.706887407713));
#4536=DIRECTION('',(0.86602540378444,0.,0.5));
#4537=DIRECTION('',(0.5,0.,-0.86602540378444));
#4538=AXIS2_PLACEMENT_3D('',#4535,#4537,#4536);
#4539=PLANE('',#4538);
#4540=ORIENTED_EDGE('',*,*,#3389,.F.);
#4541=ORIENTED_EDGE('',*,*,#4530,.F.);
#4542=CARTESIAN_POINT('',(-7.5187822173509,-1.7,-12.856887407713));
#4543=VERTEX_POINT('',#4542);
#4544=CARTESIAN_POINT('',(-6.9991669750802,-1.7,-12.556887407713));
#4545=DIRECTION('',(-0.86602540378445,0.,-0.49999999999997));
#4546=VECTOR('',#4545,0.60000000000003);
#4547=LINE('',#4544,#4546);
#4548=EDGE_CURVE('',#4519,#4543,#4547,.T.);
#4549=ORIENTED_EDGE('',*,*,#4548,.T.);
#4550=CARTESIAN_POINT('',(-7.5187822173509,-1.7,-12.856887407713));
#4551=DIRECTION('',(0.,1.,0.));
#4552=VECTOR('',#4551,1.2);
#4553=LINE('',#4550,#4552);
#4554=EDGE_CURVE('',#4543,#3384,#4553,.T.);
#4555=ORIENTED_EDGE('',*,*,#4554,.T.);
#4556=EDGE_LOOP('',(#4540,#4541,#4549,#4555));
#4557=FACE_OUTER_BOUND('',#4556,.T.);
#4558=ADVANCED_FACE('',(#4557),#4539,.T.);
#4559=CARTESIAN_POINT('',(-7.6187822173509,-0.5,-12.683682326956));
#4560=DIRECTION('',(0.50000031653288,1.3877787807813E-15,-0.86602522103402));
#4561=DIRECTION('',(2.9605947323337E-15,-1.,-1.4802973661669E-15));
#4562=AXIS2_PLACEMENT_3D('',#4559,#4561,#4560);
#4563=CYLINDRICAL_SURFACE('',#4562,0.20000000000002);
#4564=ORIENTED_EDGE('',*,*,#3396,.F.);
#4565=ORIENTED_EDGE('',*,*,#4554,.F.);
#4566=CARTESIAN_POINT('',(-7.6187822173509,-1.7,-12.683682326956));
#4567=DIRECTION('',(0.49999999999974,0.,-0.86602540378459));
#4568=DIRECTION('',(1.2263294463108E-16,1.,4.576723800447E-16));
#4569=AXIS2_PLACEMENT_3D('',#4566,#4568,#4567);
#4570=CIRCLE('',#4569,0.20000000000001);
#4571=EDGE_CURVE('',#4543,#4196,#4570,.T.);
#4572=ORIENTED_EDGE('',*,*,#4571,.T.);
#4573=ORIENTED_EDGE('',*,*,#4201,.F.);
#4574=EDGE_LOOP('',(#4564,#4565,#4572,#4573));
#4575=FACE_OUTER_BOUND('',#4574,.T.);
#4576=ADVANCED_FACE('',(#4575),#4563,.T.);
#4577=CARTESIAN_POINT('',(15.75,-1.7,1.8207657603853E-14));
#4578=DIRECTION('',(0.,0.,-1.));
#4579=DIRECTION('',(0.,1.,0.));
#4580=AXIS2_PLACEMENT_3D('',#4577,#4579,#4578);
#4581=PLANE('',#4580);
#4582=ORIENTED_EDGE('',*,*,#3664,.F.);
#4583=ORIENTED_EDGE('',*,*,#3640,.F.);
#4584=ORIENTED_EDGE('',*,*,#3615,.F.);
#4585=ORIENTED_EDGE('',*,*,#3591,.F.);
#4586=ORIENTED_EDGE('',*,*,#3567,.F.);
#4587=ORIENTED_EDGE('',*,*,#3543,.F.);
#4588=ORIENTED_EDGE('',*,*,#3518,.F.);
#4589=ORIENTED_EDGE('',*,*,#3494,.F.);
#4590=ORIENTED_EDGE('',*,*,#3470,.F.);
#4591=ORIENTED_EDGE('',*,*,#3446,.F.);
#4592=ORIENTED_EDGE('',*,*,#3421,.F.);
#4593=ORIENTED_EDGE('',*,*,#3783,.F.);
#4594=ORIENTED_EDGE('',*,*,#3761,.F.);
#4595=ORIENTED_EDGE('',*,*,#3737,.F.);
#4596=ORIENTED_EDGE('',*,*,#3712,.F.);
#4597=ORIENTED_EDGE('',*,*,#3688,.F.);
#4598=EDGE_LOOP('',(#4582,#4583,#4584,#4585,#4586,#4587,#4588,#4589,#4590,#4591,#4592,#4593,#4594,#4595,#4596,#4597));
#4599=FACE_OUTER_BOUND('',#4598,.T.);
#4600=ADVANCED_FACE('',(#4599),#4581,.T.);
#4601=CARTESIAN_POINT('',(-7.875,-1.7,13.639900109605));
#4602=DIRECTION('',(0.,0.,-1.));
#4603=DIRECTION('',(0.,1.,0.));
#4604=AXIS2_PLACEMENT_3D('',#4601,#4603,#4602);
#4605=PLANE('',#4604);
#4606=ORIENTED_EDGE('',*,*,#4161,.F.);
#4607=ORIENTED_EDGE('',*,*,#4137,.F.);
#4608=ORIENTED_EDGE('',*,*,#4112,.F.);
#4609=ORIENTED_EDGE('',*,*,#4088,.F.);
#4610=ORIENTED_EDGE('',*,*,#4064,.F.);
#4611=ORIENTED_EDGE('',*,*,#4040,.F.);
#4612=ORIENTED_EDGE('',*,*,#4015,.F.);
#4613=ORIENTED_EDGE('',*,*,#3991,.F.);
#4614=ORIENTED_EDGE('',*,*,#3967,.F.);
#4615=ORIENTED_EDGE('',*,*,#3943,.F.);
#4616=ORIENTED_EDGE('',*,*,#3918,.F.);
#4617=ORIENTED_EDGE('',*,*,#3894,.F.);
#4618=ORIENTED_EDGE('',*,*,#3870,.F.);
#4619=ORIENTED_EDGE('',*,*,#3846,.F.);
#4620=ORIENTED_EDGE('',*,*,#3821,.F.);
#4621=ORIENTED_EDGE('',*,*,#4183,.F.);
#4622=EDGE_LOOP('',(#4606,#4607,#4608,#4609,#4610,#4611,#4612,#4613,#4614,#4615,#4616,#4617,#4618,#4619,#4620,#4621));
#4623=FACE_OUTER_BOUND('',#4622,.T.);
#4624=ADVANCED_FACE('',(#4623),#4605,.T.);
#4625=CARTESIAN_POINT('',(-7.875,-1.7,-13.639900109605));
#4626=DIRECTION('',(0.,0.,-1.));
#4627=DIRECTION('',(0.,1.,0.));
#4628=AXIS2_PLACEMENT_3D('',#4625,#4627,#4626);
#4629=PLANE('',#4628);
#4630=ORIENTED_EDGE('',*,*,#4306,.F.);
#4631=ORIENTED_EDGE('',*,*,#4282,.F.);
#4632=ORIENTED_EDGE('',*,*,#4257,.F.);
#4633=ORIENTED_EDGE('',*,*,#4233,.F.);
#4634=ORIENTED_EDGE('',*,*,#4209,.F.);
#4635=ORIENTED_EDGE('',*,*,#4571,.F.);
#4636=ORIENTED_EDGE('',*,*,#4548,.F.);
#4637=ORIENTED_EDGE('',*,*,#4524,.F.);
#4638=ORIENTED_EDGE('',*,*,#4500,.F.);
#4639=ORIENTED_EDGE('',*,*,#4476,.F.);
#4640=ORIENTED_EDGE('',*,*,#4451,.F.);
#4641=ORIENTED_EDGE('',*,*,#4427,.F.);
#4642=ORIENTED_EDGE('',*,*,#4403,.F.);
#4643=ORIENTED_EDGE('',*,*,#4379,.F.);
#4644=ORIENTED_EDGE('',*,*,#4354,.F.);
#4645=ORIENTED_EDGE('',*,*,#4330,.F.);
#4646=EDGE_LOOP('',(#4630,#4631,#4632,#4633,#4634,#4635,#4636,#4637,#4638,#4639,#4640,#4641,#4642,#4643,#4644,#4645));
#4647=FACE_OUTER_BOUND('',#4646,.T.);
#4648=ADVANCED_FACE('',(#4647),#4629,.T.);
#4649=CLOSED_SHELL('',(#196,#245,#262,#272,#292,#317,#342,#725,#756,#781,#805,#896,#920,#945,#962,#986,#1011,#1028,#1053,#1078,#1103,#1317,#1599,#1624,#1649,#1674,#1698,#1718,#1741,#1764,#1773,#1782,#1791,#1801,#1810,#1819,#1828,#1854,#1880,#1906,#1932,#1957,#2154,#2179,#2204,#2230,#2262,#2294,#2310,#2349,#2373,#2397,#2499,#2523,#2547,#2564,#2588,#2612,#2629,#2646,#2662,#2685,#2700,#2723,#2749,#2775,#2918,#2936,#2952,#2986,#3004,#3020,#3032,#3044,#3078,#3095,#3114,#3257,#3400,#3431,#3456,#3480,#3504,#3528,#3553,#3577,#3601,#3625,#3650,#3674,#3698,#3722,#3747,#3771,#3788,#3800,#3831,#3856,#3880,#3904,#3928,#3953,#3977,#4001,#4025,#4050,#4074,#4098,#4122,#4147,#4171,#4188,#4219,#4243,#4267,#4292,#4316,#4340,#4364,#4389,#4413,#4437,#4461,#4486,#4510,#4534,#4558,#4576,#4600,#4624,#4648));
#4650=OVER_RIDING_STYLED_ITEM('',(#156),#196,#4649);
#4651=OVER_RIDING_STYLED_ITEM('',(#156),#245,#4649);
#4652=OVER_RIDING_STYLED_ITEM('',(#156),#262,#4649);
#4653=OVER_RIDING_STYLED_ITEM('',(#156),#272,#4649);
#4654=OVER_RIDING_STYLED_ITEM('',(#156),#292,#4649);
#4655=OVER_RIDING_STYLED_ITEM('',(#156),#317,#4649);
#4656=OVER_RIDING_STYLED_ITEM('',(#156),#342,#4649);
#4657=OVER_RIDING_STYLED_ITEM('',(#156),#725,#4649);
#4658=OVER_RIDING_STYLED_ITEM('',(#156),#756,#4649);
#4659=OVER_RIDING_STYLED_ITEM('',(#156),#781,#4649);
#4660=OVER_RIDING_STYLED_ITEM('',(#156),#805,#4649);
#4661=OVER_RIDING_STYLED_ITEM('',(#156),#896,#4649);
#4662=OVER_RIDING_STYLED_ITEM('',(#156),#920,#4649);
#4663=OVER_RIDING_STYLED_ITEM('',(#156),#945,#4649);
#4664=OVER_RIDING_STYLED_ITEM('',(#156),#962,#4649);
#4665=OVER_RIDING_STYLED_ITEM('',(#156),#986,#4649);
#4666=OVER_RIDING_STYLED_ITEM('',(#156),#1011,#4649);
#4667=OVER_RIDING_STYLED_ITEM('',(#156),#1028,#4649);
#4668=OVER_RIDING_STYLED_ITEM('',(#156),#1053,#4649);
#4669=OVER_RIDING_STYLED_ITEM('',(#156),#1078,#4649);
#4670=OVER_RIDING_STYLED_ITEM('',(#156),#1103,#4649);
#4671=OVER_RIDING_STYLED_ITEM('',(#156),#1317,#4649);
#4672=OVER_RIDING_STYLED_ITEM('',(#156),#1599,#4649);
#4673=OVER_RIDING_STYLED_ITEM('',(#156),#1624,#4649);
#4674=OVER_RIDING_STYLED_ITEM('',(#156),#1649,#4649);
#4675=OVER_RIDING_STYLED_ITEM('',(#156),#1674,#4649);
#4676=OVER_RIDING_STYLED_ITEM('',(#156),#1698,#4649);
#4677=OVER_RIDING_STYLED_ITEM('',(#156),#1718,#4649);
#4678=OVER_RIDING_STYLED_ITEM('',(#156),#1741,#4649);
#4679=OVER_RIDING_STYLED_ITEM('',(#156),#1764,#4649);
#4680=OVER_RIDING_STYLED_ITEM('',(#156),#1773,#4649);
#4681=OVER_RIDING_STYLED_ITEM('',(#156),#1782,#4649);
#4682=OVER_RIDING_STYLED_ITEM('',(#156),#1791,#4649);
#4683=OVER_RIDING_STYLED_ITEM('',(#156),#1801,#4649);
#4684=OVER_RIDING_STYLED_ITEM('',(#156),#1810,#4649);
#4685=OVER_RIDING_STYLED_ITEM('',(#156),#1819,#4649);
#4686=OVER_RIDING_STYLED_ITEM('',(#156),#1828,#4649);
#4687=OVER_RIDING_STYLED_ITEM('',(#156),#1854,#4649);
#4688=OVER_RIDING_STYLED_ITEM('',(#156),#1880,#4649);
#4689=OVER_RIDING_STYLED_ITEM('',(#156),#1906,#4649);
#4690=OVER_RIDING_STYLED_ITEM('',(#156),#1932,#4649);
#4691=OVER_RIDING_STYLED_ITEM('',(#156),#1957,#4649);
#4692=OVER_RIDING_STYLED_ITEM('',(#156),#2154,#4649);
#4693=OVER_RIDING_STYLED_ITEM('',(#156),#2179,#4649);
#4694=OVER_RIDING_STYLED_ITEM('',(#156),#2204,#4649);
#4695=OVER_RIDING_STYLED_ITEM('',(#156),#2230,#4649);
#4696=OVER_RIDING_STYLED_ITEM('',(#156),#2262,#4649);
#4697=OVER_RIDING_STYLED_ITEM('',(#156),#2294,#4649);
#4698=OVER_RIDING_STYLED_ITEM('',(#156),#2310,#4649);
#4699=OVER_RIDING_STYLED_ITEM('',(#156),#2349,#4649);
#4700=OVER_RIDING_STYLED_ITEM('',(#156),#2373,#4649);
#4701=OVER_RIDING_STYLED_ITEM('',(#156),#2397,#4649);
#4702=OVER_RIDING_STYLED_ITEM('',(#156),#2499,#4649);
#4703=OVER_RIDING_STYLED_ITEM('',(#156),#2523,#4649);
#4704=OVER_RIDING_STYLED_ITEM('',(#156),#2547,#4649);
#4705=OVER_RIDING_STYLED_ITEM('',(#156),#2564,#4649);
#4706=OVER_RIDING_STYLED_ITEM('',(#156),#2588,#4649);
#4707=OVER_RIDING_STYLED_ITEM('',(#156),#2612,#4649);
#4708=OVER_RIDING_STYLED_ITEM('',(#156),#2629,#4649);
#4709=OVER_RIDING_STYLED_ITEM('',(#156),#2646,#4649);
#4710=OVER_RIDING_STYLED_ITEM('',(#156),#2662,#4649);
#4711=OVER_RIDING_STYLED_ITEM('',(#156),#2685,#4649);
#4712=OVER_RIDING_STYLED_ITEM('',(#156),#2700,#4649);
#4713=OVER_RIDING_STYLED_ITEM('',(#156),#2723,#4649);
#4714=OVER_RIDING_STYLED_ITEM('',(#156),#2749,#4649);
#4715=OVER_RIDING_STYLED_ITEM('',(#156),#2775,#4649);
#4716=OVER_RIDING_STYLED_ITEM('',(#156),#2918,#4649);
#4717=OVER_RIDING_STYLED_ITEM('',(#156),#2936,#4649);
#4718=OVER_RIDING_STYLED_ITEM('',(#156),#2952,#4649);
#4719=OVER_RIDING_STYLED_ITEM('',(#156),#2986,#4649);
#4720=OVER_RIDING_STYLED_ITEM('',(#156),#3004,#4649);
#4721=OVER_RIDING_STYLED_ITEM('',(#156),#3020,#4649);
#4722=OVER_RIDING_STYLED_ITEM('',(#156),#3032,#4649);
#4723=OVER_RIDING_STYLED_ITEM('',(#156),#3044,#4649);
#4724=OVER_RIDING_STYLED_ITEM('',(#156),#3078,#4649);
#4725=OVER_RIDING_STYLED_ITEM('',(#156),#3095,#4649);
#4726=OVER_RIDING_STYLED_ITEM('',(#156),#3114,#4649);
#4727=OVER_RIDING_STYLED_ITEM('',(#156),#3257,#4649);
#4728=OVER_RIDING_STYLED_ITEM('',(#156),#3400,#4649);
#4729=OVER_RIDING_STYLED_ITEM('',(#156),#3431,#4649);
#4730=OVER_RIDING_STYLED_ITEM('',(#156),#3456,#4649);
#4731=OVER_RIDING_STYLED_ITEM('',(#156),#3480,#4649);
#4732=OVER_RIDING_STYLED_ITEM('',(#156),#3504,#4649);
#4733=OVER_RIDING_STYLED_ITEM('',(#156),#3528,#4649);
#4734=OVER_RIDING_STYLED_ITEM('',(#156),#3553,#4649);
#4735=OVER_RIDING_STYLED_ITEM('',(#156),#3577,#4649);
#4736=OVER_RIDING_STYLED_ITEM('',(#156),#3601,#4649);
#4737=OVER_RIDING_STYLED_ITEM('',(#156),#3625,#4649);
#4738=OVER_RIDING_STYLED_ITEM('',(#156),#3650,#4649);
#4739=OVER_RIDING_STYLED_ITEM('',(#156),#3674,#4649);
#4740=OVER_RIDING_STYLED_ITEM('',(#156),#3698,#4649);
#4741=OVER_RIDING_STYLED_ITEM('',(#156),#3722,#4649);
#4742=OVER_RIDING_STYLED_ITEM('',(#156),#3747,#4649);
#4743=OVER_RIDING_STYLED_ITEM('',(#156),#3771,#4649);
#4744=OVER_RIDING_STYLED_ITEM('',(#156),#3788,#4649);
#4745=OVER_RIDING_STYLED_ITEM('',(#156),#3800,#4649);
#4746=OVER_RIDING_STYLED_ITEM('',(#156),#3831,#4649);
#4747=OVER_RIDING_STYLED_ITEM('',(#156),#3856,#4649);
#4748=OVER_RIDING_STYLED_ITEM('',(#156),#3880,#4649);
#4749=OVER_RIDING_STYLED_ITEM('',(#156),#3904,#4649);
#4750=OVER_RIDING_STYLED_ITEM('',(#156),#3928,#4649);
#4751=OVER_RIDING_STYLED_ITEM('',(#156),#3953,#4649);
#4752=OVER_RIDING_STYLED_ITEM('',(#156),#3977,#4649);
#4753=OVER_RIDING_STYLED_ITEM('',(#156),#4001,#4649);
#4754=OVER_RIDING_STYLED_ITEM('',(#156),#4025,#4649);
#4755=OVER_RIDING_STYLED_ITEM('',(#156),#4050,#4649);
#4756=OVER_RIDING_STYLED_ITEM('',(#156),#4074,#4649);
#4757=OVER_RIDING_STYLED_ITEM('',(#156),#4098,#4649);
#4758=OVER_RIDING_STYLED_ITEM('',(#156),#4122,#4649);
#4759=OVER_RIDING_STYLED_ITEM('',(#156),#4147,#4649);
#4760=OVER_RIDING_STYLED_ITEM('',(#156),#4171,#4649);
#4761=OVER_RIDING_STYLED_ITEM('',(#156),#4188,#4649);
#4762=OVER_RIDING_STYLED_ITEM('',(#156),#4219,#4649);
#4763=OVER_RIDING_STYLED_ITEM('',(#156),#4243,#4649);
#4764=OVER_RIDING_STYLED_ITEM('',(#156),#4267,#4649);
#4765=OVER_RIDING_STYLED_ITEM('',(#156),#4292,#4649);
#4766=OVER_RIDING_STYLED_ITEM('',(#156),#4316,#4649);
#4767=OVER_RIDING_STYLED_ITEM('',(#156),#4340,#4649);
#4768=OVER_RIDING_STYLED_ITEM('',(#156),#4364,#4649);
#4769=OVER_RIDING_STYLED_ITEM('',(#156),#4389,#4649);
#4770=OVER_RIDING_STYLED_ITEM('',(#156),#4413,#4649);
#4771=OVER_RIDING_STYLED_ITEM('',(#156),#4437,#4649);
#4772=OVER_RIDING_STYLED_ITEM('',(#156),#4461,#4649);
#4773=OVER_RIDING_STYLED_ITEM('',(#156),#4486,#4649);
#4774=OVER_RIDING_STYLED_ITEM('',(#156),#4510,#4649);
#4775=OVER_RIDING_STYLED_ITEM('',(#156),#4534,#4649);
#4776=OVER_RIDING_STYLED_ITEM('',(#156),#4558,#4649);
#4777=OVER_RIDING_STYLED_ITEM('',(#156),#4576,#4649);
#4778=OVER_RIDING_STYLED_ITEM('',(#156),#4600,#4649);
#4779=OVER_RIDING_STYLED_ITEM('',(#156),#4624,#4649);
#4780=OVER_RIDING_STYLED_ITEM('',(#156),#4648,#4649);
#4781=MANIFOLD_SOLID_BREP('S6',#4649);
#4782=ADVANCED_BREP_SHAPE_REPRESENTATION('',(#162,#4781),#5);
#4783=SHAPE_REPRESENTATION_RELATIONSHIP('NONE', 'NONE', #28, #4782);
#4784=PRESENTATION_LAYER_ASSIGNMENT('图层000','',(#162,#4781));
#4785=MECHANICAL_DESIGN_GEOMETRIC_PRESENTATION_REPRESENTATION('',(#157,#158,#159,#160,#161,#4650,#4651,#4652,#4653,#4654,#4655,#4656,#4657,#4658,#4659,#4660,#4661,#4662,#4663,#4664,#4665,#4666,#4667,#4668,#4669,#4670,#4671,#4672,#4673,#4674,#4675,#4676,#4677,#4678,#4679,#4680,#4681,#4682,#4683,#4684,#4685,#4686,#4687,#4688,#4689,#4690,#4691,#4692,#4693,#4694,#4695,#4696,#4697,#4698,#4699,#4700,#4701,#4702,#4703,#4704,#4705,#4706,#4707,#4708,#4709,#4710,#4711,#4712,#4713,#4714,#4715,#4716,#4717,#4718,#4719,#4720,#4721,#4722,#4723,#4724,#4725,#4726,#4727,#4728,#4729,#4730,#4731,#4732,#4733,#4734,#4735,#4736,#4737,#4738,#4739,#4740,#4741,#4742,#4743,#4744,#4745,#4746,#4747,#4748,#4749,#4750,#4751,#4752,#4753,#4754,#4755,#4756,#4757,#4758,#4759,#4760,#4761,#4762,#4763,#4764,#4765,#4766,#4767,#4768,#4769,#4770,#4771,#4772,#4773,#4774,#4775,#4776,#4777,#4778,#4779,#4780),#5);
ENDSEC;
END-ISO-10303-21;
