solid CATIA STL
  facet normal -1.000000e+000  1.020170e-015 -2.733537e-016
    outer loop
      vertex  0.000000e+000  9.355674e+000 -1.649658e+000
      vertex  0.000000e+000  8.927080e+000 -3.249191e+000
      vertex -1.776357e-015  8.927080e+000  3.249191e+000
    endloop
  endfacet
  facet normal -1.000000e+000  0.000000e+000  0.000000e+000
    outer loop
      vertex  0.000000e+000  4.503332e+001  2.600000e+001
      vertex  0.000000e+000  4.070319e+001  2.350000e+001
      vertex  0.000000e+000  3.600409e+001  3.021102e+001
    endloop
  endfacet
  facet normal -9.999999e-001  0.000000e+000  0.000000e+000
    outer loop
      vertex  0.000000e+000  1.607495e+001 -4.416555e+001
      vertex  0.000000e+000  3.249191e+000 -8.927080e+000
      vertex  0.000000e+000  4.750000e+000 -8.227242e+000
    endloop
  endfacet
  facet normal -1.000000e+000 -1.042938e-016 -3.286526e-017
    outer loop
      vertex  0.000000e+000  1.607495e+001 -4.416555e+001
      vertex  0.000000e+000  4.750000e+000 -8.227242e+000
      vertex -8.881784e-016  2.350000e+001 -4.070319e+001
    endloop
  endfacet
  facet normal -1.000000e+000 -1.888710e-017 -2.160205e-016
    outer loop
      vertex  0.000000e+000  1.607495e+001 -4.416555e+001
      vertex -8.881784e-016  2.350000e+001 -4.070319e+001
      vertex  0.000000e+000  2.600000e+001 -4.503332e+001
    endloop
  endfacet
  facet normal -1.000000e+000  -0.000000e+000  0.000000e+000
    outer loop
      vertex  0.000000e+000  1.607495e+001 -4.416555e+001
      vertex  0.000000e+000  2.600000e+001 -4.503332e+001
      vertex  0.000000e+000  1.778505e+001 -4.886402e+001
    endloop
  endfacet
  facet normal -1.000000e+000  -0.000000e+000  0.000000e+000
    outer loop
      vertex  0.000000e+000  1.607495e+001 -4.416555e+001
      vertex  0.000000e+000  1.778505e+001 -4.886402e+001
      vertex  0.000000e+000  9.029705e+000 -5.121000e+001
    endloop
  endfacet
  facet normal -1.000000e+000  -0.000000e+000  0.000000e+000
    outer loop
      vertex  0.000000e+000  1.607495e+001 -4.416555e+001
      vertex  0.000000e+000  9.029705e+000 -5.121000e+001
      vertex  0.000000e+000 -9.551930e-015 -5.200000e+001
    endloop
  endfacet
  facet normal -1.000000e+000  2.492950e-016 -5.115108e-016
    outer loop
      vertex  0.000000e+000  1.607495e+001 -4.416555e+001
      vertex  0.000000e+000 -9.551930e-015 -5.200000e+001
      vertex -8.881784e-016  8.161465e+000 -4.628596e+001
    endloop
  endfacet
  facet normal -1.000000e+000  4.260768e-016 -3.266026e-016
    outer loop
      vertex  0.000000e+000  3.021102e+001  3.600409e+001
      vertex -8.881784e-016  6.106468e+000  7.277406e+000
      vertex -1.776357e-015  4.750000e+000  8.227242e+000
    endloop
  endfacet
  facet normal -1.000000e+000  2.727382e-017  3.895106e-017
    outer loop
      vertex  0.000000e+000  3.021102e+001  3.600409e+001
      vertex -1.776357e-015  4.750000e+000  8.227242e+000
      vertex  0.000000e+000  2.350000e+001  4.070319e+001
    endloop
  endfacet
  facet normal -1.000000e+000  0.000000e+000  0.000000e+000
    outer loop
      vertex  0.000000e+000  3.021102e+001  3.600409e+001
      vertex  0.000000e+000  2.350000e+001  4.070319e+001
      vertex  0.000000e+000  3.342496e+001  3.983431e+001
    endloop
  endfacet
  facet normal -1.000000e+000  0.000000e+000  -0.000000e+000
    outer loop
      vertex  0.000000e+000  3.021102e+001  3.600409e+001
      vertex  0.000000e+000  3.342496e+001  3.983431e+001
      vertex  0.000000e+000  3.983431e+001  3.342496e+001
    endloop
  endfacet
  facet normal -1.000000e+000  -0.000000e+000  -0.000000e+000
    outer loop
      vertex  0.000000e+000  3.021102e+001  3.600409e+001
      vertex  0.000000e+000  3.983431e+001  3.342496e+001
      vertex  0.000000e+000  4.503332e+001  2.600000e+001
    endloop
  endfacet
  facet normal -1.000000e+000  0.000000e+000  0.000000e+000
    outer loop
      vertex  0.000000e+000  3.021102e+001  3.600409e+001
      vertex  0.000000e+000  4.503332e+001  2.600000e+001
      vertex  0.000000e+000  3.600409e+001  3.021102e+001
    endloop
  endfacet
  facet normal -9.999999e-001  0.000000e+000  0.000000e+000
    outer loop
      vertex  0.000000e+000  8.227242e+000  4.750000e+000
      vertex  0.000000e+000  7.852976e+000  3.252809e+000
      vertex  0.000000e+000  6.010407e+000  6.010407e+000
    endloop
  endfacet
  facet normal -1.000000e+000 -1.237022e-015 -2.175704e-015
    outer loop
      vertex  0.000000e+000  8.227242e+000  4.750000e+000
      vertex  0.000000e+000  6.010407e+000  6.010407e+000
      vertex -1.776357e-015  7.277422e+000  6.106483e+000
    endloop
  endfacet
  facet normal -9.999999e-001  7.311068e-016 -7.976053e-016
    outer loop
      vertex  0.000000e+000  8.227242e+000  4.750000e+000
      vertex -1.776357e-015  7.277422e+000  6.106483e+000
      vertex  0.000000e+000  3.600409e+001  3.021102e+001
    endloop
  endfacet
  facet normal -1.000000e+000  0.000000e+000  -0.000000e+000
    outer loop
      vertex  0.000000e+000  8.227242e+000  4.750000e+000
      vertex  0.000000e+000  3.600409e+001  3.021102e+001
      vertex  0.000000e+000  4.070319e+001  2.350000e+001
    endloop
  endfacet
  facet normal -1.000000e+000 -5.441293e-017  9.424597e-017
    outer loop
      vertex -8.881784e-016  4.416555e+001  1.607495e+001
      vertex  0.000000e+000  4.070319e+001  2.350000e+001
      vertex  0.000000e+000  4.503332e+001  2.600000e+001
    endloop
  endfacet
  facet normal -1.000000e+000  1.616076e-016  7.535886e-017
    outer loop
      vertex -8.881784e-016  4.416555e+001  1.607495e+001
      vertex  0.000000e+000  4.503332e+001  2.600000e+001
      vertex  0.000000e+000  4.886402e+001  1.778505e+001
    endloop
  endfacet
  facet normal -1.000000e+000  1.722383e-016  4.615109e-017
    outer loop
      vertex -8.881784e-016  4.416555e+001  1.607495e+001
      vertex  0.000000e+000  4.886402e+001  1.778505e+001
      vertex  0.000000e+000  5.121000e+001  9.029705e+000
    endloop
  endfacet
  facet normal -1.000000e+000  1.889740e-017 -1.071726e-016
    outer loop
      vertex -8.881784e-016  4.416555e+001  1.607495e+001
      vertex  0.000000e+000  5.121000e+001  9.029705e+000
      vertex  0.000000e+000  4.628596e+001  8.161465e+000
    endloop
  endfacet
  facet normal -1.000000e+000  1.889741e-017 -1.071726e-016
    outer loop
      vertex -8.881784e-016  4.416555e+001  1.607495e+001
      vertex  0.000000e+000  4.628596e+001  8.161465e+000
      vertex  0.000000e+000  9.355674e+000  1.649658e+000
    endloop
  endfacet
  facet normal -1.000000e+000  3.912536e-016 -1.005711e-015
    outer loop
      vertex -8.881784e-016  4.416555e+001  1.607495e+001
      vertex  0.000000e+000  9.355674e+000  1.649658e+000
      vertex -1.776357e-015  8.927080e+000  3.249191e+000
    endloop
  endfacet
  facet normal -1.000000e+000  6.153477e-018  2.296509e-017
    outer loop
      vertex  0.000000e+000  1.607495e+001  4.416555e+001
      vertex -8.881784e-016  3.249182e+000  8.927055e+000
      vertex  0.000000e+000  8.161465e+000  4.628596e+001
    endloop
  endfacet
  facet normal -1.000000e+000  0.000000e+000  0.000000e+000
    outer loop
      vertex  0.000000e+000  1.607495e+001  4.416555e+001
      vertex  0.000000e+000  8.161465e+000  4.628596e+001
      vertex  0.000000e+000  9.029705e+000  5.121000e+001
    endloop
  endfacet
  facet normal -1.000000e+000  0.000000e+000  0.000000e+000
    outer loop
      vertex  0.000000e+000  1.607495e+001  4.416555e+001
      vertex  0.000000e+000  9.029705e+000  5.121000e+001
      vertex  0.000000e+000  1.778505e+001  4.886402e+001
    endloop
  endfacet
  facet normal -1.000000e+000  0.000000e+000  -0.000000e+000
    outer loop
      vertex  0.000000e+000  1.607495e+001  4.416555e+001
      vertex  0.000000e+000  1.778505e+001  4.886402e+001
      vertex  0.000000e+000  2.350000e+001  4.070319e+001
    endloop
  endfacet
  facet normal -1.000000e+000 -7.020714e-016 -1.937720e-015
    outer loop
      vertex -1.776357e-015  4.750000e+000  8.227242e+000
      vertex -8.881784e-016  6.106468e+000  7.277406e+000
      vertex  0.000000e+000  3.252809e+000  7.852976e+000
    endloop
  endfacet
  facet normal -1.000000e+000 -5.257437e-016 -2.643091e-015
    outer loop
      vertex -1.776357e-015  4.750000e+000  8.227242e+000
      vertex  0.000000e+000  3.252809e+000  7.852976e+000
      vertex  0.000000e+000 -3.859949e-015  8.500000e+000
    endloop
  endfacet
  facet normal -9.999999e-001 -3.433774e-016  5.327582e-016
    outer loop
      vertex -1.776357e-015  4.750000e+000  8.227242e+000
      vertex  0.000000e+000 -3.859949e-015  8.500000e+000
      vertex -8.881784e-016  3.249182e+000  8.927055e+000
    endloop
  endfacet
  facet normal -9.999999e-001 -4.309535e-017  2.009569e-017
    outer loop
      vertex  0.000000e+000 -4.070319e+001  2.350000e+001
      vertex -1.776357e-015 -8.227242e+000  4.750000e+000
      vertex -1.776357e-015 -8.927080e+000  3.249191e+000
    endloop
  endfacet
  facet normal -9.999999e-001 -4.309535e-017  2.009569e-017
    outer loop
      vertex  0.000000e+000 -4.070319e+001  2.350000e+001
      vertex -1.776357e-015 -8.927080e+000  3.249191e+000
      vertex  0.000000e+000 -4.416555e+001  1.607495e+001
    endloop
  endfacet
  facet normal -1.000000e+000  0.000000e+000  0.000000e+000
    outer loop
      vertex  0.000000e+000 -4.070319e+001  2.350000e+001
      vertex  0.000000e+000 -4.416555e+001  1.607495e+001
      vertex  0.000000e+000 -4.886402e+001  1.778505e+001
    endloop
  endfacet
  facet normal -1.000000e+000  0.000000e+000  0.000000e+000
    outer loop
      vertex  0.000000e+000 -4.070319e+001  2.350000e+001
      vertex  0.000000e+000 -4.886402e+001  1.778505e+001
      vertex  0.000000e+000 -4.503332e+001  2.600000e+001
    endloop
  endfacet
  facet normal -1.000000e+000  0.000000e+000  0.000000e+000
    outer loop
      vertex  0.000000e+000 -4.070319e+001  2.350000e+001
      vertex  0.000000e+000 -4.503332e+001  2.600000e+001
      vertex  0.000000e+000 -3.983431e+001  3.342496e+001
    endloop
  endfacet
  facet normal -1.000000e+000 -2.160184e-016  1.891135e-017
    outer loop
      vertex  0.000000e+000 -4.070319e+001  2.350000e+001
      vertex  0.000000e+000 -3.983431e+001  3.342496e+001
      vertex -8.881784e-016 -3.600409e+001  3.021102e+001
    endloop
  endfacet
  facet normal -1.000000e+000 -3.362325e-017  3.362325e-017
    outer loop
      vertex  0.000000e+000 -3.021102e+001  3.600409e+001
      vertex -1.776357e-015 -6.106483e+000  7.277422e+000
      vertex -1.776357e-015 -7.277422e+000  6.106483e+000
    endloop
  endfacet
  facet normal -1.000000e+000  5.314029e-017  1.001771e-016
    outer loop
      vertex  0.000000e+000 -3.021102e+001  3.600409e+001
      vertex -1.776357e-015 -7.277422e+000  6.106483e+000
      vertex -8.881784e-016 -3.600409e+001  3.021102e+001
    endloop
  endfacet
  facet normal -1.000000e+000 -5.613523e-017  2.094526e-016
    outer loop
      vertex  0.000000e+000 -3.021102e+001  3.600409e+001
      vertex -8.881784e-016 -3.600409e+001  3.021102e+001
      vertex  0.000000e+000 -3.983431e+001  3.342496e+001
    endloop
  endfacet
  facet normal -1.000000e+000  0.000000e+000  0.000000e+000
    outer loop
      vertex  0.000000e+000 -3.021102e+001  3.600409e+001
      vertex  0.000000e+000 -3.983431e+001  3.342496e+001
      vertex  0.000000e+000 -3.342496e+001  3.983431e+001
    endloop
  endfacet
  facet normal -1.000000e+000  0.000000e+000  0.000000e+000
    outer loop
      vertex  0.000000e+000 -3.021102e+001  3.600409e+001
      vertex  0.000000e+000 -3.342496e+001  3.983431e+001
      vertex  0.000000e+000 -2.600000e+001  4.503332e+001
    endloop
  endfacet
  facet normal -1.000000e+000 -1.965228e-016  9.165352e-017
    outer loop
      vertex  0.000000e+000 -3.021102e+001  3.600409e+001
      vertex  0.000000e+000 -2.600000e+001  4.503332e+001
      vertex -8.881784e-016 -2.350000e+001  4.070319e+001
    endloop
  endfacet
  facet normal -1.000000e+000  9.146092e-016  4.264893e-016
    outer loop
      vertex -1.776357e-015 -8.227242e+000 -4.750000e+000
      vertex -1.776357e-015 -8.927080e+000 -3.249191e+000
      vertex  0.000000e+000 -8.500000e+000 -1.213472e-015
    endloop
  endfacet
  facet normal -1.000000e+000  2.643091e-015  5.257437e-016
    outer loop
      vertex -1.776357e-015 -8.227242e+000 -4.750000e+000
      vertex  0.000000e+000 -8.500000e+000 -1.213472e-015
      vertex  0.000000e+000 -7.852976e+000 -3.252809e+000
    endloop
  endfacet
  facet normal -9.999999e-001  1.292219e-015  8.634329e-016
    outer loop
      vertex -1.776357e-015 -8.227242e+000 -4.750000e+000
      vertex  0.000000e+000 -7.852976e+000 -3.252809e+000
      vertex  0.000000e+000 -6.010407e+000 -6.010407e+000
    endloop
  endfacet
  facet normal -1.000000e+000  1.331315e-015  9.321966e-016
    outer loop
      vertex -1.776357e-015 -8.227242e+000 -4.750000e+000
      vertex  0.000000e+000 -6.010407e+000 -6.010407e+000
      vertex -1.776357e-015 -7.277422e+000 -6.106483e+000
    endloop
  endfacet
  facet normal -9.999999e-001 -3.895106e-017 -2.727382e-017
    outer loop
      vertex -1.776357e-015 -8.227242e+000 -4.750000e+000
      vertex -1.776357e-015 -7.277422e+000 -6.106483e+000
      vertex  0.000000e+000 -3.600409e+001 -3.021102e+001
    endloop
  endfacet
  facet normal -1.000000e+000 -3.895106e-017 -2.727382e-017
    outer loop
      vertex -1.776357e-015 -8.227242e+000 -4.750000e+000
      vertex  0.000000e+000 -3.600409e+001 -3.021102e+001
      vertex  0.000000e+000 -4.070319e+001 -2.350000e+001
    endloop
  endfacet
  facet normal -1.000000e+000  5.441293e-017 -9.424597e-017
    outer loop
      vertex -8.881784e-016 -4.416555e+001 -1.607495e+001
      vertex  0.000000e+000 -4.070319e+001 -2.350000e+001
      vertex  0.000000e+000 -4.503332e+001 -2.600000e+001
    endloop
  endfacet
  facet normal -1.000000e+000 -1.616076e-016 -7.535886e-017
    outer loop
      vertex -8.881784e-016 -4.416555e+001 -1.607495e+001
      vertex  0.000000e+000 -4.503332e+001 -2.600000e+001
      vertex  0.000000e+000 -4.886402e+001 -1.778505e+001
    endloop
  endfacet
  facet normal -1.000000e+000 -1.722383e-016 -4.615109e-017
    outer loop
      vertex -8.881784e-016 -4.416555e+001 -1.607495e+001
      vertex  0.000000e+000 -4.886402e+001 -1.778505e+001
      vertex  0.000000e+000 -5.121000e+001 -9.029705e+000
    endloop
  endfacet
  facet normal -1.000000e+000 -1.889740e-017  1.071726e-016
    outer loop
      vertex -8.881784e-016 -4.416555e+001 -1.607495e+001
      vertex  0.000000e+000 -5.121000e+001 -9.029705e+000
      vertex  0.000000e+000 -4.628596e+001 -8.161465e+000
    endloop
  endfacet
  facet normal -1.000000e+000 -4.186252e-017  1.010191e-016
    outer loop
      vertex -8.881784e-016 -4.416555e+001 -1.607495e+001
      vertex  0.000000e+000 -4.628596e+001 -8.161465e+000
      vertex -8.881784e-016 -9.355669e+000 -1.649657e+000
    endloop
  endfacet
  facet normal -9.999999e-001 -2.071095e-016  4.997789e-016
    outer loop
      vertex -8.881784e-016 -4.416555e+001 -1.607495e+001
      vertex -8.881784e-016 -9.355669e+000 -1.649657e+000
      vertex -1.776357e-015 -8.927080e+000 -3.249191e+000
    endloop
  endfacet
  facet normal -1.000000e+000 -2.727382e-017 -3.895106e-017
    outer loop
      vertex -1.776357e-015 -4.750000e+000 -8.227242e+000
      vertex  0.000000e+000 -2.350000e+001 -4.070319e+001
      vertex  0.000000e+000 -3.021102e+001 -3.600409e+001
    endloop
  endfacet
  facet normal -1.000000e+000 -4.260766e-016  3.266025e-016
    outer loop
      vertex -1.776357e-015 -4.750000e+000 -8.227242e+000
      vertex  0.000000e+000 -3.021102e+001 -3.600409e+001
      vertex -8.881784e-016 -6.106468e+000 -7.277406e+000
    endloop
  endfacet
  facet normal -1.000000e+000  7.020714e-016  1.937720e-015
    outer loop
      vertex -1.776357e-015 -4.750000e+000 -8.227242e+000
      vertex -8.881784e-016 -6.106468e+000 -7.277406e+000
      vertex  0.000000e+000 -3.252809e+000 -7.852976e+000
    endloop
  endfacet
  facet normal -1.000000e+000  5.257437e-016  2.643091e-015
    outer loop
      vertex -1.776357e-015 -4.750000e+000 -8.227242e+000
      vertex  0.000000e+000 -3.252809e+000 -7.852976e+000
      vertex  0.000000e+000  3.689568e-015 -8.500000e+000
    endloop
  endfacet
  facet normal -1.000000e+000  4.759762e-016  1.776408e-015
    outer loop
      vertex -1.776357e-015 -4.750000e+000 -8.227242e+000
      vertex  0.000000e+000  3.689568e-015 -8.500000e+000
      vertex -1.776357e-015 -1.173542e-014 -9.499971e+000
    endloop
  endfacet
  facet normal -1.000000e+000 -7.994534e-016 -2.983668e-015
    outer loop
      vertex -1.776357e-015 -4.750000e+000 -8.227242e+000
      vertex -1.776357e-015 -1.173542e-014 -9.499971e+000
      vertex -8.881784e-016 -3.249182e+000 -8.927055e+000
    endloop
  endfacet
  facet normal -1.000000e+000  0.000000e+000  0.000000e+000
    outer loop
      vertex  0.000000e+000  8.500000e+000  6.932871e-015
      vertex  0.000000e+000  7.852976e+000  3.252809e+000
      vertex  0.000000e+000  8.227242e+000  4.750000e+000
    endloop
  endfacet
  facet normal -1.000000e+000 -2.894702e-015 -1.662220e-016
    outer loop
      vertex  0.000000e+000  8.500000e+000  6.932871e-015
      vertex  0.000000e+000  8.227242e+000  4.750000e+000
      vertex -1.776357e-015  8.927080e+000  3.249191e+000
    endloop
  endfacet
  facet normal -1.000000e+000 -2.079653e-015 -2.733537e-016
    outer loop
      vertex  0.000000e+000  8.500000e+000  6.932871e-015
      vertex -1.776357e-015  8.927080e+000  3.249191e+000
      vertex  0.000000e+000  8.927080e+000 -3.249191e+000
    endloop
  endfacet
  facet normal -1.000000e+000  -0.000000e+000  0.000000e+000
    outer loop
      vertex  0.000000e+000  8.500000e+000  6.932871e-015
      vertex  0.000000e+000  8.927080e+000 -3.249191e+000
      vertex  0.000000e+000  8.227242e+000 -4.750000e+000
    endloop
  endfacet
  facet normal -1.000000e+000  0.000000e+000  0.000000e+000
    outer loop
      vertex  0.000000e+000  8.500000e+000  6.932871e-015
      vertex  0.000000e+000  8.227242e+000 -4.750000e+000
      vertex  0.000000e+000  7.852976e+000 -3.252809e+000
    endloop
  endfacet
  facet normal -1.000000e+000  4.159305e-015  0.000000e+000
    outer loop
      vertex  0.000000e+000 -8.500000e+000 -1.213472e-015
      vertex -1.776357e-015 -8.927080e+000 -3.249191e+000
      vertex -1.776357e-015 -8.927080e+000  3.249191e+000
    endloop
  endfacet
  facet normal -1.000000e+000  9.146092e-016 -4.264893e-016
    outer loop
      vertex  0.000000e+000 -8.500000e+000 -1.213472e-015
      vertex -1.776357e-015 -8.927080e+000  3.249191e+000
      vertex -1.776357e-015 -8.227242e+000  4.750000e+000
    endloop
  endfacet
  facet normal -1.000000e+000  2.643091e-015 -5.257437e-016
    outer loop
      vertex  0.000000e+000 -8.500000e+000 -1.213472e-015
      vertex -1.776357e-015 -8.227242e+000  4.750000e+000
      vertex  0.000000e+000 -7.852976e+000  3.252809e+000
    endloop
  endfacet
  facet normal -1.000000e+000  0.000000e+000  -0.000000e+000
    outer loop
      vertex  0.000000e+000 -5.200000e+001 -1.672469e-014
      vertex  0.000000e+000 -5.121000e+001  9.029705e+000
      vertex  0.000000e+000 -4.628596e+001  8.161465e+000
    endloop
  endfacet
  facet normal -1.000000e+000  0.000000e+000  0.000000e+000
    outer loop
      vertex  0.000000e+000 -5.200000e+001 -1.672469e-014
      vertex  0.000000e+000 -4.628596e+001  8.161465e+000
      vertex  0.000000e+000 -4.700000e+001  2.662784e-014
    endloop
  endfacet
  facet normal -1.000000e+000  0.000000e+000  -0.000000e+000
    outer loop
      vertex  0.000000e+000 -5.200000e+001 -1.672469e-014
      vertex  0.000000e+000 -4.700000e+001  2.662784e-014
      vertex  0.000000e+000 -4.628596e+001 -8.161465e+000
    endloop
  endfacet
  facet normal -1.000000e+000  -0.000000e+000  0.000000e+000
    outer loop
      vertex  0.000000e+000 -5.200000e+001 -1.672469e-014
      vertex  0.000000e+000 -4.628596e+001 -8.161465e+000
      vertex  0.000000e+000 -5.121000e+001 -9.029705e+000
    endloop
  endfacet
  facet normal -1.000000e+000  0.000000e+000  0.000000e+000
    outer loop
      vertex  0.000000e+000  5.200000e+001  0.000000e+000
      vertex  0.000000e+000  5.121000e+001 -9.029705e+000
      vertex  0.000000e+000  4.628596e+001 -8.161465e+000
    endloop
  endfacet
  facet normal -1.000000e+000  1.776357e-016 -1.243669e-016
    outer loop
      vertex  0.000000e+000  5.200000e+001  0.000000e+000
      vertex  0.000000e+000  4.628596e+001 -8.161465e+000
      vertex -8.881784e-016  4.700000e+001  0.000000e+000
    endloop
  endfacet
  facet normal -1.000000e+000  1.776357e-016  1.243669e-016
    outer loop
      vertex  0.000000e+000  5.200000e+001  0.000000e+000
      vertex -8.881784e-016  4.700000e+001  0.000000e+000
      vertex  0.000000e+000  4.628596e+001  8.161465e+000
    endloop
  endfacet
  facet normal -1.000000e+000  0.000000e+000  0.000000e+000
    outer loop
      vertex  0.000000e+000  5.200000e+001  0.000000e+000
      vertex  0.000000e+000  4.628596e+001  8.161465e+000
      vertex  0.000000e+000  5.121000e+001  9.029705e+000
    endloop
  endfacet
  facet normal -1.000000e+000 -4.458150e-016 -6.672093e-016
    outer loop
      vertex  0.000000e+000  6.010407e+000  6.010407e+000
      vertex  0.000000e+000  3.252809e+000  7.852976e+000
      vertex -8.881784e-016  6.106468e+000  7.277406e+000
    endloop
  endfacet
  facet normal -9.999999e-001  2.193300e-015 -8.673006e-016
    outer loop
      vertex  0.000000e+000  6.010407e+000  6.010407e+000
      vertex -8.881784e-016  6.106468e+000  7.277406e+000
      vertex  1.776357e-015  6.988330e+000  6.435312e+000
    endloop
  endfacet
  facet normal -1.000000e+000 -2.082430e-015  8.973332e-015
    outer loop
      vertex  0.000000e+000  6.010407e+000  6.010407e+000
      vertex  1.776357e-015  6.988330e+000  6.435312e+000
      vertex -1.776357e-015  7.277422e+000  6.106483e+000
    endloop
  endfacet
  facet normal -1.000000e+000  0.000000e+000  0.000000e+000
    outer loop
      vertex  0.000000e+000  4.503332e+001 -2.600000e+001
      vertex  0.000000e+000  4.070319e+001 -2.350000e+001
      vertex  0.000000e+000  4.886402e+001 -1.778505e+001
    endloop
  endfacet
  facet normal -1.000000e+000  1.243869e-016 -1.776218e-016
    outer loop
      vertex  0.000000e+000  4.886402e+001 -1.778505e+001
      vertex  0.000000e+000  4.070319e+001 -2.350000e+001
      vertex -8.881784e-016  4.416555e+001 -1.607495e+001
    endloop
  endfacet
  facet normal -1.000000e+000 -5.441293e-017 -9.424597e-017
    outer loop
      vertex  0.000000e+000  4.070319e+001 -2.350000e+001
      vertex  0.000000e+000  8.227242e+000 -4.750000e+000
      vertex -8.881784e-016  4.416555e+001 -1.607495e+001
    endloop
  endfacet
  facet normal -9.999999e-001 -2.154767e-017  1.004787e-017
    outer loop
      vertex -8.881784e-016  4.416555e+001 -1.607495e+001
      vertex  0.000000e+000  8.227242e+000 -4.750000e+000
      vertex  0.000000e+000  8.927080e+000 -3.249191e+000
    endloop
  endfacet
  facet normal -9.999999e-001  6.153958e-015  5.384010e-016
    outer loop
      vertex  0.000000e+000  9.355674e+000  1.649658e+000
      vertex  0.000000e+000  9.500000e+000  1.421085e-014
      vertex -1.776357e-015  8.927080e+000  3.249191e+000
    endloop
  endfacet
  facet normal -1.000000e+000  2.072310e-015 -1.813034e-016
    outer loop
      vertex -1.776357e-015  8.927080e+000  3.249191e+000
      vertex  0.000000e+000  9.500000e+000  1.421085e-014
      vertex  0.000000e+000  9.355674e+000 -1.649658e+000
    endloop
  endfacet
  facet normal -1.000000e+000 -2.368476e-017  2.072132e-018
    outer loop
      vertex  0.000000e+000  9.500000e+000  1.421085e-014
      vertex -8.881784e-016  4.700000e+001  0.000000e+000
      vertex  0.000000e+000  9.355674e+000 -1.649658e+000
    endloop
  endfacet
  facet normal -1.000000e+000 -1.889741e-017 -1.071726e-016
    outer loop
      vertex  0.000000e+000  9.355674e+000 -1.649658e+000
      vertex -8.881784e-016  4.700000e+001  0.000000e+000
      vertex  0.000000e+000  4.628596e+001 -8.161465e+000
    endloop
  endfacet
  facet normal -1.000000e+000  0.000000e+000  0.000000e+000
    outer loop
      vertex  0.000000e+000  2.600000e+001  4.503332e+001
      vertex  0.000000e+000  3.342496e+001  3.983431e+001
      vertex  0.000000e+000  1.778505e+001  4.886402e+001
    endloop
  endfacet
  facet normal -1.000000e+000  0.000000e+000  0.000000e+000
    outer loop
      vertex  0.000000e+000  1.778505e+001  4.886402e+001
      vertex  0.000000e+000  3.342496e+001  3.983431e+001
      vertex  0.000000e+000  2.350000e+001  4.070319e+001
    endloop
  endfacet
  facet normal -1.000000e+000  5.613523e-017 -2.094526e-016
    outer loop
      vertex  0.000000e+000  3.983431e+001 -3.342496e+001
      vertex  0.000000e+000  3.021102e+001 -3.600409e+001
      vertex -8.881784e-016  3.600409e+001 -3.021102e+001
    endloop
  endfacet
  facet normal -1.000000e+000 -8.336545e-017 -6.995191e-017
    outer loop
      vertex -8.881784e-016  3.600409e+001 -3.021102e+001
      vertex  0.000000e+000  3.021102e+001 -3.600409e+001
      vertex  0.000000e+000  6.106483e+000 -7.277422e+000
    endloop
  endfacet
  facet normal -1.000000e+000 -1.681163e-017  1.681163e-017
    outer loop
      vertex -8.881784e-016  3.600409e+001 -3.021102e+001
      vertex  0.000000e+000  6.106483e+000 -7.277422e+000
      vertex  0.000000e+000  7.277422e+000 -6.106483e+000
    endloop
  endfacet
  facet normal -1.000000e+000  0.000000e+000  0.000000e+000
    outer loop
      vertex  0.000000e+000 -9.029705e+000  5.121000e+001
      vertex  0.000000e+000 -1.607495e+001  4.416555e+001
      vertex  0.000000e+000 -1.778505e+001  4.886402e+001
    endloop
  endfacet
  facet normal -1.000000e+000  1.022629e-016  3.722063e-017
    outer loop
      vertex  0.000000e+000 -1.778505e+001  4.886402e+001
      vertex  0.000000e+000 -1.607495e+001  4.416555e+001
      vertex -8.881784e-016 -2.350000e+001  4.070319e+001
    endloop
  endfacet
  facet normal -1.000000e+000 -7.535885e-017  1.616075e-016
    outer loop
      vertex  0.000000e+000 -1.778505e+001  4.886402e+001
      vertex -8.881784e-016 -2.350000e+001  4.070319e+001
      vertex  0.000000e+000 -2.600000e+001  4.503332e+001
    endloop
  endfacet
  facet normal -1.000000e+000 -1.533237e-016  1.533409e-016
    outer loop
      vertex  0.000000e+000 -1.607495e+001  4.416555e+001
      vertex  0.000000e+000 -9.029705e+000  5.121000e+001
      vertex -8.881784e-016 -8.161465e+000  4.628596e+001
    endloop
  endfacet
  facet normal -1.000000e+000 -1.554112e-017  1.776357e-016
    outer loop
      vertex -8.881784e-016 -8.161465e+000  4.628596e+001
      vertex  0.000000e+000 -9.029705e+000  5.121000e+001
      vertex  0.000000e+000 -8.362343e-015  5.200000e+001
    endloop
  endfacet
  facet normal -1.000000e+000  1.088259e-016 -8.910730e-031
    outer loop
      vertex -8.881784e-016 -8.161465e+000  4.628596e+001
      vertex  0.000000e+000 -8.362343e-015  5.200000e+001
      vertex  0.000000e+000 -4.930266e-014  4.700000e+001
    endloop
  endfacet
  facet normal -1.000000e+000  0.000000e+000  0.000000e+000
    outer loop
      vertex  0.000000e+000 -4.930266e-014  4.700000e+001
      vertex  0.000000e+000 -8.362343e-015  5.200000e+001
      vertex  0.000000e+000  9.029705e+000  5.121000e+001
    endloop
  endfacet
  facet normal -1.000000e+000  0.000000e+000  0.000000e+000
    outer loop
      vertex  0.000000e+000 -4.930266e-014  4.700000e+001
      vertex  0.000000e+000  9.029705e+000  5.121000e+001
      vertex  0.000000e+000  8.161465e+000  4.628596e+001
    endloop
  endfacet
  facet normal -1.000000e+000  -0.000000e+000  0.000000e+000
    outer loop
      vertex  0.000000e+000 -3.983431e+001 -3.342496e+001
      vertex  0.000000e+000 -3.021102e+001 -3.600409e+001
      vertex  0.000000e+000 -3.342496e+001 -3.983431e+001
    endloop
  endfacet
  facet normal -1.000000e+000  0.000000e+000  0.000000e+000
    outer loop
      vertex  0.000000e+000 -3.342496e+001 -3.983431e+001
      vertex  0.000000e+000 -3.021102e+001 -3.600409e+001
      vertex  0.000000e+000 -2.350000e+001 -4.070319e+001
    endloop
  endfacet
  facet normal -1.000000e+000  -0.000000e+000  0.000000e+000
    outer loop
      vertex  0.000000e+000 -3.342496e+001 -3.983431e+001
      vertex  0.000000e+000 -2.350000e+001 -4.070319e+001
      vertex  0.000000e+000 -2.600000e+001 -4.503332e+001
    endloop
  endfacet
  facet normal -1.000000e+000  0.000000e+000  0.000000e+000
    outer loop
      vertex  0.000000e+000 -2.600000e+001 -4.503332e+001
      vertex  0.000000e+000 -2.350000e+001 -4.070319e+001
      vertex  0.000000e+000 -1.607495e+001 -4.416555e+001
    endloop
  endfacet
  facet normal -1.000000e+000  0.000000e+000  0.000000e+000
    outer loop
      vertex  0.000000e+000 -2.600000e+001 -4.503332e+001
      vertex  0.000000e+000 -1.607495e+001 -4.416555e+001
      vertex  0.000000e+000 -1.778505e+001 -4.886402e+001
    endloop
  endfacet
  facet normal -1.000000e+000  0.000000e+000  0.000000e+000
    outer loop
      vertex  0.000000e+000 -1.778505e+001 -4.886402e+001
      vertex  0.000000e+000 -1.607495e+001 -4.416555e+001
      vertex  0.000000e+000 -8.161465e+000 -4.628596e+001
    endloop
  endfacet
  facet normal -1.000000e+000  0.000000e+000  0.000000e+000
    outer loop
      vertex  0.000000e+000 -1.778505e+001 -4.886402e+001
      vertex  0.000000e+000 -8.161465e+000 -4.628596e+001
      vertex  0.000000e+000 -9.029705e+000 -5.121000e+001
    endloop
  endfacet
  facet normal -1.000000e+000  0.000000e+000  0.000000e+000
    outer loop
      vertex  0.000000e+000 -9.029705e+000 -5.121000e+001
      vertex  0.000000e+000 -8.161465e+000 -4.628596e+001
      vertex  0.000000e+000 -3.304404e-015 -4.700000e+001
    endloop
  endfacet
  facet normal -1.000000e+000  0.000000e+000  0.000000e+000
    outer loop
      vertex  0.000000e+000 -9.029705e+000 -5.121000e+001
      vertex  0.000000e+000 -3.304404e-015 -4.700000e+001
      vertex  0.000000e+000 -9.551930e-015 -5.200000e+001
    endloop
  endfacet
  facet normal -1.000000e+000  6.153761e-015  0.000000e+000
    outer loop
      vertex -8.881784e-016 -9.355669e+000 -1.649657e+000
      vertex -1.776357e-015 -9.500000e+000  9.601071e-015
      vertex -8.881784e-016 -9.355669e+000  1.649657e+000
    endloop
  endfacet
  facet normal -1.000000e+000 -4.736951e-017  5.425464e-016
    outer loop
      vertex -8.881784e-016 -9.355669e+000  1.649657e+000
      vertex -1.776357e-015 -9.500000e+000  9.601071e-015
      vertex  0.000000e+000 -4.700000e+001  2.662784e-014
    endloop
  endfacet
  facet normal -1.000000e+000 -2.368475e-017  2.072146e-018
    outer loop
      vertex -8.881784e-016 -9.355669e+000  1.649657e+000
      vertex  0.000000e+000 -4.700000e+001  2.662784e-014
      vertex  0.000000e+000 -4.628596e+001  8.161465e+000
    endloop
  endfacet
  facet normal -9.999999e-001  2.690974e-016  3.076411e-015
    outer loop
      vertex -1.776357e-015 -1.173542e-014 -9.499971e+000
      vertex -1.776357e-015 -1.649658e+000 -9.355674e+000
      vertex -8.881784e-016 -3.249182e+000 -8.927055e+000
    endloop
  endfacet
  facet normal -1.000000e+000 -5.425314e-016  4.756265e-017
    outer loop
      vertex -8.881784e-016 -3.249182e+000 -8.927055e+000
      vertex -1.776357e-015 -1.649658e+000 -9.355674e+000
      vertex  0.000000e+000 -8.161465e+000 -4.628596e+001
    endloop
  endfacet
  facet normal -1.000000e+000 -6.153477e-018 -2.296509e-017
    outer loop
      vertex -8.881784e-016 -3.249182e+000 -8.927055e+000
      vertex  0.000000e+000 -8.161465e+000 -4.628596e+001
      vertex  0.000000e+000 -1.607495e+001 -4.416555e+001
    endloop
  endfacet
  facet normal -1.000000e+000 -2.072332e-015  0.000000e+000
    outer loop
      vertex -8.881784e-016 -9.355669e+000  1.649657e+000
      vertex -1.776357e-015 -8.927080e+000  3.249191e+000
      vertex -8.881784e-016 -9.355669e+000 -1.649657e+000
    endloop
  endfacet
  facet normal -1.000000e+000 -2.072332e-015  0.000000e+000
    outer loop
      vertex -8.881784e-016 -9.355669e+000 -1.649657e+000
      vertex -1.776357e-015 -8.927080e+000  3.249191e+000
      vertex -1.776357e-015 -8.927080e+000 -3.249191e+000
    endloop
  endfacet
  facet normal -1.000000e+000  5.257437e-016 -2.643091e-015
    outer loop
      vertex  0.000000e+000 -3.252809e+000  7.852976e+000
      vertex -1.776357e-015 -4.750000e+000  8.227242e+000
      vertex  0.000000e+000 -3.859949e-015  8.500000e+000
    endloop
  endfacet
  facet normal -1.000000e+000  4.264893e-016 -9.146092e-016
    outer loop
      vertex  0.000000e+000 -3.859949e-015  8.500000e+000
      vertex -1.776357e-015 -4.750000e+000  8.227242e+000
      vertex -1.776357e-015 -3.249191e+000  8.927080e+000
    endloop
  endfacet
  facet normal -9.999999e-001 -1.004785e-017  2.154767e-017
    outer loop
      vertex -1.776357e-015 -4.750000e+000  8.227242e+000
      vertex -8.881784e-016 -2.350000e+001  4.070319e+001
      vertex -1.776357e-015 -3.249191e+000  8.927080e+000
    endloop
  endfacet
  facet normal -9.999999e-001  8.216718e-017  8.031599e-017
    outer loop
      vertex -1.776357e-015 -3.249191e+000  8.927080e+000
      vertex -8.881784e-016 -2.350000e+001  4.070319e+001
      vertex  0.000000e+000 -1.607495e+001  4.416555e+001
    endloop
  endfacet
  facet normal -1.000000e+000  0.000000e+000  0.000000e+000
    outer loop
      vertex  0.000000e+000 -4.070319e+001 -2.350000e+001
      vertex  0.000000e+000 -3.600409e+001 -3.021102e+001
      vertex  0.000000e+000 -4.503332e+001 -2.600000e+001
    endloop
  endfacet
  facet normal -1.000000e+000  0.000000e+000  0.000000e+000
    outer loop
      vertex  0.000000e+000 -4.503332e+001 -2.600000e+001
      vertex  0.000000e+000 -3.600409e+001 -3.021102e+001
      vertex  0.000000e+000 -3.021102e+001 -3.600409e+001
    endloop
  endfacet
  facet normal -1.000000e+000  0.000000e+000  0.000000e+000
    outer loop
      vertex  0.000000e+000 -4.503332e+001 -2.600000e+001
      vertex  0.000000e+000 -3.021102e+001 -3.600409e+001
      vertex  0.000000e+000 -3.983431e+001 -3.342496e+001
    endloop
  endfacet
  facet normal -1.000000e+000  0.000000e+000  -0.000000e+000
    outer loop
      vertex  0.000000e+000 -5.121000e+001  9.029705e+000
      vertex  0.000000e+000 -4.886402e+001  1.778505e+001
      vertex  0.000000e+000 -4.628596e+001  8.161465e+000
    endloop
  endfacet
  facet normal -1.000000e+000  0.000000e+000  0.000000e+000
    outer loop
      vertex  0.000000e+000 -4.628596e+001  8.161465e+000
      vertex  0.000000e+000 -4.886402e+001  1.778505e+001
      vertex  0.000000e+000 -4.416555e+001  1.607495e+001
    endloop
  endfacet
  facet normal -1.000000e+000  1.067537e-016  2.368476e-017
    outer loop
      vertex  0.000000e+000 -4.930266e-014  4.700000e+001
      vertex -8.881784e-016  0.000000e+000  9.500000e+000
      vertex -8.881784e-016 -8.161465e+000  4.628596e+001
    endloop
  endfacet
  facet normal -1.000000e+000  5.281500e-016  1.171772e-016
    outer loop
      vertex -8.881784e-016 -8.161465e+000  4.628596e+001
      vertex -8.881784e-016  0.000000e+000  9.500000e+000
      vertex -1.776357e-015 -1.649658e+000  9.355674e+000
    endloop
  endfacet
  facet normal -9.999999e-001  6.161071e-016 -8.881784e-016
    outer loop
      vertex -8.881784e-016  0.000000e+000  9.500000e+000
      vertex  0.000000e+000 -3.859949e-015  8.500000e+000
      vertex -1.776357e-015 -1.649658e+000  9.355674e+000
    endloop
  endfacet
  facet normal -1.000000e+000  3.667827e-016 -1.368852e-015
    outer loop
      vertex -1.776357e-015 -1.649658e+000  9.355674e+000
      vertex  0.000000e+000 -3.859949e-015  8.500000e+000
      vertex -1.776357e-015 -3.249191e+000  8.927080e+000
    endloop
  endfacet
  facet normal -9.999999e-001  1.303184e-015 -1.303184e-015
    outer loop
      vertex -1.776357e-015 -7.277422e+000  6.106483e+000
      vertex -1.776357e-015 -6.106483e+000  7.277422e+000
      vertex  0.000000e+000 -6.010407e+000  6.010407e+000
    endloop
  endfacet
  facet normal -1.000000e+000  9.321966e-016 -1.331315e-015
    outer loop
      vertex  0.000000e+000 -6.010407e+000  6.010407e+000
      vertex -1.776357e-015 -6.106483e+000  7.277422e+000
      vertex -1.776357e-015 -4.750000e+000  8.227242e+000
    endloop
  endfacet
  facet normal -9.999999e-001  8.634329e-016 -1.292219e-015
    outer loop
      vertex  0.000000e+000 -6.010407e+000  6.010407e+000
      vertex -1.776357e-015 -4.750000e+000  8.227242e+000
      vertex  0.000000e+000 -3.252809e+000  7.852976e+000
    endloop
  endfacet
  facet normal -1.000000e+000  1.248661e-015 -8.743215e-016
    outer loop
      vertex -1.776357e-015 -8.227242e+000  4.750000e+000
      vertex -1.776357e-015 -7.277422e+000  6.106483e+000
      vertex  0.000000e+000 -7.852976e+000  3.252809e+000
    endloop
  endfacet
  facet normal -9.999999e-001  1.334392e-015 -8.916125e-016
    outer loop
      vertex  0.000000e+000 -7.852976e+000  3.252809e+000
      vertex -1.776357e-015 -7.277422e+000  6.106483e+000
      vertex  0.000000e+000 -6.010407e+000  6.010407e+000
    endloop
  endfacet
  facet normal -1.000000e+000  1.982342e-016 -5.602888e-016
    outer loop
      vertex -8.881784e-016 -6.106468e+000 -7.277406e+000
      vertex -1.776357e-015 -7.277422e+000 -6.106483e+000
      vertex  0.000000e+000 -3.252809e+000 -7.852976e+000
    endloop
  endfacet
  facet normal -9.999999e-001  1.259112e-015  1.884394e-015
    outer loop
      vertex  0.000000e+000 -3.252809e+000 -7.852976e+000
      vertex -1.776357e-015 -7.277422e+000 -6.106483e+000
      vertex  0.000000e+000 -6.010407e+000 -6.010407e+000
    endloop
  endfacet
  facet normal -9.999999e-001  0.000000e+000  0.000000e+000
    outer loop
      vertex  0.000000e+000  7.277422e+000 -6.106483e+000
      vertex  0.000000e+000  6.106483e+000 -7.277422e+000
      vertex  0.000000e+000  6.010407e+000 -6.010407e+000
    endloop
  endfacet
  facet normal -1.000000e+000  0.000000e+000  -0.000000e+000
    outer loop
      vertex  0.000000e+000  6.010407e+000 -6.010407e+000
      vertex  0.000000e+000  6.106483e+000 -7.277422e+000
      vertex  0.000000e+000  4.750000e+000 -8.227242e+000
    endloop
  endfacet
  facet normal -9.999999e-001  0.000000e+000  0.000000e+000
    outer loop
      vertex  0.000000e+000  6.010407e+000 -6.010407e+000
      vertex  0.000000e+000  4.750000e+000 -8.227242e+000
      vertex  0.000000e+000  3.252809e+000 -7.852976e+000
    endloop
  endfacet
  facet normal -1.000000e+000  -0.000000e+000  0.000000e+000
    outer loop
      vertex  0.000000e+000  3.252809e+000 -7.852976e+000
      vertex  0.000000e+000  4.750000e+000 -8.227242e+000
      vertex  0.000000e+000  3.689568e-015 -8.500000e+000
    endloop
  endfacet
  facet normal -1.000000e+000  0.000000e+000  0.000000e+000
    outer loop
      vertex  0.000000e+000  3.689568e-015 -8.500000e+000
      vertex  0.000000e+000  4.750000e+000 -8.227242e+000
      vertex  0.000000e+000  3.249191e+000 -8.927080e+000
    endloop
  endfacet
  facet normal -1.000000e+000  2.334946e-016  1.776408e-015
    outer loop
      vertex  0.000000e+000  3.689568e-015 -8.500000e+000
      vertex  0.000000e+000  3.249191e+000 -8.927080e+000
      vertex -1.776357e-015 -1.173542e-014 -9.499971e+000
    endloop
  endfacet
  facet normal -1.000000e+000  1.167758e-015 -3.522331e-015
    outer loop
      vertex -1.776357e-015 -1.173542e-014 -9.499971e+000
      vertex  0.000000e+000  3.249191e+000 -8.927080e+000
      vertex  0.000000e+000  2.727347e+000 -9.100087e+000
    endloop
  endfacet
  facet normal -1.000000e+000  3.714248e-016  1.908933e-015
    outer loop
      vertex -1.776357e-015 -1.173542e-014 -9.499971e+000
      vertex  0.000000e+000  2.727347e+000 -9.100087e+000
      vertex -8.881784e-016  1.649658e+000 -9.355674e+000
    endloop
  endfacet
  facet normal -1.000000e+000 -1.088259e-016  1.359785e-031
    outer loop
      vertex  0.000000e+000 -9.551930e-015 -5.200000e+001
      vertex  0.000000e+000 -3.304404e-015 -4.700000e+001
      vertex -8.881784e-016  8.161465e+000 -4.628596e+001
    endloop
  endfacet
  facet normal -9.999999e-001 -1.046816e-016 -4.736948e-017
    outer loop
      vertex -8.881784e-016  8.161465e+000 -4.628596e+001
      vertex  0.000000e+000 -3.304404e-015 -4.700000e+001
      vertex -1.776357e-015 -1.173542e-014 -9.499971e+000
    endloop
  endfacet
  facet normal -1.000000e+000  5.302237e-016  9.349275e-017
    outer loop
      vertex -8.881784e-016  8.161465e+000 -4.628596e+001
      vertex -1.776357e-015 -1.173542e-014 -9.499971e+000
      vertex -8.881784e-016  1.649658e+000 -9.355674e+000
    endloop
  endfacet
  facet normal -9.999999e-001  0.000000e+000  0.000000e+000
    outer loop
      vertex  0.000000e+000  6.010407e+000 -6.010407e+000
      vertex  0.000000e+000  7.852976e+000 -3.252809e+000
      vertex  0.000000e+000  7.277422e+000 -6.106483e+000
    endloop
  endfacet
  facet normal -1.000000e+000  0.000000e+000  0.000000e+000
    outer loop
      vertex  0.000000e+000  7.277422e+000 -6.106483e+000
      vertex  0.000000e+000  7.852976e+000 -3.252809e+000
      vertex  0.000000e+000  8.227242e+000 -4.750000e+000
    endloop
  endfacet
  facet normal -1.000000e+000  5.425314e-016 -4.756265e-017
    outer loop
      vertex  0.000000e+000  8.161465e+000  4.628596e+001
      vertex -8.881784e-016  3.249182e+000  8.927055e+000
      vertex -1.776357e-015  1.649658e+000  9.355674e+000
    endloop
  endfacet
  facet normal -1.000000e+000 -6.688139e-019 -2.074685e-015
    outer loop
      vertex -1.776357e-015  1.649658e+000  9.355674e+000
      vertex -8.881784e-016  3.249182e+000  8.927055e+000
      vertex  0.000000e+000 -3.859949e-015  8.500000e+000
    endloop
  endfacet
  facet normal -9.999999e-001 -6.161071e-016 -8.881784e-016
    outer loop
      vertex -1.776357e-015  1.649658e+000  9.355674e+000
      vertex  0.000000e+000 -3.859949e-015  8.500000e+000
      vertex -8.881784e-016  0.000000e+000  9.500000e+000
    endloop
  endfacet
  facet normal -1.000000e+000  2.094589e-016  5.611176e-017
    outer loop
      vertex -8.881784e-016  4.416555e+001 -1.607495e+001
      vertex  0.000000e+000  4.628596e+001 -8.161465e+000
      vertex  0.000000e+000  4.886402e+001 -1.778505e+001
    endloop
  endfacet
  facet normal -1.000000e+000  0.000000e+000  0.000000e+000
    outer loop
      vertex  0.000000e+000  4.886402e+001 -1.778505e+001
      vertex  0.000000e+000  4.628596e+001 -8.161465e+000
      vertex  0.000000e+000  5.121000e+001 -9.029705e+000
    endloop
  endfacet
  facet normal -1.000000e+000  2.160184e-016 -1.891135e-017
    outer loop
      vertex -8.881784e-016  3.600409e+001 -3.021102e+001
      vertex  0.000000e+000  4.070319e+001 -2.350000e+001
      vertex  0.000000e+000  3.983431e+001 -3.342496e+001
    endloop
  endfacet
  facet normal -1.000000e+000  0.000000e+000  0.000000e+000
    outer loop
      vertex  0.000000e+000  3.983431e+001 -3.342496e+001
      vertex  0.000000e+000  4.070319e+001 -2.350000e+001
      vertex  0.000000e+000  4.503332e+001 -2.600000e+001
    endloop
  endfacet
  facet normal -1.000000e+000  1.022768e-016 -1.460665e-016
    outer loop
      vertex  0.000000e+000  2.600000e+001 -4.503332e+001
      vertex -8.881784e-016  2.350000e+001 -4.070319e+001
      vertex  0.000000e+000  3.342496e+001 -3.983431e+001
    endloop
  endfacet
  facet normal -1.000000e+000  8.336545e-017  6.995194e-017
    outer loop
      vertex  0.000000e+000  3.342496e+001 -3.983431e+001
      vertex -8.881784e-016  2.350000e+001 -4.070319e+001
      vertex  0.000000e+000  3.021102e+001 -3.600409e+001
    endloop
  endfacet
  facet normal -1.000000e+000  0.000000e+000  0.000000e+000
    outer loop
      vertex  0.000000e+000  3.342496e+001 -3.983431e+001
      vertex  0.000000e+000  3.021102e+001 -3.600409e+001
      vertex  0.000000e+000  3.983431e+001 -3.342496e+001
    endloop
  endfacet
  facet normal -6.980737e-001 -6.980737e-001  1.593308e-001
    outer loop
      vertex  2.000000e+000  6.500000e+000 -2.090586e-015
      vertex  2.000000e+000  5.856297e+000 -2.820244e+000
      vertex  4.000000e+000  4.500000e+000 -1.655716e-015
    endloop
  endfacet
  facet normal -7.140755e-001 -6.762143e-001  1.811911e-001
    outer loop
      vertex  2.000000e+000  5.856297e+000 -2.820244e+000
      vertex  4.000000e+000  3.897114e+000 -2.250000e+000
      vertex  4.000000e+000  4.500000e+000 -1.655716e-015
    endloop
  endfacet
  facet normal -7.140755e-001  6.762143e-001  1.811911e-001
    outer loop
      vertex  4.000000e+000 -3.897114e+000 -2.250000e+000
      vertex  2.000000e+000 -5.856297e+000 -2.820244e+000
      vertex  4.000000e+000 -4.500000e+000  0.000000e+000
    endloop
  endfacet
  facet normal -6.980737e-001  6.980737e-001  1.593308e-001
    outer loop
      vertex  2.000000e+000 -5.856297e+000 -2.820244e+000
      vertex  2.000000e+000 -6.500000e+000  0.000000e+000
      vertex  4.000000e+000 -4.500000e+000  0.000000e+000
    endloop
  endfacet
  facet normal -6.863166e-001 -5.686283e-001  4.534659e-001
    outer loop
      vertex  2.000000e+000  5.856297e+000 -2.820244e+000
      vertex  2.000000e+000  4.052684e+000 -5.081904e+000
      vertex  4.000000e+000  3.897114e+000 -2.250000e+000
    endloop
  endfacet
  facet normal -6.789657e-001 -3.185444e-001  6.614643e-001
    outer loop
      vertex  2.000000e+000  4.052684e+000 -5.081904e+000
      vertex  2.000000e+000  1.446386e+000 -6.337031e+000
      vertex  4.000000e+000  2.250000e+000 -3.897114e+000
    endloop
  endfacet
  facet normal -7.261724e-001 -4.861448e-001  4.861448e-001
    outer loop
      vertex  4.000000e+000  3.897114e+000 -2.250000e+000
      vertex  2.000000e+000  4.052684e+000 -5.081904e+000
      vertex  4.000000e+000  2.250000e+000 -3.897114e+000
    endloop
  endfacet
  facet normal -6.764643e-001  0.000000e+000  7.364755e-001
    outer loop
      vertex  2.000000e+000  1.446386e+000 -6.337031e+000
      vertex  2.000000e+000 -1.446386e+000 -6.337031e+000
      vertex  4.000000e+000  4.823412e-015 -4.500000e+000
    endloop
  endfacet
  facet normal -7.319952e-001 -1.763359e-001  6.580946e-001
    outer loop
      vertex  4.000000e+000  2.250000e+000 -3.897114e+000
      vertex  2.000000e+000  1.446386e+000 -6.337031e+000
      vertex  4.000000e+000  4.823412e-015 -4.500000e+000
    endloop
  endfacet
  facet normal -6.789657e-001  3.185444e-001  6.614643e-001
    outer loop
      vertex  2.000000e+000 -1.446386e+000 -6.337031e+000
      vertex  2.000000e+000 -4.052684e+000 -5.081904e+000
      vertex  4.000000e+000 -2.250000e+000 -3.897114e+000
    endloop
  endfacet
  facet normal -7.319952e-001  1.763359e-001  6.580946e-001
    outer loop
      vertex  4.000000e+000  4.823412e-015 -4.500000e+000
      vertex  2.000000e+000 -1.446386e+000 -6.337031e+000
      vertex  4.000000e+000 -2.250000e+000 -3.897114e+000
    endloop
  endfacet
  facet normal -6.863166e-001  5.686283e-001  4.534659e-001
    outer loop
      vertex  2.000000e+000 -4.052684e+000 -5.081904e+000
      vertex  2.000000e+000 -5.856297e+000 -2.820244e+000
      vertex  4.000000e+000 -3.897114e+000 -2.250000e+000
    endloop
  endfacet
  facet normal -7.261724e-001  4.861448e-001  4.861448e-001
    outer loop
      vertex  4.000000e+000 -2.250000e+000 -3.897114e+000
      vertex  2.000000e+000 -4.052684e+000 -5.081904e+000
      vertex  4.000000e+000 -3.897114e+000 -2.250000e+000
    endloop
  endfacet
  facet normal -6.980737e-001  6.980737e-001 -1.593308e-001
    outer loop
      vertex  2.000000e+000 -6.500000e+000  0.000000e+000
      vertex  2.000000e+000 -5.856297e+000  2.820244e+000
      vertex  4.000000e+000 -4.500000e+000  0.000000e+000
    endloop
  endfacet
  facet normal -7.140755e-001  6.762143e-001 -1.811911e-001
    outer loop
      vertex  2.000000e+000 -5.856297e+000  2.820244e+000
      vertex  4.000000e+000 -3.897114e+000  2.250000e+000
      vertex  4.000000e+000 -4.500000e+000  0.000000e+000
    endloop
  endfacet
  facet normal -7.140755e-001 -6.762143e-001 -1.811911e-001
    outer loop
      vertex  4.000000e+000  3.897114e+000  2.250000e+000
      vertex  2.000000e+000  5.856297e+000  2.820244e+000
      vertex  4.000000e+000  4.500000e+000 -1.655716e-015
    endloop
  endfacet
  facet normal -6.980737e-001 -6.980737e-001 -1.593308e-001
    outer loop
      vertex  2.000000e+000  5.856297e+000  2.820244e+000
      vertex  2.000000e+000  6.500000e+000 -2.090586e-015
      vertex  4.000000e+000  4.500000e+000 -1.655716e-015
    endloop
  endfacet
  facet normal -6.863166e-001  5.686283e-001 -4.534659e-001
    outer loop
      vertex  2.000000e+000 -5.856297e+000  2.820244e+000
      vertex  2.000000e+000 -4.052684e+000  5.081904e+000
      vertex  4.000000e+000 -3.897114e+000  2.250000e+000
    endloop
  endfacet
  facet normal -6.789657e-001  3.185444e-001 -6.614643e-001
    outer loop
      vertex  2.000000e+000 -4.052684e+000  5.081904e+000
      vertex  2.000000e+000 -1.446386e+000  6.337031e+000
      vertex  4.000000e+000 -2.250000e+000  3.897114e+000
    endloop
  endfacet
  facet normal -7.261724e-001  4.861448e-001 -4.861448e-001
    outer loop
      vertex  4.000000e+000 -3.897114e+000  2.250000e+000
      vertex  2.000000e+000 -4.052684e+000  5.081904e+000
      vertex  4.000000e+000 -2.250000e+000  3.897114e+000
    endloop
  endfacet
  facet normal -6.764643e-001  -0.000000e+000 -7.364755e-001
    outer loop
      vertex  2.000000e+000 -1.446386e+000  6.337031e+000
      vertex  2.000000e+000  1.446386e+000  6.337031e+000
      vertex  4.000000e+000  1.722865e-015  4.500000e+000
    endloop
  endfacet
  facet normal -7.319952e-001  1.763359e-001 -6.580946e-001
    outer loop
      vertex  4.000000e+000 -2.250000e+000  3.897114e+000
      vertex  2.000000e+000 -1.446386e+000  6.337031e+000
      vertex  4.000000e+000  1.722865e-015  4.500000e+000
    endloop
  endfacet
  facet normal -6.789657e-001 -3.185444e-001 -6.614643e-001
    outer loop
      vertex  2.000000e+000  1.446386e+000  6.337031e+000
      vertex  2.000000e+000  4.052684e+000  5.081904e+000
      vertex  4.000000e+000  2.250000e+000  3.897114e+000
    endloop
  endfacet
  facet normal -7.319952e-001 -1.763359e-001 -6.580946e-001
    outer loop
      vertex  4.000000e+000  1.722865e-015  4.500000e+000
      vertex  2.000000e+000  1.446386e+000  6.337031e+000
      vertex  4.000000e+000  2.250000e+000  3.897114e+000
    endloop
  endfacet
  facet normal -6.863166e-001 -5.686283e-001 -4.534659e-001
    outer loop
      vertex  2.000000e+000  4.052684e+000  5.081904e+000
      vertex  2.000000e+000  5.856297e+000  2.820244e+000
      vertex  4.000000e+000  3.897114e+000  2.250000e+000
    endloop
  endfacet
  facet normal -7.261724e-001 -4.861448e-001 -4.861448e-001
    outer loop
      vertex  4.000000e+000  2.250000e+000  3.897114e+000
      vertex  2.000000e+000  4.052684e+000  5.081904e+000
      vertex  4.000000e+000  3.897114e+000  2.250000e+000
    endloop
  endfacet
  facet normal -7.002145e-001  7.002145e-001  1.392814e-001
    outer loop
      vertex  2.000000e+000 -6.500000e+000  0.000000e+000
      vertex  0.000000e+000 -7.852976e+000 -3.252809e+000
      vertex  0.000000e+000 -8.500000e+000 -1.213472e-015
    endloop
  endfacet
  facet normal -7.145651e-001  6.820294e-001  1.556688e-001
    outer loop
      vertex  2.000000e+000 -6.500000e+000  0.000000e+000
      vertex  2.000000e+000 -5.856297e+000 -2.820244e+000
      vertex  0.000000e+000 -7.852976e+000 -3.252809e+000
    endloop
  endfacet
  facet normal -7.145651e-001 -6.820294e-001  1.556688e-001
    outer loop
      vertex  2.000000e+000  6.500000e+000 -2.090586e-015
      vertex  0.000000e+000  7.852976e+000 -3.252809e+000
      vertex  2.000000e+000  5.856297e+000 -2.820244e+000
    endloop
  endfacet
  facet normal -7.002145e-001 -7.002145e-001  1.392814e-001
    outer loop
      vertex  2.000000e+000  6.500000e+000 -2.090586e-015
      vertex  0.000000e+000  8.500000e+000  6.932871e-015
      vertex  0.000000e+000  7.852976e+000 -3.252809e+000
    endloop
  endfacet
  facet normal -6.888443e-001  6.027401e-001  4.027381e-001
    outer loop
      vertex  2.000000e+000 -5.856297e+000 -2.820244e+000
      vertex  0.000000e+000 -6.010407e+000 -6.010407e+000
      vertex  0.000000e+000 -7.852976e+000 -3.252809e+000
    endloop
  endfacet
  facet normal -6.809489e-001  4.068613e-001  6.089110e-001
    outer loop
      vertex  2.000000e+000 -4.052684e+000 -5.081904e+000
      vertex  0.000000e+000 -3.252809e+000 -7.852976e+000
      vertex  0.000000e+000 -6.010407e+000 -6.010407e+000
    endloop
  endfacet
  facet normal -7.256941e-001  5.379138e-001  4.289719e-001
    outer loop
      vertex  2.000000e+000 -4.052684e+000 -5.081904e+000
      vertex  0.000000e+000 -6.010407e+000 -6.010407e+000
      vertex  2.000000e+000 -5.856297e+000 -2.820244e+000
    endloop
  endfacet
  facet normal -6.769034e-001  1.436005e-001  7.219284e-001
    outer loop
      vertex  2.000000e+000 -1.446386e+000 -6.337031e+000
      vertex  0.000000e+000  3.689568e-015 -8.500000e+000
      vertex  0.000000e+000 -3.252809e+000 -7.852976e+000
    endloop
  endfacet
  facet normal -7.321230e-001  2.955497e-001  6.137152e-001
    outer loop
      vertex  2.000000e+000 -1.446386e+000 -6.337031e+000
      vertex  0.000000e+000 -3.252809e+000 -7.852976e+000
      vertex  2.000000e+000 -4.052684e+000 -5.081904e+000
    endloop
  endfacet
  facet normal -6.769034e-001 -1.436005e-001  7.219284e-001
    outer loop
      vertex  2.000000e+000  1.446386e+000 -6.337031e+000
      vertex  0.000000e+000  3.252809e+000 -7.852976e+000
      vertex  0.000000e+000  3.689568e-015 -8.500000e+000
    endloop
  endfacet
  facet normal -7.342257e-001  0.000000e+000  6.789055e-001
    outer loop
      vertex  2.000000e+000  1.446386e+000 -6.337031e+000
      vertex  0.000000e+000  3.689568e-015 -8.500000e+000
      vertex  2.000000e+000 -1.446386e+000 -6.337031e+000
    endloop
  endfacet
  facet normal -6.809489e-001 -4.068613e-001  6.089110e-001
    outer loop
      vertex  2.000000e+000  4.052684e+000 -5.081904e+000
      vertex  0.000000e+000  6.010407e+000 -6.010407e+000
      vertex  0.000000e+000  3.252809e+000 -7.852976e+000
    endloop
  endfacet
  facet normal -7.321230e-001 -2.955497e-001  6.137152e-001
    outer loop
      vertex  2.000000e+000  4.052684e+000 -5.081904e+000
      vertex  0.000000e+000  3.252809e+000 -7.852976e+000
      vertex  2.000000e+000  1.446386e+000 -6.337031e+000
    endloop
  endfacet
  facet normal -6.888443e-001 -6.027401e-001  4.027381e-001
    outer loop
      vertex  2.000000e+000  5.856297e+000 -2.820244e+000
      vertex  0.000000e+000  7.852976e+000 -3.252809e+000
      vertex  0.000000e+000  6.010407e+000 -6.010407e+000
    endloop
  endfacet
  facet normal -7.256941e-001 -5.379138e-001  4.289719e-001
    outer loop
      vertex  2.000000e+000  5.856297e+000 -2.820244e+000
      vertex  0.000000e+000  6.010407e+000 -6.010407e+000
      vertex  2.000000e+000  4.052684e+000 -5.081904e+000
    endloop
  endfacet
  facet normal -7.002145e-001 -7.002145e-001 -1.392814e-001
    outer loop
      vertex  2.000000e+000  6.500000e+000 -2.090586e-015
      vertex  0.000000e+000  7.852976e+000  3.252809e+000
      vertex  0.000000e+000  8.500000e+000  6.932871e-015
    endloop
  endfacet
  facet normal -7.145651e-001 -6.820294e-001 -1.556688e-001
    outer loop
      vertex  2.000000e+000  6.500000e+000 -2.090586e-015
      vertex  2.000000e+000  5.856297e+000  2.820244e+000
      vertex  0.000000e+000  7.852976e+000  3.252809e+000
    endloop
  endfacet
  facet normal -7.145651e-001  6.820294e-001 -1.556688e-001
    outer loop
      vertex  2.000000e+000 -6.500000e+000  0.000000e+000
      vertex  0.000000e+000 -7.852976e+000  3.252809e+000
      vertex  2.000000e+000 -5.856297e+000  2.820244e+000
    endloop
  endfacet
  facet normal -7.002145e-001  7.002145e-001 -1.392814e-001
    outer loop
      vertex  2.000000e+000 -6.500000e+000  0.000000e+000
      vertex  0.000000e+000 -8.500000e+000 -1.213472e-015
      vertex  0.000000e+000 -7.852976e+000  3.252809e+000
    endloop
  endfacet
  facet normal -6.888443e-001 -6.027401e-001 -4.027381e-001
    outer loop
      vertex  2.000000e+000  5.856297e+000  2.820244e+000
      vertex  0.000000e+000  6.010407e+000  6.010407e+000
      vertex  0.000000e+000  7.852976e+000  3.252809e+000
    endloop
  endfacet
  facet normal -6.809489e-001 -4.068613e-001 -6.089110e-001
    outer loop
      vertex  2.000000e+000  4.052684e+000  5.081904e+000
      vertex  0.000000e+000  3.252809e+000  7.852976e+000
      vertex  0.000000e+000  6.010407e+000  6.010407e+000
    endloop
  endfacet
  facet normal -7.256941e-001 -5.379138e-001 -4.289719e-001
    outer loop
      vertex  2.000000e+000  4.052684e+000  5.081904e+000
      vertex  0.000000e+000  6.010407e+000  6.010407e+000
      vertex  2.000000e+000  5.856297e+000  2.820244e+000
    endloop
  endfacet
  facet normal -6.769034e-001 -1.436005e-001 -7.219284e-001
    outer loop
      vertex  2.000000e+000  1.446386e+000  6.337031e+000
      vertex  0.000000e+000 -3.859949e-015  8.500000e+000
      vertex  0.000000e+000  3.252809e+000  7.852976e+000
    endloop
  endfacet
  facet normal -7.321230e-001 -2.955497e-001 -6.137152e-001
    outer loop
      vertex  2.000000e+000  1.446386e+000  6.337031e+000
      vertex  0.000000e+000  3.252809e+000  7.852976e+000
      vertex  2.000000e+000  4.052684e+000  5.081904e+000
    endloop
  endfacet
  facet normal -6.769034e-001  1.436005e-001 -7.219284e-001
    outer loop
      vertex  2.000000e+000 -1.446386e+000  6.337031e+000
      vertex  0.000000e+000 -3.252809e+000  7.852976e+000
      vertex  0.000000e+000 -3.859949e-015  8.500000e+000
    endloop
  endfacet
  facet normal -7.342257e-001  0.000000e+000 -6.789055e-001
    outer loop
      vertex  2.000000e+000 -1.446386e+000  6.337031e+000
      vertex  0.000000e+000 -3.859949e-015  8.500000e+000
      vertex  2.000000e+000  1.446386e+000  6.337031e+000
    endloop
  endfacet
  facet normal -6.809489e-001  4.068613e-001 -6.089110e-001
    outer loop
      vertex  2.000000e+000 -4.052684e+000  5.081904e+000
      vertex  0.000000e+000 -6.010407e+000  6.010407e+000
      vertex  0.000000e+000 -3.252809e+000  7.852976e+000
    endloop
  endfacet
  facet normal -7.321230e-001  2.955497e-001 -6.137152e-001
    outer loop
      vertex  2.000000e+000 -4.052684e+000  5.081904e+000
      vertex  0.000000e+000 -3.252809e+000  7.852976e+000
      vertex  2.000000e+000 -1.446386e+000  6.337031e+000
    endloop
  endfacet
  facet normal -6.888443e-001  6.027401e-001 -4.027381e-001
    outer loop
      vertex  2.000000e+000 -5.856297e+000  2.820244e+000
      vertex  0.000000e+000 -7.852976e+000  3.252809e+000
      vertex  0.000000e+000 -6.010407e+000  6.010407e+000
    endloop
  endfacet
  facet normal -7.256941e-001  5.379138e-001 -4.289719e-001
    outer loop
      vertex  2.000000e+000 -5.856297e+000  2.820244e+000
      vertex  0.000000e+000 -6.010407e+000  6.010407e+000
      vertex  2.000000e+000 -4.052684e+000  5.081904e+000
    endloop
  endfacet
  facet normal -1.000000e+000  0.000000e+000  -0.000000e+000
    outer loop
      vertex  4.000000e+000 -3.897114e+000  2.250000e+000
      vertex  4.000000e+000 -2.250000e+000  3.897114e+000
      vertex  4.000000e+000 -1.830271e-001  2.092009e+000
    endloop
  endfacet
  facet normal -1.000000e+000  0.000000e+000  0.000000e+000
    outer loop
      vertex  4.000000e+000 -1.830271e-001  2.092009e+000
      vertex  4.000000e+000 -2.250000e+000  3.897114e+000
      vertex  4.000000e+000  1.722865e-015  4.500000e+000
    endloop
  endfacet
  facet normal -1.000000e+000  0.000000e+000  -0.000000e+000
    outer loop
      vertex  4.000000e+000 -1.830271e-001  2.092009e+000
      vertex  4.000000e+000  1.722865e-015  4.500000e+000
      vertex  4.000000e+000  1.278399e+000  1.666042e+000
    endloop
  endfacet
  facet normal -1.000000e+000  0.000000e+000  0.000000e+000
    outer loop
      vertex  4.000000e+000  1.278399e+000  1.666042e+000
      vertex  4.000000e+000  1.722865e-015  4.500000e+000
      vertex  4.000000e+000  2.250000e+000  3.897114e+000
    endloop
  endfacet
  facet normal -1.000000e+000  0.000000e+000  -0.000000e+000
    outer loop
      vertex  4.000000e+000  1.278399e+000  1.666042e+000
      vertex  4.000000e+000  2.250000e+000  3.897114e+000
      vertex  4.000000e+000  3.897114e+000  2.250000e+000
    endloop
  endfacet
  facet normal -1.000000e+000  0.000000e+000  0.000000e+000
    outer loop
      vertex  4.000000e+000  1.278399e+000  1.666042e+000
      vertex  4.000000e+000  3.897114e+000  2.250000e+000
      vertex  4.000000e+000  2.068096e+000  3.646612e-001
    endloop
  endfacet
  facet normal -9.999999e-001  0.000000e+000  0.000000e+000
    outer loop
      vertex  4.000000e+000  2.068096e+000  3.646612e-001
      vertex  4.000000e+000  3.897114e+000  2.250000e+000
      vertex  4.000000e+000  4.500000e+000 -1.655716e-015
    endloop
  endfacet
  facet normal -1.000000e+000  0.000000e+000  0.000000e+000
    outer loop
      vertex  4.000000e+000  2.068096e+000  3.646612e-001
      vertex  4.000000e+000  4.500000e+000 -1.655716e-015
      vertex  4.000000e+000  2.100000e+000  2.571673e-016
    endloop
  endfacet
  facet normal -1.000000e+000  -0.000000e+000  0.000000e+000
    outer loop
      vertex  4.000000e+000  2.100000e+000  2.571673e-016
      vertex  4.000000e+000  4.500000e+000 -1.655716e-015
      vertex  4.000000e+000  1.484924e+000 -1.484924e+000
    endloop
  endfacet
  facet normal -1.000000e+000  0.000000e+000  0.000000e+000
    outer loop
      vertex  4.000000e+000  1.484924e+000 -1.484924e+000
      vertex  4.000000e+000  4.500000e+000 -1.655716e-015
      vertex  4.000000e+000  3.897114e+000 -2.250000e+000
    endloop
  endfacet
  facet normal -1.000000e+000  0.000000e+000  0.000000e+000
    outer loop
      vertex  4.000000e+000  1.484924e+000 -1.484924e+000
      vertex  4.000000e+000  3.897114e+000 -2.250000e+000
      vertex  4.000000e+000  3.857510e-016 -2.100000e+000
    endloop
  endfacet
  facet normal -1.000000e+000  0.000000e+000  0.000000e+000
    outer loop
      vertex  4.000000e+000 -2.250000e+000 -3.897114e+000
      vertex  4.000000e+000 -3.897114e+000 -2.250000e+000
      vertex  4.000000e+000  4.823412e-015 -4.500000e+000
    endloop
  endfacet
  facet normal -1.000000e+000  0.000000e+000  0.000000e+000
    outer loop
      vertex  4.000000e+000  4.823412e-015 -4.500000e+000
      vertex  4.000000e+000 -3.897114e+000 -2.250000e+000
      vertex  4.000000e+000  3.857510e-016 -2.100000e+000
    endloop
  endfacet
  facet normal -1.000000e+000  0.000000e+000  0.000000e+000
    outer loop
      vertex  4.000000e+000  4.823412e-015 -4.500000e+000
      vertex  4.000000e+000  3.857510e-016 -2.100000e+000
      vertex  4.000000e+000  2.250000e+000 -3.897114e+000
    endloop
  endfacet
  facet normal -1.000000e+000  0.000000e+000  0.000000e+000
    outer loop
      vertex  4.000000e+000  2.250000e+000 -3.897114e+000
      vertex  4.000000e+000  3.857510e-016 -2.100000e+000
      vertex  4.000000e+000  3.897114e+000 -2.250000e+000
    endloop
  endfacet
  facet normal -1.000000e+000  -0.000000e+000  0.000000e+000
    outer loop
      vertex  4.000000e+000 -3.897114e+000  2.250000e+000
      vertex  4.000000e+000 -1.830271e-001  2.092009e+000
      vertex  4.000000e+000 -4.500000e+000  0.000000e+000
    endloop
  endfacet
  facet normal -1.000000e+000  0.000000e+000  0.000000e+000
    outer loop
      vertex  4.000000e+000 -4.500000e+000  0.000000e+000
      vertex  4.000000e+000 -1.830271e-001  2.092009e+000
      vertex  4.000000e+000 -1.548282e+000  1.418739e+000
    endloop
  endfacet
  facet normal -1.000000e+000  0.000000e+000  0.000000e+000
    outer loop
      vertex  4.000000e+000 -4.500000e+000  0.000000e+000
      vertex  4.000000e+000 -1.548282e+000  1.418739e+000
      vertex  4.000000e+000 -2.100000e+000  2.571673e-016
    endloop
  endfacet
  facet normal -1.000000e+000  0.000000e+000  0.000000e+000
    outer loop
      vertex  4.000000e+000 -4.500000e+000  0.000000e+000
      vertex  4.000000e+000 -2.100000e+000  2.571673e-016
      vertex  4.000000e+000 -3.897114e+000 -2.250000e+000
    endloop
  endfacet
  facet normal -1.000000e+000  0.000000e+000  0.000000e+000
    outer loop
      vertex  4.000000e+000 -3.897114e+000 -2.250000e+000
      vertex  4.000000e+000 -2.100000e+000  2.571673e-016
      vertex  4.000000e+000 -1.484924e+000 -1.484924e+000
    endloop
  endfacet
  facet normal -1.000000e+000  0.000000e+000  -0.000000e+000
    outer loop
      vertex  4.000000e+000 -3.897114e+000 -2.250000e+000
      vertex  4.000000e+000 -1.484924e+000 -1.484924e+000
      vertex  4.000000e+000  3.857510e-016 -2.100000e+000
    endloop
  endfacet
  facet normal  0.000000e+000 -9.961947e-001 -8.715516e-002
    outer loop
      vertex  4.000000e+000  2.068096e+000  3.646612e-001
      vertex  4.000000e+000  2.100000e+000  2.571673e-016
      vertex  7.400000e+000  2.068096e+000  3.646612e-001
    endloop
  endfacet
  facet normal  0.000000e+000 -9.961947e-001 -8.715516e-002
    outer loop
      vertex  7.400000e+000  2.068096e+000  3.646612e-001
      vertex  4.000000e+000  2.100000e+000  2.571673e-016
      vertex  7.400000e+000  2.100000e+000  0.000000e+000
    endloop
  endfacet
  facet normal -1.010572e-002  3.826639e-001 -9.238324e-001
    outer loop
      vertex  4.000000e+000 -1.830271e-001  2.092009e+000
      vertex  1.020000e+001  1.285837e-016  2.100000e+000
      vertex  1.020000e+001 -1.484924e+000  1.484924e+000
    endloop
  endfacet
  facet normal  9.497655e-003 -2.798164e-001 -9.600065e-001
    outer loop
      vertex  1.020000e+001  1.285837e-016  2.100000e+000
      vertex  4.000000e+000 -1.830271e-001  2.092009e+000
      vertex  4.000000e+000  1.278399e+000  1.666042e+000
    endloop
  endfacet
  facet normal -1.424005e-002 -3.826446e-001 -9.237859e-001
    outer loop
      vertex  4.000000e+000  1.278399e+000  1.666042e+000
      vertex  1.020000e+001  1.484924e+000  1.484924e+000
      vertex  1.020000e+001  1.285837e-016  2.100000e+000
    endloop
  endfacet
  facet normal  5.054242e-003  4.422830e-001 -8.968613e-001
    outer loop
      vertex  4.000000e+000 -1.830271e-001  2.092009e+000
      vertex  1.020000e+001 -1.484924e+000  1.484924e+000
      vertex  4.000000e+000 -1.548282e+000  1.418739e+000
    endloop
  endfacet
  facet normal -5.355976e-003  9.238663e-001 -3.826779e-001
    outer loop
      vertex  4.000000e+000 -1.548282e+000  1.418739e+000
      vertex  1.020000e+001 -1.484924e+000  1.484924e+000
      vertex  1.020000e+001 -2.100000e+000  2.571673e-016
    endloop
  endfacet
  facet normal  0.000000e+000  9.320079e-001 -3.624380e-001
    outer loop
      vertex  4.000000e+000 -1.548282e+000  1.418739e+000
      vertex  1.020000e+001 -2.100000e+000  2.571673e-016
      vertex  4.000000e+000 -2.100000e+000  2.571673e-016
    endloop
  endfacet
  facet normal  -0.000000e+000 -8.549118e-001 -5.187734e-001
    outer loop
      vertex  4.000000e+000  2.068096e+000  3.646612e-001
      vertex  7.400000e+000  2.068096e+000  3.646612e-001
      vertex  4.000000e+000  1.278399e+000  1.666042e+000
    endloop
  endfacet
  facet normal  1.470177e-002 -8.713933e-001 -4.903646e-001
    outer loop
      vertex  4.000000e+000  1.278399e+000  1.666042e+000
      vertex  7.400000e+000  2.068096e+000  3.646612e-001
      vertex  1.020000e+001  1.484924e+000  1.484924e+000
    endloop
  endfacet
  facet normal -1.700976e-001 -9.816774e-001 -8.588507e-002
    outer loop
      vertex  7.400000e+000  2.068096e+000  3.646612e-001
      vertex  7.400000e+000  2.100000e+000  0.000000e+000
      vertex  1.020000e+001  1.484924e+000  1.484924e+000
    endloop
  endfacet
  facet normal  0.000000e+000 -9.238795e-001 -3.826834e-001
    outer loop
      vertex  1.020000e+001  1.484924e+000  1.484924e+000
      vertex  7.400000e+000  2.100000e+000  0.000000e+000
      vertex  1.020000e+001  2.100000e+000  0.000000e+000
    endloop
  endfacet
  facet normal  0.000000e+000 -9.238795e-001  3.826834e-001
    outer loop
      vertex  7.400000e+000  2.100000e+000  0.000000e+000
      vertex  1.020000e+001  1.484924e+000 -1.484924e+000
      vertex  1.020000e+001  2.100000e+000  0.000000e+000
    endloop
  endfacet
  facet normal  0.000000e+000 -3.826834e-001  9.238796e-001
    outer loop
      vertex  4.000000e+000  3.857510e-016 -2.100000e+000
      vertex  1.020000e+001  1.484924e+000 -1.484924e+000
      vertex  4.000000e+000  1.484924e+000 -1.484924e+000
    endloop
  endfacet
  facet normal  0.000000e+000 -9.238796e-001  3.826834e-001
    outer loop
      vertex  4.000000e+000  1.484924e+000 -1.484924e+000
      vertex  1.020000e+001  1.484924e+000 -1.484924e+000
      vertex  7.400000e+000  2.100000e+000  0.000000e+000
    endloop
  endfacet
  facet normal  2.894520e-017 -9.238795e-001  3.826834e-001
    outer loop
      vertex  4.000000e+000  1.484924e+000 -1.484924e+000
      vertex  7.400000e+000  2.100000e+000  0.000000e+000
      vertex  4.000000e+000  2.100000e+000  2.571673e-016
    endloop
  endfacet
  facet normal -1.627440e-016 -3.826834e-001  9.238796e-001
    outer loop
      vertex  1.020000e+001  1.484924e+000 -1.484924e+000
      vertex  4.000000e+000  3.857510e-016 -2.100000e+000
      vertex  1.020000e+001 -2.250926e-015 -2.100000e+000
    endloop
  endfacet
  facet normal  1.627440e-016  3.826834e-001  9.238796e-001
    outer loop
      vertex  1.020000e+001 -2.250926e-015 -2.100000e+000
      vertex  4.000000e+000  3.857510e-016 -2.100000e+000
      vertex  4.000000e+000 -1.484924e+000 -1.484924e+000
    endloop
  endfacet
  facet normal  -0.000000e+000  3.826834e-001  9.238796e-001
    outer loop
      vertex  1.020000e+001 -2.250926e-015 -2.100000e+000
      vertex  4.000000e+000 -1.484924e+000 -1.484924e+000
      vertex  1.020000e+001 -1.484924e+000 -1.484924e+000
    endloop
  endfacet
  facet normal  0.000000e+000  9.238796e-001  3.826834e-001
    outer loop
      vertex  1.020000e+001 -1.484924e+000 -1.484924e+000
      vertex  4.000000e+000 -1.484924e+000 -1.484924e+000
      vertex  4.000000e+000 -2.100000e+000  2.571673e-016
    endloop
  endfacet
  facet normal  -0.000000e+000  9.238796e-001  3.826834e-001
    outer loop
      vertex  1.020000e+001 -1.484924e+000 -1.484924e+000
      vertex  4.000000e+000 -2.100000e+000  2.571673e-016
      vertex  1.020000e+001 -2.100000e+000  2.571673e-016
    endloop
  endfacet
  facet normal  0.000000e+000  3.146867e-001 -9.491956e-001
    outer loop
      vertex  0.000000e+000  3.249191e+000 -8.927080e+000
      vertex  7.400000e+000  3.249191e+000 -8.927080e+000
      vertex  0.000000e+000  2.727347e+000 -9.100087e+000
    endloop
  endfacet
  facet normal  0.000000e+000  3.146867e-001 -9.491956e-001
    outer loop
      vertex  0.000000e+000  2.727347e+000 -9.100087e+000
      vertex  7.400000e+000  3.249191e+000 -8.927080e+000
      vertex  7.400000e+000  2.727347e+000 -9.100087e+000
    endloop
  endfacet
  facet normal  0.000000e+000  2.307608e-001 -9.730104e-001
    outer loop
      vertex  0.000000e+000  2.727347e+000 -9.100087e+000
      vertex  7.400000e+000  2.727347e+000 -9.100087e+000
      vertex -8.881784e-016  1.649658e+000 -9.355674e+000
    endloop
  endfacet
  facet normal  0.000000e+000  2.307608e-001 -9.730104e-001
    outer loop
      vertex -8.881784e-016  1.649658e+000 -9.355674e+000
      vertex  7.400000e+000  2.727347e+000 -9.100087e+000
      vertex  7.400000e+000  1.649658e+000 -9.355674e+000
    endloop
  endfacet
  facet normal  0.000000e+000  3.623794e-001  9.320307e-001
    outer loop
      vertex  7.400000e+000  3.249182e+000  8.927055e+000
      vertex  1.620000e+001  3.635493e+000  8.776855e+000
      vertex -8.881784e-016  3.249182e+000  8.927055e+000
    endloop
  endfacet
  facet normal  5.123905e-003  2.588309e-001  9.659091e-001
    outer loop
      vertex  7.400000e+000  3.249182e+000  8.927055e+000
      vertex  7.400000e+000  1.649658e+000  9.355674e+000
      vertex  1.620000e+001  3.635493e+000  8.776855e+000
    endloop
  endfacet
  facet normal  0.000000e+000 -8.191521e-001  5.735763e-001
    outer loop
      vertex -1.776357e-015 -8.227242e+000  4.750000e+000
      vertex  7.400000e+000 -7.277422e+000  6.106483e+000
      vertex -1.776357e-015 -7.277422e+000  6.106483e+000
    endloop
  endfacet
  facet normal -4.107941e-003 -7.071008e-001  7.071008e-001
    outer loop
      vertex  7.400000e+000 -7.277422e+000  6.106483e+000
      vertex  1.620000e+001 -6.717515e+000  6.717515e+000
      vertex  7.400000e+000 -6.106483e+000  7.277422e+000
    endloop
  endfacet
  facet normal  3.283454e-006 -5.735763e-001  8.191521e-001
    outer loop
      vertex -1.776357e-015 -6.106483e+000  7.277422e+000
      vertex  7.400000e+000 -4.749988e+000  8.227221e+000
      vertex -1.776357e-015 -4.750000e+000  8.227242e+000
    endloop
  endfacet
  facet normal  3.780970e-006 -2.588190e-001  9.659258e-001
    outer loop
      vertex -1.776357e-015 -3.249191e+000  8.927080e+000
      vertex  7.400000e+000 -1.649653e+000  9.355646e+000
      vertex -1.776357e-015 -1.649658e+000  9.355674e+000
    endloop
  endfacet
  facet normal  0.000000e+000  9.320076e-001  3.624388e-001
    outer loop
      vertex -1.776357e-015  8.927080e+000  3.249191e+000
      vertex  1.620000e+001  8.776855e+000  3.635493e+000
      vertex  7.400000e+000  8.927080e+000  3.249191e+000
    endloop
  endfacet
  facet normal  1.277588e-016  9.961947e-001  8.715567e-002
    outer loop
      vertex  0.000000e+000  9.355674e+000  1.649658e+000
      vertex  7.400000e+000  9.500000e+000  3.363422e-015
      vertex  0.000000e+000  9.500000e+000  1.421085e-014
    endloop
  endfacet
  facet normal  3.331151e-017  9.961947e-001  8.715566e-002
    outer loop
      vertex  1.620000e+001  9.500000e+000  0.000000e+000
      vertex  7.400000e+000  9.500000e+000  3.363422e-015
      vertex  0.000000e+000  9.355674e+000  1.649658e+000
    endloop
  endfacet
  facet normal  -0.000000e+000  9.961947e-001  8.715567e-002
    outer loop
      vertex  1.620000e+001  9.500000e+000  0.000000e+000
      vertex  0.000000e+000  9.355674e+000  1.649658e+000
      vertex  7.400000e+000  9.355674e+000  1.649658e+000
    endloop
  endfacet
  facet normal  3.265920e-002  9.654106e-001  2.586809e-001
    outer loop
      vertex  1.620000e+001  9.500000e+000  0.000000e+000
      vertex  7.400000e+000  9.355674e+000  1.649658e+000
      vertex  7.400000e+000  8.927080e+000  3.249191e+000
    endloop
  endfacet
  facet normal  8.178647e-003  9.807524e-001  1.950838e-001
    outer loop
      vertex  1.620000e+001  9.500000e+000  0.000000e+000
      vertex  7.400000e+000  8.927080e+000  3.249191e+000
      vertex  1.620000e+001  8.776855e+000  3.635493e+000
    endloop
  endfacet
  facet normal -3.081317e-003 -9.063060e-001  4.226108e-001
    outer loop
      vertex  7.400000e+000 -8.227242e+000  4.750000e+000
      vertex  7.400000e+000 -8.927071e+000  3.249188e+000
      vertex  1.620000e+001 -8.776855e+000  3.635493e+000
    endloop
  endfacet
  facet normal  1.842866e-002 -8.313285e-001  5.554758e-001
    outer loop
      vertex  7.400000e+000 -8.227242e+000  4.750000e+000
      vertex  1.620000e+001 -8.776855e+000  3.635493e+000
      vertex  1.620000e+001 -6.717515e+000  6.717515e+000
    endloop
  endfacet
  facet normal  1.229182e-002 -8.190902e-001  5.735330e-001
    outer loop
      vertex  7.400000e+000 -8.227242e+000  4.750000e+000
      vertex  1.620000e+001 -6.717515e+000  6.717515e+000
      vertex  7.400000e+000 -7.277422e+000  6.106483e+000
    endloop
  endfacet
  facet normal  0.000000e+000 -8.191521e-001  5.735763e-001
    outer loop
      vertex  7.400000e+000 -8.227242e+000  4.750000e+000
      vertex  7.400000e+000 -7.277422e+000  6.106483e+000
      vertex -1.776357e-015 -8.227242e+000  4.750000e+000
    endloop
  endfacet
  facet normal -3.081149e-003 -4.226295e-001  9.062973e-001
    outer loop
      vertex  1.620000e+001 -3.635493e+000  8.776855e+000
      vertex  7.400000e+000 -3.249191e+000  8.927080e+000
      vertex  7.400000e+000 -4.749988e+000  8.227221e+000
    endloop
  endfacet
  facet normal  5.521749e-002 -7.570549e-001  6.510137e-001
    outer loop
      vertex  1.620000e+001 -3.635493e+000  8.776855e+000
      vertex  7.400000e+000 -4.749988e+000  8.227221e+000
      vertex -1.776357e-015 -6.106483e+000  7.277422e+000
    endloop
  endfacet
  facet normal  0.000000e+000 -5.187731e-001  8.549119e-001
    outer loop
      vertex  1.620000e+001 -3.635493e+000  8.776855e+000
      vertex -1.776357e-015 -6.106483e+000  7.277422e+000
      vertex  7.400000e+000 -6.106483e+000  7.277422e+000
    endloop
  endfacet
  facet normal  1.432526e-002 -5.555131e-001  8.313843e-001
    outer loop
      vertex  1.620000e+001 -3.635493e+000  8.776855e+000
      vertex  7.400000e+000 -6.106483e+000  7.277422e+000
      vertex  1.620000e+001 -6.717515e+000  6.717515e+000
    endloop
  endfacet
  facet normal  2.665806e-017 -8.717249e-002  9.961933e-001
    outer loop
      vertex  1.620000e+001  2.691112e-015  9.500000e+000
      vertex  7.400000e+000  0.000000e+000  9.500000e+000
      vertex  7.400000e+000 -1.649653e+000  9.355646e+000
    endloop
  endfacet
  facet normal  1.433819e-001 -8.141070e-001  5.627357e-001
    outer loop
      vertex  1.620000e+001  2.691112e-015  9.500000e+000
      vertex  7.400000e+000 -1.649653e+000  9.355646e+000
      vertex -1.776357e-015 -3.249191e+000  8.927080e+000
    endloop
  endfacet
  facet normal  0.000000e+000 -1.736481e-001  9.848077e-001
    outer loop
      vertex  1.620000e+001  2.691112e-015  9.500000e+000
      vertex -1.776357e-015 -3.249191e+000  8.927080e+000
      vertex  7.400000e+000 -3.249191e+000  8.927080e+000
    endloop
  endfacet
  facet normal  8.178647e-003 -1.950838e-001  9.807524e-001
    outer loop
      vertex  1.620000e+001  2.691112e-015  9.500000e+000
      vertex  7.400000e+000 -3.249191e+000  8.927080e+000
      vertex  1.620000e+001 -3.635493e+000  8.776855e+000
    endloop
  endfacet
  facet normal  1.107826e-016 -9.961944e-001  8.715856e-002
    outer loop
      vertex  7.400000e+000 -9.500000e+000  5.382224e-015
      vertex  1.620000e+001 -9.500000e+000 -5.802992e-015
      vertex  7.400000e+000 -9.355669e+000  1.649657e+000
    endloop
  endfacet
  facet normal  2.048143e-002 -9.805795e-001  1.950494e-001
    outer loop
      vertex  7.400000e+000 -9.355669e+000  1.649657e+000
      vertex  1.620000e+001 -9.500000e+000 -5.802992e-015
      vertex  1.620000e+001 -8.776855e+000  3.635493e+000
    endloop
  endfacet
  facet normal  0.000000e+000 -9.600504e-001  2.798269e-001
    outer loop
      vertex  7.400000e+000 -9.355669e+000  1.649657e+000
      vertex  1.620000e+001 -8.776855e+000  3.635493e+000
      vertex -8.881784e-016 -9.355669e+000  1.649657e+000
    endloop
  endfacet
  facet normal  6.479932e-003 -9.729944e-001  2.307379e-001
    outer loop
      vertex -8.881784e-016 -9.355669e+000  1.649657e+000
      vertex  1.620000e+001 -8.776855e+000  3.635493e+000
      vertex  7.400000e+000 -8.927071e+000  3.249188e+000
    endloop
  endfacet
  facet normal  1.361579e-006 -9.659265e-001  2.588162e-001
    outer loop
      vertex -8.881784e-016 -9.355669e+000  1.649657e+000
      vertex  7.400000e+000 -8.927071e+000  3.249188e+000
      vertex -1.776357e-015 -8.927080e+000  3.249191e+000
    endloop
  endfacet
  facet normal  0.000000e+000  1.950904e-001  9.807853e-001
    outer loop
      vertex  1.620000e+001  2.691112e-015  9.500000e+000
      vertex  1.620000e+001  3.635493e+000  8.776855e+000
      vertex  7.400000e+000  0.000000e+000  9.500000e+000
    endloop
  endfacet
  facet normal  4.580856e-002  8.706416e-002  9.951489e-001
    outer loop
      vertex  7.400000e+000  0.000000e+000  9.500000e+000
      vertex  1.620000e+001  3.635493e+000  8.776855e+000
      vertex  7.400000e+000  1.649658e+000  9.355674e+000
    endloop
  endfacet
  facet normal  0.000000e+000  8.715567e-002  9.961947e-001
    outer loop
      vertex  7.400000e+000  0.000000e+000  9.500000e+000
      vertex  7.400000e+000  1.649658e+000  9.355674e+000
      vertex -8.881784e-016  0.000000e+000  9.500000e+000
    endloop
  endfacet
  facet normal  0.000000e+000  8.715567e-002  9.961947e-001
    outer loop
      vertex -8.881784e-016  0.000000e+000  9.500000e+000
      vertex  7.400000e+000  1.649658e+000  9.355674e+000
      vertex -1.776357e-015  1.649658e+000  9.355674e+000
    endloop
  endfacet
  facet normal  0.000000e+000  4.226039e-001  9.063146e-001
    outer loop
      vertex -1.776357e-015  4.750000e+000  8.227242e+000
      vertex -8.881784e-016  3.249182e+000  8.927055e+000
      vertex  7.400000e+000  4.750000e+000  8.227242e+000
    endloop
  endfacet
  facet normal -1.890143e-003  4.302432e-001  9.027110e-001
    outer loop
      vertex  7.400000e+000  4.750000e+000  8.227242e+000
      vertex -8.881784e-016  3.249182e+000  8.927055e+000
      vertex  1.620000e+001  3.635493e+000  8.776855e+000
    endloop
  endfacet
  facet normal  2.147844e-002  5.734549e-001  8.189557e-001
    outer loop
      vertex  7.400000e+000  4.750000e+000  8.227242e+000
      vertex  1.620000e+001  3.635493e+000  8.776855e+000
      vertex  7.400000e+000  6.106468e+000  7.277406e+000
    endloop
  endfacet
  facet normal  1.432278e-002  5.555132e-001  8.313844e-001
    outer loop
      vertex  7.400000e+000  6.106468e+000  7.277406e+000
      vertex  1.620000e+001  3.635493e+000  8.776855e+000
      vertex  1.620000e+001  6.717515e+000  6.717515e+000
    endloop
  endfacet
  facet normal  0.000000e+000  6.755708e-001  7.372951e-001
    outer loop
      vertex  7.400000e+000  6.106468e+000  7.277406e+000
      vertex  1.620000e+001  6.717515e+000  6.717515e+000
      vertex -8.881784e-016  6.106468e+000  7.277406e+000
    endloop
  endfacet
  facet normal -1.053565e-003  6.906111e-001  7.232255e-001
    outer loop
      vertex -8.881784e-016  6.106468e+000  7.277406e+000
      vertex  1.620000e+001  6.717515e+000  6.717515e+000
      vertex  1.776357e-015  6.988330e+000  6.435312e+000
    endloop
  endfacet
  facet normal -1.673342e-003  9.063065e-001  4.226177e-001
    outer loop
      vertex -1.776357e-015  8.927080e+000  3.249191e+000
      vertex  0.000000e+000  8.227242e+000  4.750000e+000
      vertex  1.620000e+001  8.776855e+000  3.635493e+000
    endloop
  endfacet
  facet normal  0.000000e+000  8.968728e-001  4.422885e-001
    outer loop
      vertex  1.620000e+001  8.776855e+000  3.635493e+000
      vertex  0.000000e+000  8.227242e+000  4.750000e+000
      vertex  7.400000e+000  8.227242e+000  4.750000e+000
    endloop
  endfacet
  facet normal  1.842866e-002  8.313285e-001  5.554758e-001
    outer loop
      vertex  1.620000e+001  8.776855e+000  3.635493e+000
      vertex  7.400000e+000  8.227242e+000  4.750000e+000
      vertex  1.620000e+001  6.717515e+000  6.717515e+000
    endloop
  endfacet
  facet normal  1.229182e-002  8.190902e-001  5.735330e-001
    outer loop
      vertex  1.620000e+001  6.717515e+000  6.717515e+000
      vertex  7.400000e+000  8.227242e+000  4.750000e+000
      vertex  7.400000e+000  7.277422e+000  6.106483e+000
    endloop
  endfacet
  facet normal  7.480531e-004  7.426199e-001  6.697127e-001
    outer loop
      vertex  1.620000e+001  6.717515e+000  6.717515e+000
      vertex  7.400000e+000  7.277422e+000  6.106483e+000
      vertex  1.776357e-015  6.988330e+000  6.435312e+000
    endloop
  endfacet
  facet normal  0.000000e+000  7.510279e-001  6.602704e-001
    outer loop
      vertex  1.776357e-015  6.988330e+000  6.435312e+000
      vertex  7.400000e+000  7.277422e+000  6.106483e+000
      vertex -1.776357e-015  7.277422e+000  6.106483e+000
    endloop
  endfacet
  facet normal  0.000000e+000  9.659258e-001 -2.588190e-001
    outer loop
      vertex  7.400000e+000  8.927080e+000 -3.249191e+000
      vertex  0.000000e+000  8.927080e+000 -3.249191e+000
      vertex  7.400000e+000  9.355674e+000 -1.649658e+000
    endloop
  endfacet
  facet normal  0.000000e+000  9.659258e-001 -2.588190e-001
    outer loop
      vertex  7.400000e+000  9.355674e+000 -1.649658e+000
      vertex  0.000000e+000  8.927080e+000 -3.249191e+000
      vertex  0.000000e+000  9.355674e+000 -1.649658e+000
    endloop
  endfacet
  facet normal  0.000000e+000  8.191521e-001 -5.735763e-001
    outer loop
      vertex  7.400000e+000  7.277422e+000 -6.106483e+000
      vertex  0.000000e+000  7.277422e+000 -6.106483e+000
      vertex  7.400000e+000  8.227242e+000 -4.750000e+000
    endloop
  endfacet
  facet normal  0.000000e+000  8.191521e-001 -5.735763e-001
    outer loop
      vertex  7.400000e+000  8.227242e+000 -4.750000e+000
      vertex  0.000000e+000  7.277422e+000 -6.106483e+000
      vertex  0.000000e+000  8.227242e+000 -4.750000e+000
    endloop
  endfacet
  facet normal  0.000000e+000  5.735763e-001 -8.191521e-001
    outer loop
      vertex  7.400000e+000  4.750000e+000 -8.227242e+000
      vertex  0.000000e+000  4.750000e+000 -8.227242e+000
      vertex  7.400000e+000  6.106483e+000 -7.277422e+000
    endloop
  endfacet
  facet normal  0.000000e+000  5.735763e-001 -8.191521e-001
    outer loop
      vertex  7.400000e+000  6.106483e+000 -7.277422e+000
      vertex  0.000000e+000  4.750000e+000 -8.227242e+000
      vertex  0.000000e+000  6.106483e+000 -7.277422e+000
    endloop
  endfacet
  facet normal -3.077499e-003  4.226163e-001 -9.063035e-001
    outer loop
      vertex  7.400000e+000  3.249191e+000 -8.927080e+000
      vertex  7.400000e+000  4.750000e+000 -8.227242e+000
      vertex  1.620000e+001  3.635486e+000 -8.776830e+000
    endloop
  endfacet
  facet normal -1.107789e-016 -9.961947e-001 -8.715566e-002
    outer loop
      vertex  7.400000e+000 -9.355674e+000 -1.649658e+000
      vertex  1.620000e+001 -9.500000e+000 -5.802992e-015
      vertex  7.400000e+000 -9.500000e+000  5.382224e-015
    endloop
  endfacet
  facet normal  1.432717e-002  8.313833e-001 -5.555148e-001
    outer loop
      vertex  1.620000e+001  8.776848e+000 -3.635484e+000
      vertex  1.620000e+001  6.717505e+000 -6.717496e+000
      vertex  7.400000e+000  7.277422e+000 -6.106483e+000
    endloop
  endfacet
  facet normal  2.147787e-002  8.189631e-001 -5.734440e-001
    outer loop
      vertex  1.620000e+001  8.776848e+000 -3.635484e+000
      vertex  7.400000e+000  7.277422e+000 -6.106483e+000
      vertex  7.400000e+000  8.227242e+000 -4.750000e+000
    endloop
  endfacet
  facet normal -3.079262e-003  9.063035e-001 -4.226163e-001
    outer loop
      vertex  1.620000e+001  8.776848e+000 -3.635484e+000
      vertex  7.400000e+000  8.227242e+000 -4.750000e+000
      vertex  7.400000e+000  8.927080e+000 -3.249191e+000
    endloop
  endfacet
  facet normal  5.128725e-003  9.659131e-001 -2.588156e-001
    outer loop
      vertex  1.620000e+001  8.776848e+000 -3.635484e+000
      vertex  7.400000e+000  8.927080e+000 -3.249191e+000
      vertex  7.400000e+000  9.355674e+000 -1.649658e+000
    endloop
  endfacet
  facet normal  4.580951e-002  9.951489e-001 -8.706416e-002
    outer loop
      vertex  1.620000e+001  8.776848e+000 -3.635484e+000
      vertex  7.400000e+000  9.355674e+000 -1.649658e+000
      vertex  7.400000e+000  9.500000e+000  3.363422e-015
    endloop
  endfacet
  facet normal -7.456582e-017  9.807848e-001 -1.950928e-001
    outer loop
      vertex  1.620000e+001  8.776848e+000 -3.635484e+000
      vertex  7.400000e+000  9.500000e+000  3.363422e-015
      vertex  1.620000e+001  9.500000e+000  0.000000e+000
    endloop
  endfacet
  facet normal -1.671019e-016  8.713851e-002 -9.961962e-001
    outer loop
      vertex  1.620000e+001  5.139970e-015 -9.499971e+000
      vertex  7.400000e+000 -1.173542e-014 -9.499971e+000
      vertex  7.400000e+000  1.649658e+000 -9.355674e+000
    endloop
  endfacet
  facet normal  2.729361e-002  2.306749e-001 -9.726480e-001
    outer loop
      vertex  1.620000e+001  5.139970e-015 -9.499971e+000
      vertex  7.400000e+000  1.649658e+000 -9.355674e+000
      vertex  7.400000e+000  2.727347e+000 -9.100087e+000
    endloop
  endfacet
  facet normal  5.431645e-002  3.142222e-001 -9.477944e-001
    outer loop
      vertex  1.620000e+001  5.139970e-015 -9.499971e+000
      vertex  7.400000e+000  2.727347e+000 -9.100087e+000
      vertex  7.400000e+000  3.249191e+000 -8.927080e+000
    endloop
  endfacet
  facet normal  8.181679e-003  1.950834e-001 -9.807526e-001
    outer loop
      vertex  1.620000e+001  5.139970e-015 -9.499971e+000
      vertex  7.400000e+000  3.249191e+000 -8.927080e+000
      vertex  1.620000e+001  3.635486e+000 -8.776830e+000
    endloop
  endfacet
  facet normal  1.432772e-002 -5.555122e-001 -8.313850e-001
    outer loop
      vertex  1.620000e+001 -3.635486e+000 -8.776830e+000
      vertex  1.620000e+001 -6.717505e+000 -6.717496e+000
      vertex  7.400000e+000 -6.106483e+000 -7.277422e+000
    endloop
  endfacet
  facet normal  2.147941e-002 -5.734440e-001 -8.189631e-001
    outer loop
      vertex  1.620000e+001 -3.635486e+000 -8.776830e+000
      vertex  7.400000e+000 -6.106483e+000 -7.277422e+000
      vertex  7.400000e+000 -4.750000e+000 -8.227242e+000
    endloop
  endfacet
  facet normal -3.077499e-003 -4.226163e-001 -9.063035e-001
    outer loop
      vertex  1.620000e+001 -3.635486e+000 -8.776830e+000
      vertex  7.400000e+000 -4.750000e+000 -8.227242e+000
      vertex  7.400000e+000 -3.249191e+000 -8.927080e+000
    endloop
  endfacet
  facet normal  5.130651e-003 -2.588156e-001 -9.659131e-001
    outer loop
      vertex  1.620000e+001 -3.635486e+000 -8.776830e+000
      vertex  7.400000e+000 -3.249191e+000 -8.927080e+000
      vertex  7.400000e+000 -1.649658e+000 -9.355674e+000
    endloop
  endfacet
  facet normal  4.581549e-002 -8.704701e-002 -9.951501e-001
    outer loop
      vertex  1.620000e+001 -3.635486e+000 -8.776830e+000
      vertex  7.400000e+000 -1.649658e+000 -9.355674e+000
      vertex  7.400000e+000 -1.173542e-014 -9.499971e+000
    endloop
  endfacet
  facet normal  3.741157e-016 -1.950899e-001 -9.807854e-001
    outer loop
      vertex  1.620000e+001 -3.635486e+000 -8.776830e+000
      vertex  7.400000e+000 -1.173542e-014 -9.499971e+000
      vertex  1.620000e+001  5.139970e-015 -9.499971e+000
    endloop
  endfacet
  facet normal  1.843133e-002  5.554748e-001 -8.313290e-001
    outer loop
      vertex  1.620000e+001  3.635486e+000 -8.776830e+000
      vertex  7.400000e+000  4.750000e+000 -8.227242e+000
      vertex  1.620000e+001  6.717505e+000 -6.717496e+000
    endloop
  endfacet
  facet normal  1.229416e-002  5.735330e-001 -8.190902e-001
    outer loop
      vertex  1.620000e+001  6.717505e+000 -6.717496e+000
      vertex  7.400000e+000  4.750000e+000 -8.227242e+000
      vertex  7.400000e+000  6.106483e+000 -7.277422e+000
    endloop
  endfacet
  facet normal -4.105681e-003  7.071008e-001 -7.071008e-001
    outer loop
      vertex  1.620000e+001  6.717505e+000 -6.717496e+000
      vertex  7.400000e+000  6.106483e+000 -7.277422e+000
      vertex  7.400000e+000  7.277422e+000 -6.106483e+000
    endloop
  endfacet
  facet normal  1.843020e-002 -8.313273e-001 -5.554774e-001
    outer loop
      vertex  1.620000e+001 -8.776848e+000 -3.635484e+000
      vertex  7.400000e+000 -8.227242e+000 -4.750000e+000
      vertex  1.620000e+001 -6.717505e+000 -6.717496e+000
    endloop
  endfacet
  facet normal  1.229393e-002 -8.190902e-001 -5.735330e-001
    outer loop
      vertex  1.620000e+001 -6.717505e+000 -6.717496e+000
      vertex  7.400000e+000 -8.227242e+000 -4.750000e+000
      vertex  7.400000e+000 -7.277422e+000 -6.106483e+000
    endloop
  endfacet
  facet normal -4.105681e-003 -7.071008e-001 -7.071008e-001
    outer loop
      vertex  1.620000e+001 -6.717505e+000 -6.717496e+000
      vertex  7.400000e+000 -7.277422e+000 -6.106483e+000
      vertex  7.400000e+000 -6.106483e+000 -7.277422e+000
    endloop
  endfacet
  facet normal  2.048245e-002 -9.805791e-001 -1.950518e-001
    outer loop
      vertex  1.620000e+001 -9.500000e+000 -5.802992e-015
      vertex  7.400000e+000 -9.355674e+000 -1.649658e+000
      vertex  1.620000e+001 -8.776848e+000 -3.635484e+000
    endloop
  endfacet
  facet normal  5.128725e-003 -9.659131e-001 -2.588156e-001
    outer loop
      vertex  1.620000e+001 -8.776848e+000 -3.635484e+000
      vertex  7.400000e+000 -9.355674e+000 -1.649658e+000
      vertex  7.400000e+000 -8.927080e+000 -3.249191e+000
    endloop
  endfacet
  facet normal -3.079262e-003 -9.063035e-001 -4.226163e-001
    outer loop
      vertex  1.620000e+001 -8.776848e+000 -3.635484e+000
      vertex  7.400000e+000 -8.927080e+000 -3.249191e+000
      vertex  7.400000e+000 -8.227242e+000 -4.750000e+000
    endloop
  endfacet
  facet normal  1.000000e+000  0.000000e+000  -0.000000e+000
    outer loop
      vertex  7.400000e+000  8.927080e+000  3.249191e+000
      vertex  7.400000e+000  9.355674e+000  1.649658e+000
      vertex  7.400000e+000  4.416555e+001  1.607495e+001
    endloop
  endfacet
  facet normal  1.000000e+000  0.000000e+000  0.000000e+000
    outer loop
      vertex  7.400000e+000  4.416555e+001  1.607495e+001
      vertex  7.400000e+000  9.355674e+000  1.649658e+000
      vertex  7.400000e+000  4.628596e+001  8.161465e+000
    endloop
  endfacet
  facet normal  0.000000e+000  5.000000e-001 -8.660254e-001
    outer loop
      vertex  0.000000e+000  8.227242e+000  4.750000e+000
      vertex  0.000000e+000  4.070319e+001  2.350000e+001
      vertex  7.400000e+000  8.227242e+000  4.750000e+000
    endloop
  endfacet
  facet normal  0.000000e+000  5.000000e-001 -8.660254e-001
    outer loop
      vertex  7.400000e+000  8.227242e+000  4.750000e+000
      vertex  0.000000e+000  4.070319e+001  2.350000e+001
      vertex  7.400000e+000  4.070319e+001  2.350000e+001
    endloop
  endfacet
  facet normal  9.999999e-001  0.000000e+000  -0.000000e+000
    outer loop
      vertex  7.400000e+000  7.277422e+000  6.106483e+000
      vertex  7.400000e+000  8.227242e+000  4.750000e+000
      vertex  7.400000e+000  3.600409e+001  3.021102e+001
    endloop
  endfacet
  facet normal  1.000000e+000  0.000000e+000  0.000000e+000
    outer loop
      vertex  7.400000e+000  3.600409e+001  3.021102e+001
      vertex  7.400000e+000  8.227242e+000  4.750000e+000
      vertex  7.400000e+000  4.070319e+001  2.350000e+001
    endloop
  endfacet
  facet normal  0.000000e+000 -1.736482e-001 -9.848078e-001
    outer loop
      vertex  0.000000e+000  9.355674e+000 -1.649658e+000
      vertex  0.000000e+000  4.628596e+001 -8.161465e+000
      vertex  7.400000e+000  9.355674e+000 -1.649658e+000
    endloop
  endfacet
  facet normal  0.000000e+000 -1.736482e-001 -9.848078e-001
    outer loop
      vertex  7.400000e+000  9.355674e+000 -1.649658e+000
      vertex  0.000000e+000  4.628596e+001 -8.161465e+000
      vertex  7.400000e+000  4.628596e+001 -8.161465e+000
    endloop
  endfacet
  facet normal  9.999999e-001  0.000000e+000  0.000000e+000
    outer loop
      vertex  7.400000e+000  8.227242e+000 -4.750000e+000
      vertex  7.400000e+000  4.070319e+001 -2.350000e+001
      vertex  7.400000e+000  8.927080e+000 -3.249191e+000
    endloop
  endfacet
  facet normal  9.999999e-001  0.000000e+000  0.000000e+000
    outer loop
      vertex  7.400000e+000  8.927080e+000 -3.249191e+000
      vertex  7.400000e+000  4.070319e+001 -2.350000e+001
      vertex  7.400000e+000  4.416555e+001 -1.607495e+001
    endloop
  endfacet
  facet normal  1.000000e+000  0.000000e+000  0.000000e+000
    outer loop
      vertex  7.400000e+000  6.106483e+000 -7.277422e+000
      vertex  7.400000e+000  3.021102e+001 -3.600409e+001
      vertex  7.400000e+000  7.277422e+000 -6.106483e+000
    endloop
  endfacet
  facet normal  1.000000e+000  0.000000e+000  0.000000e+000
    outer loop
      vertex  7.400000e+000  7.277422e+000 -6.106483e+000
      vertex  7.400000e+000  3.021102e+001 -3.600409e+001
      vertex  7.400000e+000  3.600409e+001 -3.021102e+001
    endloop
  endfacet
  facet normal  9.999999e-001  0.000000e+000  0.000000e+000
    outer loop
      vertex  7.400000e+000  3.249191e+000 -8.927080e+000
      vertex  7.400000e+000  1.607495e+001 -4.416555e+001
      vertex  7.400000e+000  4.750000e+000 -8.227242e+000
    endloop
  endfacet
  facet normal  1.000000e+000  0.000000e+000  0.000000e+000
    outer loop
      vertex  7.400000e+000  4.750000e+000 -8.227242e+000
      vertex  7.400000e+000  1.607495e+001 -4.416555e+001
      vertex  7.400000e+000  2.350000e+001 -4.070319e+001
    endloop
  endfacet
  facet normal  0.000000e+000 -5.000000e-001 -8.660254e-001
    outer loop
      vertex  0.000000e+000  8.227242e+000 -4.750000e+000
      vertex  0.000000e+000  4.070319e+001 -2.350000e+001
      vertex  7.400000e+000  8.227242e+000 -4.750000e+000
    endloop
  endfacet
  facet normal  0.000000e+000 -5.000000e-001 -8.660254e-001
    outer loop
      vertex  7.400000e+000  8.227242e+000 -4.750000e+000
      vertex  0.000000e+000  4.070319e+001 -2.350000e+001
      vertex  7.400000e+000  4.070319e+001 -2.350000e+001
    endloop
  endfacet
  facet normal  0.000000e+000 -7.660445e-001 -6.427876e-001
    outer loop
      vertex  0.000000e+000  6.106483e+000 -7.277422e+000
      vertex  0.000000e+000  3.021102e+001 -3.600409e+001
      vertex  7.400000e+000  6.106483e+000 -7.277422e+000
    endloop
  endfacet
  facet normal  0.000000e+000 -7.660445e-001 -6.427876e-001
    outer loop
      vertex  7.400000e+000  6.106483e+000 -7.277422e+000
      vertex  0.000000e+000  3.021102e+001 -3.600409e+001
      vertex  7.400000e+000  3.021102e+001 -3.600409e+001
    endloop
  endfacet
  facet normal  0.000000e+000 -9.396927e-001 -3.420202e-001
    outer loop
      vertex  0.000000e+000  3.249191e+000 -8.927080e+000
      vertex  0.000000e+000  1.607495e+001 -4.416555e+001
      vertex  7.400000e+000  3.249191e+000 -8.927080e+000
    endloop
  endfacet
  facet normal  0.000000e+000 -9.396927e-001 -3.420202e-001
    outer loop
      vertex  7.400000e+000  3.249191e+000 -8.927080e+000
      vertex  0.000000e+000  1.607495e+001 -4.416555e+001
      vertex  7.400000e+000  1.607495e+001 -4.416555e+001
    endloop
  endfacet
  facet normal  0.000000e+000  8.660254e-001  5.000000e-001
    outer loop
      vertex  0.000000e+000  4.750000e+000 -8.227242e+000
      vertex  7.400000e+000  4.750000e+000 -8.227242e+000
      vertex -8.881784e-016  2.350000e+001 -4.070319e+001
    endloop
  endfacet
  facet normal  -0.000000e+000  8.660254e-001  5.000000e-001
    outer loop
      vertex -8.881784e-016  2.350000e+001 -4.070319e+001
      vertex  7.400000e+000  4.750000e+000 -8.227242e+000
      vertex  7.400000e+000  2.350000e+001 -4.070319e+001
    endloop
  endfacet
  facet normal  0.000000e+000  6.427876e-001  7.660445e-001
    outer loop
      vertex  0.000000e+000  7.277422e+000 -6.106483e+000
      vertex  7.400000e+000  7.277422e+000 -6.106483e+000
      vertex -8.881784e-016  3.600409e+001 -3.021102e+001
    endloop
  endfacet
  facet normal  -0.000000e+000  6.427876e-001  7.660445e-001
    outer loop
      vertex -8.881784e-016  3.600409e+001 -3.021102e+001
      vertex  7.400000e+000  7.277422e+000 -6.106483e+000
      vertex  7.400000e+000  3.600409e+001 -3.021102e+001
    endloop
  endfacet
  facet normal  0.000000e+000  3.420202e-001  9.396927e-001
    outer loop
      vertex  0.000000e+000  8.927080e+000 -3.249191e+000
      vertex  7.400000e+000  8.927080e+000 -3.249191e+000
      vertex -8.881784e-016  4.416555e+001 -1.607495e+001
    endloop
  endfacet
  facet normal  -0.000000e+000  3.420202e-001  9.396927e-001
    outer loop
      vertex -8.881784e-016  4.416555e+001 -1.607495e+001
      vertex  7.400000e+000  8.927080e+000 -3.249191e+000
      vertex  7.400000e+000  4.416555e+001 -1.607495e+001
    endloop
  endfacet
  facet normal  0.000000e+000  1.736482e-001 -9.848078e-001
    outer loop
      vertex  0.000000e+000  4.628596e+001  8.161465e+000
      vertex  7.400000e+000  4.628596e+001  8.161465e+000
      vertex  0.000000e+000  9.355674e+000  1.649658e+000
    endloop
  endfacet
  facet normal  0.000000e+000  1.736482e-001 -9.848078e-001
    outer loop
      vertex  0.000000e+000  9.355674e+000  1.649658e+000
      vertex  7.400000e+000  4.628596e+001  8.161465e+000
      vertex  7.400000e+000  9.355674e+000  1.649658e+000
    endloop
  endfacet
  facet normal  0.000000e+000 -6.427876e-001  7.660445e-001
    outer loop
      vertex  0.000000e+000  3.600409e+001  3.021102e+001
      vertex -1.776357e-015  7.277422e+000  6.106483e+000
      vertex  7.400000e+000  3.600409e+001  3.021102e+001
    endloop
  endfacet
  facet normal  0.000000e+000 -6.427876e-001  7.660445e-001
    outer loop
      vertex  7.400000e+000  3.600409e+001  3.021102e+001
      vertex -1.776357e-015  7.277422e+000  6.106483e+000
      vertex  7.400000e+000  7.277422e+000  6.106483e+000
    endloop
  endfacet
  facet normal  0.000000e+000 -3.420202e-001  9.396927e-001
    outer loop
      vertex -8.881784e-016  4.416555e+001  1.607495e+001
      vertex -1.776357e-015  8.927080e+000  3.249191e+000
      vertex  7.400000e+000  4.416555e+001  1.607495e+001
    endloop
  endfacet
  facet normal  0.000000e+000 -3.420202e-001  9.396927e-001
    outer loop
      vertex  7.400000e+000  4.416555e+001  1.607495e+001
      vertex -1.776357e-015  8.927080e+000  3.249191e+000
      vertex  7.400000e+000  8.927080e+000  3.249191e+000
    endloop
  endfacet
  facet normal  1.000000e+000  0.000000e+000  0.000000e+000
    outer loop
      vertex  7.400000e+000  9.355674e+000 -1.649658e+000
      vertex  7.400000e+000  4.628596e+001 -8.161465e+000
      vertex  7.400000e+000  9.500000e+000  3.363422e-015
    endloop
  endfacet
  facet normal  1.000000e+000  0.000000e+000  0.000000e+000
    outer loop
      vertex  7.400000e+000  9.500000e+000  3.363422e-015
      vertex  7.400000e+000  4.628596e+001 -8.161465e+000
      vertex  7.400000e+000  4.700000e+001  0.000000e+000
    endloop
  endfacet
  facet normal  1.465869e-015  3.789561e-016  1.000000e+000
    outer loop
      vertex  0.000000e+000  9.500000e+000  1.421085e-014
      vertex  7.400000e+000  9.500000e+000  3.363422e-015
      vertex -8.881784e-016  4.700000e+001  0.000000e+000
    endloop
  endfacet
  facet normal  -0.000000e+000  8.969126e-017  1.000000e+000
    outer loop
      vertex -8.881784e-016  4.700000e+001  0.000000e+000
      vertex  7.400000e+000  9.500000e+000  3.363422e-015
      vertex  7.400000e+000  4.700000e+001  0.000000e+000
    endloop
  endfacet
  facet normal  1.000000e+000  0.000000e+000  0.000000e+000
    outer loop
      vertex  1.020000e+001  3.579572e+000 -6.200000e+000
      vertex  1.020000e+001  7.159143e+000 -1.776357e-015
      vertex  1.020000e+001  2.100000e+000  0.000000e+000
    endloop
  endfacet
  facet normal  1.000000e+000  0.000000e+000  0.000000e+000
    outer loop
      vertex  1.020000e+001  3.579572e+000 -6.200000e+000
      vertex  1.020000e+001  2.100000e+000  0.000000e+000
      vertex  1.020000e+001  1.484924e+000 -1.484924e+000
    endloop
  endfacet
  facet normal  1.000000e+000  0.000000e+000  0.000000e+000
    outer loop
      vertex  1.020000e+001  3.579572e+000 -6.200000e+000
      vertex  1.020000e+001  1.484924e+000 -1.484924e+000
      vertex  1.020000e+001 -2.250926e-015 -2.100000e+000
    endloop
  endfacet
  facet normal  1.000000e+000  0.000000e+000  0.000000e+000
    outer loop
      vertex  1.020000e+001  3.579572e+000 -6.200000e+000
      vertex  1.020000e+001 -2.250926e-015 -2.100000e+000
      vertex  1.020000e+001 -3.579572e+000 -6.200000e+000
    endloop
  endfacet
  facet normal  1.000000e+000  0.000000e+000  -0.000000e+000
    outer loop
      vertex  1.020000e+001 -7.159143e+000  1.776357e-015
      vertex  1.020000e+001 -2.100000e+000  2.571673e-016
      vertex  1.020000e+001 -1.484924e+000  1.484924e+000
    endloop
  endfacet
  facet normal  1.000000e+000  0.000000e+000  -0.000000e+000
    outer loop
      vertex  1.020000e+001 -7.159143e+000  1.776357e-015
      vertex  1.020000e+001 -1.484924e+000  1.484924e+000
      vertex  1.020000e+001  1.285837e-016  2.100000e+000
    endloop
  endfacet
  facet normal  1.000000e+000  0.000000e+000  -0.000000e+000
    outer loop
      vertex  1.020000e+001 -7.159143e+000  1.776357e-015
      vertex  1.020000e+001  1.285837e-016  2.100000e+000
      vertex  1.020000e+001  3.579572e+000  6.200000e+000
    endloop
  endfacet
  facet normal  1.000000e+000  0.000000e+000  0.000000e+000
    outer loop
      vertex  1.020000e+001 -7.159143e+000  1.776357e-015
      vertex  1.020000e+001  3.579572e+000  6.200000e+000
      vertex  1.020000e+001 -3.579572e+000  6.200000e+000
    endloop
  endfacet
  facet normal  1.000000e+000  0.000000e+000  0.000000e+000
    outer loop
      vertex  1.020000e+001 -3.579572e+000 -6.200000e+000
      vertex  1.020000e+001 -2.250926e-015 -2.100000e+000
      vertex  1.020000e+001 -1.484924e+000 -1.484924e+000
    endloop
  endfacet
  facet normal  1.000000e+000  0.000000e+000  0.000000e+000
    outer loop
      vertex  1.020000e+001 -3.579572e+000 -6.200000e+000
      vertex  1.020000e+001 -1.484924e+000 -1.484924e+000
      vertex  1.020000e+001 -2.100000e+000  2.571673e-016
    endloop
  endfacet
  facet normal  1.000000e+000  0.000000e+000  0.000000e+000
    outer loop
      vertex  1.020000e+001 -3.579572e+000 -6.200000e+000
      vertex  1.020000e+001 -2.100000e+000  2.571673e-016
      vertex  1.020000e+001 -7.159143e+000  1.776357e-015
    endloop
  endfacet
  facet normal  1.000000e+000  -0.000000e+000  0.000000e+000
    outer loop
      vertex  1.020000e+001  3.579572e+000  6.200000e+000
      vertex  1.020000e+001  1.285837e-016  2.100000e+000
      vertex  1.020000e+001  7.159143e+000 -1.776357e-015
    endloop
  endfacet
  facet normal  1.000000e+000  0.000000e+000  0.000000e+000
    outer loop
      vertex  1.020000e+001  7.159143e+000 -1.776357e-015
      vertex  1.020000e+001  1.285837e-016  2.100000e+000
      vertex  1.020000e+001  1.484924e+000  1.484924e+000
    endloop
  endfacet
  facet normal  1.000000e+000  0.000000e+000  0.000000e+000
    outer loop
      vertex  1.020000e+001  7.159143e+000 -1.776357e-015
      vertex  1.020000e+001  1.484924e+000  1.484924e+000
      vertex  1.020000e+001  2.100000e+000  0.000000e+000
    endloop
  endfacet
  facet normal  0.000000e+000  9.659259e-001 -2.588190e-001
    outer loop
      vertex  2.500000e+001 -4.416555e+001  1.607495e+001
      vertex  2.500000e+001 -4.628596e+001  8.161465e+000
      vertex  7.400000e+000 -4.628596e+001  8.161465e+000
    endloop
  endfacet
  facet normal  0.000000e+000  9.659258e-001 -2.588190e-001
    outer loop
      vertex  0.000000e+000 -4.416555e+001  1.607495e+001
      vertex  7.400000e+000 -4.416555e+001  1.607495e+001
      vertex  0.000000e+000 -4.628596e+001  8.161465e+000
    endloop
  endfacet
  facet normal  0.000000e+000  8.191521e-001 -5.735764e-001
    outer loop
      vertex -8.881784e-016 -3.600409e+001  3.021102e+001
      vertex  7.400000e+000 -3.600409e+001  3.021102e+001
      vertex  0.000000e+000 -4.070319e+001  2.350000e+001
    endloop
  endfacet
  facet normal  0.000000e+000  5.735764e-001 -8.191521e-001
    outer loop
      vertex -8.881784e-016 -2.350000e+001  4.070319e+001
      vertex  7.400000e+000 -2.350000e+001  4.070319e+001
      vertex  0.000000e+000 -3.021102e+001  3.600409e+001
    endloop
  endfacet
  facet normal  0.000000e+000  2.588190e-001 -9.659258e-001
    outer loop
      vertex -8.881784e-016 -8.161465e+000  4.628596e+001
      vertex  7.400000e+000 -8.161465e+000  4.628596e+001
      vertex  0.000000e+000 -1.607495e+001  4.416555e+001
    endloop
  endfacet
  facet normal  -0.000000e+000 -8.715567e-002 -9.961947e-001
    outer loop
      vertex  0.000000e+000  8.161465e+000  4.628596e+001
      vertex  7.400000e+000  8.161465e+000  4.628596e+001
      vertex  0.000000e+000 -4.930266e-014  4.700000e+001
    endloop
  endfacet
  facet normal  -0.000000e+000 -4.226184e-001 -9.063078e-001
    outer loop
      vertex  0.000000e+000  2.350000e+001  4.070319e+001
      vertex  7.400000e+000  2.350000e+001  4.070319e+001
      vertex  0.000000e+000  1.607495e+001  4.416555e+001
    endloop
  endfacet
  facet normal  -0.000000e+000 -7.071068e-001 -7.071068e-001
    outer loop
      vertex  0.000000e+000  3.600409e+001  3.021102e+001
      vertex  7.400000e+000  3.600409e+001  3.021102e+001
      vertex  0.000000e+000  3.021102e+001  3.600409e+001
    endloop
  endfacet
  facet normal  -0.000000e+000 -9.063078e-001 -4.226184e-001
    outer loop
      vertex -8.881784e-016  4.416555e+001  1.607495e+001
      vertex  7.400000e+000  4.416555e+001  1.607495e+001
      vertex  0.000000e+000  4.070319e+001  2.350000e+001
    endloop
  endfacet
  facet normal  0.000000e+000 -9.961947e-001 -8.715567e-002
    outer loop
      vertex  0.000000e+000  4.628596e+001  8.161465e+000
      vertex -8.881784e-016  4.700000e+001  0.000000e+000
      vertex  7.400000e+000  4.700000e+001  0.000000e+000
    endloop
  endfacet
  facet normal  2.994301e-016 -9.961947e-001 -8.715567e-002
    outer loop
      vertex  0.000000e+000  4.628596e+001  8.161465e+000
      vertex  7.400000e+000  4.700000e+001  0.000000e+000
      vertex  1.620000e+001  4.700000e+001  3.023309e-014
    endloop
  endfacet
  facet normal -2.994301e-016 -9.961947e-001 -8.715566e-002
    outer loop
      vertex  0.000000e+000  4.628596e+001  8.161465e+000
      vertex  1.620000e+001  4.700000e+001  3.023309e-014
      vertex  2.500000e+001  4.700000e+001  0.000000e+000
    endloop
  endfacet
  facet normal  0.000000e+000 -9.961947e-001 -8.715567e-002
    outer loop
      vertex  0.000000e+000  4.628596e+001  8.161465e+000
      vertex  2.500000e+001  4.700000e+001  0.000000e+000
      vertex  7.400000e+000  4.628596e+001  8.161465e+000
    endloop
  endfacet
  facet normal  0.000000e+000  2.588190e-001 -9.659259e-001
    outer loop
      vertex  2.500000e+001 -8.161465e+000  4.628596e+001
      vertex  2.500000e+001 -1.607495e+001  4.416555e+001
      vertex  7.400000e+000 -1.607495e+001  4.416555e+001
    endloop
  endfacet
  facet normal  0.000000e+000  4.226184e-001 -9.063077e-001
    outer loop
      vertex  7.400000e+000 -1.607495e+001  4.416555e+001
      vertex  2.500000e+001 -1.607495e+001  4.416555e+001
      vertex  2.500000e+001 -2.350000e+001  4.070319e+001
    endloop
  endfacet
  facet normal  0.000000e+000  4.226184e-001 -9.063077e-001
    outer loop
      vertex  7.400000e+000 -1.607495e+001  4.416555e+001
      vertex  2.500000e+001 -2.350000e+001  4.070319e+001
      vertex  7.400000e+000 -2.350000e+001  4.070319e+001
    endloop
  endfacet
  facet normal  0.000000e+000  5.735763e-001 -8.191521e-001
    outer loop
      vertex  7.400000e+000 -2.350000e+001  4.070319e+001
      vertex  2.500000e+001 -2.350000e+001  4.070319e+001
      vertex  7.400000e+000 -3.021102e+001  3.600409e+001
    endloop
  endfacet
  facet normal  0.000000e+000  5.735764e-001 -8.191521e-001
    outer loop
      vertex  7.400000e+000 -2.350000e+001  4.070319e+001
      vertex  7.400000e+000 -3.021102e+001  3.600409e+001
      vertex  0.000000e+000 -3.021102e+001  3.600409e+001
    endloop
  endfacet
  facet normal  0.000000e+000  5.735763e-001 -8.191521e-001
    outer loop
      vertex  2.500000e+001 -2.350000e+001  4.070319e+001
      vertex  2.500000e+001 -3.021102e+001  3.600409e+001
      vertex  7.400000e+000 -3.021102e+001  3.600409e+001
    endloop
  endfacet
  facet normal  0.000000e+000  7.071068e-001 -7.071068e-001
    outer loop
      vertex  7.400000e+000 -3.021102e+001  3.600409e+001
      vertex  2.500000e+001 -3.021102e+001  3.600409e+001
      vertex  2.500000e+001 -3.600409e+001  3.021102e+001
    endloop
  endfacet
  facet normal  0.000000e+000  7.071068e-001 -7.071068e-001
    outer loop
      vertex  7.400000e+000 -3.021102e+001  3.600409e+001
      vertex  2.500000e+001 -3.600409e+001  3.021102e+001
      vertex  7.400000e+000 -3.600409e+001  3.021102e+001
    endloop
  endfacet
  facet normal  0.000000e+000  8.191521e-001 -5.735763e-001
    outer loop
      vertex  7.400000e+000 -3.600409e+001  3.021102e+001
      vertex  2.500000e+001 -3.600409e+001  3.021102e+001
      vertex  7.400000e+000 -4.070319e+001  2.350000e+001
    endloop
  endfacet
  facet normal  0.000000e+000  8.191521e-001 -5.735764e-001
    outer loop
      vertex  7.400000e+000 -3.600409e+001  3.021102e+001
      vertex  7.400000e+000 -4.070319e+001  2.350000e+001
      vertex  0.000000e+000 -4.070319e+001  2.350000e+001
    endloop
  endfacet
  facet normal  0.000000e+000  8.191521e-001 -5.735763e-001
    outer loop
      vertex  2.500000e+001 -3.600409e+001  3.021102e+001
      vertex  2.500000e+001 -4.070319e+001  2.350000e+001
      vertex  7.400000e+000 -4.070319e+001  2.350000e+001
    endloop
  endfacet
  facet normal  0.000000e+000  9.063077e-001 -4.226184e-001
    outer loop
      vertex  7.400000e+000 -4.070319e+001  2.350000e+001
      vertex  2.500000e+001 -4.070319e+001  2.350000e+001
      vertex  2.500000e+001 -4.416555e+001  1.607495e+001
    endloop
  endfacet
  facet normal  0.000000e+000  9.063077e-001 -4.226184e-001
    outer loop
      vertex  7.400000e+000 -4.070319e+001  2.350000e+001
      vertex  2.500000e+001 -4.416555e+001  1.607495e+001
      vertex  7.400000e+000 -4.416555e+001  1.607495e+001
    endloop
  endfacet
  facet normal  0.000000e+000  9.659259e-001 -2.588190e-001
    outer loop
      vertex  7.400000e+000 -4.416555e+001  1.607495e+001
      vertex  2.500000e+001 -4.416555e+001  1.607495e+001
      vertex  7.400000e+000 -4.628596e+001  8.161465e+000
    endloop
  endfacet
  facet normal  0.000000e+000  9.659258e-001 -2.588190e-001
    outer loop
      vertex  7.400000e+000 -4.416555e+001  1.607495e+001
      vertex  7.400000e+000 -4.628596e+001  8.161465e+000
      vertex  0.000000e+000 -4.628596e+001  8.161465e+000
    endloop
  endfacet
  facet normal  0.000000e+000  9.961947e-001 -8.715566e-002
    outer loop
      vertex  2.500000e+001 -4.700000e+001 -1.511654e-014
      vertex  1.620000e+001 -4.700000e+001 -1.511654e-014
      vertex  2.500000e+001 -4.628596e+001  8.161465e+000
    endloop
  endfacet
  facet normal  0.000000e+000  9.961947e-001 -8.715567e-002
    outer loop
      vertex  2.500000e+001 -4.628596e+001  8.161465e+000
      vertex  1.620000e+001 -4.700000e+001 -1.511654e-014
      vertex  7.400000e+000 -4.700000e+001  2.662784e-014
    endloop
  endfacet
  facet normal  0.000000e+000  9.961947e-001 -8.715566e-002
    outer loop
      vertex  2.500000e+001 -4.628596e+001  8.161465e+000
      vertex  7.400000e+000 -4.700000e+001  2.662784e-014
      vertex  7.400000e+000 -4.628596e+001  8.161465e+000
    endloop
  endfacet
  facet normal  2.067193e-016 -8.715566e-002 -9.961947e-001
    outer loop
      vertex  2.500000e+001  8.161465e+000  4.628596e+001
      vertex  2.500000e+001 -7.558271e-015  4.700000e+001
      vertex  7.400000e+000 -4.930266e-014  4.700000e+001
    endloop
  endfacet
  facet normal -2.067193e-016  8.715566e-002 -9.961947e-001
    outer loop
      vertex  7.400000e+000 -4.930266e-014  4.700000e+001
      vertex  2.500000e+001 -7.558271e-015  4.700000e+001
      vertex  2.500000e+001 -8.161465e+000  4.628596e+001
    endloop
  endfacet
  facet normal  0.000000e+000  8.715566e-002 -9.961947e-001
    outer loop
      vertex  7.400000e+000 -4.930266e-014  4.700000e+001
      vertex  2.500000e+001 -8.161465e+000  4.628596e+001
      vertex  7.400000e+000 -8.161465e+000  4.628596e+001
    endloop
  endfacet
  facet normal  0.000000e+000  2.588190e-001 -9.659259e-001
    outer loop
      vertex  7.400000e+000 -8.161465e+000  4.628596e+001
      vertex  2.500000e+001 -8.161465e+000  4.628596e+001
      vertex  7.400000e+000 -1.607495e+001  4.416555e+001
    endloop
  endfacet
  facet normal  0.000000e+000  2.588190e-001 -9.659258e-001
    outer loop
      vertex  7.400000e+000 -8.161465e+000  4.628596e+001
      vertex  7.400000e+000 -1.607495e+001  4.416555e+001
      vertex  0.000000e+000 -1.607495e+001  4.416555e+001
    endloop
  endfacet
  facet normal  -0.000000e+000 -4.226184e-001 -9.063077e-001
    outer loop
      vertex  2.500000e+001  2.350000e+001  4.070319e+001
      vertex  2.500000e+001  1.607495e+001  4.416555e+001
      vertex  7.400000e+000  1.607495e+001  4.416555e+001
    endloop
  endfacet
  facet normal  0.000000e+000 -2.588190e-001 -9.659259e-001
    outer loop
      vertex  7.400000e+000  1.607495e+001  4.416555e+001
      vertex  2.500000e+001  1.607495e+001  4.416555e+001
      vertex  2.500000e+001  8.161465e+000  4.628596e+001
    endloop
  endfacet
  facet normal  -0.000000e+000 -2.588190e-001 -9.659259e-001
    outer loop
      vertex  7.400000e+000  1.607495e+001  4.416555e+001
      vertex  2.500000e+001  8.161465e+000  4.628596e+001
      vertex  7.400000e+000  8.161465e+000  4.628596e+001
    endloop
  endfacet
  facet normal  0.000000e+000 -8.715566e-002 -9.961947e-001
    outer loop
      vertex  7.400000e+000  8.161465e+000  4.628596e+001
      vertex  2.500000e+001  8.161465e+000  4.628596e+001
      vertex  7.400000e+000 -4.930266e-014  4.700000e+001
    endloop
  endfacet
  facet normal  -0.000000e+000 -8.715567e-002 -9.961947e-001
    outer loop
      vertex  7.400000e+000  8.161465e+000  4.628596e+001
      vertex  7.400000e+000 -4.930266e-014  4.700000e+001
      vertex  0.000000e+000 -4.930266e-014  4.700000e+001
    endloop
  endfacet
  facet normal  -0.000000e+000 -7.071068e-001 -7.071068e-001
    outer loop
      vertex  2.500000e+001  3.600409e+001  3.021102e+001
      vertex  2.500000e+001  3.021102e+001  3.600409e+001
      vertex  7.400000e+000  3.021102e+001  3.600409e+001
    endloop
  endfacet
  facet normal  0.000000e+000 -5.735763e-001 -8.191521e-001
    outer loop
      vertex  7.400000e+000  3.021102e+001  3.600409e+001
      vertex  2.500000e+001  3.021102e+001  3.600409e+001
      vertex  2.500000e+001  2.350000e+001  4.070319e+001
    endloop
  endfacet
  facet normal  -0.000000e+000 -5.735763e-001 -8.191521e-001
    outer loop
      vertex  7.400000e+000  3.021102e+001  3.600409e+001
      vertex  2.500000e+001  2.350000e+001  4.070319e+001
      vertex  7.400000e+000  2.350000e+001  4.070319e+001
    endloop
  endfacet
  facet normal  0.000000e+000 -4.226184e-001 -9.063077e-001
    outer loop
      vertex  7.400000e+000  2.350000e+001  4.070319e+001
      vertex  2.500000e+001  2.350000e+001  4.070319e+001
      vertex  7.400000e+000  1.607495e+001  4.416555e+001
    endloop
  endfacet
  facet normal  -0.000000e+000 -4.226184e-001 -9.063078e-001
    outer loop
      vertex  7.400000e+000  2.350000e+001  4.070319e+001
      vertex  7.400000e+000  1.607495e+001  4.416555e+001
      vertex  0.000000e+000  1.607495e+001  4.416555e+001
    endloop
  endfacet
  facet normal  -0.000000e+000 -9.063077e-001 -4.226184e-001
    outer loop
      vertex  2.500000e+001  4.416555e+001  1.607495e+001
      vertex  2.500000e+001  4.070319e+001  2.350000e+001
      vertex  7.400000e+000  4.070319e+001  2.350000e+001
    endloop
  endfacet
  facet normal  0.000000e+000 -8.191521e-001 -5.735763e-001
    outer loop
      vertex  7.400000e+000  4.070319e+001  2.350000e+001
      vertex  2.500000e+001  4.070319e+001  2.350000e+001
      vertex  2.500000e+001  3.600409e+001  3.021102e+001
    endloop
  endfacet
  facet normal  -0.000000e+000 -8.191521e-001 -5.735763e-001
    outer loop
      vertex  7.400000e+000  4.070319e+001  2.350000e+001
      vertex  2.500000e+001  3.600409e+001  3.021102e+001
      vertex  7.400000e+000  3.600409e+001  3.021102e+001
    endloop
  endfacet
  facet normal  0.000000e+000 -7.071068e-001 -7.071068e-001
    outer loop
      vertex  7.400000e+000  3.600409e+001  3.021102e+001
      vertex  2.500000e+001  3.600409e+001  3.021102e+001
      vertex  7.400000e+000  3.021102e+001  3.600409e+001
    endloop
  endfacet
  facet normal  -0.000000e+000 -7.071068e-001 -7.071068e-001
    outer loop
      vertex  7.400000e+000  3.600409e+001  3.021102e+001
      vertex  7.400000e+000  3.021102e+001  3.600409e+001
      vertex  0.000000e+000  3.021102e+001  3.600409e+001
    endloop
  endfacet
  facet normal  -0.000000e+000 -9.961947e-001 -8.715566e-002
    outer loop
      vertex  2.500000e+001  4.700000e+001  0.000000e+000
      vertex  2.500000e+001  4.628596e+001  8.161465e+000
      vertex  7.400000e+000  4.628596e+001  8.161465e+000
    endloop
  endfacet
  facet normal  0.000000e+000 -9.659259e-001 -2.588190e-001
    outer loop
      vertex  7.400000e+000  4.628596e+001  8.161465e+000
      vertex  2.500000e+001  4.628596e+001  8.161465e+000
      vertex  2.500000e+001  4.416555e+001  1.607495e+001
    endloop
  endfacet
  facet normal  -0.000000e+000 -9.659259e-001 -2.588190e-001
    outer loop
      vertex  7.400000e+000  4.628596e+001  8.161465e+000
      vertex  2.500000e+001  4.416555e+001  1.607495e+001
      vertex  7.400000e+000  4.416555e+001  1.607495e+001
    endloop
  endfacet
  facet normal  0.000000e+000 -9.063077e-001 -4.226184e-001
    outer loop
      vertex  7.400000e+000  4.416555e+001  1.607495e+001
      vertex  2.500000e+001  4.416555e+001  1.607495e+001
      vertex  7.400000e+000  4.070319e+001  2.350000e+001
    endloop
  endfacet
  facet normal  -0.000000e+000 -9.063078e-001 -4.226184e-001
    outer loop
      vertex  7.400000e+000  4.416555e+001  1.607495e+001
      vertex  7.400000e+000  4.070319e+001  2.350000e+001
      vertex  0.000000e+000  4.070319e+001  2.350000e+001
    endloop
  endfacet
  facet normal -1.569732e-005 -8.715567e-002  9.961947e-001
    outer loop
      vertex  7.400000e+000 -8.633475e-015 -4.700000e+001
      vertex  1.620000e+001  8.161449e+000 -4.628583e+001
      vertex  7.400000e+000  8.161465e+000 -4.628596e+001
    endloop
  endfacet
  facet normal -1.552261e-005 -2.588186e-001  9.659259e-001
    outer loop
      vertex  7.400000e+000  8.161465e+000 -4.628596e+001
      vertex  1.620000e+001  8.161449e+000 -4.628583e+001
      vertex  1.620000e+001  1.607492e+001 -4.416542e+001
    endloop
  endfacet
  facet normal -1.513396e-005 -2.588190e-001  9.659259e-001
    outer loop
      vertex  7.400000e+000  8.161465e+000 -4.628596e+001
      vertex  1.620000e+001  1.607492e+001 -4.416542e+001
      vertex  7.400000e+000  1.607495e+001 -4.416555e+001
    endloop
  endfacet
  facet normal -1.482331e-005 -4.226173e-001  9.063082e-001
    outer loop
      vertex  7.400000e+000  1.607495e+001 -4.416555e+001
      vertex  1.620000e+001  1.607492e+001 -4.416542e+001
      vertex  1.620000e+001  2.349996e+001 -4.070308e+001
    endloop
  endfacet
  facet normal -1.370981e-005 -4.226184e-001  9.063077e-001
    outer loop
      vertex  7.400000e+000  1.607495e+001 -4.416555e+001
      vertex  1.620000e+001  2.349996e+001 -4.070308e+001
      vertex  7.400000e+000  2.350000e+001 -4.070319e+001
    endloop
  endfacet
  facet normal -1.326349e-005 -5.735756e-001  8.191527e-001
    outer loop
      vertex  7.400000e+000  2.350000e+001 -4.070319e+001
      vertex  1.620000e+001  2.349996e+001 -4.070308e+001
      vertex  1.620000e+001  3.021097e+001 -3.600399e+001
    endloop
  endfacet
  facet normal -1.234040e-005 -5.735764e-001  8.191521e-001
    outer loop
      vertex  7.400000e+000  2.350000e+001 -4.070319e+001
      vertex  1.620000e+001  3.021097e+001 -3.600399e+001
      vertex  7.400000e+000  3.021102e+001 -3.600409e+001
    endloop
  endfacet
  facet normal -1.180112e-005 -7.071058e-001  7.071078e-001
    outer loop
      vertex  7.400000e+000  3.021102e+001 -3.600409e+001
      vertex  1.620000e+001  3.021097e+001 -3.600399e+001
      vertex  1.620000e+001  3.600404e+001 -3.021094e+001
    endloop
  endfacet
  facet normal -1.042177e-005 -7.071068e-001  7.071068e-001
    outer loop
      vertex  7.400000e+000  3.021102e+001 -3.600409e+001
      vertex  1.620000e+001  3.600404e+001 -3.021094e+001
      vertex  7.400000e+000  3.600409e+001 -3.021102e+001
    endloop
  endfacet
  facet normal -9.837625e-006 -8.191510e-001  5.735779e-001
    outer loop
      vertex  7.400000e+000  3.600409e+001 -3.021102e+001
      vertex  1.620000e+001  3.600404e+001 -3.021094e+001
      vertex  1.620000e+001  4.070315e+001 -2.349994e+001
    endloop
  endfacet
  facet normal -8.115013e-006 -8.191521e-001  5.735764e-001
    outer loop
      vertex  7.400000e+000  3.600409e+001 -3.021102e+001
      vertex  1.620000e+001  4.070315e+001 -2.349994e+001
      vertex  7.400000e+000  4.070319e+001 -2.350000e+001
    endloop
  endfacet
  facet normal -7.554095e-006 -9.063069e-001  4.226201e-001
    outer loop
      vertex  7.400000e+000  4.070319e+001 -2.350000e+001
      vertex  1.620000e+001  4.070315e+001 -2.349994e+001
      vertex  1.620000e+001  4.416552e+001 -1.607491e+001
    endloop
  endfacet
  facet normal -5.760739e-006 -9.063077e-001  4.226184e-001
    outer loop
      vertex  7.400000e+000  4.070319e+001 -2.350000e+001
      vertex  1.620000e+001  4.416552e+001 -1.607491e+001
      vertex  7.400000e+000  4.416555e+001 -1.607495e+001
    endloop
  endfacet
  facet normal -5.309133e-006 -9.659252e-001  2.588213e-001
    outer loop
      vertex  7.400000e+000  4.416555e+001 -1.607495e+001
      vertex  1.620000e+001  4.416552e+001 -1.607491e+001
      vertex  1.620000e+001  4.628594e+001 -8.161447e+000
    endloop
  endfacet
  facet normal -3.045232e-006 -9.659259e-001  2.588190e-001
    outer loop
      vertex  7.400000e+000  4.416555e+001 -1.607495e+001
      vertex  1.620000e+001  4.628594e+001 -8.161447e+000
      vertex  7.400000e+000  4.628596e+001 -8.161465e+000
    endloop
  endfacet
  facet normal -2.770497e-006 -9.961945e-001  8.715864e-002
    outer loop
      vertex  7.400000e+000  4.628596e+001 -8.161465e+000
      vertex  1.620000e+001  4.628594e+001 -8.161447e+000
      vertex  1.620000e+001  4.700000e+001  3.023309e-014
    endloop
  endfacet
  facet normal -2.994301e-016 -9.961947e-001  8.715567e-002
    outer loop
      vertex  7.400000e+000  4.628596e+001 -8.161465e+000
      vertex  1.620000e+001  4.700000e+001  3.023309e-014
      vertex  7.400000e+000  4.700000e+001  0.000000e+000
    endloop
  endfacet
  facet normal -1.597803e-005 -8.715536e-002  9.961947e-001
    outer loop
      vertex  1.620000e+001  8.161449e+000 -4.628583e+001
      vertex  7.400000e+000 -8.633475e-015 -4.700000e+001
      vertex  1.620000e+001 -6.449591e-014 -4.699986e+001
    endloop
  endfacet
  facet normal -1.597803e-005  8.715567e-002  9.961947e-001
    outer loop
      vertex  1.620000e+001 -6.449591e-014 -4.699986e+001
      vertex  7.400000e+000 -8.633475e-015 -4.700000e+001
      vertex  7.400000e+000 -8.161465e+000 -4.628596e+001
    endloop
  endfacet
  facet normal -1.569732e-005  8.715536e-002  9.961947e-001
    outer loop
      vertex  1.620000e+001 -6.449591e-014 -4.699986e+001
      vertex  7.400000e+000 -8.161465e+000 -4.628596e+001
      vertex  1.620000e+001 -8.161449e+000 -4.628583e+001
    endloop
  endfacet
  facet normal -1.552261e-005  2.588190e-001  9.659259e-001
    outer loop
      vertex  1.620000e+001 -8.161449e+000 -4.628583e+001
      vertex  7.400000e+000 -8.161465e+000 -4.628596e+001
      vertex  7.400000e+000 -1.607495e+001 -4.416555e+001
    endloop
  endfacet
  facet normal -1.513396e-005  2.588186e-001  9.659259e-001
    outer loop
      vertex  1.620000e+001 -8.161449e+000 -4.628583e+001
      vertex  7.400000e+000 -1.607495e+001 -4.416555e+001
      vertex  1.620000e+001 -1.607492e+001 -4.416542e+001
    endloop
  endfacet
  facet normal -1.482331e-005  4.226184e-001  9.063077e-001
    outer loop
      vertex  1.620000e+001 -1.607492e+001 -4.416542e+001
      vertex  7.400000e+000 -1.607495e+001 -4.416555e+001
      vertex  7.400000e+000 -2.350000e+001 -4.070319e+001
    endloop
  endfacet
  facet normal -1.370982e-005  4.226173e-001  9.063082e-001
    outer loop
      vertex  1.620000e+001 -1.607492e+001 -4.416542e+001
      vertex  7.400000e+000 -2.350000e+001 -4.070319e+001
      vertex  1.620000e+001 -2.349996e+001 -4.070308e+001
    endloop
  endfacet
  facet normal -1.326349e-005  5.735764e-001  8.191521e-001
    outer loop
      vertex  1.620000e+001 -2.349996e+001 -4.070308e+001
      vertex  7.400000e+000 -2.350000e+001 -4.070319e+001
      vertex  7.400000e+000 -3.021102e+001 -3.600409e+001
    endloop
  endfacet
  facet normal -1.234040e-005  5.735756e-001  8.191527e-001
    outer loop
      vertex  1.620000e+001 -2.349996e+001 -4.070308e+001
      vertex  7.400000e+000 -3.021102e+001 -3.600409e+001
      vertex  1.620000e+001 -3.021097e+001 -3.600399e+001
    endloop
  endfacet
  facet normal -1.180112e-005  7.071068e-001  7.071068e-001
    outer loop
      vertex  1.620000e+001 -3.021097e+001 -3.600399e+001
      vertex  7.400000e+000 -3.021102e+001 -3.600409e+001
      vertex  7.400000e+000 -3.600409e+001 -3.021102e+001
    endloop
  endfacet
  facet normal -1.042177e-005  7.071058e-001  7.071078e-001
    outer loop
      vertex  1.620000e+001 -3.021097e+001 -3.600399e+001
      vertex  7.400000e+000 -3.600409e+001 -3.021102e+001
      vertex  1.620000e+001 -3.600404e+001 -3.021094e+001
    endloop
  endfacet
  facet normal -9.837619e-006  8.191521e-001  5.735764e-001
    outer loop
      vertex  1.620000e+001 -3.600404e+001 -3.021094e+001
      vertex  7.400000e+000 -3.600409e+001 -3.021102e+001
      vertex  7.400000e+000 -4.070319e+001 -2.350000e+001
    endloop
  endfacet
  facet normal -8.115016e-006  8.191510e-001  5.735779e-001
    outer loop
      vertex  1.620000e+001 -3.600404e+001 -3.021094e+001
      vertex  7.400000e+000 -4.070319e+001 -2.350000e+001
      vertex  1.620000e+001 -4.070315e+001 -2.349994e+001
    endloop
  endfacet
  facet normal -7.554087e-006  9.063077e-001  4.226184e-001
    outer loop
      vertex  1.620000e+001 -4.070315e+001 -2.349994e+001
      vertex  7.400000e+000 -4.070319e+001 -2.350000e+001
      vertex  7.400000e+000 -4.416555e+001 -1.607495e+001
    endloop
  endfacet
  facet normal -5.760743e-006  9.063069e-001  4.226201e-001
    outer loop
      vertex  1.620000e+001 -4.070315e+001 -2.349994e+001
      vertex  7.400000e+000 -4.416555e+001 -1.607495e+001
      vertex  1.620000e+001 -4.416552e+001 -1.607491e+001
    endloop
  endfacet
  facet normal -5.309126e-006  9.659259e-001  2.588190e-001
    outer loop
      vertex  1.620000e+001 -4.416552e+001 -1.607491e+001
      vertex  7.400000e+000 -4.416555e+001 -1.607495e+001
      vertex  7.400000e+000 -4.628596e+001 -8.161465e+000
    endloop
  endfacet
  facet normal -3.045235e-006  9.659252e-001  2.588213e-001
    outer loop
      vertex  1.620000e+001 -4.416552e+001 -1.607491e+001
      vertex  7.400000e+000 -4.628596e+001 -8.161465e+000
      vertex  1.620000e+001 -4.628594e+001 -8.161447e+000
    endloop
  endfacet
  facet normal -2.770492e-006  9.961947e-001  8.715567e-002
    outer loop
      vertex  1.620000e+001 -4.628594e+001 -8.161447e+000
      vertex  7.400000e+000 -4.628596e+001 -8.161465e+000
      vertex  7.400000e+000 -4.700000e+001  2.662784e-014
    endloop
  endfacet
  facet normal  4.134526e-016  9.961945e-001  8.715864e-002
    outer loop
      vertex  1.620000e+001 -4.628594e+001 -8.161447e+000
      vertex  7.400000e+000 -4.700000e+001  2.662784e-014
      vertex  1.620000e+001 -4.700000e+001 -1.511654e-014
    endloop
  endfacet
  facet normal  0.000000e+000 -9.659258e-001  2.588190e-001
    outer loop
      vertex  7.400000e+000  4.416555e+001 -1.607495e+001
      vertex  7.400000e+000  4.628596e+001 -8.161465e+000
      vertex -8.881784e-016  4.416555e+001 -1.607495e+001
    endloop
  endfacet
  facet normal  0.000000e+000 -9.659258e-001  2.588190e-001
    outer loop
      vertex -8.881784e-016  4.416555e+001 -1.607495e+001
      vertex  7.400000e+000  4.628596e+001 -8.161465e+000
      vertex  0.000000e+000  4.628596e+001 -8.161465e+000
    endloop
  endfacet
  facet normal  0.000000e+000 -8.191521e-001  5.735764e-001
    outer loop
      vertex  7.400000e+000  3.600409e+001 -3.021102e+001
      vertex  7.400000e+000  4.070319e+001 -2.350000e+001
      vertex -8.881784e-016  3.600409e+001 -3.021102e+001
    endloop
  endfacet
  facet normal  0.000000e+000 -8.191521e-001  5.735764e-001
    outer loop
      vertex -8.881784e-016  3.600409e+001 -3.021102e+001
      vertex  7.400000e+000  4.070319e+001 -2.350000e+001
      vertex  0.000000e+000  4.070319e+001 -2.350000e+001
    endloop
  endfacet
  facet normal  0.000000e+000 -5.735764e-001  8.191521e-001
    outer loop
      vertex  7.400000e+000  2.350000e+001 -4.070319e+001
      vertex  7.400000e+000  3.021102e+001 -3.600409e+001
      vertex -8.881784e-016  2.350000e+001 -4.070319e+001
    endloop
  endfacet
  facet normal  0.000000e+000 -5.735764e-001  8.191521e-001
    outer loop
      vertex -8.881784e-016  2.350000e+001 -4.070319e+001
      vertex  7.400000e+000  3.021102e+001 -3.600409e+001
      vertex  0.000000e+000  3.021102e+001 -3.600409e+001
    endloop
  endfacet
  facet normal  0.000000e+000 -2.588190e-001  9.659258e-001
    outer loop
      vertex  7.400000e+000  8.161465e+000 -4.628596e+001
      vertex  7.400000e+000  1.607495e+001 -4.416555e+001
      vertex -8.881784e-016  8.161465e+000 -4.628596e+001
    endloop
  endfacet
  facet normal  0.000000e+000 -2.588190e-001  9.659258e-001
    outer loop
      vertex -8.881784e-016  8.161465e+000 -4.628596e+001
      vertex  7.400000e+000  1.607495e+001 -4.416555e+001
      vertex  0.000000e+000  1.607495e+001 -4.416555e+001
    endloop
  endfacet
  facet normal  0.000000e+000  9.848078e-001  1.736482e-001
    outer loop
      vertex -8.881784e-016  1.649658e+000 -9.355674e+000
      vertex  7.400000e+000  1.649658e+000 -9.355674e+000
      vertex -8.881784e-016  8.161465e+000 -4.628596e+001
    endloop
  endfacet
  facet normal  -0.000000e+000  9.848078e-001  1.736482e-001
    outer loop
      vertex -8.881784e-016  8.161465e+000 -4.628596e+001
      vertex  7.400000e+000  1.649658e+000 -9.355674e+000
      vertex  7.400000e+000  8.161465e+000 -4.628596e+001
    endloop
  endfacet
  facet normal  1.000000e+000  0.000000e+000  -0.000000e+000
    outer loop
      vertex  7.400000e+000 -1.173542e-014 -9.499971e+000
      vertex  7.400000e+000 -8.633475e-015 -4.700000e+001
      vertex  7.400000e+000  1.649658e+000 -9.355674e+000
    endloop
  endfacet
  facet normal  1.000000e+000  0.000000e+000  0.000000e+000
    outer loop
      vertex  7.400000e+000  1.649658e+000 -9.355674e+000
      vertex  7.400000e+000 -8.633475e-015 -4.700000e+001
      vertex  7.400000e+000  8.161465e+000 -4.628596e+001
    endloop
  endfacet
  facet normal  0.000000e+000 -1.000000e+000 -2.248269e-016
    outer loop
      vertex -1.776357e-015 -1.173542e-014 -9.499971e+000
      vertex  0.000000e+000 -3.304404e-015 -4.700000e+001
      vertex  7.400000e+000 -1.173542e-014 -9.499971e+000
    endloop
  endfacet
  facet normal -7.201446e-016 -1.000000e+000 -8.271848e-017
    outer loop
      vertex  7.400000e+000 -1.173542e-014 -9.499971e+000
      vertex  0.000000e+000 -3.304404e-015 -4.700000e+001
      vertex  7.400000e+000 -8.633475e-015 -4.700000e+001
    endloop
  endfacet
  facet normal  0.000000e+000  8.715567e-002  9.961947e-001
    outer loop
      vertex  7.400000e+000 -8.161465e+000 -4.628596e+001
      vertex  7.400000e+000 -8.633475e-015 -4.700000e+001
      vertex  0.000000e+000 -8.161465e+000 -4.628596e+001
    endloop
  endfacet
  facet normal  0.000000e+000  8.715567e-002  9.961947e-001
    outer loop
      vertex  0.000000e+000 -8.161465e+000 -4.628596e+001
      vertex  7.400000e+000 -8.633475e-015 -4.700000e+001
      vertex  0.000000e+000 -3.304404e-015 -4.700000e+001
    endloop
  endfacet
  facet normal  0.000000e+000 -8.713852e-002 -9.961962e-001
    outer loop
      vertex  7.400000e+000 -1.649658e+000 -9.355674e+000
      vertex -1.776357e-015 -1.649658e+000 -9.355674e+000
      vertex  7.400000e+000 -1.173542e-014 -9.499971e+000
    endloop
  endfacet
  facet normal  -0.000000e+000 -8.713852e-002 -9.961962e-001
    outer loop
      vertex  7.400000e+000 -1.173542e-014 -9.499971e+000
      vertex -1.776357e-015 -1.649658e+000 -9.355674e+000
      vertex -1.776357e-015 -1.173542e-014 -9.499971e+000
    endloop
  endfacet
  facet normal  0.000000e+000  9.848078e-001 -1.736482e-001
    outer loop
      vertex -1.776357e-015 -1.649658e+000 -9.355674e+000
      vertex  7.400000e+000 -1.649658e+000 -9.355674e+000
      vertex  0.000000e+000 -8.161465e+000 -4.628596e+001
    endloop
  endfacet
  facet normal  0.000000e+000  9.848078e-001 -1.736482e-001
    outer loop
      vertex  0.000000e+000 -8.161465e+000 -4.628596e+001
      vertex  7.400000e+000 -1.649658e+000 -9.355674e+000
      vertex  7.400000e+000 -8.161465e+000 -4.628596e+001
    endloop
  endfacet
  facet normal  1.000000e+000  0.000000e+000  -0.000000e+000
    outer loop
      vertex  7.400000e+000 -1.607495e+001 -4.416555e+001
      vertex  7.400000e+000 -8.161465e+000 -4.628596e+001
      vertex  7.400000e+000 -3.249191e+000 -8.927080e+000
    endloop
  endfacet
  facet normal  1.000000e+000  0.000000e+000  0.000000e+000
    outer loop
      vertex  7.400000e+000 -3.249191e+000 -8.927080e+000
      vertex  7.400000e+000 -8.161465e+000 -4.628596e+001
      vertex  7.400000e+000 -1.649658e+000 -9.355674e+000
    endloop
  endfacet
  facet normal  0.000000e+000 -4.226183e-001 -9.063078e-001
    outer loop
      vertex  7.400000e+000 -4.750000e+000 -8.227242e+000
      vertex -1.776357e-015 -4.750000e+000 -8.227242e+000
      vertex  7.400000e+000 -3.249191e+000 -8.927080e+000
    endloop
  endfacet
  facet normal -3.554230e-006 -4.226039e-001 -9.063146e-001
    outer loop
      vertex  7.400000e+000 -3.249191e+000 -8.927080e+000
      vertex -1.776357e-015 -4.750000e+000 -8.227242e+000
      vertex -8.881784e-016 -3.249182e+000 -8.927055e+000
    endloop
  endfacet
  facet normal  0.000000e+000 -9.396926e-001  3.420202e-001
    outer loop
      vertex  0.000000e+000 -1.607495e+001 -4.416555e+001
      vertex  7.400000e+000 -1.607495e+001 -4.416555e+001
      vertex -8.881784e-016 -3.249182e+000 -8.927055e+000
    endloop
  endfacet
  facet normal -4.453339e-009 -9.396927e-001  3.420202e-001
    outer loop
      vertex -8.881784e-016 -3.249182e+000 -8.927055e+000
      vertex  7.400000e+000 -1.607495e+001 -4.416555e+001
      vertex  7.400000e+000 -3.249191e+000 -8.927080e+000
    endloop
  endfacet
  facet normal  0.000000e+000  4.226184e-001  9.063078e-001
    outer loop
      vertex  7.400000e+000 -2.350000e+001 -4.070319e+001
      vertex  7.400000e+000 -1.607495e+001 -4.416555e+001
      vertex  0.000000e+000 -2.350000e+001 -4.070319e+001
    endloop
  endfacet
  facet normal  0.000000e+000  4.226184e-001  9.063078e-001
    outer loop
      vertex  0.000000e+000 -2.350000e+001 -4.070319e+001
      vertex  7.400000e+000 -1.607495e+001 -4.416555e+001
      vertex  0.000000e+000 -1.607495e+001 -4.416555e+001
    endloop
  endfacet
  facet normal  0.000000e+000  8.660254e-001 -5.000000e-001
    outer loop
      vertex -1.776357e-015 -4.750000e+000 -8.227242e+000
      vertex  7.400000e+000 -4.750000e+000 -8.227242e+000
      vertex  0.000000e+000 -2.350000e+001 -4.070319e+001
    endloop
  endfacet
  facet normal  0.000000e+000  8.660254e-001 -5.000000e-001
    outer loop
      vertex  0.000000e+000 -2.350000e+001 -4.070319e+001
      vertex  7.400000e+000 -4.750000e+000 -8.227242e+000
      vertex  7.400000e+000 -2.350000e+001 -4.070319e+001
    endloop
  endfacet
  facet normal  9.999999e-001  0.000000e+000  -0.000000e+000
    outer loop
      vertex  7.400000e+000 -3.021102e+001 -3.600409e+001
      vertex  7.400000e+000 -2.350000e+001 -4.070319e+001
      vertex  7.400000e+000 -6.106483e+000 -7.277422e+000
    endloop
  endfacet
  facet normal  9.999999e-001  0.000000e+000  0.000000e+000
    outer loop
      vertex  7.400000e+000 -6.106483e+000 -7.277422e+000
      vertex  7.400000e+000 -2.350000e+001 -4.070319e+001
      vertex  7.400000e+000 -4.750000e+000 -8.227242e+000
    endloop
  endfacet
  facet normal  0.000000e+000 -7.071068e-001 -7.071068e-001
    outer loop
      vertex  7.400000e+000 -7.277422e+000 -6.106483e+000
      vertex -1.776357e-015 -7.277422e+000 -6.106483e+000
      vertex  7.400000e+000 -6.106483e+000 -7.277422e+000
    endloop
  endfacet
  facet normal -2.961673e-006 -7.070975e-001 -7.071161e-001
    outer loop
      vertex  7.400000e+000 -6.106483e+000 -7.277422e+000
      vertex -1.776357e-015 -7.277422e+000 -6.106483e+000
      vertex -8.881784e-016 -6.106468e+000 -7.277406e+000
    endloop
  endfacet
  facet normal  0.000000e+000 -7.660444e-001  6.427876e-001
    outer loop
      vertex  0.000000e+000 -3.021102e+001 -3.600409e+001
      vertex  7.400000e+000 -3.021102e+001 -3.600409e+001
      vertex -8.881784e-016 -6.106468e+000 -7.277406e+000
    endloop
  endfacet
  facet normal -3.117279e-008 -7.660445e-001  6.427876e-001
    outer loop
      vertex -8.881784e-016 -6.106468e+000 -7.277406e+000
      vertex  7.400000e+000 -3.021102e+001 -3.600409e+001
      vertex  7.400000e+000 -6.106483e+000 -7.277422e+000
    endloop
  endfacet
  facet normal  0.000000e+000  7.071068e-001  7.071068e-001
    outer loop
      vertex  7.400000e+000 -3.600409e+001 -3.021102e+001
      vertex  7.400000e+000 -3.021102e+001 -3.600409e+001
      vertex  0.000000e+000 -3.600409e+001 -3.021102e+001
    endloop
  endfacet
  facet normal  0.000000e+000  7.071068e-001  7.071068e-001
    outer loop
      vertex  0.000000e+000 -3.600409e+001 -3.021102e+001
      vertex  7.400000e+000 -3.021102e+001 -3.600409e+001
      vertex  0.000000e+000 -3.021102e+001 -3.600409e+001
    endloop
  endfacet
  facet normal  0.000000e+000  6.427876e-001 -7.660445e-001
    outer loop
      vertex -1.776357e-015 -7.277422e+000 -6.106483e+000
      vertex  7.400000e+000 -7.277422e+000 -6.106483e+000
      vertex  0.000000e+000 -3.600409e+001 -3.021102e+001
    endloop
  endfacet
  facet normal  0.000000e+000  6.427876e-001 -7.660445e-001
    outer loop
      vertex  0.000000e+000 -3.600409e+001 -3.021102e+001
      vertex  7.400000e+000 -7.277422e+000 -6.106483e+000
      vertex  7.400000e+000 -3.600409e+001 -3.021102e+001
    endloop
  endfacet
  facet normal  1.000000e+000  0.000000e+000  -0.000000e+000
    outer loop
      vertex  7.400000e+000 -4.070319e+001 -2.350000e+001
      vertex  7.400000e+000 -3.600409e+001 -3.021102e+001
      vertex  7.400000e+000 -8.227242e+000 -4.750000e+000
    endloop
  endfacet
  facet normal  9.999999e-001  0.000000e+000  0.000000e+000
    outer loop
      vertex  7.400000e+000 -8.227242e+000 -4.750000e+000
      vertex  7.400000e+000 -3.600409e+001 -3.021102e+001
      vertex  7.400000e+000 -7.277422e+000 -6.106483e+000
    endloop
  endfacet
  facet normal  0.000000e+000  9.063078e-001  4.226184e-001
    outer loop
      vertex  7.400000e+000 -4.416555e+001 -1.607495e+001
      vertex  7.400000e+000 -4.070319e+001 -2.350000e+001
      vertex -8.881784e-016 -4.416555e+001 -1.607495e+001
    endloop
  endfacet
  facet normal  0.000000e+000  9.063078e-001  4.226184e-001
    outer loop
      vertex -8.881784e-016 -4.416555e+001 -1.607495e+001
      vertex  7.400000e+000 -4.070319e+001 -2.350000e+001
      vertex  0.000000e+000 -4.070319e+001 -2.350000e+001
    endloop
  endfacet
  facet normal  0.000000e+000  3.420202e-001 -9.396927e-001
    outer loop
      vertex -1.776357e-015 -8.927080e+000 -3.249191e+000
      vertex  7.400000e+000 -8.927080e+000 -3.249191e+000
      vertex -8.881784e-016 -4.416555e+001 -1.607495e+001
    endloop
  endfacet
  facet normal  0.000000e+000  3.420202e-001 -9.396927e-001
    outer loop
      vertex -8.881784e-016 -4.416555e+001 -1.607495e+001
      vertex  7.400000e+000 -8.927080e+000 -3.249191e+000
      vertex  7.400000e+000 -4.416555e+001 -1.607495e+001
    endloop
  endfacet
  facet normal  0.000000e+000 -9.063078e-001 -4.226183e-001
    outer loop
      vertex  7.400000e+000 -8.927080e+000 -3.249191e+000
      vertex -1.776357e-015 -8.927080e+000 -3.249191e+000
      vertex  7.400000e+000 -8.227242e+000 -4.750000e+000
    endloop
  endfacet
  facet normal  -0.000000e+000 -9.063078e-001 -4.226183e-001
    outer loop
      vertex  7.400000e+000 -8.227242e+000 -4.750000e+000
      vertex -1.776357e-015 -8.927080e+000 -3.249191e+000
      vertex -1.776357e-015 -8.227242e+000 -4.750000e+000
    endloop
  endfacet
  facet normal  0.000000e+000 -5.000000e-001  8.660254e-001
    outer loop
      vertex  0.000000e+000 -4.070319e+001 -2.350000e+001
      vertex  7.400000e+000 -4.070319e+001 -2.350000e+001
      vertex -1.776357e-015 -8.227242e+000 -4.750000e+000
    endloop
  endfacet
  facet normal  0.000000e+000 -5.000000e-001  8.660254e-001
    outer loop
      vertex -1.776357e-015 -8.227242e+000 -4.750000e+000
      vertex  7.400000e+000 -4.070319e+001 -2.350000e+001
      vertex  7.400000e+000 -8.227242e+000 -4.750000e+000
    endloop
  endfacet
  facet normal  1.000000e+000  0.000000e+000  -0.000000e+000
    outer loop
      vertex  7.400000e+000 -4.628596e+001 -8.161465e+000
      vertex  7.400000e+000 -4.416555e+001 -1.607495e+001
      vertex  7.400000e+000 -9.355674e+000 -1.649658e+000
    endloop
  endfacet
  facet normal  1.000000e+000  0.000000e+000  0.000000e+000
    outer loop
      vertex  7.400000e+000 -9.355674e+000 -1.649658e+000
      vertex  7.400000e+000 -4.416555e+001 -1.607495e+001
      vertex  7.400000e+000 -8.927080e+000 -3.249191e+000
    endloop
  endfacet
  facet normal  0.000000e+000 -9.848078e-001 -1.736482e-001
    outer loop
      vertex -8.881784e-016 -8.161465e+000  4.628596e+001
      vertex -1.776357e-015 -1.649658e+000  9.355674e+000
      vertex  7.400000e+000 -8.161465e+000  4.628596e+001
    endloop
  endfacet
  facet normal -8.153951e-008 -9.848078e-001 -1.736482e-001
    outer loop
      vertex  7.400000e+000 -8.161465e+000  4.628596e+001
      vertex -1.776357e-015 -1.649658e+000  9.355674e+000
      vertex  7.400000e+000 -1.649653e+000  9.355646e+000
    endloop
  endfacet
  facet normal  0.000000e+000  9.396927e-001  3.420202e-001
    outer loop
      vertex  0.000000e+000 -1.607495e+001  4.416555e+001
      vertex  7.400000e+000 -1.607495e+001  4.416555e+001
      vertex -1.776357e-015 -3.249191e+000  8.927080e+000
    endloop
  endfacet
  facet normal  -0.000000e+000  9.396927e-001  3.420202e-001
    outer loop
      vertex -1.776357e-015 -3.249191e+000  8.927080e+000
      vertex  7.400000e+000 -1.607495e+001  4.416555e+001
      vertex  7.400000e+000 -3.249191e+000  8.927080e+000
    endloop
  endfacet
  facet normal  9.999999e-001  0.000000e+000  0.000000e+000
    outer loop
      vertex  7.400000e+000 -2.350000e+001  4.070319e+001
      vertex  7.400000e+000 -4.749988e+000  8.227221e+000
      vertex  7.400000e+000 -1.607495e+001  4.416555e+001
    endloop
  endfacet
  facet normal  1.000000e+000  0.000000e+000  0.000000e+000
    outer loop
      vertex  7.400000e+000 -1.607495e+001  4.416555e+001
      vertex  7.400000e+000 -4.749988e+000  8.227221e+000
      vertex  7.400000e+000 -3.249191e+000  8.927080e+000
    endloop
  endfacet
  facet normal  9.999999e-001  0.000000e+000  -0.000000e+000
    outer loop
      vertex  7.400000e+000 -8.161465e+000  4.628596e+001
      vertex  7.400000e+000 -1.649653e+000  9.355646e+000
      vertex  7.400000e+000 -4.930266e-014  4.700000e+001
    endloop
  endfacet
  facet normal  1.000000e+000  0.000000e+000  0.000000e+000
    outer loop
      vertex  7.400000e+000 -4.930266e-014  4.700000e+001
      vertex  7.400000e+000 -1.649653e+000  9.355646e+000
      vertex  7.400000e+000  0.000000e+000  9.500000e+000
    endloop
  endfacet
  facet normal  0.000000e+000  1.736482e-001  9.848077e-001
    outer loop
      vertex  0.000000e+000 -4.628596e+001  8.161465e+000
      vertex  7.400000e+000 -4.628596e+001  8.161465e+000
      vertex -8.881784e-016 -9.355669e+000  1.649657e+000
    endloop
  endfacet
  facet normal  -0.000000e+000  1.736482e-001  9.848077e-001
    outer loop
      vertex -8.881784e-016 -9.355669e+000  1.649657e+000
      vertex  7.400000e+000 -4.628596e+001  8.161465e+000
      vertex  7.400000e+000 -9.355669e+000  1.649657e+000
    endloop
  endfacet
  facet normal  0.000000e+000 -3.420202e-001 -9.396927e-001
    outer loop
      vertex  0.000000e+000 -4.416555e+001  1.607495e+001
      vertex -1.776357e-015 -8.927080e+000  3.249191e+000
      vertex  7.400000e+000 -4.416555e+001  1.607495e+001
    endloop
  endfacet
  facet normal  4.452261e-008 -3.420202e-001 -9.396927e-001
    outer loop
      vertex  7.400000e+000 -4.416555e+001  1.607495e+001
      vertex -1.776357e-015 -8.927080e+000  3.249191e+000
      vertex  7.400000e+000 -8.927071e+000  3.249188e+000
    endloop
  endfacet
  facet normal  1.000000e+000  0.000000e+000  0.000000e+000
    outer loop
      vertex  7.400000e+000 -4.700000e+001  2.662784e-014
      vertex  7.400000e+000 -9.500000e+000  5.382224e-015
      vertex  7.400000e+000 -4.628596e+001  8.161465e+000
    endloop
  endfacet
  facet normal  9.999999e-001  0.000000e+000  0.000000e+000
    outer loop
      vertex  7.400000e+000 -4.628596e+001  8.161465e+000
      vertex  7.400000e+000 -9.500000e+000  5.382224e-015
      vertex  7.400000e+000 -9.355669e+000  1.649657e+000
    endloop
  endfacet
  facet normal  1.000000e+000  0.000000e+000  0.000000e+000
    outer loop
      vertex  7.400000e+000 -4.416555e+001  1.607495e+001
      vertex  7.400000e+000 -8.927071e+000  3.249188e+000
      vertex  7.400000e+000 -4.070319e+001  2.350000e+001
    endloop
  endfacet
  facet normal  1.000000e+000  0.000000e+000  0.000000e+000
    outer loop
      vertex  7.400000e+000 -4.070319e+001  2.350000e+001
      vertex  7.400000e+000 -8.927071e+000  3.249188e+000
      vertex  7.400000e+000 -8.227242e+000  4.750000e+000
    endloop
  endfacet
  facet normal -4.968871e-017 -9.961947e-001 -8.715567e-002
    outer loop
      vertex  7.400000e+000 -9.500000e+000  5.382224e-015
      vertex -1.776357e-015 -9.500000e+000  9.601071e-015
      vertex  7.400000e+000 -9.355674e+000 -1.649658e+000
    endloop
  endfacet
  facet normal -6.517508e-007 -9.961945e-001 -8.715856e-002
    outer loop
      vertex  7.400000e+000 -9.355674e+000 -1.649658e+000
      vertex -1.776357e-015 -9.500000e+000  9.601071e-015
      vertex -8.881784e-016 -9.355669e+000 -1.649657e+000
    endloop
  endfacet
  facet normal -5.211413e-008 -1.736482e-001  9.848077e-001
    outer loop
      vertex -8.881784e-016 -9.355669e+000 -1.649657e+000
      vertex  0.000000e+000 -4.628596e+001 -8.161465e+000
      vertex  7.400000e+000 -9.355674e+000 -1.649658e+000
    endloop
  endfacet
  facet normal  0.000000e+000 -1.736482e-001  9.848078e-001
    outer loop
      vertex  7.400000e+000 -9.355674e+000 -1.649658e+000
      vertex  0.000000e+000 -4.628596e+001 -8.161465e+000
      vertex  7.400000e+000 -4.628596e+001 -8.161465e+000
    endloop
  endfacet
  facet normal  0.000000e+000  9.961947e-001  8.715567e-002
    outer loop
      vertex  7.400000e+000 -4.700000e+001  2.662784e-014
      vertex  7.400000e+000 -4.628596e+001 -8.161465e+000
      vertex  0.000000e+000 -4.700000e+001  2.662784e-014
    endloop
  endfacet
  facet normal  0.000000e+000  9.961947e-001  8.715567e-002
    outer loop
      vertex  0.000000e+000 -4.700000e+001  2.662784e-014
      vertex  7.400000e+000 -4.628596e+001 -8.161465e+000
      vertex  0.000000e+000 -4.628596e+001 -8.161465e+000
    endloop
  endfacet
  facet normal  0.000000e+000 -4.540473e-016 -1.000000e+000
    outer loop
      vertex  0.000000e+000 -4.700000e+001  2.662784e-014
      vertex -1.776357e-015 -9.500000e+000  9.601071e-015
      vertex  7.400000e+000 -4.700000e+001  2.662784e-014
    endloop
  endfacet
  facet normal -5.701145e-016 -5.665498e-016 -1.000000e+000
    outer loop
      vertex  7.400000e+000 -4.700000e+001  2.662784e-014
      vertex -1.776357e-015 -9.500000e+000  9.601071e-015
      vertex  7.400000e+000 -9.500000e+000  5.382224e-015
    endloop
  endfacet
  facet normal  0.000000e+000 -8.660254e-001 -5.000000e-001
    outer loop
      vertex -8.881784e-016 -2.350000e+001  4.070319e+001
      vertex -1.776357e-015 -4.750000e+000  8.227242e+000
      vertex  7.400000e+000 -2.350000e+001  4.070319e+001
    endloop
  endfacet
  facet normal -2.071914e-007 -8.660254e-001 -5.000000e-001
    outer loop
      vertex  7.400000e+000 -2.350000e+001  4.070319e+001
      vertex -1.776357e-015 -4.750000e+000  8.227242e+000
      vertex  7.400000e+000 -4.749988e+000  8.227221e+000
    endloop
  endfacet
  facet normal  0.000000e+000  7.660445e-001  6.427876e-001
    outer loop
      vertex  0.000000e+000 -3.021102e+001  3.600409e+001
      vertex  7.400000e+000 -3.021102e+001  3.600409e+001
      vertex -1.776357e-015 -6.106483e+000  7.277422e+000
    endloop
  endfacet
  facet normal  -0.000000e+000  7.660445e-001  6.427876e-001
    outer loop
      vertex -1.776357e-015 -6.106483e+000  7.277422e+000
      vertex  7.400000e+000 -3.021102e+001  3.600409e+001
      vertex  7.400000e+000 -6.106483e+000  7.277422e+000
    endloop
  endfacet
  facet normal  1.000000e+000  0.000000e+000  0.000000e+000
    outer loop
      vertex  7.400000e+000 -3.600409e+001  3.021102e+001
      vertex  7.400000e+000 -7.277422e+000  6.106483e+000
      vertex  7.400000e+000 -3.021102e+001  3.600409e+001
    endloop
  endfacet
  facet normal  1.000000e+000  0.000000e+000  0.000000e+000
    outer loop
      vertex  7.400000e+000 -3.021102e+001  3.600409e+001
      vertex  7.400000e+000 -7.277422e+000  6.106483e+000
      vertex  7.400000e+000 -6.106483e+000  7.277422e+000
    endloop
  endfacet
  facet normal  0.000000e+000 -6.427876e-001 -7.660445e-001
    outer loop
      vertex -8.881784e-016 -3.600409e+001  3.021102e+001
      vertex -1.776357e-015 -7.277422e+000  6.106483e+000
      vertex  7.400000e+000 -3.600409e+001  3.021102e+001
    endloop
  endfacet
  facet normal  0.000000e+000 -6.427876e-001 -7.660445e-001
    outer loop
      vertex  7.400000e+000 -3.600409e+001  3.021102e+001
      vertex -1.776357e-015 -7.277422e+000  6.106483e+000
      vertex  7.400000e+000 -7.277422e+000  6.106483e+000
    endloop
  endfacet
  facet normal  0.000000e+000  5.000000e-001  8.660254e-001
    outer loop
      vertex  0.000000e+000 -4.070319e+001  2.350000e+001
      vertex  7.400000e+000 -4.070319e+001  2.350000e+001
      vertex -1.776357e-015 -8.227242e+000  4.750000e+000
    endloop
  endfacet
  facet normal  -0.000000e+000  5.000000e-001  8.660254e-001
    outer loop
      vertex -1.776357e-015 -8.227242e+000  4.750000e+000
      vertex  7.400000e+000 -4.070319e+001  2.350000e+001
      vertex  7.400000e+000 -8.227242e+000  4.750000e+000
    endloop
  endfacet
  facet normal  0.000000e+000  1.000000e+000  1.314738e-015
    outer loop
      vertex  0.000000e+000 -4.930266e-014  4.700000e+001
      vertex  7.400000e+000 -4.930266e-014  4.700000e+001
      vertex -8.881784e-016  0.000000e+000  9.500000e+000
    endloop
  endfacet
  facet normal  -0.000000e+000  1.000000e+000  1.314738e-015
    outer loop
      vertex -8.881784e-016  0.000000e+000  9.500000e+000
      vertex  7.400000e+000 -4.930266e-014  4.700000e+001
      vertex  7.400000e+000  0.000000e+000  9.500000e+000
    endloop
  endfacet
  facet normal  0.000000e+000 -9.848078e-001  1.736482e-001
    outer loop
      vertex  0.000000e+000  8.161465e+000  4.628596e+001
      vertex -1.776357e-015  1.649658e+000  9.355674e+000
      vertex  7.400000e+000  8.161465e+000  4.628596e+001
    endloop
  endfacet
  facet normal  0.000000e+000 -9.848078e-001  1.736482e-001
    outer loop
      vertex  7.400000e+000  8.161465e+000  4.628596e+001
      vertex -1.776357e-015  1.649658e+000  9.355674e+000
      vertex  7.400000e+000  1.649658e+000  9.355674e+000
    endloop
  endfacet
  facet normal  1.000000e+000  0.000000e+000  -0.000000e+000
    outer loop
      vertex  7.400000e+000  1.649658e+000  9.355674e+000
      vertex  7.400000e+000  3.249182e+000  8.927055e+000
      vertex  7.400000e+000  8.161465e+000  4.628596e+001
    endloop
  endfacet
  facet normal  1.000000e+000  0.000000e+000  0.000000e+000
    outer loop
      vertex  7.400000e+000  8.161465e+000  4.628596e+001
      vertex  7.400000e+000  3.249182e+000  8.927055e+000
      vertex  7.400000e+000  1.607495e+001  4.416555e+001
    endloop
  endfacet
  facet normal  0.000000e+000  9.396926e-001 -3.420202e-001
    outer loop
      vertex -8.881784e-016  3.249182e+000  8.927055e+000
      vertex  0.000000e+000  1.607495e+001  4.416555e+001
      vertex  7.400000e+000  3.249182e+000  8.927055e+000
    endloop
  endfacet
  facet normal  0.000000e+000  9.396926e-001 -3.420202e-001
    outer loop
      vertex  7.400000e+000  3.249182e+000  8.927055e+000
      vertex  0.000000e+000  1.607495e+001  4.416555e+001
      vertex  7.400000e+000  1.607495e+001  4.416555e+001
    endloop
  endfacet
  facet normal  0.000000e+000 -8.660254e-001  5.000000e-001
    outer loop
      vertex  0.000000e+000  2.350000e+001  4.070319e+001
      vertex -1.776357e-015  4.750000e+000  8.227242e+000
      vertex  7.400000e+000  2.350000e+001  4.070319e+001
    endloop
  endfacet
  facet normal  0.000000e+000 -8.660254e-001  5.000000e-001
    outer loop
      vertex  7.400000e+000  2.350000e+001  4.070319e+001
      vertex -1.776357e-015  4.750000e+000  8.227242e+000
      vertex  7.400000e+000  4.750000e+000  8.227242e+000
    endloop
  endfacet
  facet normal  9.999999e-001  0.000000e+000  -0.000000e+000
    outer loop
      vertex  7.400000e+000  4.750000e+000  8.227242e+000
      vertex  7.400000e+000  6.106468e+000  7.277406e+000
      vertex  7.400000e+000  2.350000e+001  4.070319e+001
    endloop
  endfacet
  facet normal  1.000000e+000  0.000000e+000  0.000000e+000
    outer loop
      vertex  7.400000e+000  2.350000e+001  4.070319e+001
      vertex  7.400000e+000  6.106468e+000  7.277406e+000
      vertex  7.400000e+000  3.021102e+001  3.600409e+001
    endloop
  endfacet
  facet normal  0.000000e+000  7.660444e-001 -6.427876e-001
    outer loop
      vertex -8.881784e-016  6.106468e+000  7.277406e+000
      vertex  0.000000e+000  3.021102e+001  3.600409e+001
      vertex  7.400000e+000  6.106468e+000  7.277406e+000
    endloop
  endfacet
  facet normal  0.000000e+000  7.660444e-001 -6.427876e-001
    outer loop
      vertex  7.400000e+000  6.106468e+000  7.277406e+000
      vertex  0.000000e+000  3.021102e+001  3.600409e+001
      vertex  7.400000e+000  3.021102e+001  3.600409e+001
    endloop
  endfacet
  facet normal  1.000000e+000  0.000000e+000  0.000000e+000
    outer loop
      vertex  1.620000e+001  3.579572e+000  6.200000e+000
      vertex  1.620000e+001  2.691112e-015  9.500000e+000
      vertex  1.620000e+001 -3.579572e+000  6.200000e+000
    endloop
  endfacet
  facet normal  1.000000e+000  0.000000e+000  0.000000e+000
    outer loop
      vertex  1.620000e+001  5.139970e-015 -9.499971e+000
      vertex  1.620000e+001 -6.717505e+000 -6.717496e+000
      vertex  1.620000e+001 -3.635486e+000 -8.776830e+000
    endloop
  endfacet
  facet normal  1.000000e+000  0.000000e+000  -0.000000e+000
    outer loop
      vertex  1.620000e+001  5.139970e-015 -9.499971e+000
      vertex  1.620000e+001  3.635486e+000 -8.776830e+000
      vertex  1.620000e+001  6.717505e+000 -6.717496e+000
    endloop
  endfacet
  facet normal  1.000000e+000  0.000000e+000  0.000000e+000
    outer loop
      vertex  1.620000e+001 -3.579572e+000 -6.200000e+000
      vertex  1.620000e+001 -7.159143e+000  0.000000e+000
      vertex  1.620000e+001 -9.500000e+000 -5.802992e-015
    endloop
  endfacet
  facet normal  1.000000e+000  0.000000e+000  0.000000e+000
    outer loop
      vertex  1.620000e+001 -3.579572e+000 -6.200000e+000
      vertex  1.620000e+001 -9.500000e+000 -5.802992e-015
      vertex  1.620000e+001 -8.776848e+000 -3.635484e+000
    endloop
  endfacet
  facet normal  1.000000e+000  0.000000e+000  0.000000e+000
    outer loop
      vertex  1.620000e+001 -3.579572e+000 -6.200000e+000
      vertex  1.620000e+001 -8.776848e+000 -3.635484e+000
      vertex  1.620000e+001 -6.717505e+000 -6.717496e+000
    endloop
  endfacet
  facet normal  9.999999e-001  -0.000000e+000  0.000000e+000
    outer loop
      vertex  1.620000e+001 -3.579572e+000 -6.200000e+000
      vertex  1.620000e+001 -6.717505e+000 -6.717496e+000
      vertex  1.620000e+001  5.139970e-015 -9.499971e+000
    endloop
  endfacet
  facet normal  1.000000e+000  0.000000e+000  -0.000000e+000
    outer loop
      vertex  1.620000e+001 -3.579572e+000 -6.200000e+000
      vertex  1.620000e+001  5.139970e-015 -9.499971e+000
      vertex  1.620000e+001  6.717505e+000 -6.717496e+000
    endloop
  endfacet
  facet normal  1.000000e+000  0.000000e+000  0.000000e+000
    outer loop
      vertex  1.620000e+001 -3.579572e+000 -6.200000e+000
      vertex  1.620000e+001  6.717505e+000 -6.717496e+000
      vertex  1.620000e+001  3.579572e+000 -6.200000e+000
    endloop
  endfacet
  facet normal  1.000000e+000  -0.000000e+000  0.000000e+000
    outer loop
      vertex  1.620000e+001  2.691112e-015  9.500000e+000
      vertex  1.620000e+001 -3.635493e+000  8.776855e+000
      vertex  1.620000e+001 -3.579572e+000  6.200000e+000
    endloop
  endfacet
  facet normal  1.000000e+000  0.000000e+000  0.000000e+000
    outer loop
      vertex  1.620000e+001 -3.579572e+000  6.200000e+000
      vertex  1.620000e+001 -3.635493e+000  8.776855e+000
      vertex  1.620000e+001 -6.717515e+000  6.717515e+000
    endloop
  endfacet
  facet normal  1.000000e+000  0.000000e+000  0.000000e+000
    outer loop
      vertex  1.620000e+001 -3.579572e+000  6.200000e+000
      vertex  1.620000e+001 -6.717515e+000  6.717515e+000
      vertex  1.620000e+001 -7.159143e+000  0.000000e+000
    endloop
  endfacet
  facet normal  1.000000e+000  0.000000e+000  -0.000000e+000
    outer loop
      vertex  1.620000e+001 -7.159143e+000  0.000000e+000
      vertex  1.620000e+001 -6.717515e+000  6.717515e+000
      vertex  1.620000e+001 -8.776855e+000  3.635493e+000
    endloop
  endfacet
  facet normal  1.000000e+000  0.000000e+000  0.000000e+000
    outer loop
      vertex  1.620000e+001 -7.159143e+000  0.000000e+000
      vertex  1.620000e+001 -8.776855e+000  3.635493e+000
      vertex  1.620000e+001 -9.500000e+000 -5.802992e-015
    endloop
  endfacet
  facet normal  1.000000e+000  0.000000e+000  0.000000e+000
    outer loop
      vertex  1.620000e+001  3.635493e+000  8.776855e+000
      vertex  1.620000e+001  2.691112e-015  9.500000e+000
      vertex  1.620000e+001  6.717515e+000  6.717515e+000
    endloop
  endfacet
  facet normal  1.000000e+000  0.000000e+000  0.000000e+000
    outer loop
      vertex  1.620000e+001  6.717515e+000  6.717515e+000
      vertex  1.620000e+001  2.691112e-015  9.500000e+000
      vertex  1.620000e+001  3.579572e+000  6.200000e+000
    endloop
  endfacet
  facet normal  9.999999e-001  -0.000000e+000  0.000000e+000
    outer loop
      vertex  1.620000e+001  6.717515e+000  6.717515e+000
      vertex  1.620000e+001  3.579572e+000  6.200000e+000
      vertex  1.620000e+001  8.776855e+000  3.635493e+000
    endloop
  endfacet
  facet normal  1.000000e+000  0.000000e+000  0.000000e+000
    outer loop
      vertex  1.620000e+001  8.776855e+000  3.635493e+000
      vertex  1.620000e+001  3.579572e+000  6.200000e+000
      vertex  1.620000e+001  7.159143e+000  0.000000e+000
    endloop
  endfacet
  facet normal  1.000000e+000  0.000000e+000  0.000000e+000
    outer loop
      vertex  1.620000e+001  8.776855e+000  3.635493e+000
      vertex  1.620000e+001  7.159143e+000  0.000000e+000
      vertex  1.620000e+001  9.500000e+000  0.000000e+000
    endloop
  endfacet
  facet normal  1.000000e+000  -0.000000e+000  0.000000e+000
    outer loop
      vertex  1.620000e+001  9.500000e+000  0.000000e+000
      vertex  1.620000e+001  7.159143e+000  0.000000e+000
      vertex  1.620000e+001  8.776848e+000 -3.635484e+000
    endloop
  endfacet
  facet normal  1.000000e+000  0.000000e+000  0.000000e+000
    outer loop
      vertex  1.620000e+001  8.776848e+000 -3.635484e+000
      vertex  1.620000e+001  7.159143e+000  0.000000e+000
      vertex  1.620000e+001  3.579572e+000 -6.200000e+000
    endloop
  endfacet
  facet normal  1.000000e+000  -0.000000e+000  0.000000e+000
    outer loop
      vertex  1.620000e+001  8.776848e+000 -3.635484e+000
      vertex  1.620000e+001  3.579572e+000 -6.200000e+000
      vertex  1.620000e+001  6.717505e+000 -6.717496e+000
    endloop
  endfacet
  facet normal  0.000000e+000  0.000000e+000 -1.000000e+000
    outer loop
      vertex  1.020000e+001 -3.579572e+000  6.200000e+000
      vertex  1.020000e+001  3.579572e+000  6.200000e+000
      vertex  1.620000e+001 -3.579572e+000  6.200000e+000
    endloop
  endfacet
  facet normal  0.000000e+000  0.000000e+000 -1.000000e+000
    outer loop
      vertex  1.620000e+001 -3.579572e+000  6.200000e+000
      vertex  1.020000e+001  3.579572e+000  6.200000e+000
      vertex  1.620000e+001  3.579572e+000  6.200000e+000
    endloop
  endfacet
  facet normal  0.000000e+000 -8.660254e-001 -5.000001e-001
    outer loop
      vertex  1.020000e+001  3.579572e+000  6.200000e+000
      vertex  1.020000e+001  7.159143e+000 -1.776357e-015
      vertex  1.620000e+001  3.579572e+000  6.200000e+000
    endloop
  endfacet
  facet normal  0.000000e+000 -8.660254e-001 -5.000001e-001
    outer loop
      vertex  1.620000e+001  3.579572e+000  6.200000e+000
      vertex  1.020000e+001  7.159143e+000 -1.776357e-015
      vertex  1.620000e+001  7.159143e+000  0.000000e+000
    endloop
  endfacet
  facet normal  0.000000e+000 -8.660254e-001  5.000001e-001
    outer loop
      vertex  1.020000e+001  3.579572e+000 -6.200000e+000
      vertex  1.620000e+001  3.579572e+000 -6.200000e+000
      vertex  1.020000e+001  7.159143e+000 -1.776357e-015
    endloop
  endfacet
  facet normal -1.480297e-016 -8.660254e-001  5.000001e-001
    outer loop
      vertex  1.020000e+001  7.159143e+000 -1.776357e-015
      vertex  1.620000e+001  3.579572e+000 -6.200000e+000
      vertex  1.620000e+001  7.159143e+000  0.000000e+000
    endloop
  endfacet
  facet normal  0.000000e+000  0.000000e+000  1.000000e+000
    outer loop
      vertex  1.020000e+001 -3.579572e+000 -6.200000e+000
      vertex  1.620000e+001 -3.579572e+000 -6.200000e+000
      vertex  1.020000e+001  3.579572e+000 -6.200000e+000
    endloop
  endfacet
  facet normal  -0.000000e+000  0.000000e+000  1.000000e+000
    outer loop
      vertex  1.020000e+001  3.579572e+000 -6.200000e+000
      vertex  1.620000e+001 -3.579572e+000 -6.200000e+000
      vertex  1.620000e+001  3.579572e+000 -6.200000e+000
    endloop
  endfacet
  facet normal  0.000000e+000  8.660254e-001  5.000001e-001
    outer loop
      vertex  1.020000e+001 -3.579572e+000 -6.200000e+000
      vertex  1.020000e+001 -7.159143e+000  1.776357e-015
      vertex  1.620000e+001 -3.579572e+000 -6.200000e+000
    endloop
  endfacet
  facet normal  0.000000e+000  8.660254e-001  5.000001e-001
    outer loop
      vertex  1.620000e+001 -3.579572e+000 -6.200000e+000
      vertex  1.020000e+001 -7.159143e+000  1.776357e-015
      vertex  1.620000e+001 -7.159143e+000  0.000000e+000
    endloop
  endfacet
  facet normal  0.000000e+000  8.660254e-001 -5.000001e-001
    outer loop
      vertex  1.020000e+001 -3.579572e+000  6.200000e+000
      vertex  1.620000e+001 -3.579572e+000  6.200000e+000
      vertex  1.020000e+001 -7.159143e+000  1.776357e-015
    endloop
  endfacet
  facet normal -1.480297e-016  8.660254e-001 -5.000001e-001
    outer loop
      vertex  1.020000e+001 -7.159143e+000  1.776357e-015
      vertex  1.620000e+001 -3.579572e+000  6.200000e+000
      vertex  1.620000e+001 -7.159143e+000  0.000000e+000
    endloop
  endfacet
  facet normal  1.569732e-005 -8.715537e-002  9.961948e-001
    outer loop
      vertex  1.620000e+001 -6.449591e-014 -4.699986e+001
      vertex  2.500000e+001  8.161465e+000 -4.628596e+001
      vertex  1.620000e+001  8.161449e+000 -4.628583e+001
    endloop
  endfacet
  facet normal  1.552261e-005 -2.588190e-001  9.659258e-001
    outer loop
      vertex  1.620000e+001  8.161449e+000 -4.628583e+001
      vertex  2.500000e+001  8.161465e+000 -4.628596e+001
      vertex  2.500000e+001  1.607495e+001 -4.416555e+001
    endloop
  endfacet
  facet normal  1.513396e-005 -2.588186e-001  9.659259e-001
    outer loop
      vertex  1.620000e+001  8.161449e+000 -4.628583e+001
      vertex  2.500000e+001  1.607495e+001 -4.416555e+001
      vertex  1.620000e+001  1.607492e+001 -4.416542e+001
    endloop
  endfacet
  facet normal  1.482331e-005 -4.226184e-001  9.063077e-001
    outer loop
      vertex  1.620000e+001  1.607492e+001 -4.416542e+001
      vertex  2.500000e+001  1.607495e+001 -4.416555e+001
      vertex  2.500000e+001  2.350000e+001 -4.070319e+001
    endloop
  endfacet
  facet normal  1.370982e-005 -4.226173e-001  9.063082e-001
    outer loop
      vertex  1.620000e+001  1.607492e+001 -4.416542e+001
      vertex  2.500000e+001  2.350000e+001 -4.070319e+001
      vertex  1.620000e+001  2.349996e+001 -4.070308e+001
    endloop
  endfacet
  facet normal  1.326349e-005 -5.735764e-001  8.191521e-001
    outer loop
      vertex  1.620000e+001  2.349996e+001 -4.070308e+001
      vertex  2.500000e+001  2.350000e+001 -4.070319e+001
      vertex  2.500000e+001  3.021102e+001 -3.600409e+001
    endloop
  endfacet
  facet normal  1.234040e-005 -5.735756e-001  8.191527e-001
    outer loop
      vertex  1.620000e+001  2.349996e+001 -4.070308e+001
      vertex  2.500000e+001  3.021102e+001 -3.600409e+001
      vertex  1.620000e+001  3.021097e+001 -3.600399e+001
    endloop
  endfacet
  facet normal  1.180112e-005 -7.071068e-001  7.071068e-001
    outer loop
      vertex  1.620000e+001  3.021097e+001 -3.600399e+001
      vertex  2.500000e+001  3.021102e+001 -3.600409e+001
      vertex  2.500000e+001  3.600409e+001 -3.021102e+001
    endloop
  endfacet
  facet normal  1.042177e-005 -7.071058e-001  7.071078e-001
    outer loop
      vertex  1.620000e+001  3.021097e+001 -3.600399e+001
      vertex  2.500000e+001  3.600409e+001 -3.021102e+001
      vertex  1.620000e+001  3.600404e+001 -3.021094e+001
    endloop
  endfacet
  facet normal  9.837619e-006 -8.191521e-001  5.735764e-001
    outer loop
      vertex  1.620000e+001  3.600404e+001 -3.021094e+001
      vertex  2.500000e+001  3.600409e+001 -3.021102e+001
      vertex  2.500000e+001  4.070319e+001 -2.350000e+001
    endloop
  endfacet
  facet normal  8.115019e-006 -8.191510e-001  5.735779e-001
    outer loop
      vertex  1.620000e+001  3.600404e+001 -3.021094e+001
      vertex  2.500000e+001  4.070319e+001 -2.350000e+001
      vertex  1.620000e+001  4.070315e+001 -2.349994e+001
    endloop
  endfacet
  facet normal  7.554088e-006 -9.063077e-001  4.226184e-001
    outer loop
      vertex  1.620000e+001  4.070315e+001 -2.349994e+001
      vertex  2.500000e+001  4.070319e+001 -2.350000e+001
      vertex  2.500000e+001  4.416555e+001 -1.607495e+001
    endloop
  endfacet
  facet normal  5.760744e-006 -9.063069e-001  4.226201e-001
    outer loop
      vertex  1.620000e+001  4.070315e+001 -2.349994e+001
      vertex  2.500000e+001  4.416555e+001 -1.607495e+001
      vertex  1.620000e+001  4.416552e+001 -1.607491e+001
    endloop
  endfacet
  facet normal  5.309126e-006 -9.659258e-001  2.588190e-001
    outer loop
      vertex  1.620000e+001  4.416552e+001 -1.607491e+001
      vertex  2.500000e+001  4.416555e+001 -1.607495e+001
      vertex  2.500000e+001  4.628596e+001 -8.161465e+000
    endloop
  endfacet
  facet normal  3.045235e-006 -9.659252e-001  2.588213e-001
    outer loop
      vertex  1.620000e+001  4.416552e+001 -1.607491e+001
      vertex  2.500000e+001  4.628596e+001 -8.161465e+000
      vertex  1.620000e+001  4.628594e+001 -8.161447e+000
    endloop
  endfacet
  facet normal  2.770492e-006 -9.961947e-001  8.715566e-002
    outer loop
      vertex  1.620000e+001  4.628594e+001 -8.161447e+000
      vertex  2.500000e+001  4.628596e+001 -8.161465e+000
      vertex  2.500000e+001  4.700000e+001  0.000000e+000
    endloop
  endfacet
  facet normal  2.994403e-016 -9.961944e-001  8.715863e-002
    outer loop
      vertex  1.620000e+001  4.628594e+001 -8.161447e+000
      vertex  2.500000e+001  4.700000e+001  0.000000e+000
      vertex  1.620000e+001  4.700000e+001  3.023309e-014
    endloop
  endfacet
  facet normal  1.597803e-005 -8.715566e-002  9.961947e-001
    outer loop
      vertex  2.500000e+001  8.161465e+000 -4.628596e+001
      vertex  1.620000e+001 -6.449591e-014 -4.699986e+001
      vertex  2.500000e+001 -8.633475e-015 -4.700000e+001
    endloop
  endfacet
  facet normal  1.597804e-005  8.715537e-002  9.961948e-001
    outer loop
      vertex  2.500000e+001 -8.633475e-015 -4.700000e+001
      vertex  1.620000e+001 -6.449591e-014 -4.699986e+001
      vertex  1.620000e+001 -8.161449e+000 -4.628583e+001
    endloop
  endfacet
  facet normal  1.569732e-005  8.715566e-002  9.961947e-001
    outer loop
      vertex  2.500000e+001 -8.633475e-015 -4.700000e+001
      vertex  1.620000e+001 -8.161449e+000 -4.628583e+001
      vertex  2.500000e+001 -8.161465e+000 -4.628596e+001
    endloop
  endfacet
  facet normal  1.552262e-005  2.588186e-001  9.659259e-001
    outer loop
      vertex  2.500000e+001 -8.161465e+000 -4.628596e+001
      vertex  1.620000e+001 -8.161449e+000 -4.628583e+001
      vertex  1.620000e+001 -1.607492e+001 -4.416542e+001
    endloop
  endfacet
  facet normal  1.513396e-005  2.588190e-001  9.659258e-001
    outer loop
      vertex  2.500000e+001 -8.161465e+000 -4.628596e+001
      vertex  1.620000e+001 -1.607492e+001 -4.416542e+001
      vertex  2.500000e+001 -1.607495e+001 -4.416555e+001
    endloop
  endfacet
  facet normal  1.482332e-005  4.226173e-001  9.063082e-001
    outer loop
      vertex  2.500000e+001 -1.607495e+001 -4.416555e+001
      vertex  1.620000e+001 -1.607492e+001 -4.416542e+001
      vertex  1.620000e+001 -2.349996e+001 -4.070308e+001
    endloop
  endfacet
  facet normal  1.370982e-005  4.226184e-001  9.063077e-001
    outer loop
      vertex  2.500000e+001 -1.607495e+001 -4.416555e+001
      vertex  1.620000e+001 -2.349996e+001 -4.070308e+001
      vertex  2.500000e+001 -2.350000e+001 -4.070319e+001
    endloop
  endfacet
  facet normal  1.326350e-005  5.735756e-001  8.191527e-001
    outer loop
      vertex  2.500000e+001 -2.350000e+001 -4.070319e+001
      vertex  1.620000e+001 -2.349996e+001 -4.070308e+001
      vertex  1.620000e+001 -3.021097e+001 -3.600399e+001
    endloop
  endfacet
  facet normal  1.234040e-005  5.735764e-001  8.191521e-001
    outer loop
      vertex  2.500000e+001 -2.350000e+001 -4.070319e+001
      vertex  1.620000e+001 -3.021097e+001 -3.600399e+001
      vertex  2.500000e+001 -3.021102e+001 -3.600409e+001
    endloop
  endfacet
  facet normal  1.180112e-005  7.071058e-001  7.071078e-001
    outer loop
      vertex  2.500000e+001 -3.021102e+001 -3.600409e+001
      vertex  1.620000e+001 -3.021097e+001 -3.600399e+001
      vertex  1.620000e+001 -3.600404e+001 -3.021094e+001
    endloop
  endfacet
  facet normal  1.042177e-005  7.071068e-001  7.071068e-001
    outer loop
      vertex  2.500000e+001 -3.021102e+001 -3.600409e+001
      vertex  1.620000e+001 -3.600404e+001 -3.021094e+001
      vertex  2.500000e+001 -3.600409e+001 -3.021102e+001
    endloop
  endfacet
  facet normal  9.837628e-006  8.191510e-001  5.735779e-001
    outer loop
      vertex  2.500000e+001 -3.600409e+001 -3.021102e+001
      vertex  1.620000e+001 -3.600404e+001 -3.021094e+001
      vertex  1.620000e+001 -4.070315e+001 -2.349994e+001
    endloop
  endfacet
  facet normal  8.115015e-006  8.191521e-001  5.735764e-001
    outer loop
      vertex  2.500000e+001 -3.600409e+001 -3.021102e+001
      vertex  1.620000e+001 -4.070315e+001 -2.349994e+001
      vertex  2.500000e+001 -4.070319e+001 -2.350000e+001
    endloop
  endfacet
  facet normal  7.554097e-006  9.063069e-001  4.226201e-001
    outer loop
      vertex  2.500000e+001 -4.070319e+001 -2.350000e+001
      vertex  1.620000e+001 -4.070315e+001 -2.349994e+001
      vertex  1.620000e+001 -4.416552e+001 -1.607491e+001
    endloop
  endfacet
  facet normal  5.760740e-006  9.063077e-001  4.226184e-001
    outer loop
      vertex  2.500000e+001 -4.070319e+001 -2.350000e+001
      vertex  1.620000e+001 -4.416552e+001 -1.607491e+001
      vertex  2.500000e+001 -4.416555e+001 -1.607495e+001
    endloop
  endfacet
  facet normal  5.309134e-006  9.659252e-001  2.588213e-001
    outer loop
      vertex  2.500000e+001 -4.416555e+001 -1.607495e+001
      vertex  1.620000e+001 -4.416552e+001 -1.607491e+001
      vertex  1.620000e+001 -4.628594e+001 -8.161447e+000
    endloop
  endfacet
  facet normal  3.045232e-006  9.659258e-001  2.588190e-001
    outer loop
      vertex  2.500000e+001 -4.416555e+001 -1.607495e+001
      vertex  1.620000e+001 -4.628594e+001 -8.161447e+000
      vertex  2.500000e+001 -4.628596e+001 -8.161465e+000
    endloop
  endfacet
  facet normal  2.770498e-006  9.961944e-001  8.715863e-002
    outer loop
      vertex  2.500000e+001 -4.628596e+001 -8.161465e+000
      vertex  1.620000e+001 -4.628594e+001 -8.161447e+000
      vertex  1.620000e+001 -4.700000e+001 -1.511654e-014
    endloop
  endfacet
  facet normal  -0.000000e+000  9.961947e-001  8.715566e-002
    outer loop
      vertex  2.500000e+001 -4.628596e+001 -8.161465e+000
      vertex  1.620000e+001 -4.700000e+001 -1.511654e-014
      vertex  2.500000e+001 -4.700000e+001 -1.511654e-014
    endloop
  endfacet
  facet normal  1.000000e+000  0.000000e+000  0.000000e+000
    outer loop
      vertex  2.500000e+001  1.778505e+001  4.886402e+001
      vertex  2.500000e+001  9.029705e+000  5.121000e+001
      vertex  2.500000e+001 -7.558271e-015  4.700000e+001
    endloop
  endfacet
  facet normal  1.000000e+000  0.000000e+000  -0.000000e+000
    outer loop
      vertex  2.500000e+001 -7.558271e-015  4.700000e+001
      vertex  2.500000e+001  9.029705e+000  5.121000e+001
      vertex  2.500000e+001 -8.362343e-015  5.200000e+001
    endloop
  endfacet
  facet normal  1.000000e+000  0.000000e+000  0.000000e+000
    outer loop
      vertex  2.500000e+001 -7.558271e-015  4.700000e+001
      vertex  2.500000e+001 -8.362343e-015  5.200000e+001
      vertex  2.500000e+001 -1.778505e+001  4.886402e+001
    endloop
  endfacet
  facet normal  1.000000e+000  0.000000e+000  0.000000e+000
    outer loop
      vertex  2.500000e+001 -1.778505e+001  4.886402e+001
      vertex  2.500000e+001 -8.362343e-015  5.200000e+001
      vertex  2.500000e+001 -9.029705e+000  5.121000e+001
    endloop
  endfacet
  facet normal  9.999999e-001  0.000000e+000  0.000000e+000
    outer loop
      vertex  2.500000e+001 -7.558271e-015  4.700000e+001
      vertex  2.500000e+001 -1.778505e+001  4.886402e+001
      vertex  2.500000e+001 -8.161465e+000  4.628596e+001
    endloop
  endfacet
  facet normal  1.000000e+000  0.000000e+000  0.000000e+000
    outer loop
      vertex  2.500000e+001 -8.161465e+000  4.628596e+001
      vertex  2.500000e+001 -1.778505e+001  4.886402e+001
      vertex  2.500000e+001 -2.600000e+001  4.503332e+001
    endloop
  endfacet
  facet normal  1.000000e+000  -0.000000e+000  0.000000e+000
    outer loop
      vertex  2.500000e+001 -8.161465e+000  4.628596e+001
      vertex  2.500000e+001 -2.600000e+001  4.503332e+001
      vertex  2.500000e+001 -1.607495e+001  4.416555e+001
    endloop
  endfacet
  facet normal  1.000000e+000  0.000000e+000  0.000000e+000
    outer loop
      vertex  2.500000e+001 -1.607495e+001  4.416555e+001
      vertex  2.500000e+001 -2.600000e+001  4.503332e+001
      vertex  2.500000e+001 -2.350000e+001  4.070319e+001
    endloop
  endfacet
  facet normal  1.000000e+000  0.000000e+000  0.000000e+000
    outer loop
      vertex  2.500000e+001 -2.350000e+001  4.070319e+001
      vertex  2.500000e+001 -2.600000e+001  4.503332e+001
      vertex  2.500000e+001 -3.342496e+001  3.983431e+001
    endloop
  endfacet
  facet normal  1.000000e+000  -0.000000e+000  0.000000e+000
    outer loop
      vertex  2.500000e+001 -2.350000e+001  4.070319e+001
      vertex  2.500000e+001 -3.342496e+001  3.983431e+001
      vertex  2.500000e+001 -3.021102e+001  3.600409e+001
    endloop
  endfacet
  facet normal  1.000000e+000  0.000000e+000  0.000000e+000
    outer loop
      vertex  2.500000e+001 -3.021102e+001  3.600409e+001
      vertex  2.500000e+001 -3.342496e+001  3.983431e+001
      vertex  2.500000e+001 -3.983431e+001  3.342496e+001
    endloop
  endfacet
  facet normal  1.000000e+000  -0.000000e+000  0.000000e+000
    outer loop
      vertex  2.500000e+001 -3.021102e+001  3.600409e+001
      vertex  2.500000e+001 -3.983431e+001  3.342496e+001
      vertex  2.500000e+001 -3.600409e+001  3.021102e+001
    endloop
  endfacet
  facet normal  1.000000e+000  0.000000e+000  0.000000e+000
    outer loop
      vertex  2.500000e+001 -3.600409e+001  3.021102e+001
      vertex  2.500000e+001 -3.983431e+001  3.342496e+001
      vertex  2.500000e+001 -4.503332e+001  2.600000e+001
    endloop
  endfacet
  facet normal  1.000000e+000  -0.000000e+000  0.000000e+000
    outer loop
      vertex  2.500000e+001 -3.600409e+001  3.021102e+001
      vertex  2.500000e+001 -4.503332e+001  2.600000e+001
      vertex  2.500000e+001 -4.070319e+001  2.350000e+001
    endloop
  endfacet
  facet normal  1.000000e+000  0.000000e+000  0.000000e+000
    outer loop
      vertex  2.500000e+001 -4.070319e+001  2.350000e+001
      vertex  2.500000e+001 -4.503332e+001  2.600000e+001
      vertex  2.500000e+001 -4.416555e+001  1.607495e+001
    endloop
  endfacet
  facet normal  1.000000e+000  0.000000e+000  0.000000e+000
    outer loop
      vertex  2.500000e+001 -4.416555e+001  1.607495e+001
      vertex  2.500000e+001 -4.503332e+001  2.600000e+001
      vertex  2.500000e+001 -4.886402e+001  1.778505e+001
    endloop
  endfacet
  facet normal  1.000000e+000  0.000000e+000  0.000000e+000
    outer loop
      vertex  2.500000e+001 -4.416555e+001  1.607495e+001
      vertex  2.500000e+001 -4.886402e+001  1.778505e+001
      vertex  2.500000e+001 -4.628596e+001  8.161465e+000
    endloop
  endfacet
  facet normal  1.000000e+000  0.000000e+000  0.000000e+000
    outer loop
      vertex  2.500000e+001 -4.628596e+001  8.161465e+000
      vertex  2.500000e+001 -4.886402e+001  1.778505e+001
      vertex  2.500000e+001 -5.121000e+001  9.029705e+000
    endloop
  endfacet
  facet normal  1.000000e+000  0.000000e+000  0.000000e+000
    outer loop
      vertex  2.500000e+001 -4.628596e+001  8.161465e+000
      vertex  2.500000e+001 -5.121000e+001  9.029705e+000
      vertex  2.500000e+001 -4.700000e+001 -1.511654e-014
    endloop
  endfacet
  facet normal  1.000000e+000  0.000000e+000  0.000000e+000
    outer loop
      vertex  2.500000e+001 -4.700000e+001 -1.511654e-014
      vertex  2.500000e+001 -5.121000e+001  9.029705e+000
      vertex  2.500000e+001 -5.200000e+001 -1.672469e-014
    endloop
  endfacet
  facet normal  1.000000e+000  -0.000000e+000  0.000000e+000
    outer loop
      vertex  2.500000e+001 -4.700000e+001 -1.511654e-014
      vertex  2.500000e+001 -5.200000e+001 -1.672469e-014
      vertex  2.500000e+001 -4.628596e+001 -8.161465e+000
    endloop
  endfacet
  facet normal  1.000000e+000  0.000000e+000  0.000000e+000
    outer loop
      vertex  2.500000e+001 -4.628596e+001 -8.161465e+000
      vertex  2.500000e+001 -5.200000e+001 -1.672469e-014
      vertex  2.500000e+001 -5.121000e+001 -9.029705e+000
    endloop
  endfacet
  facet normal  1.000000e+000  -0.000000e+000  0.000000e+000
    outer loop
      vertex  2.500000e+001 -4.628596e+001 -8.161465e+000
      vertex  2.500000e+001 -5.121000e+001 -9.029705e+000
      vertex  2.500000e+001 -4.416555e+001 -1.607495e+001
    endloop
  endfacet
  facet normal  1.000000e+000  0.000000e+000  0.000000e+000
    outer loop
      vertex  2.500000e+001 -4.416555e+001 -1.607495e+001
      vertex  2.500000e+001 -5.121000e+001 -9.029705e+000
      vertex  2.500000e+001 -4.886402e+001 -1.778505e+001
    endloop
  endfacet
  facet normal  1.000000e+000  -0.000000e+000  0.000000e+000
    outer loop
      vertex  2.500000e+001 -4.416555e+001 -1.607495e+001
      vertex  2.500000e+001 -4.886402e+001 -1.778505e+001
      vertex  2.500000e+001 -4.070319e+001 -2.350000e+001
    endloop
  endfacet
  facet normal  1.000000e+000  0.000000e+000  0.000000e+000
    outer loop
      vertex  2.500000e+001 -4.070319e+001 -2.350000e+001
      vertex  2.500000e+001 -4.886402e+001 -1.778505e+001
      vertex  2.500000e+001 -4.503332e+001 -2.600000e+001
    endloop
  endfacet
  facet normal  1.000000e+000  -0.000000e+000  0.000000e+000
    outer loop
      vertex  2.500000e+001 -4.070319e+001 -2.350000e+001
      vertex  2.500000e+001 -4.503332e+001 -2.600000e+001
      vertex  2.500000e+001 -3.600409e+001 -3.021102e+001
    endloop
  endfacet
  facet normal  1.000000e+000  0.000000e+000  0.000000e+000
    outer loop
      vertex  2.500000e+001 -3.600409e+001 -3.021102e+001
      vertex  2.500000e+001 -4.503332e+001 -2.600000e+001
      vertex  2.500000e+001 -3.983431e+001 -3.342496e+001
    endloop
  endfacet
  facet normal  1.000000e+000  -0.000000e+000  0.000000e+000
    outer loop
      vertex  2.500000e+001 -3.600409e+001 -3.021102e+001
      vertex  2.500000e+001 -3.983431e+001 -3.342496e+001
      vertex  2.500000e+001 -3.021102e+001 -3.600409e+001
    endloop
  endfacet
  facet normal  1.000000e+000  0.000000e+000  0.000000e+000
    outer loop
      vertex  2.500000e+001 -3.021102e+001 -3.600409e+001
      vertex  2.500000e+001 -3.983431e+001 -3.342496e+001
      vertex  2.500000e+001 -2.350000e+001 -4.070319e+001
    endloop
  endfacet
  facet normal  9.999999e-001  0.000000e+000  0.000000e+000
    outer loop
      vertex  2.500000e+001 -2.350000e+001 -4.070319e+001
      vertex  2.500000e+001 -3.983431e+001 -3.342496e+001
      vertex  2.500000e+001 -3.342496e+001 -3.983431e+001
    endloop
  endfacet
  facet normal  1.000000e+000  0.000000e+000  0.000000e+000
    outer loop
      vertex  2.500000e+001 -2.350000e+001 -4.070319e+001
      vertex  2.500000e+001 -3.342496e+001 -3.983431e+001
      vertex  2.500000e+001 -1.607495e+001 -4.416555e+001
    endloop
  endfacet
  facet normal  1.000000e+000  0.000000e+000  0.000000e+000
    outer loop
      vertex  2.500000e+001 -1.607495e+001 -4.416555e+001
      vertex  2.500000e+001 -3.342496e+001 -3.983431e+001
      vertex  2.500000e+001 -2.600000e+001 -4.503332e+001
    endloop
  endfacet
  facet normal  1.000000e+000  -0.000000e+000  0.000000e+000
    outer loop
      vertex  2.500000e+001 -1.607495e+001 -4.416555e+001
      vertex  2.500000e+001 -2.600000e+001 -4.503332e+001
      vertex  2.500000e+001 -8.161465e+000 -4.628596e+001
    endloop
  endfacet
  facet normal  1.000000e+000  0.000000e+000  0.000000e+000
    outer loop
      vertex  2.500000e+001 -8.161465e+000 -4.628596e+001
      vertex  2.500000e+001 -2.600000e+001 -4.503332e+001
      vertex  2.500000e+001 -1.778505e+001 -4.886402e+001
    endloop
  endfacet
  facet normal  9.999999e-001  0.000000e+000  0.000000e+000
    outer loop
      vertex  2.500000e+001 -8.161465e+000 -4.628596e+001
      vertex  2.500000e+001 -1.778505e+001 -4.886402e+001
      vertex  2.500000e+001 -8.633475e-015 -4.700000e+001
    endloop
  endfacet
  facet normal  1.000000e+000  0.000000e+000  0.000000e+000
    outer loop
      vertex  2.500000e+001  9.029705e+000 -5.121000e+001
      vertex  2.500000e+001  1.778505e+001 -4.886402e+001
      vertex  2.500000e+001 -9.551930e-015 -5.200000e+001
    endloop
  endfacet
  facet normal  1.000000e+000  0.000000e+000  0.000000e+000
    outer loop
      vertex  2.500000e+001 -9.551930e-015 -5.200000e+001
      vertex  2.500000e+001  1.778505e+001 -4.886402e+001
      vertex  2.500000e+001 -8.633475e-015 -4.700000e+001
    endloop
  endfacet
  facet normal  1.000000e+000  0.000000e+000  0.000000e+000
    outer loop
      vertex  2.500000e+001 -9.551930e-015 -5.200000e+001
      vertex  2.500000e+001 -8.633475e-015 -4.700000e+001
      vertex  2.500000e+001 -9.029705e+000 -5.121000e+001
    endloop
  endfacet
  facet normal  1.000000e+000  0.000000e+000  -0.000000e+000
    outer loop
      vertex  2.500000e+001 -9.029705e+000 -5.121000e+001
      vertex  2.500000e+001 -8.633475e-015 -4.700000e+001
      vertex  2.500000e+001 -1.778505e+001 -4.886402e+001
    endloop
  endfacet
  facet normal  9.999999e-001  -0.000000e+000  0.000000e+000
    outer loop
      vertex  2.500000e+001  1.778505e+001  4.886402e+001
      vertex  2.500000e+001 -7.558271e-015  4.700000e+001
      vertex  2.500000e+001  2.600000e+001  4.503332e+001
    endloop
  endfacet
  facet normal  1.000000e+000  0.000000e+000  0.000000e+000
    outer loop
      vertex  2.500000e+001  2.600000e+001  4.503332e+001
      vertex  2.500000e+001 -7.558271e-015  4.700000e+001
      vertex  2.500000e+001  8.161465e+000  4.628596e+001
    endloop
  endfacet
  facet normal  1.000000e+000  0.000000e+000  0.000000e+000
    outer loop
      vertex  2.500000e+001  2.600000e+001  4.503332e+001
      vertex  2.500000e+001  8.161465e+000  4.628596e+001
      vertex  2.500000e+001  1.607495e+001  4.416555e+001
    endloop
  endfacet
  facet normal  1.000000e+000  -0.000000e+000  0.000000e+000
    outer loop
      vertex  2.500000e+001  2.600000e+001  4.503332e+001
      vertex  2.500000e+001  1.607495e+001  4.416555e+001
      vertex  2.500000e+001  3.342496e+001  3.983431e+001
    endloop
  endfacet
  facet normal  1.000000e+000  0.000000e+000  0.000000e+000
    outer loop
      vertex  2.500000e+001  3.342496e+001  3.983431e+001
      vertex  2.500000e+001  1.607495e+001  4.416555e+001
      vertex  2.500000e+001  2.350000e+001  4.070319e+001
    endloop
  endfacet
  facet normal  9.999999e-001  0.000000e+000  0.000000e+000
    outer loop
      vertex  2.500000e+001  3.342496e+001  3.983431e+001
      vertex  2.500000e+001  2.350000e+001  4.070319e+001
      vertex  2.500000e+001  3.983431e+001  3.342496e+001
    endloop
  endfacet
  facet normal  1.000000e+000  0.000000e+000  0.000000e+000
    outer loop
      vertex  2.500000e+001  3.983431e+001  3.342496e+001
      vertex  2.500000e+001  2.350000e+001  4.070319e+001
      vertex  2.500000e+001  3.021102e+001  3.600409e+001
    endloop
  endfacet
  facet normal  1.000000e+000  0.000000e+000  0.000000e+000
    outer loop
      vertex  2.500000e+001  3.983431e+001  3.342496e+001
      vertex  2.500000e+001  3.021102e+001  3.600409e+001
      vertex  2.500000e+001  4.503332e+001  2.600000e+001
    endloop
  endfacet
  facet normal  1.000000e+000  0.000000e+000  0.000000e+000
    outer loop
      vertex  2.500000e+001  4.503332e+001  2.600000e+001
      vertex  2.500000e+001  3.021102e+001  3.600409e+001
      vertex  2.500000e+001  3.600409e+001  3.021102e+001
    endloop
  endfacet
  facet normal  1.000000e+000  0.000000e+000  0.000000e+000
    outer loop
      vertex  2.500000e+001  4.503332e+001  2.600000e+001
      vertex  2.500000e+001  3.600409e+001  3.021102e+001
      vertex  2.500000e+001  4.070319e+001  2.350000e+001
    endloop
  endfacet
  facet normal  1.000000e+000  -0.000000e+000  0.000000e+000
    outer loop
      vertex  2.500000e+001  4.503332e+001  2.600000e+001
      vertex  2.500000e+001  4.070319e+001  2.350000e+001
      vertex  2.500000e+001  4.886402e+001  1.778505e+001
    endloop
  endfacet
  facet normal  1.000000e+000  0.000000e+000  0.000000e+000
    outer loop
      vertex  2.500000e+001  4.886402e+001  1.778505e+001
      vertex  2.500000e+001  4.070319e+001  2.350000e+001
      vertex  2.500000e+001  4.416555e+001  1.607495e+001
    endloop
  endfacet
  facet normal  1.000000e+000  -0.000000e+000  0.000000e+000
    outer loop
      vertex  2.500000e+001  4.886402e+001  1.778505e+001
      vertex  2.500000e+001  4.416555e+001  1.607495e+001
      vertex  2.500000e+001  5.121000e+001  9.029705e+000
    endloop
  endfacet
  facet normal  1.000000e+000  0.000000e+000  0.000000e+000
    outer loop
      vertex  2.500000e+001  5.121000e+001  9.029705e+000
      vertex  2.500000e+001  4.416555e+001  1.607495e+001
      vertex  2.500000e+001  4.628596e+001  8.161465e+000
    endloop
  endfacet
  facet normal  1.000000e+000  -0.000000e+000  0.000000e+000
    outer loop
      vertex  2.500000e+001  5.121000e+001  9.029705e+000
      vertex  2.500000e+001  4.628596e+001  8.161465e+000
      vertex  2.500000e+001  5.200000e+001  0.000000e+000
    endloop
  endfacet
  facet normal  1.000000e+000  0.000000e+000  0.000000e+000
    outer loop
      vertex  2.500000e+001  5.200000e+001  0.000000e+000
      vertex  2.500000e+001  4.628596e+001  8.161465e+000
      vertex  2.500000e+001  4.700000e+001  0.000000e+000
    endloop
  endfacet
  facet normal  1.000000e+000  -0.000000e+000  0.000000e+000
    outer loop
      vertex  2.500000e+001  5.200000e+001  0.000000e+000
      vertex  2.500000e+001  4.700000e+001  0.000000e+000
      vertex  2.500000e+001  5.121000e+001 -9.029705e+000
    endloop
  endfacet
  facet normal  1.000000e+000  0.000000e+000  0.000000e+000
    outer loop
      vertex  2.500000e+001  5.121000e+001 -9.029705e+000
      vertex  2.500000e+001  4.700000e+001  0.000000e+000
      vertex  2.500000e+001  4.628596e+001 -8.161465e+000
    endloop
  endfacet
  facet normal  1.000000e+000  0.000000e+000  0.000000e+000
    outer loop
      vertex  2.500000e+001  5.121000e+001 -9.029705e+000
      vertex  2.500000e+001  4.628596e+001 -8.161465e+000
      vertex  2.500000e+001  4.886402e+001 -1.778505e+001
    endloop
  endfacet
  facet normal  1.000000e+000  0.000000e+000  0.000000e+000
    outer loop
      vertex  2.500000e+001  4.886402e+001 -1.778505e+001
      vertex  2.500000e+001  4.628596e+001 -8.161465e+000
      vertex  2.500000e+001  4.416555e+001 -1.607495e+001
    endloop
  endfacet
  facet normal  1.000000e+000  0.000000e+000  0.000000e+000
    outer loop
      vertex  2.500000e+001  4.886402e+001 -1.778505e+001
      vertex  2.500000e+001  4.416555e+001 -1.607495e+001
      vertex  2.500000e+001  4.503332e+001 -2.600000e+001
    endloop
  endfacet
  facet normal  1.000000e+000  0.000000e+000  0.000000e+000
    outer loop
      vertex  2.500000e+001  4.503332e+001 -2.600000e+001
      vertex  2.500000e+001  4.416555e+001 -1.607495e+001
      vertex  2.500000e+001  4.070319e+001 -2.350000e+001
    endloop
  endfacet
  facet normal  1.000000e+000  0.000000e+000  0.000000e+000
    outer loop
      vertex  2.500000e+001  4.503332e+001 -2.600000e+001
      vertex  2.500000e+001  4.070319e+001 -2.350000e+001
      vertex  2.500000e+001  3.983431e+001 -3.342496e+001
    endloop
  endfacet
  facet normal  1.000000e+000  0.000000e+000  -0.000000e+000
    outer loop
      vertex  2.500000e+001  3.983431e+001 -3.342496e+001
      vertex  2.500000e+001  4.070319e+001 -2.350000e+001
      vertex  2.500000e+001  3.600409e+001 -3.021102e+001
    endloop
  endfacet
  facet normal  1.000000e+000  0.000000e+000  0.000000e+000
    outer loop
      vertex  2.500000e+001  3.983431e+001 -3.342496e+001
      vertex  2.500000e+001  3.600409e+001 -3.021102e+001
      vertex  2.500000e+001  3.021102e+001 -3.600409e+001
    endloop
  endfacet
  facet normal  1.000000e+000  -0.000000e+000  0.000000e+000
    outer loop
      vertex  2.500000e+001  3.983431e+001 -3.342496e+001
      vertex  2.500000e+001  3.021102e+001 -3.600409e+001
      vertex  2.500000e+001  3.342496e+001 -3.983431e+001
    endloop
  endfacet
  facet normal  1.000000e+000  0.000000e+000  0.000000e+000
    outer loop
      vertex  2.500000e+001  3.342496e+001 -3.983431e+001
      vertex  2.500000e+001  3.021102e+001 -3.600409e+001
      vertex  2.500000e+001  2.350000e+001 -4.070319e+001
    endloop
  endfacet
  facet normal  1.000000e+000  -0.000000e+000  0.000000e+000
    outer loop
      vertex  2.500000e+001  3.342496e+001 -3.983431e+001
      vertex  2.500000e+001  2.350000e+001 -4.070319e+001
      vertex  2.500000e+001  2.600000e+001 -4.503332e+001
    endloop
  endfacet
  facet normal  1.000000e+000  0.000000e+000  0.000000e+000
    outer loop
      vertex  2.500000e+001  2.600000e+001 -4.503332e+001
      vertex  2.500000e+001  2.350000e+001 -4.070319e+001
      vertex  2.500000e+001  1.607495e+001 -4.416555e+001
    endloop
  endfacet
  facet normal  1.000000e+000  0.000000e+000  0.000000e+000
    outer loop
      vertex  2.500000e+001  2.600000e+001 -4.503332e+001
      vertex  2.500000e+001  1.607495e+001 -4.416555e+001
      vertex  2.500000e+001  1.778505e+001 -4.886402e+001
    endloop
  endfacet
  facet normal  1.000000e+000  0.000000e+000  0.000000e+000
    outer loop
      vertex  2.500000e+001  1.778505e+001 -4.886402e+001
      vertex  2.500000e+001  1.607495e+001 -4.416555e+001
      vertex  2.500000e+001  8.161465e+000 -4.628596e+001
    endloop
  endfacet
  facet normal  9.999999e-001  0.000000e+000  0.000000e+000
    outer loop
      vertex  2.500000e+001  1.778505e+001 -4.886402e+001
      vertex  2.500000e+001  8.161465e+000 -4.628596e+001
      vertex  2.500000e+001 -8.633475e-015 -4.700000e+001
    endloop
  endfacet
  facet normal  0.000000e+000  9.961947e-001 -8.715577e-002
    outer loop
      vertex  0.000000e+000  5.200000e+001  0.000000e+000
      vertex  2.500000e+001  5.200000e+001  0.000000e+000
      vertex  0.000000e+000  5.121000e+001 -9.029705e+000
    endloop
  endfacet
  facet normal  0.000000e+000  9.961947e-001 -8.715577e-002
    outer loop
      vertex  0.000000e+000  5.121000e+001 -9.029705e+000
      vertex  2.500000e+001  5.200000e+001  0.000000e+000
      vertex  2.500000e+001  5.121000e+001 -9.029705e+000
    endloop
  endfacet
  facet normal  0.000000e+000  9.659259e-001 -2.588189e-001
    outer loop
      vertex  0.000000e+000  5.121000e+001 -9.029705e+000
      vertex  2.500000e+001  5.121000e+001 -9.029705e+000
      vertex  0.000000e+000  4.886402e+001 -1.778505e+001
    endloop
  endfacet
  facet normal  0.000000e+000  9.659259e-001 -2.588189e-001
    outer loop
      vertex  0.000000e+000  4.886402e+001 -1.778505e+001
      vertex  2.500000e+001  5.121000e+001 -9.029705e+000
      vertex  2.500000e+001  4.886402e+001 -1.778505e+001
    endloop
  endfacet
  facet normal  0.000000e+000  9.063078e-001 -4.226184e-001
    outer loop
      vertex  0.000000e+000  4.886402e+001 -1.778505e+001
      vertex  2.500000e+001  4.886402e+001 -1.778505e+001
      vertex  0.000000e+000  4.503332e+001 -2.600000e+001
    endloop
  endfacet
  facet normal  0.000000e+000  9.063078e-001 -4.226184e-001
    outer loop
      vertex  0.000000e+000  4.503332e+001 -2.600000e+001
      vertex  2.500000e+001  4.886402e+001 -1.778505e+001
      vertex  2.500000e+001  4.503332e+001 -2.600000e+001
    endloop
  endfacet
  facet normal  0.000000e+000  8.191522e-001 -5.735763e-001
    outer loop
      vertex  0.000000e+000  4.503332e+001 -2.600000e+001
      vertex  2.500000e+001  4.503332e+001 -2.600000e+001
      vertex  0.000000e+000  3.983431e+001 -3.342496e+001
    endloop
  endfacet
  facet normal  0.000000e+000  8.191522e-001 -5.735763e-001
    outer loop
      vertex  0.000000e+000  3.983431e+001 -3.342496e+001
      vertex  2.500000e+001  4.503332e+001 -2.600000e+001
      vertex  2.500000e+001  3.983431e+001 -3.342496e+001
    endloop
  endfacet
  facet normal  0.000000e+000  7.071068e-001 -7.071068e-001
    outer loop
      vertex  0.000000e+000  3.983431e+001 -3.342496e+001
      vertex  2.500000e+001  3.983431e+001 -3.342496e+001
      vertex  0.000000e+000  3.342496e+001 -3.983431e+001
    endloop
  endfacet
  facet normal  0.000000e+000  7.071068e-001 -7.071068e-001
    outer loop
      vertex  0.000000e+000  3.342496e+001 -3.983431e+001
      vertex  2.500000e+001  3.983431e+001 -3.342496e+001
      vertex  2.500000e+001  3.342496e+001 -3.983431e+001
    endloop
  endfacet
  facet normal  0.000000e+000  5.735763e-001 -8.191522e-001
    outer loop
      vertex  0.000000e+000  3.342496e+001 -3.983431e+001
      vertex  2.500000e+001  3.342496e+001 -3.983431e+001
      vertex  0.000000e+000  2.600000e+001 -4.503332e+001
    endloop
  endfacet
  facet normal  0.000000e+000  5.735763e-001 -8.191522e-001
    outer loop
      vertex  0.000000e+000  2.600000e+001 -4.503332e+001
      vertex  2.500000e+001  3.342496e+001 -3.983431e+001
      vertex  2.500000e+001  2.600000e+001 -4.503332e+001
    endloop
  endfacet
  facet normal  0.000000e+000  4.226184e-001 -9.063078e-001
    outer loop
      vertex  0.000000e+000  2.600000e+001 -4.503332e+001
      vertex  2.500000e+001  2.600000e+001 -4.503332e+001
      vertex  0.000000e+000  1.778505e+001 -4.886402e+001
    endloop
  endfacet
  facet normal  0.000000e+000  4.226184e-001 -9.063078e-001
    outer loop
      vertex  0.000000e+000  1.778505e+001 -4.886402e+001
      vertex  2.500000e+001  2.600000e+001 -4.503332e+001
      vertex  2.500000e+001  1.778505e+001 -4.886402e+001
    endloop
  endfacet
  facet normal  0.000000e+000  2.588189e-001 -9.659259e-001
    outer loop
      vertex  0.000000e+000  1.778505e+001 -4.886402e+001
      vertex  2.500000e+001  1.778505e+001 -4.886402e+001
      vertex  0.000000e+000  9.029705e+000 -5.121000e+001
    endloop
  endfacet
  facet normal  0.000000e+000  2.588189e-001 -9.659259e-001
    outer loop
      vertex  0.000000e+000  9.029705e+000 -5.121000e+001
      vertex  2.500000e+001  1.778505e+001 -4.886402e+001
      vertex  2.500000e+001  9.029705e+000 -5.121000e+001
    endloop
  endfacet
  facet normal  0.000000e+000  8.715577e-002 -9.961947e-001
    outer loop
      vertex  0.000000e+000  9.029705e+000 -5.121000e+001
      vertex  2.500000e+001  9.029705e+000 -5.121000e+001
      vertex  0.000000e+000 -9.551930e-015 -5.200000e+001
    endloop
  endfacet
  facet normal  0.000000e+000  8.715577e-002 -9.961947e-001
    outer loop
      vertex  0.000000e+000 -9.551930e-015 -5.200000e+001
      vertex  2.500000e+001  9.029705e+000 -5.121000e+001
      vertex  2.500000e+001 -9.551930e-015 -5.200000e+001
    endloop
  endfacet
  facet normal  -0.000000e+000 -8.715577e-002 -9.961947e-001
    outer loop
      vertex  0.000000e+000 -9.551930e-015 -5.200000e+001
      vertex  2.500000e+001 -9.551930e-015 -5.200000e+001
      vertex  0.000000e+000 -9.029705e+000 -5.121000e+001
    endloop
  endfacet
  facet normal  0.000000e+000 -8.715577e-002 -9.961947e-001
    outer loop
      vertex  0.000000e+000 -9.029705e+000 -5.121000e+001
      vertex  2.500000e+001 -9.551930e-015 -5.200000e+001
      vertex  2.500000e+001 -9.029705e+000 -5.121000e+001
    endloop
  endfacet
  facet normal  -0.000000e+000 -2.588189e-001 -9.659259e-001
    outer loop
      vertex  0.000000e+000 -9.029705e+000 -5.121000e+001
      vertex  2.500000e+001 -9.029705e+000 -5.121000e+001
      vertex  0.000000e+000 -1.778505e+001 -4.886402e+001
    endloop
  endfacet
  facet normal  0.000000e+000 -2.588189e-001 -9.659259e-001
    outer loop
      vertex  0.000000e+000 -1.778505e+001 -4.886402e+001
      vertex  2.500000e+001 -9.029705e+000 -5.121000e+001
      vertex  2.500000e+001 -1.778505e+001 -4.886402e+001
    endloop
  endfacet
  facet normal  -0.000000e+000 -4.226184e-001 -9.063078e-001
    outer loop
      vertex  0.000000e+000 -1.778505e+001 -4.886402e+001
      vertex  2.500000e+001 -1.778505e+001 -4.886402e+001
      vertex  0.000000e+000 -2.600000e+001 -4.503332e+001
    endloop
  endfacet
  facet normal  0.000000e+000 -4.226184e-001 -9.063078e-001
    outer loop
      vertex  0.000000e+000 -2.600000e+001 -4.503332e+001
      vertex  2.500000e+001 -1.778505e+001 -4.886402e+001
      vertex  2.500000e+001 -2.600000e+001 -4.503332e+001
    endloop
  endfacet
  facet normal  -0.000000e+000 -5.735763e-001 -8.191522e-001
    outer loop
      vertex  0.000000e+000 -2.600000e+001 -4.503332e+001
      vertex  2.500000e+001 -2.600000e+001 -4.503332e+001
      vertex  0.000000e+000 -3.342496e+001 -3.983431e+001
    endloop
  endfacet
  facet normal  0.000000e+000 -5.735763e-001 -8.191522e-001
    outer loop
      vertex  0.000000e+000 -3.342496e+001 -3.983431e+001
      vertex  2.500000e+001 -2.600000e+001 -4.503332e+001
      vertex  2.500000e+001 -3.342496e+001 -3.983431e+001
    endloop
  endfacet
  facet normal  -0.000000e+000 -7.071068e-001 -7.071068e-001
    outer loop
      vertex  0.000000e+000 -3.342496e+001 -3.983431e+001
      vertex  2.500000e+001 -3.342496e+001 -3.983431e+001
      vertex  0.000000e+000 -3.983431e+001 -3.342496e+001
    endloop
  endfacet
  facet normal  0.000000e+000 -7.071068e-001 -7.071068e-001
    outer loop
      vertex  0.000000e+000 -3.983431e+001 -3.342496e+001
      vertex  2.500000e+001 -3.342496e+001 -3.983431e+001
      vertex  2.500000e+001 -3.983431e+001 -3.342496e+001
    endloop
  endfacet
  facet normal  -0.000000e+000 -8.191522e-001 -5.735763e-001
    outer loop
      vertex  0.000000e+000 -3.983431e+001 -3.342496e+001
      vertex  2.500000e+001 -3.983431e+001 -3.342496e+001
      vertex  0.000000e+000 -4.503332e+001 -2.600000e+001
    endloop
  endfacet
  facet normal  0.000000e+000 -8.191522e-001 -5.735763e-001
    outer loop
      vertex  0.000000e+000 -4.503332e+001 -2.600000e+001
      vertex  2.500000e+001 -3.983431e+001 -3.342496e+001
      vertex  2.500000e+001 -4.503332e+001 -2.600000e+001
    endloop
  endfacet
  facet normal  -0.000000e+000 -9.063078e-001 -4.226184e-001
    outer loop
      vertex  0.000000e+000 -4.503332e+001 -2.600000e+001
      vertex  2.500000e+001 -4.503332e+001 -2.600000e+001
      vertex  0.000000e+000 -4.886402e+001 -1.778505e+001
    endloop
  endfacet
  facet normal  0.000000e+000 -9.063078e-001 -4.226184e-001
    outer loop
      vertex  0.000000e+000 -4.886402e+001 -1.778505e+001
      vertex  2.500000e+001 -4.503332e+001 -2.600000e+001
      vertex  2.500000e+001 -4.886402e+001 -1.778505e+001
    endloop
  endfacet
  facet normal  -0.000000e+000 -9.659259e-001 -2.588189e-001
    outer loop
      vertex  0.000000e+000 -4.886402e+001 -1.778505e+001
      vertex  2.500000e+001 -4.886402e+001 -1.778505e+001
      vertex  0.000000e+000 -5.121000e+001 -9.029705e+000
    endloop
  endfacet
  facet normal  0.000000e+000 -9.659259e-001 -2.588189e-001
    outer loop
      vertex  0.000000e+000 -5.121000e+001 -9.029705e+000
      vertex  2.500000e+001 -4.886402e+001 -1.778505e+001
      vertex  2.500000e+001 -5.121000e+001 -9.029705e+000
    endloop
  endfacet
  facet normal  -0.000000e+000 -9.961947e-001 -8.715577e-002
    outer loop
      vertex  0.000000e+000 -5.121000e+001 -9.029705e+000
      vertex  2.500000e+001 -5.121000e+001 -9.029705e+000
      vertex  0.000000e+000 -5.200000e+001 -1.672469e-014
    endloop
  endfacet
  facet normal  0.000000e+000 -9.961947e-001 -8.715577e-002
    outer loop
      vertex  0.000000e+000 -5.200000e+001 -1.672469e-014
      vertex  2.500000e+001 -5.121000e+001 -9.029705e+000
      vertex  2.500000e+001 -5.200000e+001 -1.672469e-014
    endloop
  endfacet
  facet normal  0.000000e+000 -9.961947e-001  8.715577e-002
    outer loop
      vertex  0.000000e+000 -5.200000e+001 -1.672469e-014
      vertex  2.500000e+001 -5.200000e+001 -1.672469e-014
      vertex  0.000000e+000 -5.121000e+001  9.029705e+000
    endloop
  endfacet
  facet normal  0.000000e+000 -9.961947e-001  8.715577e-002
    outer loop
      vertex  0.000000e+000 -5.121000e+001  9.029705e+000
      vertex  2.500000e+001 -5.200000e+001 -1.672469e-014
      vertex  2.500000e+001 -5.121000e+001  9.029705e+000
    endloop
  endfacet
  facet normal  0.000000e+000 -9.659259e-001  2.588189e-001
    outer loop
      vertex  0.000000e+000 -5.121000e+001  9.029705e+000
      vertex  2.500000e+001 -5.121000e+001  9.029705e+000
      vertex  0.000000e+000 -4.886402e+001  1.778505e+001
    endloop
  endfacet
  facet normal  0.000000e+000 -9.659259e-001  2.588189e-001
    outer loop
      vertex  0.000000e+000 -4.886402e+001  1.778505e+001
      vertex  2.500000e+001 -5.121000e+001  9.029705e+000
      vertex  2.500000e+001 -4.886402e+001  1.778505e+001
    endloop
  endfacet
  facet normal  0.000000e+000 -9.063078e-001  4.226184e-001
    outer loop
      vertex  0.000000e+000 -4.886402e+001  1.778505e+001
      vertex  2.500000e+001 -4.886402e+001  1.778505e+001
      vertex  0.000000e+000 -4.503332e+001  2.600000e+001
    endloop
  endfacet
  facet normal  0.000000e+000 -9.063078e-001  4.226184e-001
    outer loop
      vertex  0.000000e+000 -4.503332e+001  2.600000e+001
      vertex  2.500000e+001 -4.886402e+001  1.778505e+001
      vertex  2.500000e+001 -4.503332e+001  2.600000e+001
    endloop
  endfacet
  facet normal  0.000000e+000 -8.191522e-001  5.735763e-001
    outer loop
      vertex  0.000000e+000 -4.503332e+001  2.600000e+001
      vertex  2.500000e+001 -4.503332e+001  2.600000e+001
      vertex  0.000000e+000 -3.983431e+001  3.342496e+001
    endloop
  endfacet
  facet normal  0.000000e+000 -8.191522e-001  5.735763e-001
    outer loop
      vertex  0.000000e+000 -3.983431e+001  3.342496e+001
      vertex  2.500000e+001 -4.503332e+001  2.600000e+001
      vertex  2.500000e+001 -3.983431e+001  3.342496e+001
    endloop
  endfacet
  facet normal  0.000000e+000 -7.071068e-001  7.071068e-001
    outer loop
      vertex  0.000000e+000 -3.983431e+001  3.342496e+001
      vertex  2.500000e+001 -3.983431e+001  3.342496e+001
      vertex  0.000000e+000 -3.342496e+001  3.983431e+001
    endloop
  endfacet
  facet normal  0.000000e+000 -7.071068e-001  7.071068e-001
    outer loop
      vertex  0.000000e+000 -3.342496e+001  3.983431e+001
      vertex  2.500000e+001 -3.983431e+001  3.342496e+001
      vertex  2.500000e+001 -3.342496e+001  3.983431e+001
    endloop
  endfacet
  facet normal  0.000000e+000 -5.735763e-001  8.191522e-001
    outer loop
      vertex  0.000000e+000 -3.342496e+001  3.983431e+001
      vertex  2.500000e+001 -3.342496e+001  3.983431e+001
      vertex  0.000000e+000 -2.600000e+001  4.503332e+001
    endloop
  endfacet
  facet normal  0.000000e+000 -5.735763e-001  8.191522e-001
    outer loop
      vertex  0.000000e+000 -2.600000e+001  4.503332e+001
      vertex  2.500000e+001 -3.342496e+001  3.983431e+001
      vertex  2.500000e+001 -2.600000e+001  4.503332e+001
    endloop
  endfacet
  facet normal  0.000000e+000 -4.226184e-001  9.063078e-001
    outer loop
      vertex  0.000000e+000 -2.600000e+001  4.503332e+001
      vertex  2.500000e+001 -2.600000e+001  4.503332e+001
      vertex  0.000000e+000 -1.778505e+001  4.886402e+001
    endloop
  endfacet
  facet normal  0.000000e+000 -4.226184e-001  9.063078e-001
    outer loop
      vertex  0.000000e+000 -1.778505e+001  4.886402e+001
      vertex  2.500000e+001 -2.600000e+001  4.503332e+001
      vertex  2.500000e+001 -1.778505e+001  4.886402e+001
    endloop
  endfacet
  facet normal  0.000000e+000 -2.588189e-001  9.659259e-001
    outer loop
      vertex  0.000000e+000 -1.778505e+001  4.886402e+001
      vertex  2.500000e+001 -1.778505e+001  4.886402e+001
      vertex  0.000000e+000 -9.029705e+000  5.121000e+001
    endloop
  endfacet
  facet normal  0.000000e+000 -2.588189e-001  9.659259e-001
    outer loop
      vertex  0.000000e+000 -9.029705e+000  5.121000e+001
      vertex  2.500000e+001 -1.778505e+001  4.886402e+001
      vertex  2.500000e+001 -9.029705e+000  5.121000e+001
    endloop
  endfacet
  facet normal  0.000000e+000 -8.715577e-002  9.961947e-001
    outer loop
      vertex  0.000000e+000 -9.029705e+000  5.121000e+001
      vertex  2.500000e+001 -9.029705e+000  5.121000e+001
      vertex  0.000000e+000 -8.362343e-015  5.200000e+001
    endloop
  endfacet
  facet normal  0.000000e+000 -8.715577e-002  9.961947e-001
    outer loop
      vertex  0.000000e+000 -8.362343e-015  5.200000e+001
      vertex  2.500000e+001 -9.029705e+000  5.121000e+001
      vertex  2.500000e+001 -8.362343e-015  5.200000e+001
    endloop
  endfacet
  facet normal  0.000000e+000  8.715577e-002  9.961947e-001
    outer loop
      vertex  0.000000e+000 -8.362343e-015  5.200000e+001
      vertex  2.500000e+001 -8.362343e-015  5.200000e+001
      vertex  0.000000e+000  9.029705e+000  5.121000e+001
    endloop
  endfacet
  facet normal  -0.000000e+000  8.715577e-002  9.961947e-001
    outer loop
      vertex  0.000000e+000  9.029705e+000  5.121000e+001
      vertex  2.500000e+001 -8.362343e-015  5.200000e+001
      vertex  2.500000e+001  9.029705e+000  5.121000e+001
    endloop
  endfacet
  facet normal  0.000000e+000  2.588189e-001  9.659259e-001
    outer loop
      vertex  0.000000e+000  9.029705e+000  5.121000e+001
      vertex  2.500000e+001  9.029705e+000  5.121000e+001
      vertex  0.000000e+000  1.778505e+001  4.886402e+001
    endloop
  endfacet
  facet normal  -0.000000e+000  2.588189e-001  9.659259e-001
    outer loop
      vertex  0.000000e+000  1.778505e+001  4.886402e+001
      vertex  2.500000e+001  9.029705e+000  5.121000e+001
      vertex  2.500000e+001  1.778505e+001  4.886402e+001
    endloop
  endfacet
  facet normal  0.000000e+000  4.226184e-001  9.063078e-001
    outer loop
      vertex  0.000000e+000  1.778505e+001  4.886402e+001
      vertex  2.500000e+001  1.778505e+001  4.886402e+001
      vertex  0.000000e+000  2.600000e+001  4.503332e+001
    endloop
  endfacet
  facet normal  -0.000000e+000  4.226184e-001  9.063078e-001
    outer loop
      vertex  0.000000e+000  2.600000e+001  4.503332e+001
      vertex  2.500000e+001  1.778505e+001  4.886402e+001
      vertex  2.500000e+001  2.600000e+001  4.503332e+001
    endloop
  endfacet
  facet normal  0.000000e+000  5.735763e-001  8.191522e-001
    outer loop
      vertex  0.000000e+000  2.600000e+001  4.503332e+001
      vertex  2.500000e+001  2.600000e+001  4.503332e+001
      vertex  0.000000e+000  3.342496e+001  3.983431e+001
    endloop
  endfacet
  facet normal  -0.000000e+000  5.735763e-001  8.191522e-001
    outer loop
      vertex  0.000000e+000  3.342496e+001  3.983431e+001
      vertex  2.500000e+001  2.600000e+001  4.503332e+001
      vertex  2.500000e+001  3.342496e+001  3.983431e+001
    endloop
  endfacet
  facet normal  0.000000e+000  7.071068e-001  7.071068e-001
    outer loop
      vertex  0.000000e+000  3.342496e+001  3.983431e+001
      vertex  2.500000e+001  3.342496e+001  3.983431e+001
      vertex  0.000000e+000  3.983431e+001  3.342496e+001
    endloop
  endfacet
  facet normal  -0.000000e+000  7.071068e-001  7.071068e-001
    outer loop
      vertex  0.000000e+000  3.983431e+001  3.342496e+001
      vertex  2.500000e+001  3.342496e+001  3.983431e+001
      vertex  2.500000e+001  3.983431e+001  3.342496e+001
    endloop
  endfacet
  facet normal  0.000000e+000  8.191522e-001  5.735763e-001
    outer loop
      vertex  0.000000e+000  3.983431e+001  3.342496e+001
      vertex  2.500000e+001  3.983431e+001  3.342496e+001
      vertex  0.000000e+000  4.503332e+001  2.600000e+001
    endloop
  endfacet
  facet normal  -0.000000e+000  8.191522e-001  5.735763e-001
    outer loop
      vertex  0.000000e+000  4.503332e+001  2.600000e+001
      vertex  2.500000e+001  3.983431e+001  3.342496e+001
      vertex  2.500000e+001  4.503332e+001  2.600000e+001
    endloop
  endfacet
  facet normal  0.000000e+000  9.063078e-001  4.226184e-001
    outer loop
      vertex  0.000000e+000  4.503332e+001  2.600000e+001
      vertex  2.500000e+001  4.503332e+001  2.600000e+001
      vertex  0.000000e+000  4.886402e+001  1.778505e+001
    endloop
  endfacet
  facet normal  -0.000000e+000  9.063078e-001  4.226184e-001
    outer loop
      vertex  0.000000e+000  4.886402e+001  1.778505e+001
      vertex  2.500000e+001  4.503332e+001  2.600000e+001
      vertex  2.500000e+001  4.886402e+001  1.778505e+001
    endloop
  endfacet
  facet normal  0.000000e+000  9.659259e-001  2.588189e-001
    outer loop
      vertex  0.000000e+000  4.886402e+001  1.778505e+001
      vertex  2.500000e+001  4.886402e+001  1.778505e+001
      vertex  0.000000e+000  5.121000e+001  9.029705e+000
    endloop
  endfacet
  facet normal  -0.000000e+000  9.659259e-001  2.588189e-001
    outer loop
      vertex  0.000000e+000  5.121000e+001  9.029705e+000
      vertex  2.500000e+001  4.886402e+001  1.778505e+001
      vertex  2.500000e+001  5.121000e+001  9.029705e+000
    endloop
  endfacet
  facet normal  0.000000e+000  9.961947e-001  8.715577e-002
    outer loop
      vertex  0.000000e+000  5.121000e+001  9.029705e+000
      vertex  2.500000e+001  5.121000e+001  9.029705e+000
      vertex  0.000000e+000  5.200000e+001  0.000000e+000
    endloop
  endfacet
  facet normal  -0.000000e+000  9.961947e-001  8.715577e-002
    outer loop
      vertex  0.000000e+000  5.200000e+001  0.000000e+000
      vertex  2.500000e+001  5.121000e+001  9.029705e+000
      vertex  2.500000e+001  5.200000e+001  0.000000e+000
    endloop
  endfacet
endsolid CATIA STL
